sample_id,site_id,temperature_2m,skin_temperature,soil_temperature_0_7cm,surface_net_solar_radiation,surface_net_thermal_radiation,potential_evaporation,total_evaporation,wind_speed_10m,snow_depth,snow_water_equivalent,freeze_thaw_flag
SITE_001_S0001,SITE_001,273.8817901611328,273.5295104980469,275.7668914794922,0,-76502.5,-6.493180990219116e-06,-4.461035132408142e-06,1.595169404841958,-7.345364722995101e-24,9.5367431640625e-07,0
SITE_001_S0002,SITE_001,283.7664489746094,283.3602294921875,282.4841613769531,0,-33342.25,-0.0001848861575126648,-2.030981704592705e-05,7.623600495861135,-7.345364722995101e-24,-7.345364920210326e-25,0
SITE_001_S0003,SITE_001,274.3501281738281,273.8120880126953,276.2235412597656,0,-132087.5,1.242384314537048e-06,1.241452991962433e-06,2.482117289991625,-7.345364722995101e-24,-7.345364920210326e-25,0
SITE_001_S0004,SITE_001,270.6015472412109,269.0682678222656,273.5261077880859,0,-181284.5,2.942979335784912e-07,3.012828528881073e-07,1.325217833025428,0.0029296875,0.000507354736328125,1
SITE_001_S0005,SITE_001,274.0820465087891,273.5862274169922,274.633056640625,0,-82571.5,-1.271255314350128e-05,-1.045339740812778e-05,3.34115958400677,0.0244140625,0.0039472579956054,0
SITE_001_S0006,SITE_001,269.6067504882812,267.7547607421875,272.8047637939453,0,-69734.75,-1.080334186553955e-07,-1.066364347934723e-07,1.195202704467796,0.03515625,0.0055704116821289,1
SITE_001_S0007,SITE_001,270.2734832763672,268.1473388671875,273.4198913574219,0,-221140.75,2.328306436538696e-06,2.329936251044273e-06,1.529604565547689,0.001953125,0.0003595352172851562,1
SITE_001_S0008,SITE_001,276.3779144287109,275.6638641357422,276.0344085693359,0,-73692,-4.138797521591187e-06,-6.544869393110275e-07,1.783544312042375,-7.345364722995101e-24,1.52587890625e-05,0
SITE_001_S0009,SITE_001,275.97607421875,275.1234893798828,276.1942749023437,0,-284421.75,-8.695758879184723e-05,-1.061055809259415e-05,5.4283867467727,0.0009765625,0.0002651214599609375,0
SITE_001_S0010,SITE_001,275.6841125488281,273.308349609375,276.262939453125,0,-269277.25,-2.255849540233612e-05,-5.547888576984406e-06,2.308258873574868,-7.345364722995101e-24,-7.345364920210326e-25,0
SITE_001_S0011,SITE_001,273.4939422607422,272.1639404296875,275.2947387695312,0,-288918.75,1.769512891769409e-06,-4.619359970092773e-07,2.466197061792327,-7.345364722995101e-24,-7.345364920210326e-25,1
SITE_001_S0012,SITE_001,277.4344177246094,277.1943054199219,278.4797821044922,0,-46127.75,-1.367554068565369e-05,-1.367460936307907e-05,2.015009496440415,-7.345364722995101e-24,-7.345364920210326e-25,0
SITE_001_S0013,SITE_001,276.4719085693359,275.8039398193359,277.8973999023437,0,-234542.25,-0.0001876465976238251,-2.740323543548584e-05,5.694527323786152,-7.345364722995101e-24,-7.345364920210326e-25,0
SITE_001_S0014,SITE_001,281.1864929199219,281.0767669677734,282.0046997070312,823,-75987.75,-7.324293255805969e-05,-8.68411734700203e-06,2.563591560554549,-7.345364722995101e-24,-7.345364920210326e-25,0
SITE_001_S0015,SITE_001,275.9072570800781,274.5394439697266,278.4989624023437,10992,-284455.5,-1.335516571998596e-06,-1.440290361642838e-06,1.935928040688495,-7.345364722995101e-24,-7.345364920210326e-25,0
SITE_001_S0016,SITE_001,283.8014373779297,283.2367095947266,284.2548675537109,8159,-34198.25,-1.238100230693817e-05,-1.238170079886913e-05,1.843055468318974,-7.345364722995101e-24,-7.345364920210326e-25,0
SITE_001_S0017,SITE_001,279.845947265625,278.91552734375,280.5588684082031,46866,-128564,-4.046410322189331e-05,-2.146046608686447e-05,3.350801076016571,-7.345364722995101e-24,-7.345364920210326e-25,0
SITE_001_S0018,SITE_001,282.5314025878906,281.9010620117188,283.6060791015625,83181,-188593.25,-0.0001976899802684784,-2.953363582491875e-05,5.168923609944953,-7.345364722995101e-24,-7.345364920210326e-25,0
SITE_001_S0019,SITE_001,287.8634490966797,286.8032836914062,287.5867462158203,69814,-102512.75,-7.722526788711548e-06,-4.011206328868866e-06,1.376434460158757,-7.345364722995101e-24,-7.345364920210326e-25,0
SITE_001_S0020,SITE_001,282.8338775634766,282.8138580322266,284.5961761474609,118110,-102433,-7.980689406394958e-05,-2.281833440065384e-05,1.7717675676125,-7.345364722995101e-24,-7.345364920210326e-25,0
SITE_001_S0021,SITE_001,283.916748046875,282.5066223144531,283.6744842529297,133592,-127249.5,-0.0001349076628684998,-4.516541957855225e-05,3.356957703278402,-7.345364722995101e-24,-7.345364920210326e-25,0
SITE_001_S0022,SITE_001,288.3262176513672,286.6664123535156,287.5390319824219,232754,-199193.25,-9.191222488880156e-05,-3.234506584703922e-05,2.462608028035569,-7.345364722995101e-24,-7.345364920210326e-25,0
SITE_001_S0023,SITE_001,287.8706665039062,286.9485931396484,288.3213195800781,218913,-203460.75,-6.538257002830505e-05,-1.988047733902931e-05,2.108679144557057,-7.345364722995101e-24,-7.345364920210326e-25,0
SITE_001_S0024,SITE_001,283.6873626708984,283.4695892333984,285.0882873535156,174321,-198743,-2.93143093585968e-05,-1.11134722828865e-05,1.851878292635401,-7.345364722995101e-24,-7.345364920210326e-25,0
SITE_001_S0025,SITE_001,289.2731781005859,288.5837249755859,289.6997375488281,190803,-157735.75,-6.410479545593262e-05,-2.262042835354805e-05,1.861677877045141,-7.345364722995101e-24,-7.345364920210326e-25,0
SITE_001_S0026,SITE_001,288.0792999267578,287.3275756835937,290.9267883300781,218171,-305201,-0.0001258254051208496,-4.2737927287817e-05,2.592455084342314,-7.345364722995101e-24,-7.345364920210326e-25,0
SITE_001_S0027,SITE_001,289.0936431884766,287.7512054443359,289.1933441162109,158579,-198041.75,-0.0002115033566951752,-4.831887781620026e-05,2.787688226108849,-7.345364722995101e-24,-7.345364920210326e-25,0
SITE_001_S0028,SITE_001,290.5833587646484,290.2198028564453,292.5055389404297,123794,-199442.5,-0.0001552235335111618,-5.203881300985813e-05,3.459944483079688,-7.345364722995101e-24,-7.345364920210326e-25,0
SITE_001_S0029,SITE_001,284.8735656738281,284.105224609375,286.5478210449219,84974,-210341,-6.425566971302032e-05,-1.410604454576969e-05,2.713816102213866,-7.345364722995101e-24,-7.345364920210326e-25,0
SITE_001_S0030,SITE_001,287.4021759033203,286.3298797607422,288.8541412353516,38664,-162036.5,3.436580300331116e-06,3.435416147112846e-06,1.449951741044549,-7.345364722995101e-24,-7.345364920210326e-25,0
SITE_001_S0031,SITE_001,289.4069366455078,287.9286499023437,290.0936126708984,11594,-276392.75,-0.0002085119485855102,-2.544443123042583e-05,3.792567256478643,-7.345364722995101e-24,-7.345364920210326e-25,0
SITE_001_S0032,SITE_001,282.8032684326172,281.8720092773437,285.3502197265625,94,-275441.75,-1.528300344944e-05,-5.500158295035362e-06,2.969179467757512,-7.345364722995101e-24,-7.345364920210326e-25,0
SITE_001_S0033,SITE_001,286.5525512695312,285.1968383789062,286.5954895019531,0,-36051,-0.0001377314329147339,-0.0001377323642373085,5.786507689568889,-7.345364722995101e-24,-7.345364920210326e-25,0
SITE_001_S0034,SITE_001,276.8792572021484,274.9277038574219,278.2864685058594,0,-187601.25,4.399567842483521e-06,4.40073199570179e-06,2.208406441584868,-7.345364722995101e-24,-7.345364920210326e-25,0
SITE_001_S0035,SITE_001,285.0992431640625,283.9958953857422,283.7633666992188,0,-11978.5,-0.00012989342212677,-0.0001048969570547342,8.054483553651828,-7.345364722995101e-24,-7.345364920210326e-25,0
SITE_001_S0036,SITE_001,281.5652313232422,281.0326080322266,282.6969451904297,0,-122766,-4.435703158378601e-05,-2.869521267712116e-05,4.499456677097585,-7.345364722995101e-24,-7.345364920210326e-25,0
SITE_001_S0037,SITE_001,273.9032592773437,273.3986663818359,275.7746734619141,0,-131474.25,-1.756474375724792e-06,-1.737382262945175e-06,2.501002276244464,-7.345364722995101e-24,3.910064697265625e-05,0
SITE_001_S0038,SITE_001,282.9485473632812,282.2493133544922,282.2362823486328,0,-28775.75,-9.986013174057008e-05,-2.380181103944778e-05,3.944355554595657,-7.345364722995101e-24,-7.345364920210326e-25,0
SITE_001_S0039,SITE_001,280.0066070556641,279.2369384765625,280.8965606689453,0,-151489.75,-2.762675285339355e-05,-2.171937376260757e-05,3.779200222599345,-7.345364722995101e-24,-7.345364920210326e-25,0
SITE_001_S0040,SITE_001,283.3653259277344,282.2762603759766,283.0349884033203,0,-123897,-8.088350296020508e-05,-6.003980524837971e-05,4.755352464113172,-7.345364722995101e-24,-7.345364920210326e-25,0
SITE_001_S0041,SITE_001,284.9286193847656,284.2247467041016,283.6788330078125,0,-179593.25,-0.0001754425466060638,-1.361966133117676e-05,5.427122905129353,-7.345364722995101e-24,-7.345364920210326e-25,0
SITE_001_S0042,SITE_001,275.8506469726562,275.1102752685547,276.9837493896484,0,-129898.5,-1.25691294670105e-05,-7.539987564086914e-06,3.348772558366497,-7.345364722995101e-24,-7.345364920210326e-25,0
SITE_001_S0043,SITE_001,275.2428894042969,274.0430908203125,275.9381408691406,0,-203046.5,-1.456961035728455e-05,-7.561873644590378e-06,3.867775460211971,-7.345364722995101e-24,-7.345364920210326e-25,0
SITE_001_S0044,SITE_001,267.4322662353516,264.2778625488281,272.2816619873047,0,-275466.25,-6.07222318649292e-07,-6.163027137517929e-07,1.281381802078131,0.013671875,0.0023889541625976,1
SITE_001_S0045,SITE_001,282.1879577636719,281.3634948730469,280.8372650146484,0,-113676.75,-2.5872141122818e-06,1.181382685899734e-06,3.337620879540985,-7.345364722995101e-24,1.9073486328125e-05,0
SITE_001_S0046,SITE_001,275.9651184082031,275.0008697509766,276.907470703125,0,-305400,-3.71001660823822e-05,-8.8568776845932e-06,4.07950897725205,-7.345364722995101e-24,-7.345364920210326e-25,0
SITE_001_S0047,SITE_001,283.4218902587891,282.4654693603516,281.6994781494141,0,-174362,-0.0002478882670402527,-1.72867439687252e-05,6.096366430225124,-7.345364722995101e-24,-7.345364920210326e-25,0
SITE_001_S0048,SITE_001,273.6744842529297,272.5427551269531,275.1226501464844,0,-226674.75,6.537884473800659e-06,6.541609764099121e-06,2.363974069363668,-7.345364722995101e-24,8.58306884765625e-05,1
SITE_001_S0049,SITE_001,273.0473327636719,271.5751495361328,273.7727355957031,0,-79939,-1.247972249984741e-06,-1.182779669761658e-07,1.691974693177295,0.01953125,0.0031938552856445,1
SITE_001_S0050,SITE_001,273.4683380126953,272.8889007568359,275.3525848388672,0,-153242.5,-2.60770320892334e-08,-2.654269337654114e-08,2.326239336520527,-7.345364722995101e-24,9.5367431640625e-07,1
SITE_001_S0051,SITE_001,279.3399505615234,278.8450775146484,277.3958129882812,0,-36802,-4.30084764957428e-05,-3.704894334077835e-05,6.130310144620179,-7.345364722995101e-24,2.384185791015625e-05,0
SITE_001_S0052,SITE_001,273.0286254882812,272.5672149658203,274.1083679199219,0,-125031.75,-1.760199666023254e-06,-1.759268343448639e-06,2.272157764211858,0.0166015625,0.0028028488159179,1
SITE_001_S0053,SITE_001,272.800048828125,271.9571990966797,274.6192474365234,0,-235928.5,-2.960488200187683e-05,-3.752764314413071e-06,3.076060996708801,-7.345364722995101e-24,7.724761962890625e-05,1
SITE_001_S0054,SITE_001,276.3540802001953,275.9878540039062,276.9873962402344,0,-82632,-5.824491381645203e-06,-2.860091626644135e-06,1.484147126191541,-7.345364722995101e-24,2.86102294921875e-06,0
SITE_001_S0055,SITE_001,276.2132415771484,275.3669738769531,277.2127075195312,0,-193376.75,1.2250617146492e-05,1.225108280777931e-05,2.367039675570267,-7.345364722995101e-24,-7.345364920210326e-25,0
SITE_001_S0056,SITE_001,279.1183929443359,278.5772705078125,279.8794403076172,0,-52479.25,-1.069158315658569e-06,-1.068925485014916e-06,1.335197065423166,-7.345364722995101e-24,-7.345364920210326e-25,0
SITE_001_S0057,SITE_001,280.0583801269531,278.2186889648437,281.2119750976562,1758,-252695.25,7.268041372299194e-06,6.169779226183891e-06,1.997108406376898,-7.345364722995101e-24,-7.345364920210326e-25,0
SITE_001_S0058,SITE_001,279.4714965820312,279.019287109375,280.5679016113281,7133,-141457,-5.852431058883667e-05,-9.301584213972092e-06,2.86262097383693,-7.345364722995101e-24,-7.345364920210326e-25,0
SITE_001_S0059,SITE_001,275.3783721923828,274.8730163574219,277.9257507324219,23422,-155906.5,-5.860999226570129e-05,-1.942506060004234e-05,3.110352122232128,-7.345364722995101e-24,-7.345364920210326e-25,0
SITE_001_S0060,SITE_001,282.3270874023437,280.7433471679688,282.4038391113281,100355,-264368.25,-3.92477959394455e-05,-9.47294756770134e-06,2.93943172222089,-7.345364722995101e-24,-7.345364920210326e-25,0
SITE_001_S0061,SITE_001,286.4513854980469,285.1803588867188,287.0950164794922,137184,-245742.5,-5.254149436950684e-05,-1.525995321571827e-05,2.302576066466481,-7.345364722995101e-24,-7.345364920210326e-25,0
SITE_001_S0062,SITE_001,283.7855682373047,282.8568267822266,283.8931579589844,115188,-125760.5,-4.580989480018616e-05,-1.333584077656269e-05,2.030843406627033,-7.345364722995101e-24,-7.345364920210326e-25,0
SITE_001_S0063,SITE_001,282.3440704345703,281.9588775634766,283.541748046875,95730,-115735,-1.791492104530334e-05,-9.492039680480955e-06,1.083402988530186,-7.345364722995101e-24,-7.345364920210326e-25,0
SITE_001_S0064,SITE_001,288.336181640625,288.19677734375,288.6894378662109,38031,-18767,-2.749450504779816e-05,-1.859012991189957e-05,2.742157982211584,-7.345364722995101e-24,-7.345364920210326e-25,0
SITE_001_S0065,SITE_001,288.8757781982422,288.3521881103516,289.88818359375,229579,-200501,-3.110989928245544e-05,-1.797149889171124e-05,1.62379651895475,-7.345364722995101e-24,-7.345364920210326e-25,0
SITE_001_S0066,SITE_001,287.2247467041016,286.6784820556641,288.2366943359375,127886,-112472,-4.816800355911255e-05,-2.270285040140152e-05,1.681290479798237,-7.345364722995101e-24,-7.345364920210326e-25,0
SITE_001_S0067,SITE_001,288.3611145019531,287.23828125,288.6552734375,25846,-49016.5,-7.722154259681702e-05,-6.454228423535824e-05,3.119715073729487,-7.345364722995101e-24,-7.345364920210326e-25,0
SITE_001_S0068,SITE_001,288.7794647216797,288.2494964599609,288.9761199951172,106113,-90846.5,-6.479024887084961e-05,-2.409261651337147e-05,2.947083894512626,-7.345364722995101e-24,-7.345364920210326e-25,0
SITE_001_S0069,SITE_001,289.9775390625,289.2240142822266,289.6993713378906,124435,-121786,-2.884864807128906e-05,-1.439754851162434e-05,2.617747970296154,-7.345364722995101e-24,-7.345364920210326e-25,0
SITE_001_S0070,SITE_001,290.3667144775391,289.7721710205078,291.3587188720703,98596,-93819.5,2.980232238769531e-08,2.91038304567337e-08,1.181001591494334,-7.345364722995101e-24,-7.345364920210326e-25,0
SITE_001_S0071,SITE_001,286.4907836914062,285.5596923828125,288.0281829833984,64111,-248377,-1.993402838706971e-05,-6.338348612189293e-06,3.078753690983365,-7.345364722995101e-24,-7.345364920210326e-25,0
SITE_001_S0072,SITE_001,284.3261260986328,283.8580017089844,286.744384765625,16812,-81073,-2.721697092056274e-05,-2.480950206518173e-05,1.673741708225446,-7.345364722995101e-24,-7.345364920210326e-25,0
SITE_001_S0073,SITE_001,286.5673370361328,285.2639007568359,288.0206909179688,23240,-254560.5,-5.588680505752564e-05,-1.120497472584248e-05,2.642396699722775,-7.345364722995101e-24,-7.345364920210326e-25,0
SITE_001_S0074,SITE_001,287.0879211425781,286.34228515625,288.2773895263672,2797,-45690.5,-5.288980901241303e-05,-4.529510624706745e-05,3.392301971406928,-7.345364722995101e-24,-7.345364920210326e-25,0
SITE_001_S0075,SITE_001,290.8524932861328,290.1028900146484,292.2640533447266,1562,-126965,-0.0001280680298805237,-1.544714905321598e-05,3.041652904987912,-7.345364722995101e-24,-7.345364920210326e-25,0
SITE_001_S0076,SITE_001,289.3657836914062,288.2158966064453,290.1405792236328,113,-103492.5,-3.184005618095398e-05,-6.671063601970673e-06,2.080907181908325,-7.345364722995101e-24,-7.345364920210326e-25,0
SITE_001_S0077,SITE_001,285.8853149414062,283.4996948242188,287.294921875,0,-185885,5.047768354415894e-07,5.061738193035126e-07,1.219415510955742,-7.345364722995101e-24,-7.345364920210326e-25,0
SITE_001_S0078,SITE_001,292.7394561767578,290.9998168945312,293.0191802978516,0,-235674.75,-0.0001394897699356079,-1.531769521534443e-05,2.679313892911952,-7.345364722995101e-24,-7.345364920210326e-25,0
SITE_001_S0079,SITE_001,282.9311981201172,281.0246124267578,284.9619140625,0,-195034.75,-9.698793292045592e-06,-4.884786903858185e-06,1.92790105215324,-7.345364722995101e-24,-7.345364920210326e-25,0
SITE_001_S0080,SITE_001,282.4362335205078,280.6307678222656,284.6665344238281,0,-206449,2.222135663032532e-06,2.223299816250801e-06,1.537475758575636,-7.345364722995101e-24,-7.345364920210326e-25,0
SITE_001_S0081,SITE_001,288.5026245117188,287.2713470458984,288.2947845458984,0,-228704.5,-0.0002371333539485932,-1.638545654714108e-05,4.094945650251005,-7.345364722995101e-24,-7.345364920210326e-25,0
SITE_001_S0082,SITE_001,284.8062591552734,284.3532867431641,285.9965057373047,0,-94558.25,-5.709752440452576e-05,-2.147629857063293e-05,3.254601364872686,-7.345364722995101e-24,-7.345364920210326e-25,0
SITE_001_S0083,SITE_001,282.9404907226562,282.4305114746094,285.0149841308594,0,-176601.5,2.80141830444336e-06,2.824701368808746e-06,2.409365650293687,-7.345364722995101e-24,-7.345364920210326e-25,0
SITE_001_S0084,SITE_001,277.0141143798828,275.0612487792969,279.6148986816406,0,-224023,2.17929482460022e-06,2.179527655243874e-06,1.510346301684534,-7.345364722995101e-24,-7.345364920210326e-25,0
SITE_001_S0085,SITE_001,279.6177825927734,278.6598052978516,280.8959808349609,0,-53128.5,-1.469627022743225e-05,-6.591901183128357e-06,1.502964984886431,-7.345364722995101e-24,-7.345364920210326e-25,0
SITE_001_S0086,SITE_001,284.8373565673828,283.7384033203125,284.1119689941406,0,1317.25,-1.880154013633728e-05,-1.87999103218317e-05,2.435592282179009,-7.345364722995101e-24,-7.345364920210326e-25,0
SITE_001_S0087,SITE_001,281.3799285888672,279.7296142578125,281.9246826171875,0,-198118,2.45310366153717e-06,2.591405063867569e-06,2.354441051419273,-7.345364722995101e-24,-7.345364920210326e-25,0
SITE_001_S0088,SITE_001,278.5971527099609,278.6501312255859,280.6535339355469,0,-30893.5,-9.22754406929016e-06,-8.809845894575119e-06,2.084523707750069,-7.345364722995101e-24,-7.345364920210326e-25,0
SITE_001_S0089,SITE_001,280.4037017822266,280.1832427978516,281.4010467529297,0,-6426.75,-9.8496675491333e-06,-9.828712791204453e-06,2.070808956008787,-7.345364722995101e-24,-7.345364920210326e-25,0
SITE_001_S0090,SITE_001,283.1697998046875,282.5069122314453,282.7944946289062,0,-48239,-2.072006464004517e-05,-2.88570299744606e-06,2.53421169519883,-7.345364722995101e-24,-7.345364920210326e-25,0
SITE_001_S0091,SITE_001,284.9360504150391,284.6006469726562,284.6318359375,0,-42383.5,-7.066503167152405e-05,-9.26712527871132e-06,3.649686293634555,-7.345364722995101e-24,-7.345364920210326e-25,0
SITE_001_S0092,SITE_001,279.2388153076172,278.322265625,280.9006958007812,0,-211931.5,-2.682209014892578e-07,-2.388842403888702e-07,2.695175180617081,-7.345364722995101e-24,-7.345364920210326e-25,0
SITE_001_S0093,SITE_001,275.4344940185547,275.7980499267578,277.9744415283203,0,-16306.5,-1.569464802742004e-05,-1.558125950396061e-05,1.734285667949154,-7.345364722995101e-24,-7.345364920210326e-25,0
SITE_001_S0094,SITE_001,274.8060760498047,273.86181640625,276.4294586181641,0,-218484,-1.802295446395874e-05,-6.085028871893883e-06,2.604759196274816,-7.345364722995101e-24,-7.345364920210326e-25,0
SITE_001_S0095,SITE_001,271.37890625,270.3394775390625,274.3104248046875,0,-257990.5,3.241002559661865e-07,3.222376108169556e-07,2.178518321932696,0.001953125,0.0002603530883789062,1
SITE_001_S0096,SITE_001,280.2327728271484,279.553466796875,278.8498840332031,0,4652,-2.994388341903687e-05,-1.487811096012592e-05,3.89063636570945,0.0009765625,0.0001163482666015625,0
SITE_001_S0097,SITE_001,279.9285278320312,279.0649719238281,279.4579772949219,0,-95952,-0.0002403110265731812,-1.773890107870102e-05,6.403703341871657,-7.345364722995101e-24,-7.345364920210326e-25,0
SITE_001_S0098,SITE_001,285.5776062011719,284.3673248291016,283.2790679931641,0,-56573.75,-0.0001437626779079437,-2.60558445006609e-05,4.614763200825252,-7.345364722995101e-24,-7.345364920210326e-25,0
SITE_001_S0099,SITE_001,275.7739410400391,274.7579498291016,277.4142303466797,0,-142424,-3.131106495857239e-06,-1.588836312294006e-06,1.710816394317061,-7.345364722995101e-24,-7.345364920210326e-25,0
SITE_001_S0100,SITE_001,279.8370666503906,279.2823333740234,278.4636077880859,0,-12301,-8.48434865474701e-06,-4.437984898686409e-06,3.462267317596217,-7.345364722995101e-24,-7.345364920210326e-25,0
SITE_001_S0101,SITE_001,278.8568267822266,277.1028137207031,277.2156372070312,0,-234842,-0.0001222342252731323,-1.267809420824051e-05,3.267759858534062,-7.345364722995101e-24,-7.345364920210326e-25,0
SITE_001_S0102,SITE_001,281.2602233886719,280.6885833740234,279.7645874023437,0,-1633,-9.391456842422484e-05,-1.290254294872284e-05,3.283036624360501,-7.345364722995101e-24,-7.345364920210326e-25,0
SITE_001_S0103,SITE_001,280.9089508056641,280.2470092773437,279.9271392822266,0,3674.5,-1.318007707595825e-05,-8.967239409685135e-06,1.609610244437672,-7.345364722995101e-24,-7.345364920210326e-25,0
SITE_001_S0104,SITE_001,278.0051422119141,277.3427581787109,278.5343322753906,0,-125849.5,5.919486284255981e-06,5.919951945543289e-06,2.675508349008478,-7.345364722995101e-24,-7.345364920210326e-25,0
SITE_001_S0105,SITE_001,272.7922058105469,271.6302185058594,274.8145904541016,0,-267901,2.194195985794068e-06,1.932727172970772e-06,2.613720796399047,-7.345364722995101e-24,-7.345364920210326e-25,1
SITE_001_S0106,SITE_001,282.8084411621094,282.2415618896484,281.5178680419922,0,-15509,-4.863552749156952e-05,-2.42807436734438e-05,5.732248469468328,-7.345364722995101e-24,-7.345364920210326e-25,0
SITE_001_S0107,SITE_001,276.8827972412109,276.1433715820312,277.8021850585937,0,-166844.25,-5.295313894748688e-05,-4.915520548820496e-06,3.859434442536554,-7.345364722995101e-24,-7.345364920210326e-25,0
SITE_001_S0108,SITE_001,271.5745086669922,271.0551910400391,272.9081268310547,0,-139054.75,-1.895055174827576e-05,-5.366513505578041e-06,2.541613136256504,0.0009765625,7.05718994140625e-05,1
SITE_001_S0109,SITE_001,273.5458374023437,273.4217834472656,273.4985198974609,0,-20878.5,-1.959502696990967e-06,-1.763924956321716e-06,2.435263964217725,0.015625,0.0025815963745117,0
SITE_001_S0110,SITE_001,271.0283050537109,271.0150451660156,272.5811309814453,0,-34593,-8.670613169670105e-05,-6.204470992088318e-06,2.545726003328869,0.005859375,0.0009546279907226562,1
SITE_001_S0111,SITE_001,275.2077789306641,274.8023986816406,273.1175079345703,0,9244.5,8.746981620788574e-06,8.748378604650497e-06,2.227134005526679,0.0146484375,0.0021352767944335,1
SITE_001_S0112,SITE_001,274.6419067382812,274.35302734375,275.8856048583984,0,-21503,-7.80150294303894e-05,-6.899447180330753e-05,8.30418204077495,0.01953125,0.0040369033813476,0
SITE_001_S0113,SITE_001,274.2586059570312,273.4073944091797,274.842529296875,0,-182199,-4.399940371513367e-05,-3.324821591377258e-05,4.819218644977747,0.0263671875,0.0048341751098632,0
SITE_001_S0114,SITE_001,266.2148895263672,262.8272094726562,271.7410430908203,0,-174296,-2.678483724594116e-06,6.686896085739136e-07,1.783368825886705,0.0498046875,0.0082778930664062,1
SITE_001_S0115,SITE_001,268.2038269042969,262.4387969970703,271.4473571777344,0,-173232.5,-4.097819328308106e-07,3.944151103496553e-07,1.591816929020964,0.048828125,0.0081195831298828,1
SITE_001_S0116,SITE_001,273.8807067871094,272.7897796630859,275.4055023193359,0,-240935.75,1.0710209608078e-05,1.070555299520493e-05,1.778998064785113,-7.345364722995101e-24,9.5367431640625e-07,1
SITE_001_S0117,SITE_001,276.8618469238281,276.2697906494141,276.4806213378906,0,-29874.75,-3.486499190330505e-05,-6.522983312606812e-06,2.20441608383224,-7.345364722995101e-24,-7.345364920210326e-25,0
SITE_001_S0118,SITE_001,274.3188934326172,273.5608215332031,274.6043701171875,0,-115173,-1.493468880653381e-05,-1.426460221409798e-05,2.783331191366067,0.005859375,0.000896453857421875,0
SITE_001_S0119,SITE_001,273.3365478515625,272.3441009521484,274.3200836181641,0,-261280.25,-2.860650420188904e-05,-2.961838617920876e-06,3.723130368127618,0.0029296875,0.0004787445068359375,1
SITE_001_S0120,SITE_001,278.0239715576172,277.8846435546875,278.3631286621094,0,-19892.5,4.470348358154297e-07,4.451721906661988e-07,0.8648939163264767,-7.345364722995101e-24,5.7220458984375e-06,0
SITE_001_S0121,SITE_001,276.3089141845703,274.9433898925781,276.4696502685547,0,-157732.5,-1.225247979164124e-05,-1.367414370179176e-06,2.901822327054373,-7.345364722995101e-24,3.814697265625e-06,0
SITE_001_S0122,SITE_001,276.1777191162109,275.3556518554688,277.7702331542969,0,-199403.25,-6.378814578056335e-05,-5.367700941860676e-05,4.67989878292606,-7.345364722995101e-24,-7.345364920210326e-25,0
SITE_001_S0123,SITE_001,274.5864410400391,273.8368072509766,276.1407165527344,0,-212235.75,-4.84660267829895e-06,-1.937616616487503e-06,2.656351069673307,-7.345364722995101e-24,-7.345364920210326e-25,0
SITE_001_S0124,SITE_001,275.7457122802734,274.2518157958984,276.6552276611328,0,-203677,-2.103671431541443e-05,-3.680121153593064e-06,2.459155949390542,-7.345364722995101e-24,9.5367431640625e-07,0
SITE_001_S0125,SITE_001,277.6104278564453,276.3176879882812,277.5870513916016,0,-125546.5,-1.686252653598785e-05,-1.468462869524956e-05,3.379171736022591,-7.345364722995101e-24,-7.345364920210326e-25,0
SITE_001_S0126,SITE_001,281.8262023925781,281.3996887207031,280.5095520019531,0,11214.5,8.219853043556213e-06,8.218921720981598e-06,2.203502484563731,-7.345364722995101e-24,-7.345364920210326e-25,0
SITE_001_S0127,SITE_001,277.7353515625,277.3690948486328,279.1775360107422,0,-112095.5,-7.53253698348999e-06,-2.005603164434433e-06,2.070884825625028,-7.345364722995101e-24,-7.345364920210326e-25,0
SITE_001_S0128,SITE_001,281.5166473388672,281.0529937744141,281.4373931884766,0,-33510,-9.154900908470154e-06,-1.390930265188217e-06,2.485211230327605,-7.345364722995101e-24,-7.345364920210326e-25,0
SITE_001_S0129,SITE_001,283.1110992431641,282.7888336181641,282.6322784423828,0,-27753.75,-0.0001047290861606598,-1.579080708324909e-05,4.764826201329226,-7.345364722995101e-24,-7.345364920210326e-25,0
SITE_001_S0130,SITE_001,281.9140625,281.2011108398437,282.0727691650391,0,-28743.25,-6.124749779701233e-05,-6.021466106176376e-05,4.232510718105007,-7.345364722995101e-24,-7.345364920210326e-25,0
SITE_001_S0131,SITE_001,276.8858795166016,275.9392395019531,278.7390747070312,0,-262982,-6.709247827529907e-06,-1.52946449816227e-06,2.510908470096526,-7.345364722995101e-24,-7.345364920210326e-25,0
SITE_001_S0132,SITE_001,277.7950592041016,275.8029022216797,278.6810302734375,0,-268005.25,-2.677552402019501e-05,-5.163252353668213e-06,2.616025511669697,-7.345364722995101e-24,-7.345364920210326e-25,0
SITE_001_S0133,SITE_001,282.9508972167969,281.564697265625,283.6707763671875,0,-127236.5,2.469867467880249e-06,2.501066774129868e-06,1.795828173885004,-7.345364722995101e-24,-7.345364920210326e-25,0
SITE_001_S0134,SITE_001,280.1491546630859,279.2097625732422,281.8029174804688,0,-198704,6.258487701416016e-06,6.216811016201973e-06,1.775435910051291,-7.345364722995101e-24,-7.345364920210326e-25,0
SITE_001_S0135,SITE_001,278.442626953125,277.6567077636719,279.5914916992188,0,-76690.5,-3.662146627902985e-05,-5.441717803478241e-06,2.541356951602245,-7.345364722995101e-24,-7.345364920210326e-25,0
SITE_001_S0136,SITE_001,279.7425537109375,279.0447540283203,280.7678070068359,0,-57317.75,3.539025783538819e-07,3.534369170665741e-07,0.9364510979441448,-7.345364722995101e-24,-7.345364920210326e-25,0
SITE_001_S0137,SITE_001,280.8887481689453,280.4128723144531,281.9351348876953,1553,-159246,-3.15345823764801e-05,-2.081668935716152e-05,3.532872416635648,-7.345364722995101e-24,-7.345364920210326e-25,0
SITE_001_S0138,SITE_001,277.3010559082031,275.786865234375,279.0182189941406,3267,-168092.75,-9.57399606704712e-07,-7.622875273227692e-07,1.973808592011834,-7.345364722995101e-24,-7.345364920210326e-25,0
SITE_001_S0139,SITE_001,273.3789215087891,272.3045654296875,276.3322296142578,15288,-312007.5,-3.596954047679901e-05,-7.799128070473671e-06,2.533377596630701,-7.345364722995101e-24,1.9073486328125e-06,1
SITE_001_S0140,SITE_001,273.8970947265625,268.2194366455078,273.8150787353516,18800,-241360.5,-1.132488250732422e-06,-1.131324097514152e-06,0.3956231281747914,-7.345364722995101e-24,1.9073486328125e-06,1
SITE_001_S0141,SITE_001,278.9817504882812,278.5416870117188,280.3073272705078,10281,-74335.75,-5.299225449562073e-05,-5.299318581819534e-05,4.061820179712793,-7.345364722995101e-24,-7.345364920210326e-25,0
SITE_001_S0142,SITE_001,274.4023895263672,272.9717254638672,276.7382507324219,42504,-279568.75,-5.736947059631348e-06,-2.927612513303757e-06,1.924935522839071,-7.345364722995101e-24,-7.345364920210326e-25,1
SITE_001_S0143,SITE_001,282.5429077148437,281.8262634277344,282.7561340332031,22151,-88415.5,-4.139542579650879e-05,-1.398799940943718e-05,2.485059329110104,-7.345364722995101e-24,-7.345364920210326e-25,0
SITE_001_S0144,SITE_001,278.3297729492188,277.4403228759766,279.7790374755859,54073,-126812.75,-5.774199962615967e-08,-5.704350769519807e-08,0.7642774066916249,-7.345364722995101e-24,-7.345364920210326e-25,0
SITE_001_S0145,SITE_001,283.7110443115234,283.1693878173828,283.9902191162109,41808,-84102.75,-1.227855682373047e-05,-3.580003976821899e-06,1.612277668292499,-7.345364722995101e-24,-7.345364920210326e-25,0
SITE_001_S0146,SITE_001,280.3721466064453,280.4839172363281,282.4297943115234,34183,-48831.75,-0.0001052655279636383,-1.829350367188454e-05,3.455103244576969,-7.345364722995101e-24,-7.345364920210326e-25,0
SITE_001_S0147,SITE_001,285.6895599365234,284.5057525634766,285.8127593994141,130413,-226083.25,-1.047924160957336e-05,-5.04031777381897e-06,2.425562852322672,-7.345364722995101e-24,-7.345364920210326e-25,0
SITE_001_S0148,SITE_001,284.5341644287109,282.7207641601562,284.7664489746094,138898,-206431,-1.001171767711639e-05,-9.772833436727524e-06,2.252162218984207,-7.345364722995101e-24,-7.345364920210326e-25,0
SITE_001_S0149,SITE_001,286.2441864013672,286.1460723876953,287.6861419677734,52837,-54980.5,-0.0001257620751857758,-8.627213537693024e-05,4.934514601600769,-7.345364722995101e-24,-7.345364920210326e-25,0
SITE_001_S0150,SITE_001,281.8177947998047,280.8311157226562,283.4382934570312,168595,-227519,-2.670101821422577e-05,-2.057128585875034e-05,2.210858362834253,-7.345364722995101e-24,-7.345364920210326e-25,0
SITE_001_S0151,SITE_001,284.5488433837891,283.837646484375,286.1910400390625,179109,-212728.75,-1.680105924606323e-06,-1.679174602031708e-06,1.360137696888719,-7.345364722995101e-24,-7.345364920210326e-25,0
SITE_001_S0152,SITE_001,286.1547241210937,285.0587615966797,286.9958648681641,203109,-222362,-2.234987914562225e-05,-1.825881190598011e-05,1.772685184666637,-7.345364722995101e-24,-7.345364920210326e-25,0
SITE_001_S0153,SITE_001,287.4209747314453,286.7858123779297,289.3298645019531,210091,-237256.5,-9.293481707572936e-05,-3.013666719198227e-05,2.433324551924561,-7.345364722995101e-24,-7.345364920210326e-25,0
SITE_001_S0154,SITE_001,286.0917358398437,285.0996246337891,287.8705596923828,229064,-219964.75,-5.815178155899048e-06,-5.241250619292259e-06,0.9393458548810576,-7.345364722995101e-24,-7.345364920210326e-25,0
SITE_001_S0155,SITE_001,289.1058807373047,287.9658355712891,288.9595794677734,160085,-189933.5,-0.0002763252705335617,-5.662743933498859e-05,4.418577998897018,-7.345364722995101e-24,-7.345364920210326e-25,0
SITE_001_S0156,SITE_001,284.7698364257812,284.4165649414062,286.5211639404297,184636,-239611.5,-0.0003039054572582245,-5.053379572927952e-05,5.773028301568337,-7.345364722995101e-24,-7.345364920210326e-25,0
SITE_001_S0157,SITE_001,287.2926177978516,286.8487701416016,289.4230499267578,237989,-302307,-0.0001836810261011124,-5.038827657699585e-05,3.466613996040856,-7.345364722995101e-24,-7.345364920210326e-25,0
SITE_001_S0158,SITE_001,287.5671844482422,287.2495422363281,288.7438812255859,145040,-152079,-0.0001229532063007355,-3.256578929722309e-05,2.463776871601746,-7.345364722995101e-24,-7.345364920210326e-25,0
SITE_001_S0159,SITE_001,288.21728515625,287.0651397705078,288.5987548828125,232343,-160845,-7.953494787216187e-07,-7.948838174343109e-07,0.5824578573124891,-7.345364722995101e-24,-7.345364920210326e-25,0
SITE_001_S0160,SITE_001,289.5606842041016,288.0483245849609,289.8544006347656,246795,-211351.5,-2.302974462509156e-05,-1.857476308941841e-05,1.69163015840455,-7.345364722995101e-24,-7.345364920210326e-25,0
SITE_001_S0161,SITE_001,288.5403747558594,288.2737731933594,290.7066955566406,168017,-155777,-0.0001961067318916321,-3.737793304026127e-05,4.18754364605253,-7.345364722995101e-24,-7.345364920210326e-25,0
SITE_001_S0162,SITE_001,290.6104888916016,290.2975006103516,291.2136688232422,71621,-64304.5,-0.0001736339181661606,-2.915272489190102e-05,4.756814698963058,-7.345364722995101e-24,-7.345364920210326e-25,0
SITE_001_S0163,SITE_001,288.5228881835937,287.7640838623047,289.2394256591797,160397,-196062.5,-0.0001442395150661469,-4.067667759954929e-05,3.776025596867409,-7.345364722995101e-24,-7.345364920210326e-25,0
SITE_001_S0164,SITE_001,287.4293518066406,286.8982086181641,288.8575286865234,29758,-63416.5,-5.62518835067749e-05,-5.625560879707336e-05,3.853118367147847,-7.345364722995101e-24,-7.345364920210326e-25,0
SITE_001_S0165,SITE_001,288.8946380615234,287.1705017089844,289.5849151611328,208461,-199824.5,-7.543712854385376e-07,-7.539056241512299e-07,0.519249226901555,-7.345364722995101e-24,-7.345364920210326e-25,0
SITE_001_S0166,SITE_001,289.7150421142578,288.6506805419922,290.4698333740234,12833,-46208.5,-8.077360689640045e-05,-8.077220991253853e-05,3.308397492543683,-7.345364722995101e-24,-7.345364920210326e-25,0
SITE_001_S0167,SITE_001,287.4151458740234,286.2237548828125,288.5605926513672,157178,-213277.5,-3.775767982006073e-05,-1.684459857642651e-05,1.849997590103102,-7.345364722995101e-24,-7.345364920210326e-25,0
SITE_001_S0168,SITE_001,293.4094390869141,291.9500732421875,292.4754180908203,148636,-202347.5,-0.0001500546932220459,-3.990763798356056e-05,3.167600430459916,-7.345364722995101e-24,-7.345364920210326e-25,0
SITE_001_S0169,SITE_001,287.5258178710937,286.9371948242188,289.4430847167969,48956,-69567.5,-4.107877612113953e-05,-4.037469625473023e-05,1.885283474012912,-7.345364722995101e-24,-7.345364920210326e-25,0
SITE_001_S0170,SITE_001,286.4054565429688,286.2428588867188,288.5346527099609,19722,-40208.75,-3.857910633087158e-05,-3.857980482280254e-05,3.101250322791268,-7.345364722995101e-24,-7.345364920210326e-25,0
SITE_001_S0171,SITE_001,293.7743377685547,292.5802001953125,292.6880798339844,93622,-215904,-0.0001513175666332245,-3.472273238003254e-05,3.842594972808201,-7.345364722995101e-24,-7.345364920210326e-25,0
SITE_001_S0172,SITE_001,289.49853515625,287.93212890625,290.0675506591797,61064,-88444.5,-2.430006861686707e-05,-1.137657091021538e-05,1.79502145448573,-7.345364722995101e-24,-7.345364920210326e-25,0
SITE_001_S0173,SITE_001,289.8571624755859,289.0597839355469,290.6798706054688,28706,-69499.5,-3.002583980560303e-05,-1.778430305421352e-05,1.028608193657017,-7.345364722995101e-24,-7.345364920210326e-25,0
SITE_001_S0174,SITE_001,288.6671447753906,286.9167785644531,289.4079132080078,19823,-152924,2.838671207427979e-06,2.839136868715286e-06,2.089090480222893,-7.345364722995101e-24,-7.345364920210326e-25,0
SITE_001_S0175,SITE_001,290.9873504638672,290.3178253173828,290.9770355224609,4843,-19144,-2.146512269973755e-05,-2.146558836102486e-05,2.426348420965839,-7.345364722995101e-24,-7.345364920210326e-25,0
SITE_001_S0176,SITE_001,288.0120544433594,286.6271667480469,288.9030303955078,10093,-222521.5,-7.378309965133667e-05,-1.266179606318474e-05,2.635169401831892,-7.345364722995101e-24,-7.345364920210326e-25,0
SITE_001_S0177,SITE_001,288.8115997314453,288.3621368408203,290.60205078125,7004,-188642,-7.300823926925659e-05,-1.130416058003902e-05,3.356940744600482,-7.345364722995101e-24,-7.345364920210326e-25,0
SITE_001_S0178,SITE_001,289.8456878662109,287.97607421875,290.4190979003906,2628,-186947.25,1.892447471618652e-06,1.958571374416352e-06,1.970827484365808,-7.345364722995101e-24,-7.345364920210326e-25,0
SITE_001_S0179,SITE_001,293.4905395507812,292.2465515136719,293.2214813232422,1478,-104334.25,-0.0001008026301860809,-1.505715772509575e-05,1.700141981563118,-7.345364722995101e-24,-7.345364920210326e-25,0
SITE_001_S0180,SITE_001,272.6239929199219,272.2551422119141,274.2299499511719,0,-80432.75,-2.979487180709839e-05,-6.626825779676437e-06,2.766417845028574,0.001953125,0.0002775192260742188,1
SITE_001_S0181,SITE_001,277.5936279296875,276.9483489990234,276.9187164306641,0,-46296.75,-4.958361387252808e-06,-4.956033080816269e-06,3.433455557936897,0.0068359375,0.0010023117065429,0
SITE_001_S0182,SITE_001,272.7104797363281,271.7910461425781,274.4369812011719,0,-286158.5,-5.904585123062134e-05,-1.370417885482311e-05,5.225508147546273,0.005859375,0.0010700225830078,1
SITE_001_S0183,SITE_001,274.2703399658203,273.6478729248047,274.9178161621094,0,-72621,-6.320327520370483e-05,-1.082150265574455e-05,4.164001026904272,0.015625,0.0028810501098632,0
SITE_001_S0184,SITE_001,276.0107727050781,275.3034362792969,276.2524108886719,0,-70801.5,-1.833401620388031e-05,-1.45214144140482e-05,3.09906091781146,0.0087890625,0.0015201568603515,0
SITE_001_S0185,SITE_001,275.0293273925781,274.8693389892578,275.8941650390625,0,-49734,1.555308699607849e-06,1.556240022182465e-06,2.347437830377937,0.0068359375,0.0011634826660156,0
SITE_001_S0186,SITE_001,280.2659912109375,280.0318450927734,279.5518951416016,0,-4588,3.453344106674194e-06,3.452645614743233e-06,2.234417715958531,0.001953125,0.0002737045288085937,0
SITE_001_S0187,SITE_001,281.7065277099609,281.4358520507812,280.7350463867188,0,2343.5,5.424022674560547e-06,5.419598892331123e-06,2.155349982926406,0.0009765625,0.000102996826171875,0
SITE_001_S0188,SITE_001,278.4957580566406,277.8513031005859,278.5531311035156,0,-68378,-0.0001362264156341553,-3.966083750128746e-05,5.688792121959177,-7.345364722995101e-24,-7.345364920210326e-25,0
SITE_001_S0189,SITE_001,275.2582092285156,274.6371459960937,276.7364654541016,0,-163130,-2.574548125267029e-05,-2.403301186859608e-05,4.045251786407475,-7.345364722995101e-24,3.528594970703125e-05,0
SITE_001_S0190,SITE_001,278.2485809326172,277.8535461425781,278.9176025390625,0,-14254,-4.208832979202271e-05,-4.208739846944809e-05,5.401502084702615,-7.345364722995101e-24,-7.345364920210326e-25,0
SITE_001_S0191,SITE_001,282.8787841796875,282.0431060791016,280.9617462158203,0,-18970.5,-0.0001975670456886292,-0.0001957234926521778,8.966143914358156,-7.345364722995101e-24,-7.345364920210326e-25,0
SITE_001_S0192,SITE_001,275.5164031982422,275.0196228027344,276.5380706787109,0,-160810.5,-7.782131433486938e-05,-7.019145414233208e-06,4.206752399965948,-7.345364722995101e-24,-7.345364920210326e-25,0
SITE_001_S0193,SITE_001,276.806396484375,275.7456817626953,276.8936157226562,0,-188227.5,-2.058595418930054e-05,-2.032378688454628e-06,3.400413793325239,-7.345364722995101e-24,-7.345364920210326e-25,0
SITE_001_S0194,SITE_001,274.5082855224609,273.3817749023437,275.6482696533203,0,-261864,-1.469254493713379e-05,-2.053100615739822e-06,3.358279810200695,-7.345364722995101e-24,-7.345364920210326e-25,0
SITE_001_S0195,SITE_001,277.451416015625,276.2298889160156,276.6037902832031,0,-101263,-2.333521842956543e-05,-2.20700167119503e-06,3.475749416851988,-7.345364722995101e-24,-7.345364920210326e-25,0
SITE_001_S0196,SITE_001,274.4627532958984,273.5304565429688,275.172119140625,0,-212754.5,-9.462237358093262e-06,-4.918547347187996e-06,3.772913019095008,0.00390625,0.0005950927734375,0
SITE_001_S0197,SITE_001,274.2492828369141,273.6653289794922,275.2689666748047,0,-184460,-3.185123205184937e-06,-3.187218680977821e-06,3.003229802839011,0.0029296875,0.0004568099975585938,0
SITE_001_S0198,SITE_001,277.2278137207031,276.3832092285156,278.4447174072266,0,-208955.75,8.52532684803009e-06,8.527655154466629e-06,1.997197988679581,-7.345364722995101e-24,-7.345364920210326e-25,0
SITE_001_S0199,SITE_001,277.7982788085937,277.1597747802734,278.2003021240234,0,-88819.25,-3.948807716369629e-07,-2.062879502773285e-07,1.550982340031032,-7.345364722995101e-24,-7.345364920210326e-25,0
SITE_001_S0200,SITE_001,274.2079772949219,273.1988220214844,276.1972045898437,0,-299082.75,-9.706243872642515e-06,-7.548835128545761e-06,3.769557718531352,-7.345364722995101e-24,-7.345364920210326e-25,0
SITE_001_S0201,SITE_001,274.1556243896484,273.7571258544922,275.5108337402344,0,-72291.75,-2.849102020263672e-05,-1.946929842233658e-05,4.909154972651062,0.009765625,0.0017375946044921,0
SITE_001_S0202,SITE_001,270.0725708007812,269.4416656494141,273.1884918212891,0,-156177.75,-1.662038266658783e-05,-2.547167241573334e-06,2.299807100284631,0.01953125,0.0030317306518554,1
SITE_001_S0203,SITE_001,268.7347412109375,264.0491027832031,272.5577239990234,0,-242452.25,6.034970283508301e-07,6.01867213845253e-07,1.036825853973752,0.01953125,0.0029706954956054,1
SITE_001_S0204,SITE_001,271.5854339599609,270.1278381347656,273.3953247070312,0,-286183.75,-2.28099524974823e-05,-3.479653969407082e-06,3.132584697071908,0.0087890625,0.0015363693237304,1
SITE_001_S0205,SITE_001,271.1395568847656,269.4114685058594,273.2650909423828,0,-329777.75,-4.900991916656494e-05,-6.475718691945076e-06,3.112805255117665,0.0078125,0.0012788772583007,1
SITE_001_S0206,SITE_001,271.2124176025391,269.3427429199219,273.1603240966797,0,-171207,4.880130290985107e-07,5.320180207490921e-07,1.864470213619549,0.00390625,0.0006399154663085938,1
SITE_001_S0207,SITE_001,269.7880706787109,267.3559112548828,272.9214172363281,0,-231877.5,1.735985279083252e-06,1.736218109726906e-06,1.527099102044574,0.0029296875,0.0005178451538085938,1
SITE_001_S0208,SITE_001,268.8705444335937,268.1507263183594,272.8286285400391,0,-343774.25,-0.000132482498884201,-6.925081834197044e-06,4.444851487343327,0.0009765625,0.000263214111328125,1
SITE_001_S0209,SITE_001,268.3326263427734,267.6012268066406,272.507568359375,0,-306729.75,-4.260614514350891e-05,-2.786051481962204e-06,3.242689238770171,0.0009765625,0.0002565383911132812,1
SITE_001_S0210,SITE_001,274.7802581787109,273.7138671875,273.1335601806641,0,-67662.75,2.248212695121765e-06,2.393731847405434e-06,2.401531784194155,0.0185546875,0.0027523040771484,1
SITE_001_S0211,SITE_001,275.2858123779297,274.0616760253906,275.503662109375,0,-269055,8.21426510810852e-06,8.215662091970444e-06,3.446934451899744,-7.345364722995101e-24,1.049041748046875e-05,0
SITE_001_S0212,SITE_001,280.1602478027344,278.156005859375,281.0435180664062,2857,-146674.25,3.11434268951416e-06,3.113411366939545e-06,0.9777294856161444,-7.345364722995101e-24,-7.345364920210326e-25,0
SITE_001_S0213,SITE_001,284.2434844970703,283.2524108886719,284.0868225097656,2014,-99610.5,-1.429393887519836e-05,-1.429533585906029e-05,2.265275809132659,-7.345364722995101e-24,-7.345364920210326e-25,0
SITE_001_S0214,SITE_001,284.6534576416016,282.7732086181641,285.3996429443359,16847,-227264.5,-2.816319465637207e-06,-1.310370862483978e-06,1.979333967454549,-7.345364722995101e-24,-7.345364920210326e-25,0
SITE_001_S0215,SITE_001,282.62841796875,281.3263549804688,285.0839233398437,20096,-253818.5,1.161172986030579e-05,1.161242835223675e-05,1.489052626949335,-7.345364722995101e-24,-7.345364920210326e-25,0
SITE_001_S0216,SITE_001,280.9781341552734,280.4636688232422,282.8413696289062,27186,-220947.75,-0.0001013204455375671,-2.038804814219475e-05,4.914121524408827,-7.345364722995101e-24,-7.345364920210326e-25,0
SITE_001_S0217,SITE_001,279.1073760986328,277.8612060546875,281.0504913330078,41411,-258189,-1.43684446811676e-05,-5.164416506886482e-06,1.749724854239442,-7.345364722995101e-24,-7.345364920210326e-25,0
SITE_001_S0218,SITE_001,278.497802734375,277.0829772949219,280.2090148925781,72414,-279478,-2.48197466135025e-05,-7.557449862360954e-06,2.313065254039149,-7.345364722995101e-24,-7.345364920210326e-25,0
SITE_001_S0219,SITE_001,281.2166748046875,280.5261688232422,282.7606964111328,71758,-274239.75,-2.017244696617126e-05,-5.224486812949181e-06,2.220361172053706,-7.345364722995101e-24,-7.345364920210326e-25,0
SITE_001_S0220,SITE_001,286.0740203857422,284.2249298095703,286.3865814208984,110628,-266553,-6.521865725517273e-05,-1.83724332600832e-05,2.465139242021134,-7.345364722995101e-24,-7.345364920210326e-25,0
SITE_001_S0221,SITE_001,286.1483764648437,284.4961853027344,286.8949890136719,117145,-251334,-4.396960139274597e-05,-1.572282053530216e-05,1.879666834970926,-7.345364722995101e-24,-7.345364920210326e-25,0
SITE_001_S0222,SITE_001,284.7805480957031,284.4824981689453,285.7225646972656,47738,-24983,-2.433359622955322e-05,-2.196803689002991e-05,3.135072337354152,-7.345364722995101e-24,-7.345364920210326e-25,0
SITE_001_S0223,SITE_001,285.9824371337891,284.3233795166016,286.4405212402344,153707,-275517,-9.290501475334167e-05,-2.861209213733673e-05,2.42742433279459,-7.345364722995101e-24,-7.345364920210326e-25,0
SITE_001_S0224,SITE_001,281.3659973144531,280.0901641845703,282.9197540283203,184373,-229417.25,-2.117827534675598e-06,-2.117129042744637e-06,1.212700051867335,-7.345364722995101e-24,-7.345364920210326e-25,0
SITE_001_S0225,SITE_001,286.6090850830078,285.5195617675781,286.8222351074219,112342,-148275.25,-0.0001267120242118835,-3.092596307396889e-05,2.271258944211469,-7.345364722995101e-24,-7.345364920210326e-25,0
SITE_001_S0226,SITE_001,289.0413360595703,288.0448455810547,289.4021911621094,194597,-205605,-1.535937190055847e-05,-1.535960473120213e-05,1.9193638219018,-7.345364722995101e-24,-7.345364920210326e-25,0
SITE_001_S0227,SITE_001,290.1096649169922,288.8935241699219,290.3783874511719,165968,-181759,-5.220808088779449e-05,-2.013333141803741e-05,2.003643973537786,-7.345364722995101e-24,-7.345364920210326e-25,0
SITE_001_S0228,SITE_001,291.4398498535156,290.5608367919922,291.5854949951172,155724,-120636,-7.441267371177673e-06,-7.438007742166519e-06,1.594743613882648,-7.345364722995101e-24,-7.345364920210326e-25,0
SITE_001_S0229,SITE_001,288.9777526855469,288.88818359375,290.0274505615234,78383,-52181.5,-3.296323120594025e-05,-2.910452894866467e-05,2.386179194983541,-7.345364722995101e-24,-7.345364920210326e-25,0
SITE_001_S0230,SITE_001,289.4212036132812,288.2410125732422,290.1023559570312,230566,-168099.5,-1.914799213409424e-06,-1.913867890834808e-06,0.8926192343028438,-7.345364722995101e-24,-7.345364920210326e-25,0
SITE_001_S0231,SITE_001,290.4229888916016,289.8229370117188,291.4092864990234,73487,-77844.5,-4.456005990505219e-05,-4.455889575183392e-05,2.178400922826915,-7.345364722995101e-24,-7.345364920210326e-25,0
SITE_001_S0232,SITE_001,286.0535125732422,285.8649597167969,287.8984832763672,115151,-106842.5,-6.758049130439758e-05,-2.40011140704155e-05,2.158117470682581,-7.345364722995101e-24,-7.345364920210326e-25,0
SITE_001_S0233,SITE_001,284.7171173095703,283.198486328125,285.8256683349609,205705,-194526.5,-2.763234078884125e-05,-1.641968265175819e-05,2.090845236308097,-7.345364722995101e-24,-7.345364920210326e-25,0
SITE_001_S0234,SITE_001,287.9625854492188,287.7774810791016,288.9187164306641,112084,-71295.5,-0.0001109037548303604,-2.318411134183407e-05,3.120635693698957,-7.345364722995101e-24,-7.345364920210326e-25,0
SITE_001_S0235,SITE_001,291.1730041503906,290.8887634277344,290.8886566162109,110150,-43051.5,-4.262290894985199e-05,-1.710373908281326e-05,1.411032203214473,-7.345364722995101e-24,-7.345364920210326e-25,0
SITE_001_S0236,SITE_001,286.7700500488281,286.7409515380859,287.671630859375,75015,-53487.5,-5.552545189857483e-05,-1.328159123659134e-05,1.961326570708406,-7.345364722995101e-24,-7.345364920210326e-25,0
SITE_001_S0237,SITE_001,284.5743713378906,283.8827209472656,286.4580383300781,226234,-239897,-1.718290150165558e-05,-1.631723716855049e-05,1.663437063280753,-7.345364722995101e-24,-7.345364920210326e-25,0
SITE_001_S0238,SITE_001,289.8742523193359,288.8030242919922,291.1836090087891,239851,-327466,-0.0003747176378965378,-6.41548540443182e-05,3.983236735112128,-7.345364722995101e-24,-7.345364920210326e-25,0
SITE_001_S0239,SITE_001,288.6137847900391,287.3657989501953,290.1399993896484,239282,-318551,-0.0002330895513296128,-4.957616329193115e-05,2.793719759461476,-7.345364722995101e-24,-7.345364920210326e-25,0
SITE_001_S0240,SITE_001,290.0845794677734,289.3100738525391,291.3296051025391,149218,-148171,-0.0001381151378154755,-3.374507650732994e-05,1.594804405452466,-7.345364722995101e-24,-7.345364920210326e-25,0
SITE_001_S0241,SITE_001,287.478759765625,286.8040313720703,290.0309906005859,208580,-281815.75,-6.792694330215454e-05,-1.808395609259605e-05,2.067797128115668,-7.345364722995101e-24,-7.345364920210326e-25,0
SITE_001_S0242,SITE_001,287.8366088867188,287.259521484375,289.6372222900391,175489,-214980,-1.762807369232178e-05,-6.975140422582626e-06,1.405135743263872,-7.345364722995101e-24,-7.345364920210326e-25,0
SITE_001_S0243,SITE_001,288.6593170166016,287.7259216308594,290.2821960449219,177512,-207071.5,-6.355345249176025e-06,-5.248934030532837e-06,1.056211399361983,-7.345364722995101e-24,-7.345364920210326e-25,0
SITE_001_S0244,SITE_001,284.2650604248047,281.9595031738281,285.4446563720703,0,-203777.25,-2.831220626831055e-07,3.119930624961853e-08,1.997877917471116,-7.345364722995101e-24,-7.345364920210326e-25,0
SITE_001_S0245,SITE_001,291.5808410644531,289.3139495849609,289.9666748046875,0,-251248.25,-0.0002414844930171966,-1.951376907527447e-05,3.575540790365486,-7.345364722995101e-24,-7.345364920210326e-25,0
SITE_001_S0246,SITE_001,284.8185119628906,284.4090728759766,286.4546051025391,0,-14664.5,-3.833696246147156e-05,-3.834092058241367e-05,2.237809312250101,-7.345364722995101e-24,-7.345364920210326e-25,0
SITE_001_S0247,SITE_001,278.4545593261719,278.5261840820312,280.0912170410156,0,542.75,-8.298084139823914e-06,-8.298084139823914e-06,2.113741220272313,-7.345364722995101e-24,-7.345364920210326e-25,0
SITE_001_S0248,SITE_001,279.6668701171875,279.1481170654297,279.9845123291016,0,-60743.25,-6.049871444702148e-06,-1.727603375911713e-06,1.231029327267688,-7.345364722995101e-24,-7.345364920210326e-25,0
SITE_001_S0249,SITE_001,276.5043334960937,274.7933807373047,278.0589752197266,0,-209316.5,5.053356289863586e-06,5.055218935012817e-06,1.781520552450516,-7.345364722995101e-24,-7.345364920210326e-25,0
SITE_001_S0250,SITE_001,279.2679901123047,278.7961273193359,280.6864624023437,0,-72726.75,-4.939734935760498e-06,-4.940666258335114e-06,1.023540043971611,-7.345364722995101e-24,-7.345364920210326e-25,0
SITE_001_S0251,SITE_001,275.3318481445312,273.9272918701172,277.5950775146484,0,-177957,4.582107067108154e-07,4.526227712631226e-07,1.353187551034118,-7.345364722995101e-24,-7.345364920210326e-25,0
SITE_001_S0252,SITE_001,279.9812469482422,278.8726043701172,281.5766906738281,0,-186057.5,2.235174179077149e-07,2.256128937005997e-07,2.160296076731639,-7.345364722995101e-24,-7.345364920210326e-25,0
SITE_001_S0253,SITE_001,278.3140411376953,277.8611450195312,280.7498016357422,169,-246388,-0.0001037828624248505,-1.120055094361305e-05,3.498442836896247,-7.345364722995101e-24,-7.345364920210326e-25,0
SITE_001_S0254,SITE_001,274.6627655029297,273.4723205566406,276.4958801269531,4346,-233657.25,4.854053258895874e-06,4.82914038002491e-06,2.058918151977108,-7.345364722995101e-24,-7.345364920210326e-25,0
SITE_001_S0255,SITE_001,278.6299591064453,277.1501922607422,279.3802947998047,6507,-271953.75,-6.252527236938477e-05,-8.620321750640869e-06,2.742795501055018,-7.345364722995101e-24,-7.345364920210326e-25,0
SITE_001_S0256,SITE_001,281.2184753417969,279.346435546875,282.8542938232422,19817,-256104.5,-1.398846507072449e-05,-4.331115633249283e-06,2.127933650617928,-7.345364722995101e-24,-7.345364920210326e-25,0
SITE_001_S0257,SITE_001,283.0382537841797,280.824462890625,283.5887298583984,23789,-281814,-5.936808884143829e-05,-1.094629988074303e-05,2.690431944052917,-7.345364722995101e-24,-7.345364920210326e-25,0
SITE_001_S0258,SITE_001,282.2891082763672,281.1194763183594,282.9772491455078,36832,-188054,-6.278231739997864e-05,-1.469580456614494e-05,3.406255619305409,-7.345364722995101e-24,-7.345364920210326e-25,0
SITE_001_S0259,SITE_001,279.102294921875,278.2884674072266,280.8930053710937,40524,-203994,-5.990266799926758e-05,-1.179194077849388e-05,2.788375251785861,-7.345364722995101e-24,-7.345364920210326e-25,0
SITE_001_S0260,SITE_001,280.2516174316406,279.9532775878906,282.0431365966797,34070,-84745.25,-3.30023467540741e-05,-3.14260832965374e-05,2.741477134801686,-7.345364722995101e-24,-7.345364920210326e-25,0
SITE_001_S0261,SITE_001,277.5056762695312,277.3308715820312,280.3910827636719,14083,-69347.5,-4.363059997558594e-05,-4.363059997558594e-05,2.308673695343938,-7.345364722995101e-24,-7.345364920210326e-25,0
SITE_001_S0262,SITE_001,281.5401458740234,280.3581085205078,281.7395629882812,107727,-269598.25,-1.73225998878479e-05,-9.227776899933817e-06,2.929543036962186,-7.345364722995101e-24,-7.345364920210326e-25,0
SITE_001_S0263,SITE_001,278.4371795654297,276.9499053955078,280.1101989746094,153667,-264162.25,-2.23163515329361e-05,-1.167505979537964e-05,1.975501618832569,-7.345364722995101e-24,-7.345364920210326e-25,0
SITE_001_S0264,SITE_001,279.5935516357422,278.4113006591797,281.1236724853516,157782,-277032.5,-5.165114998817444e-05,-1.759896986186504e-05,2.394622412499277,-7.345364722995101e-24,-7.345364920210326e-25,0
SITE_001_S0265,SITE_001,283.7537689208984,283.7351684570312,285.3176727294922,28543,-14865.5,-3.390014171600342e-05,-3.02440021187067e-05,3.446643534458463,-7.345364722995101e-24,-7.345364920210326e-25,0
SITE_001_S0266,SITE_001,281.9951019287109,282.2524261474609,283.7678527832031,83206,-76195.25,-5.209445953369141e-05,-1.417822204530239e-05,2.9480535495659,-7.345364722995101e-24,-7.345364920210326e-25,0
SITE_001_S0267,SITE_001,286.8334655761719,286.6048889160156,287.4768371582031,21600,-19243.75,-2.996623516082764e-05,-2.591824159026146e-05,2.571342724728397,-7.345364722995101e-24,-7.345364920210326e-25,0
SITE_001_S0268,SITE_001,284.1028442382812,283.4396514892578,285.3801879882812,117250,-143437.75,-3.940984606742859e-05,-2.022809349000454e-05,1.866078677623421,-7.345364722995101e-24,-7.345364920210326e-25,0
SITE_001_S0269,SITE_001,286.3200225830078,285.9243316650391,287.6628265380859,165059,-189638,-0.0004483424127101898,-7.12547916918993e-05,7.358602361156904,-7.345364722995101e-24,-7.345364920210326e-25,0
SITE_001_S0270,SITE_001,284.4669342041016,283.6384735107422,285.9680938720703,204314,-229021,-3.400072455406189e-05,-1.604459248483181e-05,1.392997320894274,-7.345364722995101e-24,-7.345364920210326e-25,0
SITE_001_S0271,SITE_001,286.1903381347656,285.0386657714844,286.9822387695312,219101,-195753,-2.515129745006561e-05,-1.985346898436546e-05,1.740834203082183,-7.345364722995101e-24,-7.345364920210326e-25,0
SITE_001_S0272,SITE_001,289.3737030029297,288.4627227783203,289.4810485839844,52012,-47140.5,-4.164315760135651e-05,-4.111346788704395e-05,2.332595531480344,-7.345364722995101e-24,-7.345364920210326e-25,0
SITE_001_S0273,SITE_001,289.1726837158203,288.7675476074219,290.624755859375,166326,-172068,-5.365535616874695e-05,-3.561796620488167e-05,3.045072914437651,-7.345364722995101e-24,-7.345364920210326e-25,0
SITE_001_S0274,SITE_001,285.7778778076172,285.0056304931641,287.8200531005859,243377,-271635,-5.261413753032684e-05,-2.237688750028611e-05,2.169104604880976,-7.345364722995101e-24,-7.345364920210326e-25,0
SITE_001_S0275,SITE_001,293.8649597167969,293.4386596679688,294.9794311523437,226985,-201639,-7.37309455871582e-05,-2.816831693053245e-05,1.989772540484234,-7.345364722995101e-24,-7.345364920210326e-25,0
SITE_001_S0276,SITE_001,289.05615234375,289.1993255615234,292.3828887939453,223082,-218394,-0.0001635849475860596,-4.018237814307213e-05,3.348222906311609,-7.345364722995101e-24,-7.345364920210326e-25,0
SITE_001_S0277,SITE_001,287.9016265869141,286.9807586669922,289.9394226074219,215494,-224310,-6.469152867794037e-05,-2.166535705327988e-05,1.847003661294165,-7.345364722995101e-24,-7.345364920210326e-25,0
SITE_001_S0278,SITE_001,286.4410247802734,285.8544464111328,288.7888946533203,220609,-264950.5,-7.164850831031799e-05,-2.007256262004375e-05,2.199728933684682,-7.345364722995101e-24,-7.345364920210326e-25,0
SITE_001_S0279,SITE_001,284.6840362548828,283.7401275634766,287.1268005371094,174110,-245368.5,-3.602728247642517e-05,-1.088506542146206e-05,1.7947174201374,-7.345364722995101e-24,-7.345364920210326e-25,0
SITE_001_S0280,SITE_001,283.877197265625,283.2093505859375,286.2336883544922,198587,-258375,-1.507997512817383e-05,-6.668735295534134e-06,1.237117029379583,-7.345364722995101e-24,-7.345364920210326e-25,0
SITE_001_S0281,SITE_001,287.0552825927734,287.0457611083984,288.8593597412109,57211,-54898.5,-9.683147072792052e-05,-2.020597457885743e-05,2.608580996223615,-7.345364722995101e-24,-7.345364920210326e-25,0
SITE_001_S0282,SITE_001,287.0304260253906,286.9962310791016,288.5275115966797,77526,-74063.5,-7.365643978118896e-05,-1.683388836681843e-05,1.784608246222792,-7.345364722995101e-24,-7.345364920210326e-25,0
SITE_001_S0283,SITE_001,292.3477783203125,290.9069366455078,291.8058471679688,132273,-162243,-0.000144563615322113,-3.313133493065834e-05,3.163251249839101,-7.345364722995101e-24,-7.345364920210326e-25,0
SITE_001_S0284,SITE_001,288.8903198242188,288.2413635253906,290.4225006103516,137879,-232730,-9.393878281116486e-05,-1.89139973372221e-05,3.133979150630103,-7.345364722995101e-24,-7.345364920210326e-25,0
SITE_001_S0285,SITE_001,298.5976715087891,296.6536560058594,298.0112915039062,121381,-254605.5,-0.0002855230122804642,-4.571420140564442e-05,2.688716294029071,-7.345364722995101e-24,-7.345364920210326e-25,0
SITE_001_S0286,SITE_001,294.3852233886719,294.1078643798828,296.393798828125,82053,-143270.75,-4.898570477962494e-05,-1.402758061885834e-05,0.736074111179938,-7.345364722995101e-24,-7.345364920210326e-25,0
SITE_001_S0287,SITE_001,288.7295227050781,287.5294189453125,290.2997894287109,84592,-250469.5,-8.695758879184723e-05,-1.767324283719063e-05,2.355634233764889,-7.345364722995101e-24,-7.345364920210326e-25,0
SITE_001_S0288,SITE_001,288.0180511474609,286.7482299804688,289.7735900878906,76757,-185425,-6.48200511932373e-07,-5.00120222568512e-07,1.427191237055667,-7.345364722995101e-24,-7.345364920210326e-25,0
SITE_001_S0289,SITE_001,290.1460266113281,289.3410491943359,291.5287475585937,36062,-164967.25,-3.682076930999756e-05,-2.163485623896122e-05,2.612634860813579,-7.345364722995101e-24,-7.345364920210326e-25,0
SITE_001_S0290,SITE_001,288.6047668457031,287.5455017089844,290.1625823974609,57202,-274626,-0.0001043453812599182,-1.511280424892902e-05,3.453367304135667,-7.345364722995101e-24,-7.345364920210326e-25,0
SITE_001_S0291,SITE_001,286.2173461914062,286.0072784423828,288.7014312744141,18448,-85228,-6.490759551525116e-05,-3.358139656484127e-05,3.303781653716365,-7.345364722995101e-24,-7.345364920210326e-25,0
SITE_001_S0292,SITE_001,283.9362945556641,282.8505859375,286.4844207763672,35103,-274992,2.00420618057251e-06,1.588603481650352e-06,2.044077564634455,-7.345364722995101e-24,-7.345364920210326e-25,0
SITE_001_S0293,SITE_001,286.7550659179688,285.6621398925781,288.0740356445312,18711,-263503,-6.769970059394836e-05,-1.181638799607754e-05,3.584706565337274,-7.345364722995101e-24,-7.345364920210326e-25,0
SITE_001_S0294,SITE_001,285.3777313232422,284.1549530029297,287.3337554931641,17900,-283503.75,-2.54996120929718e-05,-5.403067916631699e-06,2.50037188672774,-7.345364722995101e-24,-7.345364920210326e-25,0
SITE_001_S0295,SITE_001,287.5803833007812,285.1545562744141,288.8842163085937,8173,-187350.75,-5.736947059631348e-07,-5.42961061000824e-07,1.617930335268512,-7.345364722995101e-24,-7.345364920210326e-25,0
SITE_001_S0296,SITE_001,292.0134124755859,287.922607421875,290.8535003662109,6348,-146911.5,1.311302185058594e-06,1.311302185058594e-06,0.736778225424576,-7.345364722995101e-24,-7.345364920210326e-25,0
SITE_001_S0297,SITE_001,287.0059204101562,284.5540313720703,288.4080200195312,1610,-194392,-1.616775989532471e-06,-1.464970409870148e-06,1.961828973407457,-7.345364722995101e-24,-7.345364920210326e-25,0
SITE_001_S0298,SITE_001,289.3538055419922,288.9811401367188,291.4825744628906,825,-155479,-7.517635822296143e-05,-8.897855877876282e-06,2.788866920995136,-7.345364722995101e-24,-7.345364920210326e-25,0
SITE_001_S0299,SITE_001,282.2344970703125,280.6300048828125,284.6692810058594,0,-246196.5,-2.123415470123291e-06,-1.056119799613953e-06,2.088510476635161,-7.345364722995101e-24,-7.345364920210326e-25,0
SITE_001_S0300,SITE_001,286.2126770019531,285.7373504638672,287.7178192138672,0,-32845.5,-3.058463335037231e-05,-2.868357114493847e-05,1.9232910412891,-7.345364722995101e-24,-7.345364920210326e-25,0
SITE_001_S0301,SITE_001,289.8866119384766,289.3147583007812,289.3506011962891,0,-33106.75,-3.203190863132477e-05,-1.215934753417969e-05,3.048744966680578,-7.345364722995101e-24,-7.345364920210326e-25,0
SITE_001_S0302,SITE_001,290.3576965332031,290.2364501953125,290.669189453125,0,-28978,-8.867308497428894e-05,-8.748378604650497e-06,3.322577945841627,-7.345364722995101e-24,-7.345364920210326e-25,0
SITE_001_S0303,SITE_001,280.4900512695312,278.6420593261719,283.1151275634766,0,-247425.75,-1.356005668640137e-06,-1.547392457723618e-06,1.739908915581567,-7.345364722995101e-24,-7.345364920210326e-25,0
SITE_001_S0304,SITE_001,280.7787170410156,278.8418884277344,282.7759094238281,0,-178130.25,3.799796104431152e-07,3.743916749954224e-07,1.138503240062532,-7.345364722995101e-24,-7.345364920210326e-25,0
SITE_001_S0305,SITE_001,287.3734588623047,286.2117767333984,287.7484130859375,0,-113790,-9.896792471408844e-05,-1.269998028874397e-05,2.859228881197746,-7.345364722995101e-24,-7.345364920210326e-25,0
SITE_001_S0306,SITE_001,286.3108673095703,285.4249877929688,287.2496032714844,0,-239755.75,2.045184373855591e-06,1.903623342514038e-06,3.178424970483629,-7.345364722995101e-24,-7.345364920210326e-25,0
SITE_001_S0307,SITE_001,285.701904296875,285.09814453125,287.0850372314453,0,-100561.5,-0.0001050867140293121,-7.201335392892361e-05,6.834170880822633,-7.345364722995101e-24,-7.345364920210326e-25,0
SITE_001_S0308,SITE_001,288.460205078125,287.1200408935547,287.9343109130859,0,-72517.25,-0.0001311562955379486,-8.816295303404331e-05,5.941691277774289,-7.345364722995101e-24,-7.345364920210326e-25,0
SITE_001_S0309,SITE_001,282.9623565673828,282.4355010986328,283.8031158447266,0,-69656.5,-0.0001724660396575928,-1.719407737255096e-05,4.085811220451654,-7.345364722995101e-24,-7.345364920210326e-25,0
SITE_001_S0310,SITE_001,282.4733428955078,281.9505462646484,283.2870178222656,0,-40514.75,-4.925578832626343e-05,-3.051641397178173e-05,2.644387779489107,-7.345364722995101e-24,-7.345364920210326e-25,0
SITE_001_S0311,SITE_001,287.8681030273437,286.817138671875,287.1592102050781,0,-241580,-0.0001400411128997803,-1.172814518213272e-05,4.84933851951343,-7.345364722995101e-24,-7.345364920210326e-25,0
SITE_001_S0312,SITE_001,289.9174652099609,288.418212890625,288.4258880615234,0,-163557,-2.216175198554993e-05,-1.45426020026207e-06,3.370423087418078,-7.345364722995101e-24,-7.345364920210326e-25,0
SITE_001_S0313,SITE_001,286.8090209960937,285.7290496826172,286.6099853515625,0,-114517.5,-5.691312253475189e-05,-4.829233512282372e-05,4.237554888076172,-7.345364722995101e-24,-7.345364920210326e-25,0
SITE_001_S0314,SITE_001,284.9631652832031,283.8291015625,285.3385162353516,0,-196628.5,-8.752942085266113e-05,-1.548905856907368e-05,3.724350150848923,-7.345364722995101e-24,-7.345364920210326e-25,0
SITE_001_S0315,SITE_001,284.7407073974609,283.1416015625,284.7872467041016,0,-185488.75,1.057982444763184e-06,-2.263113856315613e-07,2.082933269535962,-7.345364722995101e-24,-7.345364920210326e-25,0
SITE_001_S0316,SITE_001,285.3647155761719,284.9046783447266,286.1879577636719,0,-195453.5,-5.335360765457153e-05,-5.887588486075401e-06,3.903305160394273,-7.345364722995101e-24,-7.345364920210326e-25,0
SITE_001_S0317,SITE_001,277.1729736328125,275.9493560791016,279.4301910400391,0,-280223.5,-1.013278961181641e-05,-3.222143277525902e-06,2.421104438737526,-7.345364722995101e-24,-7.345364920210326e-25,0
SITE_001_S0318,SITE_001,275.1485290527344,273.7279968261719,277.5654907226562,0,-289161,-8.631497621536255e-06,-3.280816599726677e-06,2.637908633597984,-7.345364722995101e-24,-7.345364920210326e-25,0
SITE_001_S0319,SITE_001,280.7102355957031,279.6503601074219,281.7602386474609,0,-236148,-2.414733171463013e-05,-1.672049984335899e-05,3.101733422712534,-7.345364722995101e-24,-7.345364920210326e-25,0
SITE_001_S0320,SITE_001,279.7886962890625,279.4470977783203,281.0927734375,0,-61908.5,-8.147209882736206e-06,-8.14860686659813e-06,2.403047041547405,-7.345364722995101e-24,-7.345364920210326e-25,0
SITE_001_S0321,SITE_001,277.2474212646484,276.2911529541016,277.5169067382812,0,-76831,-9.939074516296388e-06,-9.941402822732924e-06,3.019456065669633,-7.345364722995101e-24,-7.345364920210326e-25,0
SITE_001_S0322,SITE_001,277.8362884521484,277.1701354980469,278.5135955810547,0,-58184,-4.754960536956787e-05,-3.101257607340813e-05,4.28707900919077,-7.345364722995101e-24,-7.345364920210326e-25,0
SITE_001_S0323,SITE_001,273.2534027099609,272.0005798339844,275.2923583984375,0,-228032,6.005167961120605e-06,6.003770977258682e-06,1.679580232749219,-7.345364722995101e-24,-7.345364920210326e-25,1
SITE_001_S0324,SITE_001,275.6799774169922,275.6261901855469,277.163818359375,0,-13693.5,-2.061575651168823e-05,-2.049678005278111e-05,3.468220144718431,0.0009765625,0.0001354217529296875,0
SITE_001_S0325,SITE_001,278.6564025878906,277.4434204101562,278.3221282958984,0,-90565.5,-5.118921399116516e-05,-4.455004818737507e-05,3.523874090124004,-7.345364722995101e-24,4.76837158203125e-06,0
SITE_001_S0326,SITE_001,274.8861999511719,273.0646362304688,276.3261108398437,0,-190204,1.92597508430481e-06,1.923646777868271e-06,1.337053096933406,-7.345364722995101e-24,1.9073486328125e-06,1
SITE_001_S0327,SITE_001,278.6487884521484,278.0824584960937,280.1039428710937,0,-155710,-3.141164779663086e-05,-2.899323590099812e-05,2.59124475020051,-7.345364722995101e-24,-7.345364920210326e-25,0
SITE_001_S0328,SITE_001,274.1224822998047,272.9949493408203,276.2621459960937,0,-229309.5,4.731118679046631e-06,4.728324711322784e-06,2.038537621826332,-7.345364722995101e-24,-7.345364920210326e-25,1
SITE_001_S0329,SITE_001,271.4972839355469,269.5139465332031,273.6430053710937,0,-226526.5,3.110617399215698e-06,3.129011020064354e-06,2.184431947752344,-7.345364722995101e-24,9.5367431640625e-07,1
SITE_001_S0330,SITE_001,275.7357635498047,275.1913909912109,275.586181640625,0,-29330.5,-0.0001251958310604096,-1.31682027131319e-05,5.284859503954161,-7.345364722995101e-24,9.5367431640625e-07,0
SITE_001_S0331,SITE_001,279.6645355224609,279.4492034912109,279.2407684326172,0,-29286,-0.0001564696431159973,-1.366273500025272e-05,4.19708092489152,-7.345364722995101e-24,-7.345364920210326e-25,0
SITE_001_S0332,SITE_001,277.4548187255859,277.0885620117188,277.9500579833984,0,-24715,-2.577155828475952e-05,-2.159737050533295e-05,3.298010196561469,-7.345364722995101e-24,-7.345364920210326e-25,0
SITE_001_S0333,SITE_001,284.2074279785156,282.1209259033203,281.0948028564453,0,-166673.5,-0.0001292768865823746,-5.136453546583652e-05,4.757871311042585,-7.345364722995101e-24,9.5367431640625e-07,0
SITE_001_S0334,SITE_001,280.2980194091797,279.8367919921875,280.9759826660156,0,-97248,-7.722526788711548e-06,-6.608897820115089e-06,2.938150519789072,-7.345364722995101e-24,-7.345364920210326e-25,0
SITE_001_S0335,SITE_001,280.2841491699219,279.8445739746094,280.2760009765625,0,-22244.5,-5.653314292430878e-05,-2.330448478460312e-05,4.628085617527396,-7.345364722995101e-24,-7.345364920210326e-25,0
SITE_001_S0336,SITE_001,279.2288208007812,278.3559417724609,279.3573913574219,0,-162761.5,-4.023313522338867e-05,-1.094420440495014e-05,3.757571299678605,-7.345364722995101e-24,-7.345364920210326e-25,0
SITE_001_S0337,SITE_001,270.0303955078125,268.4471435546875,273.52490234375,0,-218613.5,2.756714820861816e-07,2.738088369369507e-07,1.619884676982102,-7.345364722995101e-24,-7.345364920210326e-25,1
SITE_001_S0338,SITE_001,272.4032592773437,269.5811462402344,273.557861328125,0,-173153.5,-4.24310564994812e-06,-3.028428182005882e-06,1.784701211687554,-7.345364722995101e-24,-7.345364920210326e-25,1
SITE_001_S0339,SITE_001,276.0122680664062,275.1752166748047,276.9947357177734,0,-186039.5,1.32247805595398e-06,1.320615410804748e-06,3.945621791043474,-7.345364722995101e-24,-7.345364920210326e-25,0
SITE_001_S0340,SITE_001,278.6431884765625,278.4001007080078,278.6011199951172,0,-21432,-1.03972852230072e-05,-8.321134373545647e-06,2.501250153453156,-7.345364722995101e-24,-7.345364920210326e-25,0
SITE_001_S0341,SITE_001,281.5868530273437,280.788818359375,281.5051574707031,0,-166344.5,-3.59751284122467e-05,-3.432482481002808e-05,3.795181077851805,-7.345364722995101e-24,-7.345364920210326e-25,0
SITE_001_S0342,SITE_001,276.6216278076172,275.9634857177734,278.1583557128906,0,-213226,5.498528480529785e-06,2.565793693065644e-06,2.418117687020819,-7.345364722995101e-24,-7.345364920210326e-25,0
SITE_001_S0343,SITE_001,277.9824829101562,276.8351745605469,279.2786560058594,0,-260337,1.124106347560883e-05,1.123943366110325e-05,2.583772121181946,-7.345364722995101e-24,-7.345364920210326e-25,0
SITE_001_S0344,SITE_001,280.4685821533203,279.1719512939453,279.9570007324219,0,-237742.5,-6.782263517379761e-05,-6.204238161444664e-06,3.660275877171761,-7.345364722995101e-24,-7.345364920210326e-25,0
SITE_001_S0345,SITE_001,271.0376892089844,271.4879150390625,273.4478454589844,0,-38517.5,-7.070600986480713e-06,-2.806074917316437e-06,1.207603284720567,-7.345364722995101e-24,4.00543212890625e-05,1
SITE_001_S0346,SITE_001,274.5360717773437,274.35693359375,275.0608062744141,0,-36365,6.705522537231445e-08,6.938353180885315e-08,1.486440230294892,0.0009765625,9.059906005859376e-05,0
SITE_001_S0347,SITE_001,279.5181884765625,278.7458801269531,278.767822265625,0,-96620.25,-9.166821837425232e-05,-3.895838744938374e-05,5.408272976850104,-7.345364722995101e-24,1.9073486328125e-06,0
SITE_001_S0348,SITE_001,275.8452606201172,275.2063140869141,276.4810333251953,0,-168051,-5.924701690673828e-05,-1.319544389843941e-05,5.214898843085804,-7.345364722995101e-24,9.5367431640625e-07,0
SITE_001_S0349,SITE_001,282.6814880371094,281.7776184082031,281.6017761230469,0,-155773.5,-7.70464539527893e-05,-3.775139339268208e-05,6.367929984313903,-7.345364722995101e-24,-7.345364920210326e-25,0
SITE_001_S0350,SITE_001,276.8941497802734,275.8876953125,278.5028533935547,0,-244285.5,-6.440095603466034e-05,-4.812260158360005e-05,5.204900720885007,-7.345364722995101e-24,-7.345364920210326e-25,0
SITE_001_S0351,SITE_001,280.8976135253906,279.4161224365234,279.5387420654297,0,-182503.5,-4.377402365207672e-05,-3.022560849785805e-05,5.818372038142064,-7.345364722995101e-24,-7.345364920210326e-25,0
SITE_001_S0352,SITE_001,280.3923645019531,279.5787506103516,280.5075073242188,0,-159049.5,-0.0001718010753393173,-0.000107497675344348,9.734938040440683,-7.345364722995101e-24,-7.345364920210326e-25,0
SITE_001_S0353,SITE_001,279.5307922363281,278.2480773925781,278.8355407714844,0,-188994.5,-4.064291715621948e-05,-3.369990736246109e-06,3.891095136025,-7.345364722995101e-24,-7.345364920210326e-25,0
SITE_001_S0354,SITE_001,284.3653564453125,283.6469268798828,282.6760406494141,0,-110481.5,-0.0001982413232326508,-9.11550596356392e-05,8.34023146989965,-7.345364722995101e-24,-7.345364920210326e-25,0
SITE_001_S0355,SITE_001,275.6311798095703,274.7189788818359,277.3737335205078,0,-304111.25,-7.321499288082123e-05,-2.108654007315636e-05,4.718558254474401,-7.345364722995101e-24,-7.345364920210326e-25,0
SITE_001_S0356,SITE_001,278.677734375,277.9384613037109,278.9842834472656,0,-281827.75,-0.000133223831653595,-8.7665393948555e-06,6.586261096507257,-7.345364722995101e-24,-7.345364920210326e-25,0
SITE_001_S0357,SITE_001,274.3130493164062,273.4876251220703,275.8751831054688,0,-183846,-1.817941665649414e-05,-1.650652848184109e-05,3.273451820075717,0.001953125,0.0004491806030273438,0
SITE_001_S0358,SITE_001,273.8239135742188,272.8064727783203,275.0818176269531,0,-240752.75,-5.394220352172852e-06,-4.724832251667976e-06,3.582568334955306,0.025390625,0.0042791366577148,1
SITE_001_S0359,SITE_001,276.3133544921875,275.522705078125,277.0890502929688,0,-154947.75,-1.04755163192749e-05,-1.014815643429756e-05,3.534028411061869,-7.345364722995101e-24,1.049041748046875e-05,0
SITE_001_S0360,SITE_001,277.5622863769531,277.0937042236328,278.0450744628906,0,-21728.75,-3.00481915473938e-05,-3.004027530550957e-05,2.733727638535885,-7.345364722995101e-24,4.76837158203125e-06,0
SITE_001_S0361,SITE_001,279.7013854980469,278.8738708496094,279.4779052734375,0,-12873.75,-8.258409798145294e-05,-8.258246816694736e-05,7.558392387318245,-7.345364722995101e-24,-7.345364920210326e-25,0
SITE_001_S0362,SITE_001,284.1968231201172,283.6113433837891,282.6474914550781,0,-11817.5,-4.801712930202484e-05,-4.801503382623196e-05,5.916789602846379,-7.345364722995101e-24,-7.345364920210326e-25,0
SITE_001_S0363,SITE_001,279.0121154785156,277.3444213867188,279.3227233886719,0,-173724.25,-1.877546310424805e-06,-5.718320608139038e-07,2.157434817876141,-7.345364722995101e-24,-7.345364920210326e-25,0
SITE_001_S0364,SITE_001,278.6726989746094,277.9824523925781,280.3125762939453,0,-251926.25,5.101785063743591e-06,3.249384462833405e-06,2.137157596544122,-7.345364722995101e-24,-7.345364920210326e-25,0
SITE_001_S0365,SITE_001,273.8371429443359,272.8290100097656,276.2263946533203,0,-355067.75,-0.000146377831697464,-1.318776048719883e-05,4.357499455618828,-7.345364722995101e-24,-7.345364920210326e-25,1
SITE_001_S0366,SITE_001,273.0134735107422,272.0655975341797,275.57861328125,0,-363052.25,-0.0001663900911808014,-1.507112756371498e-05,4.455819154735524,-7.345364722995101e-24,-7.345364920210326e-25,1
SITE_001_S0367,SITE_001,277.703125,276.4150543212891,278.6083831787109,0,-255721.75,-3.279373049736023e-05,-4.092464223504066e-06,2.751472024857459,-7.345364722995101e-24,-7.345364920210326e-25,0
SITE_001_S0368,SITE_001,276.2584228515625,275.6825103759766,278.2901000976562,0,-234920.75,-9.013153612613678e-05,-8.730683475732803e-06,3.723164590783487,-7.345364722995101e-24,-7.345364920210326e-25,0
SITE_001_S0369,SITE_001,278.4322204589844,277.8654937744141,278.8533630371094,0,-170342.25,-1.301988959312439e-06,-6.062909960746765e-07,3.116517171192601,-7.345364722995101e-24,-7.345364920210326e-25,0
SITE_001_S0370,SITE_001,271.6994171142578,269.5006561279297,274.3687438964844,0,-236485.5,1.344829797744751e-06,1.343432813882828e-06,1.561190385650518,-7.345364722995101e-24,-7.345364920210326e-25,1
SITE_001_S0371,SITE_001,281.0438385009766,278.7910919189453,282.1015319824219,94,-208983.75,3.30805778503418e-06,3.305962309241295e-06,1.949156883163269,-7.345364722995101e-24,-7.345364920210326e-25,0
SITE_001_S0372,SITE_001,280.4150695800781,279.1573791503906,282.2486572265625,450,-253722.5,-1.106411218643188e-05,-2.113869413733482e-06,2.078503911900419,-7.345364722995101e-24,-7.345364920210326e-25,0
SITE_001_S0373,SITE_001,274.2455291748047,271.5892333984375,276.0437469482422,5819,-205991,-5.587935447692871e-09,-5.122274160385132e-09,1.290466803044672,-7.345364722995101e-24,-7.345364920210326e-25,1
SITE_001_S0374,SITE_001,277.9637756347656,275.6710357666016,279.1897430419922,7812,-211577,-7.230788469314575e-06,-3.681052476167679e-06,1.988527327771353,-7.345364722995101e-24,-7.345364920210326e-25,0
SITE_001_S0375,SITE_001,281.3102416992188,280.0865173339844,282.5628509521484,23426,-340815,-0.0002382993698120117,-1.971120946109295e-05,4.299542944586566,-7.345364722995101e-24,-7.345364920210326e-25,0
SITE_001_S0376,SITE_001,282.1393737792969,280.8392028808594,283.2601776123047,27080,-331417.5,-0.0001957006752490997,-1.796497963368893e-05,3.702950897820246,-7.345364722995101e-24,-7.345364920210326e-25,0
SITE_001_S0377,SITE_001,278.1751251220703,276.0782012939453,280.2966613769531,48818,-218621.5,-2.533197402954102e-07,-2.565793693065644e-07,1.538939784726056,-7.345364722995101e-24,-7.345364920210326e-25,0
SITE_001_S0378,SITE_001,281.3918762207031,279.6602172851562,282.6054229736328,41832,-129530.25,-4.246830940246582e-06,-2.909218892455101e-06,1.65220373746134,-7.345364722995101e-24,-7.345364920210326e-25,0
SITE_001_S0379,SITE_001,279.3688659667969,277.9779510498047,280.7980499267578,80120,-259702,-1.48378312587738e-05,-4.651490598917008e-06,2.205702559879684,-7.345364722995101e-24,-7.345364920210326e-25,0
SITE_001_S0380,SITE_001,283.2444763183594,282.7125854492188,283.90283203125,16220,-46975.25,-2.364814281463623e-05,-1.734262332320213e-05,1.544973455385577,-7.345364722995101e-24,-7.345364920210326e-25,0
SITE_001_S0381,SITE_001,284.6921081542969,283.3005218505859,285.3812866210937,89221,-176006,-6.908364593982697e-05,-1.792702823877335e-05,1.9605795139444,-7.345364722995101e-24,-7.345364920210326e-25,0
SITE_001_S0382,SITE_001,284.9344024658203,283.8332061767578,286.0720062255859,84705,-147836.75,-6.642192602157593e-06,-3.271270543336868e-06,1.44427951066738,-7.345364722995101e-24,-7.345364920210326e-25,0
SITE_001_S0383,SITE_001,277.7990112304688,277.0226898193359,280.2164916992188,161719,-298021.25,-6.848946213722229e-05,-1.455959863960743e-05,2.283050203219445,-7.345364722995101e-24,-7.345364920210326e-25,0
SITE_001_S0384,SITE_001,278.1152954101562,276.3688201904297,279.8799896240234,164499,-209209.25,-2.194195985794068e-06,-2.171378582715988e-06,1.056398366155463,-7.345364722995101e-24,-7.345364920210326e-25,0
SITE_001_S0385,SITE_001,285.1006774902344,283.6414947509766,285.7743377685547,180821,-197982,-1.158192753791809e-05,-8.352100849151611e-06,1.710356215483947,-7.345364722995101e-24,-7.345364920210326e-25,0
SITE_001_S0386,SITE_001,291.4972381591797,289.3903503417969,289.6329956054688,96880,-83125,-0.0001113750040531158,-2.144929021596909e-05,2.572873539280844,-7.345364722995101e-24,-7.345364920210326e-25,0
SITE_001_S0387,SITE_001,283.9194030761719,282.2272033691406,284.8706359863281,212105,-198837,-4.738569259643555e-06,-3.719236701726913e-06,0.9528388602500868,-7.345364722995101e-24,-7.345364920210326e-25,0
SITE_001_S0388,SITE_001,283.4659881591797,282.9597473144531,285.9476318359375,228783,-327993,-0.0001382194459438324,-2.307980321347713e-05,2.738275205288,-7.345364722995101e-24,-7.345364920210326e-25,0
SITE_001_S0389,SITE_001,287.7013397216797,286.4669342041016,288.60205078125,236232,-256875.75,-7.111579179763794e-05,-2.028606832027436e-05,1.620958194178152,-7.345364722995101e-24,-7.345364920210326e-25,0
SITE_001_S0390,SITE_001,287.6784973144531,287.1945953369141,289.6455383300781,194814,-240888.5,-8.719414472579956e-05,-1.739314757287502e-05,1.912507074537805,-7.345364722995101e-24,-7.345364920210326e-25,0
SITE_001_S0391,SITE_001,283.5012817382812,282.8704986572266,284.7239379882812,164474,-146535.5,-2.197735011577607e-05,-1.184456050395966e-05,1.787954921651242,-7.345364722995101e-24,-7.345364920210326e-25,0
SITE_001_S0392,SITE_001,284.6245269775391,284.4500122070312,286.0664978027344,99603,-51770.5,-6.007403135299683e-05,-3.796815872192383e-05,2.645141685227406,-7.345364722995101e-24,-7.345364920210326e-25,0
SITE_001_S0393,SITE_001,290.2506561279297,289.5951995849609,290.7522125244141,97736,-100376,-9.076856076717375e-05,-3.097020089626312e-05,2.877347224029458,-7.345364722995101e-24,-7.345364920210326e-25,0
SITE_001_S0394,SITE_001,289.3339996337891,288.6272583007812,289.9201354980469,109916,-116438.5,-6.444193422794342e-05,-2.940814010798931e-05,2.023942399273098,-7.345364722995101e-24,-7.345364920210326e-25,0
SITE_001_S0395,SITE_001,286.7871246337891,286.0937347412109,288.2632293701172,217578,-228957,-3.034062683582306e-05,-1.281569711863995e-05,1.774708404072385,-7.345364722995101e-24,-7.345364920210326e-25,0
SITE_001_S0396,SITE_001,286.4507446289062,284.9799041748047,287.3824768066406,244164,-202173,-8.236616849899292e-06,-7.750000804662704e-06,1.526477895127767,-7.345364722995101e-24,-7.345364920210326e-25,0
SITE_001_S0397,SITE_001,292.1243743896484,291.1754150390625,292.7103881835937,233006,-234025,-0.0001469496637582779,-3.404985181987286e-05,2.662263064354334,-7.345364722995101e-24,-7.345364920210326e-25,0
SITE_001_S0398,SITE_001,293.189208984375,291.9695892333984,293.4758605957031,196990,-172555,-4.353746771812439e-05,-4.106666892766953e-05,2.195886657444552,-7.345364722995101e-24,-7.345364920210326e-25,0
SITE_001_S0399,SITE_001,288.6473236083984,287.8484497070312,289.2545318603516,128284,-131054,-0.0001189745962619782,-2.959044650197029e-05,3.087863026870523,-7.345364722995101e-24,-7.345364920210326e-25,0
SITE_001_S0400,SITE_001,286.9755249023437,286.7070922851562,288.4156951904297,140231,-110267,-0.0001247581094503403,-2.727098762989044e-05,3.055098588354286,-7.345364722995101e-24,-7.345364920210326e-25,0
SITE_001_S0401,SITE_001,286.4085540771484,285.6440887451172,287.9278106689453,20223,-48236.5,-9.31043177843094e-05,-7.160869427025318e-05,2.796127333107194,-7.345364722995101e-24,-7.345364920210326e-25,0
SITE_001_S0402,SITE_001,288.9477691650391,288.5650634765625,288.8282165527344,21572,-8880,-3.376416862010956e-05,-3.133108839392662e-05,4.061972276587466,-7.345364722995101e-24,-7.345364920210326e-25,0
SITE_001_S0403,SITE_001,286.3964538574219,284.9258270263672,287.6834716796875,166171,-188129,-9.92417335510254e-06,-8.26781615614891e-06,1.525129763610935,-7.345364722995101e-24,-7.345364920210326e-25,0
SITE_001_S0404,SITE_001,285.7707214355469,285.4751586914062,288.0422668457031,152225,-216988,-3.070197999477386e-05,-2.471799962222576e-05,1.946144805539595,-7.345364722995101e-24,-7.345364920210326e-25,0
SITE_001_S0405,SITE_001,288.3171691894531,288.5078277587891,290.5428161621094,45095,-41655,-7.870607078075409e-05,-2.934737130999565e-05,2.740450779492007,-7.345364722995101e-24,-7.345364920210326e-25,0
SITE_001_S0406,SITE_001,284.8170166015625,283.7947235107422,287.2722930908203,147194,-261010.5,-1.664459705352783e-05,-9.154202416539192e-06,1.794592558841025,-7.345364722995101e-24,-7.345364920210326e-25,0
SITE_001_S0407,SITE_001,290.04833984375,289.4847412109375,290.8212432861328,31072,-13503,-7.572025060653687e-05,-7.571978494524956e-05,4.532254043918633,-7.345364722995101e-24,-7.345364920210326e-25,0
SITE_001_S0408,SITE_001,288.5955505371094,287.4702911376953,289.4128570556641,76210,-132520,-5.874410271644592e-05,-1.566600985825062e-05,1.984250277467878,-7.345364722995101e-24,-7.345364920210326e-25,0
SITE_001_S0409,SITE_001,294.7619781494141,293.5522613525391,294.5508422851562,57386,-166818,-0.0001686587929725647,-2.338644117116928e-05,2.726863017316136,-7.345364722995101e-24,-7.345364920210326e-25,0
SITE_001_S0410,SITE_001,291.2132110595703,290.2679595947266,292.8103637695312,55787,-173928.5,-6.034225225448608e-05,-1.310673542320728e-05,1.725049528429917,-7.345364722995101e-24,-7.345364920210326e-25,0
SITE_001_S0411,SITE_001,275.91015625,275.0399627685547,277.9490203857422,0,-172622.25,-1.111440360546112e-05,-3.391411155462265e-06,1.560725508102377,-7.345364722995101e-24,-7.345364920210326e-25,0
SITE_001_S0412,SITE_001,277.8803558349609,277.5453186035156,278.7497253417969,0,-16644,-8.78460705280304e-05,-6.871065124869347e-06,5.416664672501687,-7.345364722995101e-24,-7.345364920210326e-25,0
SITE_001_S0413,SITE_001,277.7155151367188,276.8094940185547,278.6063232421875,221,-95191.25,1.067295670509338e-06,1.069856807589531e-06,1.310856732866629,0.0048828125,0.0009431838989257812,0
SITE_001_S0414,SITE_001,274.6082000732422,273.3941650390625,276.4875335693359,9598,-256100,-9.01147723197937e-06,-2.444954589009285e-06,2.004263100223811,-7.345364722995101e-24,4.76837158203125e-06,0
SITE_001_S0415,SITE_001,275.2552032470703,273.9576721191406,277.8986663818359,23301,-263350.25,-1.675635576248169e-05,-5.219597369432449e-06,1.911938341594314,-7.345364722995101e-24,-7.345364920210326e-25,0
SITE_001_S0416,SITE_001,273.7346496582031,271.7663421630859,276.2796173095703,29000,-252280.5,1.383945345878601e-06,1.376494765281677e-06,1.432073714257853,-7.345364722995101e-24,-7.345364920210326e-25,1
SITE_001_S0417,SITE_001,275.4156188964844,273.4506988525391,277.545166015625,52992,-226924.75,-1.017004251480102e-06,-9.692739695310593e-07,1.758046210236473,-7.345364722995101e-24,-7.345364920210326e-25,0
SITE_001_S0418,SITE_001,280.4861145019531,279.2687072753906,280.9644317626953,45068,-175290.5,-2.2057443857193e-05,-1.646555028855801e-05,4.19796071383977,-7.345364722995101e-24,-7.345364920210326e-25,0
SITE_001_S0419,SITE_001,290.8203887939453,289.6744537353516,288.4280853271484,67517,-130954.5,-0.0003649536520242691,-5.062692798674107e-05,5.888765823230052,-7.345364722995101e-24,-7.345364920210326e-25,0
SITE_001_S0420,SITE_001,284.4221954345703,283.6614074707031,285.1397094726562,72440,-127351,-8.614733815193176e-06,-4.11132350564003e-06,1.121072669695002,-7.345364722995101e-24,-7.345364920210326e-25,0
SITE_001_S0421,SITE_001,282.0726165771484,281.2811279296875,282.8294067382812,105263,-173762,-4.283338785171509e-05,-2.078129909932613e-05,3.567018787039635,-7.345364722995101e-24,-7.345364920210326e-25,0
SITE_001_S0422,SITE_001,282.4002990722656,281.4984130859375,283.1047515869141,110298,-150127,-5.523860454559326e-05,-5.298340693116188e-05,3.906918919539526,-7.345364722995101e-24,-7.345364920210326e-25,0
SITE_001_S0423,SITE_001,282.7805023193359,282.4340972900391,283.6553649902344,110230,-108186,-0.000286489725112915,-4.490930587053299e-05,7.398797350751083,-7.345364722995101e-24,-7.345364920210326e-25,0
SITE_001_S0424,SITE_001,281.2302703857422,280.4242401123047,282.0674133300781,161890,-208353.75,-6.638839840888977e-05,-4.804111085832119e-05,4.296754043269221,-7.345364722995101e-24,-7.345364920210326e-25,0
SITE_001_S0425,SITE_001,279.7704467773437,278.7886962890625,281.420654296875,212024,-258505,4.097819328308106e-07,4.088506102561952e-07,0.9024992425406368,-7.345364722995101e-24,-7.345364920210326e-25,0
SITE_001_S0426,SITE_001,280.2629699707031,279.1262359619141,281.8829956054688,227177,-216947,-3.501772880554199e-07,-3.490131348371506e-07,1.260591495920769,-7.345364722995101e-24,-7.345364920210326e-25,0
SITE_001_S0427,SITE_001,288.4626007080078,288.6411590576172,289.1546020507812,132911,-21780,-9.182840585708618e-07,-9.185168892145156e-07,0.3939866683994573,-7.345364722995101e-24,-7.345364920210326e-25,0
SITE_001_S0428,SITE_001,287.6709442138672,286.1465606689453,287.6445159912109,227848,-141122,-1.516193151473999e-06,-1.516891643404961e-06,0.5904144834646285,-7.345364722995101e-24,-7.345364920210326e-25,0
SITE_001_S0429,SITE_001,286.6890411376953,285.5619964599609,287.7839202880859,238727,-200201,-4.820525646209717e-06,-4.720874130725861e-06,1.281314627974639,-7.345364722995101e-24,-7.345364920210326e-25,0
SITE_001_S0430,SITE_001,288.3091278076172,287.1906127929688,289.0466461181641,181188,-141492,-7.295981049537659e-06,-7.119961082935333e-06,1.715785104591904,-7.345364722995101e-24,-7.345364920210326e-25,0
SITE_001_S0431,SITE_001,290.4766387939453,289.8612976074219,290.6174621582031,143949,-67010,-8.967146277427673e-05,-3.364146687090397e-05,1.668648709057498,-7.345364722995101e-24,-7.345364920210326e-25,0
SITE_001_S0432,SITE_001,290.1932678222656,289.9484405517578,291.7288360595703,29376,-19710,-4.359893500804901e-05,-4.35980036854744e-05,2.244218035054642,-7.345364722995101e-24,-7.345364920210326e-25,0
SITE_001_S0433,SITE_001,285.6786956787109,285.50341796875,288.0650939941406,109378,-108520.5,-0.0001068767160177231,-5.077780224382877e-05,4.248772847005702,-7.345364722995101e-24,-7.345364920210326e-25,0
SITE_001_S0434,SITE_001,289.4097290039062,288.3752746582031,289.8228149414062,154141,-159296.5,-4.347413778305054e-05,-1.971167512238026e-05,1.997420909414686,-7.345364722995101e-24,-7.345364920210326e-25,0
SITE_001_S0435,SITE_001,290.0901336669922,289.4812316894531,290.8146820068359,188050,-173994.5,-1.48378312587738e-05,-1.40918418765068e-05,1.063803359093265,-7.345364722995101e-24,-7.345364920210326e-25,0
SITE_001_S0436,SITE_001,286.2557373046875,285.0727691650391,286.9602661132812,211959,-175384.5,-4.250556230545044e-06,-4.251021891832352e-06,1.574332245383183,-7.345364722995101e-24,-7.345364920210326e-25,0
SITE_001_S0437,SITE_001,287.7821197509766,287.4536743164062,288.9524383544922,120080,-151333,-7.163733243942261e-06,-7.163733243942261e-06,1.710744365149286,-7.345364722995101e-24,-7.345364920210326e-25,0
SITE_001_S0438,SITE_001,287.0746612548828,286.2551116943359,288.2042999267578,152598,-119398,-3.032386302947998e-06,-3.029126673936844e-06,1.01152903172981,-7.345364722995101e-24,-7.345364920210326e-25,0
SITE_001_S0439,SITE_001,290.3823394775391,290.3155822753906,290.3964233398437,41488,-19646,-9.11019742488861e-06,-9.112991392612456e-06,2.166893583153431,-7.345364722995101e-24,-7.345364920210326e-25,0
SITE_001_S0440,SITE_001,288.1564788818359,287.8444519042969,289.2385406494141,51225,-37701.5,-4.880502820014954e-05,-4.646857269108296e-05,2.966170894307365,-7.345364722995101e-24,-7.345364920210326e-25,0
SITE_001_S0441,SITE_001,285.8580017089844,284.6472473144531,287.5241394042969,112250,-151779.5,-3.270804882049561e-06,-3.241235390305519e-06,1.016180723171142,-7.345364722995101e-24,-7.345364920210326e-25,0
SITE_001_S0442,SITE_001,286.9879302978516,285.7019653320312,288.2826538085937,131198,-163106.75,-1.67451798915863e-06,-1.673121005296707e-06,1.107524920224163,-7.345364722995101e-24,-7.345364920210326e-25,0
SITE_001_S0443,SITE_001,288.4522094726562,287.7335815429688,289.692138671875,94097,-202425.5,-3.803521394729614e-06,-3.768829628825188e-06,1.917819082420802,-7.345364722995101e-24,-7.345364920210326e-25,0
SITE_001_S0444,SITE_001,289.650146484375,288.9808044433594,290.0549774169922,70419,-123160.25,-4.59626317024231e-05,-1.606391742825508e-05,2.891218762574652,-7.345364722995101e-24,-7.345364920210326e-25,0
SITE_001_S0445,SITE_001,286.5338287353516,286.3378753662109,288.181884765625,26005,-80435.25,-1.291558146476746e-05,-1.291744410991669e-05,1.399045955284765,-7.345364722995101e-24,-7.345364920210326e-25,0
SITE_001_S0446,SITE_001,284.9444885253906,283.9269714355469,286.4048614501953,41054,-129273.5,-1.411885023117065e-06,-1.411186531186104e-06,1.713236684416793,-7.345364722995101e-24,-7.345364920210326e-25,0
SITE_001_S0447,SITE_001,287.3341217041016,286.5590667724609,288.3994293212891,46265,-189428.5,-0.0001159124076366425,-5.116825923323631e-05,5.470772859585322,-7.345364722995101e-24,-7.345364920210326e-25,0
SITE_001_S0448,SITE_001,287.4221801757812,286.3818511962891,288.0841217041016,34217,-157331,-9.133294224739076e-05,-1.887744292616844e-05,2.975530568671253,-7.345364722995101e-24,-7.345364920210326e-25,0
SITE_001_S0449,SITE_001,285.9054260253906,284.2269897460937,287.7574920654297,31866,-201255,7.431954145431519e-06,7.431022822856903e-06,1.894525870602362,-7.345364722995101e-24,-7.345364920210326e-25,0
SITE_001_S0450,SITE_001,287.0984497070312,285.266845703125,287.9891204833984,26469,-171175,3.769993782043457e-06,3.767665475606918e-06,2.015336107987259,-7.345364722995101e-24,-7.345364920210326e-25,0
SITE_001_S0451,SITE_001,288.4777984619141,287.863525390625,289.0108184814453,9389,-114451.5,-4.229322075843811e-05,-1.042569056153297e-05,2.071416452008481,-7.345364722995101e-24,-7.345364920210326e-25,0
SITE_001_S0452,SITE_001,287.9356384277344,286.6395874023437,288.3259124755859,8737,-82904,6.444752216339111e-07,6.507616490125656e-07,1.711333991104665,-7.345364722995101e-24,-7.345364920210326e-25,0
SITE_001_S0453,SITE_001,288.3437805175781,287.9506378173828,289.2733764648437,1831,-63573,-8.505210280418396e-05,-3.419001586735249e-05,3.596858850812826,-7.345364722995101e-24,-7.345364920210326e-25,0
SITE_001_S0454,SITE_001,284.8900451660156,283.9040222167969,286.5334777832031,3709,-180496.5,-2.359412610530853e-05,-9.325332939624786e-06,2.581841854164358,-7.345364722995101e-24,-7.345364920210326e-25,0
SITE_001_S0455,SITE_001,286.7423095703125,286.5936431884766,288.0347290039062,346,-44549.75,-5.033984780311584e-05,-1.300685107707977e-05,1.552436960885257,-7.345364722995101e-24,-7.345364920210326e-25,0
SITE_001_S0456,SITE_001,284.4682769775391,283.1831665039062,286.2351989746094,412,-194387,5.519017577171326e-06,5.471287295222282e-06,1.462854844989385,-7.345364722995101e-24,-7.345364920210326e-25,0
SITE_001_S0457,SITE_001,285.9028167724609,284.0035400390625,287.2086486816406,0,-158746.25,1.542270183563232e-06,1.542037352919579e-06,1.250820262057737,-7.345364722995101e-24,-7.345364920210326e-25,0
SITE_001_S0458,SITE_001,288.2856750488281,286.8863372802734,289.0801849365234,0,-200025.5,-1.962855458259583e-05,-4.960922524333e-06,2.185774210206227,-7.345364722995101e-24,-7.345364920210326e-25,0
SITE_001_S0459,SITE_001,285.751953125,282.7685241699219,286.4198913574219,0,-177080.5,2.115964889526367e-06,2.11736187338829e-06,0.6232812062995883,-7.345364722995101e-24,-7.345364920210326e-25,0
SITE_001_S0460,SITE_001,286.3136749267578,284.9719543457031,287.3717651367188,0,-187438,-8.959323167800903e-06,-3.283144906163216e-06,2.334011880012274,-7.345364722995101e-24,-7.345364920210326e-25,0
SITE_001_S0461,SITE_001,285.7548370361328,284.5797271728516,287.0549163818359,0,-211050,-8.534640073776245e-06,-3.036810085177422e-06,2.272019190590081,-7.345364722995101e-24,-7.345364920210326e-25,0
SITE_001_S0462,SITE_001,285.4900817871094,284.7829284667969,287.033935546875,0,-170109,-4.31351363658905e-05,-8.882489055395126e-06,1.942385075737089,-7.345364722995101e-24,-7.345364920210326e-25,0
SITE_001_S0463,SITE_001,286.5876770019531,285.5678405761719,287.3809051513672,0,-191574.25,-1.665204763412476e-06,-8.102506399154663e-07,2.435445825536637,-7.345364722995101e-24,-7.345364920210326e-25,0
SITE_001_S0464,SITE_001,289.1297760009766,287.7301788330078,288.6738891601562,0,-155430.5,9.756535291671751e-06,2.424465492367744e-06,2.483425296290561,-7.345364722995101e-24,-7.345364920210326e-25,0
SITE_001_S0465,SITE_001,284.5273590087891,283.3256225585937,284.8509063720703,0,-208845.25,-0.0001323521137237549,-1.47954560816288e-05,3.835494229151553,-7.345364722995101e-24,-7.345364920210326e-25,0
SITE_001_S0466,SITE_001,285.3534088134766,284.5267639160156,285.9080810546875,0,-124604,-2.640113234519958e-05,-1.49973202496767e-05,2.688921037107229,-7.345364722995101e-24,-7.345364920210326e-25,0
SITE_001_S0467,SITE_001,282.7936706542969,282.0846252441406,283.9269866943359,0,-152939.5,1.025572419166565e-05,1.025665551424026e-05,1.628347986416903,-7.345364722995101e-24,-7.345364920210326e-25,0
SITE_001_S0468,SITE_001,279.6930389404297,277.6772918701172,281.6251678466797,0,-194779.5,2.749264240264893e-06,2.748798578977585e-06,1.347779597376904,-7.345364722995101e-24,-7.345364920210326e-25,0
SITE_001_S0469,SITE_001,279.3836059570312,278.3990325927734,281.3327484130859,0,-238422,4.470348358154297e-06,4.103872925043106e-06,2.26107076235565,-7.345364722995101e-24,-7.345364920210326e-25,0
SITE_001_S0470,SITE_001,283.5124664306641,283.2716979980469,283.7731323242188,0,-3759.5,-0.0001052431762218475,-1.361384056508541e-05,3.435178161095549,-7.345364722995101e-24,-7.345364920210326e-25,0
SITE_001_S0471,SITE_001,288.0333404541016,286.685791015625,285.9059295654297,0,-2695.5,-5.524232983589173e-05,-5.524116568267345e-05,3.835364094936291,-7.345364722995101e-24,-7.345364920210326e-25,0
SITE_001_S0472,SITE_001,288.9273834228516,287.7031097412109,287.2994537353516,0,-210037,-0.0001995321363210678,-1.737847924232483e-05,4.925907659217951,-7.345364722995101e-24,-7.345364920210326e-25,0
SITE_001_S0473,SITE_001,279.5537414550781,277.7122192382812,280.2477416992188,0,-268825.75,-2.574175596237182e-06,-8.826609700918198e-07,2.698553517108349,-7.345364722995101e-24,-7.345364920210326e-25,0
SITE_001_S0474,SITE_001,283.1659240722656,282.4800109863281,283.0540008544922,0,-33604.5,-2.451986074447632e-05,-1.617916859686375e-05,3.299702483760865,-7.345364722995101e-24,-7.345364920210326e-25,0
SITE_001_S0475,SITE_001,283.5863494873047,282.5095977783203,283.9034118652344,0,-185227.5,7.074326276779175e-06,7.075956091284752e-06,2.606881562607032,-7.345364722995101e-24,-7.345364920210326e-25,0
SITE_001_S0476,SITE_001,282.6502075195312,281.4562683105469,283.5557708740234,0,-274804.5,-4.047900438308716e-05,-2.142181620001793e-05,4.545276578056487,-7.345364722995101e-24,-7.345364920210326e-25,0
SITE_001_S0477,SITE_001,278.2702484130859,277.2558288574219,279.6132659912109,0,-256810,-1.305714249610901e-05,-6.583752110600472e-06,3.563575273873092,-7.345364722995101e-24,-7.345364920210326e-25,0
SITE_001_S0478,SITE_001,282.8145141601562,282.4605712890625,282.4889221191406,0,-24641.5,-8.882209658622742e-05,-1.649581827223301e-05,5.512893930815443,-7.345364722995101e-24,-7.345364920210326e-25,0
SITE_001_S0479,SITE_001,274.182373046875,272.8831329345703,276.0631103515625,0,-209822,8.370727300643921e-06,8.368166163563728e-06,1.907887699919042,-7.345364722995101e-24,-7.345364920210326e-25,1
SITE_001_S0480,SITE_001,283.2039947509766,282.5089569091797,281.6556396484375,0,-9241,-3.442913293838501e-05,-3.443239256739616e-05,4.587967136182201,-7.345364722995101e-24,-7.345364920210326e-25,0
SITE_001_S0481,SITE_001,278.6468811035156,277.7928161621094,279.2520141601562,0,-214662.5,7.301568984985351e-06,4.271510988473892e-06,3.073270187653422,-7.345364722995101e-24,-7.345364920210326e-25,0
SITE_001_S0482,SITE_001,283.2180328369141,282.8511962890625,282.245361328125,0,-8044.75,-3.224238753318787e-05,-3.196299076080322e-06,3.463279414257129,-7.345364722995101e-24,-7.345364920210326e-25,0
SITE_001_S0483,SITE_001,277.6267700195312,277.3489074707031,278.3878173828125,0,-73606,-6.705522537231445e-08,-2.386514097452164e-07,0.8715356660846884,-7.345364722995101e-24,-7.345364920210326e-25,0
SITE_001_S0484,SITE_001,271.4366760253906,269.916259765625,274.203125,0,-186790,1.080334186553955e-06,1.081964001059532e-06,1.204983658078783,-7.345364722995101e-24,-7.345364920210326e-25,1
SITE_001_S0485,SITE_001,276.5903472900391,275.8087921142578,276.3428192138672,0,-15023.5,-6.013549864292145e-05,-5.892664194107056e-05,6.778041490862464,0.0029296875,0.0007305145263671875,0
SITE_001_S0486,SITE_001,281.0004577636719,280.5182037353516,280.0447082519531,0,-25990.5,-0.0001167729496955872,-5.693268030881882e-05,7.961606442519892,-7.345364722995101e-24,7.2479248046875e-05,0
SITE_001_S0487,SITE_001,276.5133056640625,275.8417510986328,276.4531555175781,0,-163971,-1.775100827217102e-05,-1.539429649710655e-05,4.279311575749415,0.005859375,0.0009412765502929688,0
SITE_001_S0488,SITE_001,278.7203063964844,277.7339324951172,277.4138946533203,0,1900.5,-4.739128053188324e-05,-4.723924212157726e-05,4.515884746365353,-7.345364722995101e-24,5.14984130859375e-05,0
SITE_001_S0489,SITE_001,281.5670928955078,281.0820007324219,280.3796997070312,0,-53791,-5.828216671943665e-06,-5.815643817186356e-06,3.092211319321813,-7.345364722995101e-24,7.62939453125e-06,0
SITE_001_S0490,SITE_001,278.5875396728516,278.1308746337891,279.3842163085937,0,-97029.5,4.51505184173584e-06,3.986991941928864e-06,1.105948924462288,-7.345364722995101e-24,-7.345364920210326e-25,0
SITE_001_S0491,SITE_001,278.2661285400391,278.3396759033203,279.1912231445312,0,-12893.5,-8.683651685714722e-06,-4.130415618419647e-06,2.420539790151353,-7.345364722995101e-24,-7.345364920210326e-25,0
SITE_001_S0492,SITE_001,285.8929901123047,285.2253570556641,283.3452301025391,0,-7602,-1.046806573867798e-05,-8.359784260392189e-06,5.215828683113345,-7.345364722995101e-24,-7.345364920210326e-25,0
SITE_001_S0493,SITE_001,273.9920043945312,273.100341796875,275.9266662597656,0,-270145.5,1.32247805595398e-06,1.306645572185516e-06,2.745018305069649,0.001953125,0.0003480911254882812,1
SITE_001_S0494,SITE_001,270.1143188476562,268.6716918945312,273.2907257080078,0,-193401,6.780028343200684e-07,6.773043423891068e-07,1.657673685661252,-7.345364722995101e-24,4.1961669921875e-05,1
SITE_001_S0495,SITE_001,278.2570648193359,278.0154113769531,278.2106018066406,0,-54661,-2.048909664154053e-08,3.632158041000366e-08,1.474728499899734,-7.345364722995101e-24,2.86102294921875e-06,0
SITE_001_S0496,SITE_001,276.2635803222656,276.0871734619141,276.8399810791016,0,-44154.25,-3.842636942863464e-06,-3.239372745156288e-06,1.470968387974449,-7.345364722995101e-24,1.9073486328125e-05,0
SITE_001_S0497,SITE_001,278.0829162597656,277.3933410644531,278.2476654052734,0,-130855.5,-0.0001083537936210632,-1.048063859343529e-05,4.387794045654077,-7.345364722995101e-24,9.5367431640625e-07,0
SITE_001_S0498,SITE_001,280.1710662841797,279.6379547119141,279.4843139648437,0,-22438.5,-5.086138844490051e-05,-1.651421189308167e-05,4.189494214191267,-7.345364722995101e-24,9.5367431640625e-07,0
SITE_001_S0499,SITE_001,275.7540740966797,274.7562103271484,276.8088073730469,0,-170430.75,-3.681331872940064e-05,-3.56258824467659e-05,5.258404308135586,-7.345364722995101e-24,4.76837158203125e-06,0
SITE_001_S0500,SITE_001,281.6875305175781,280.9241790771484,280.2949523925781,0,-10229.25,-5.86044043302536e-05,-5.860533565282822e-05,6.156694624552639,-7.345364722995101e-24,-7.345364920210326e-25,0
SITE_001_S0501,SITE_001,275.9519958496094,274.7134857177734,277.1414794921875,0,-299568,2.002343535423279e-06,8.260831236839294e-07,2.852134706987837,-7.345364722995101e-24,-7.345364920210326e-25,0
SITE_001_S0502,SITE_001,272.5588684082031,270.3807220458984,274.1417999267578,0,-305966,-9.816139936447144e-06,-3.40677797794342e-06,2.30877942635528,-7.345364722995101e-24,-7.345364920210326e-25,1
SITE_001_S0503,SITE_001,271.8066711425781,270.5900421142578,273.8130798339844,0,-237258.5,-2.580508589744568e-05,-4.459172487258911e-06,2.285026672190905,-7.345364722995101e-24,-7.345364920210326e-25,1
SITE_001_S0504,SITE_001,280.3864898681641,279.1103057861328,279.8358917236328,0,-222312,-2.888403832912445e-05,-1.131370663642883e-05,3.16512276478015,-7.345364722995101e-24,-7.345364920210326e-25,0
SITE_001_S0505,SITE_001,277.0043487548828,275.7439727783203,278.0042877197266,0,-300661.5,-2.327188849449158e-05,-2.668239176273346e-06,3.037642176540546,-7.345364722995101e-24,-7.345364920210326e-25,0
SITE_001_S0506,SITE_001,275.5572967529297,272.8463439941406,277.0508270263672,0,-215710.75,2.270564436912537e-06,2.271030098199844e-06,1.956485030393339,-7.345364722995101e-24,-7.345364920210326e-25,1
SITE_001_S0507,SITE_001,277.3722686767578,277.2228088378906,279.6744079589844,0,-70904.5,-2.067722380161285e-05,-2.067652530968189e-05,1.873395285089324,-7.345364722995101e-24,-7.345364920210326e-25,0
SITE_001_S0508,SITE_001,282.0516357421875,281.5639801025391,279.9497833251953,0,972,-3.810971975326538e-06,-3.813300281763077e-06,5.062408324305824,0.00390625,0.0006856918334960938,0
SITE_001_S0509,SITE_001,280.9411773681641,279.4213256835937,280.5163879394531,1366,-248135.25,-8.326210081577301e-05,-9.570736438035963e-06,2.898010649869565,-7.345364722995101e-24,-7.345364920210326e-25,0
SITE_001_S0510,SITE_001,277.2761993408203,275.8417053222656,279.4141845703125,9599,-318354,-6.510131061077118e-05,-1.018098555505276e-05,2.554129503586196,-7.345364722995101e-24,-7.345364920210326e-25,0
SITE_001_S0511,SITE_001,281.7303924560547,280.6866302490234,282.7023162841797,30164,-260579.75,-0.0001280307769775391,-1.539802178740501e-05,3.595660010769092,-7.345364722995101e-24,-7.345364920210326e-25,0
SITE_001_S0512,SITE_001,279.1485290527344,278.0310211181641,280.9787139892578,42766,-179791.5,-1.036003232002258e-05,-4.887115210294724e-06,1.77523570708071,-7.345364722995101e-24,-7.345364920210326e-25,0
SITE_001_S0513,SITE_001,280.4772033691406,279.3199005126953,282.2326507568359,90252,-198079.5,4.207715392112732e-06,4.209112375974655e-06,1.293520799993363,-7.345364722995101e-24,-7.345364920210326e-25,0
SITE_001_S0514,SITE_001,287.456298828125,286.3500518798828,287.5793762207031,101099,-142526.5,-2.991780638694763e-05,-1.242524012923241e-05,1.859747195883655,-7.345364722995101e-24,-7.345364920210326e-25,0
SITE_001_S0515,SITE_001,289.6905517578125,288.0826568603516,289.1503143310547,150283,-206210,-9.761005640029909e-05,-2.581602893769741e-05,2.415136273284833,-7.345364722995101e-24,-7.345364920210326e-25,0
SITE_001_S0516,SITE_001,287.6872711181641,286.9833831787109,288.4241943359375,60690,-63426.5,-2.516433596611023e-05,-2.51629389822483e-05,1.624837657432041,-7.345364722995101e-24,-7.345364920210326e-25,0
SITE_001_S0517,SITE_001,281.5765228271484,281.2706604003906,283.5108947753906,136151,-165102.5,-1.49160623550415e-05,-1.175212673842907e-05,1.093179755271185,-7.345364722995101e-24,-7.345364920210326e-25,0
SITE_001_S0518,SITE_001,287.0330047607422,286.5725708007812,287.9948272705078,162951,-176629.5,-0.0001509096473455429,-3.599002957344055e-05,2.283824983068575,-7.345364722995101e-24,-7.345364920210326e-25,0
SITE_001_S0519,SITE_001,289.1357269287109,288.1257171630859,288.8050537109375,177142,-143848,-3.769621253013611e-05,-1.593213528394699e-05,1.889732581798452,-7.345364722995101e-24,-7.345364920210326e-25,0
SITE_001_S0520,SITE_001,286.8004455566406,286.1040649414062,288.4566040039062,246050,-259394.5,-8.312612771987915e-05,-3.274483606219292e-05,1.95984761240008,-7.345364722995101e-24,-7.345364920210326e-25,0
SITE_001_S0521,SITE_001,290.5042572021484,289.1632690429688,290.4920654296875,231074,-183262.5,-7.140636444091797e-05,-2.647936344146729e-05,1.844785247245913,-7.345364722995101e-24,-7.345364920210326e-25,0
SITE_001_S0522,SITE_001,285.9569854736328,285.2904357910156,287.7013092041016,236156,-243471,-1.589581370353699e-05,-1.197634264826775e-05,1.121993549842942,-7.345364722995101e-24,-7.345364920210326e-25,0
SITE_001_S0523,SITE_001,287.5919494628906,286.67529296875,288.9565582275391,183059,-187417,-4.053115844726562e-06,-3.693858161568642e-06,0.6810710415806108,-7.345364722995101e-24,-7.345364920210326e-25,0
SITE_001_S0524,SITE_001,284.7916412353516,283.2671203613281,286.9027099609375,168776,-223775,-5.379319190979004e-06,-4.59328293800354e-06,1.062190942330301,-7.345364722995101e-24,-7.345364920210326e-25,0
SITE_001_S0525,SITE_001,289.7446441650391,289.8037109375,291.4104766845703,62251,-49052,-7.252022624015808e-05,-1.867651008069515e-05,1.274073452576719,-7.345364722995101e-24,-7.345364920210326e-25,0
SITE_001_S0526,SITE_001,288.00732421875,287.2761840820312,289.9953918457031,76363,-133657,-3.405660390853882e-05,-3.317417576909065e-05,2.023309015750069,-7.345364722995101e-24,-7.345364920210326e-25,0
SITE_001_S0527,SITE_001,292.7022857666016,291.4764404296875,292.7873687744141,60206,-147033,-6.67329877614975e-05,-1.276982948184013e-05,1.901569458618946,-7.345364722995101e-24,-7.345364920210326e-25,0
SITE_001_S0528,SITE_001,289.6533355712891,288.2534790039062,290.9493865966797,47195,-253764.25,-7.56625086069107e-05,-1.12457200884819e-05,2.059628273569793,-7.345364722995101e-24,-7.345364920210326e-25,0
SITE_001_S0529,SITE_001,293.9092254638672,293.2650909423828,295.1092834472656,23677,-227486,-0.0001912526786327362,-1.106993295252323e-05,3.016441048150264,-7.345364722995101e-24,-7.345364920210326e-25,0
SITE_001_S0530,SITE_001,286.8737335205078,284.5705261230469,288.3873138427734,12425,-196320,1.251697540283203e-06,1.244712620973587e-06,1.340070190763131,-7.345364722995101e-24,-7.345364920210326e-25,0
SITE_001_S0531,SITE_001,289.3458862304688,289.3788146972656,291.7298889160156,2420,-100831.5,-9.901076555252077e-05,-1.246738247573376e-05,2.421267374978094,-7.345364722995101e-24,-7.345364920210326e-25,0
SITE_001_S0532,SITE_001,289.2322235107422,288.0247802734375,290.4900054931641,225,-258659.5,-0.0002153515815734864,-1.604249700903893e-05,3.049385809862556,-7.345364722995101e-24,-7.345364920210326e-25,0
SITE_001_S0533,SITE_001,289.2338104248047,288.4799652099609,291.1062316894531,0,-86165.5,-4.566460847854614e-05,-4.566553980112076e-05,2.583441105576248,-7.345364722995101e-24,-7.345364920210326e-25,0
SITE_001_S0534,SITE_001,286.9595794677734,286.3179779052734,287.9269714355469,0,-17472.25,-3.319047391414642e-05,-2.358946949243545e-05,2.405121142641767,-7.345364722995101e-24,-7.345364920210326e-25,0
SITE_001_S0535,SITE_001,283.1334686279297,282.1995544433594,284.3230590820312,0,-128241.75,-2.279505133628845e-05,-6.19376078248024e-06,2.236593588514906,-7.345364722995101e-24,-7.345364920210326e-25,0
SITE_001_S0536,SITE_001,281.5391540527344,280.9932250976562,283.3204650878906,0,-150882,-3.952533006668091e-05,-3.108172677457333e-05,4.466351296838114,-7.345364722995101e-24,-7.345364920210326e-25,0
SITE_001_S0537,SITE_001,286.0094909667969,285.3451995849609,285.9217071533203,0,-134034.75,-4.307925701141357e-05,-7.921364158391953e-06,4.12104912717995,-7.345364722995101e-24,-7.345364920210326e-25,0
SITE_001_S0538,SITE_001,278.0123748779297,275.7675323486328,280.4494781494141,0,-231407,3.63960862159729e-06,3.637745976448059e-06,2.012530744259746,-7.345364722995101e-24,-7.345364920210326e-25,0
SITE_001_S0539,SITE_001,285.7266998291016,284.9200897216797,285.4530639648437,0,-46749.75,-1.171603798866272e-06,-1.173233613371849e-06,1.912716433586584,-7.345364722995101e-24,-7.345364920210326e-25,0
SITE_001_S0540,SITE_001,287.5845336914062,286.2354278564453,286.6981506347656,0,-164842.5,1.080334186553955e-07,3.101304173469544e-07,2.744820764799002,-7.345364722995101e-24,-7.345364920210326e-25,0
SITE_001_S0541,SITE_001,287.2098693847656,286.1159362792969,286.5558624267578,0,-94441.5,-0.0001079849898815155,-1.343688927590847e-05,3.341485790814246,-7.345364722995101e-24,-7.345364920210326e-25,0
SITE_001_S0542,SITE_001,284.8561096191406,284.1672973632812,285.8971862792969,0,-297563.75,-0.0001646839082241058,-1.76052562892437e-05,5.951713816408646,-7.345364722995101e-24,-7.345364920210326e-25,0
SITE_001_S0543,SITE_001,284.4007568359375,283.3879241943359,283.8798065185547,0,-153703.25,-8.127465844154358e-05,-1.326226629316807e-05,5.258892149184155,-7.345364722995101e-24,-7.345364920210326e-25,0
SITE_001_S0544,SITE_001,278.195556640625,276.6058502197266,279.7628784179688,0,-257315,-1.948326826095581e-06,-6.330665200948715e-07,2.378086377068575,-7.345364722995101e-24,-7.345364920210326e-25,0
SITE_001_S0545,SITE_001,278.8450469970703,279.2086791992188,281.1273345947266,0,-18115.25,-2.814829349517822e-05,-2.814852632582188e-05,2.356553624173982,-7.345364722995101e-24,-7.345364920210326e-25,0
SITE_001_S0546,SITE_001,277.2989654541016,276.2152557373047,279.0302581787109,0,-285911,1.415982842445374e-05,1.415773294866085e-05,2.636363995405252,-7.345364722995101e-24,-7.345364920210326e-25,0
SITE_001_S0547,SITE_001,278.6004791259766,278.7186889648437,279.9114837646484,0,-16655,-2.842210233211517e-05,-1.032487489283085e-05,2.802148558912835,-7.345364722995101e-24,-7.345364920210326e-25,0
SITE_001_S0548,SITE_001,275.4621124267578,275.1481323242188,276.5397644042969,0,-65590.5,-1.036375761032104e-05,-1.019076444208622e-05,3.43485851556279,0.005859375,0.0009145736694335938,0
SITE_001_S0549,SITE_001,269.6122436523437,267.4011077880859,272.7509765625,0,-286284.5,9.126961231231688e-07,1.07521191239357e-06,2.523007130547284,0.0048828125,0.0007276535034179688,1
SITE_001_S0550,SITE_001,283.4151763916016,281.9069366455078,278.6344146728516,0,-34842,-0.000113295391201973,-5.05086500197649e-05,4.889102945137742,-7.345364722995101e-24,4.482269287109375e-05,0
SITE_001_S0551,SITE_001,281.0576477050781,280.0194549560547,280.4255523681641,0,-147511.75,-2.454966306686401e-06,-6.859190762042999e-07,2.60340222230131,-7.345364722995101e-24,-7.345364920210326e-25,0
SITE_001_S0552,SITE_001,287.8058471679688,286.8586120605469,285.5803375244141,0,-220355.5,-0.0004901774227619171,-3.26025765389204e-05,7.221815186455164,-7.345364722995101e-24,-7.345364920210326e-25,0
SITE_001_S0553,SITE_001,282.6791839599609,282.0008087158203,282.278564453125,0,-79345,-5.80325722694397e-05,-2.631032839417458e-05,4.894162000929872,-7.345364722995101e-24,-7.345364920210326e-25,0
SITE_001_S0554,SITE_001,280.9744720458984,279.8887481689453,280.8870697021484,0,-238147.75,-8.991919457912445e-05,-4.162639379501343e-05,6.200135457605144,-7.345364722995101e-24,-7.345364920210326e-25,0
SITE_001_S0555,SITE_001,270.3062744140625,268.7244262695312,273.3528442382812,0,-211947,2.039596438407898e-06,2.039363607764244e-06,1.848938552348381,-7.345364722995101e-24,5.14984130859375e-05,1
SITE_001_S0556,SITE_001,271.5700988769531,264.9237823486328,273.0102081298828,0,-104987,4.358589649200441e-07,4.344619810581208e-07,0.1908507100582858,0.044921875,0.0070343017578125,1
SITE_001_S0557,SITE_001,278.2658233642578,277.7655029296875,276.5137481689453,0,-5885,-3.114156424999237e-05,2.350891008973122e-06,6.312295012941875,0.013671875,0.0020771026611328,0
SITE_001_S0558,SITE_001,273.5592651367188,272.4945068359375,275.4925231933594,0,-213442.75,8.806586265563965e-06,8.807051926851273e-06,1.667268014819407,-7.345364722995101e-24,-7.345364920210326e-25,1
SITE_001_S0559,SITE_001,277.5706176757812,277.0480804443359,277.0082244873047,0,-22731.25,-3.796257078647614e-05,-3.20817343890667e-06,3.562191766472505,-7.345364722995101e-24,-7.345364920210326e-25,0
SITE_001_S0560,SITE_001,282.9394226074219,282.6545104980469,282.0367584228516,0,-13006.25,-4.022568464279175e-05,-9.038951247930528e-06,6.001408811300968,-7.345364722995101e-24,-7.345364920210326e-25,0
SITE_001_S0561,SITE_001,280.2967071533203,280.2417602539062,280.4472808837891,0,-18424.5,-6.444752216339111e-07,-6.44708052277565e-07,0.8910382681968145,-7.345364722995101e-24,-7.345364920210326e-25,0
SITE_001_S0562,SITE_001,271.3528594970703,269.8784332275391,273.4246368408203,0,-258598.75,-2.24132090806961e-05,-3.919005393981934e-06,2.669819649167547,-7.345364722995101e-24,3.4332275390625e-05,1
SITE_001_S0563,SITE_001,276.4853973388672,276.1071319580078,276.6000671386719,0,-17774.75,-4.350766539573669e-05,-4.336703568696976e-05,5.093871147399576,-7.345364722995101e-24,6.389617919921875e-05,0
SITE_001_S0564,SITE_001,282.1996765136719,281.5445404052734,281.6108093261719,0,-96955.5,-0.0001171603798866272,-2.331915311515332e-05,4.752427691907544,-7.345364722995101e-24,6.67572021484375e-06,0
SITE_001_S0565,SITE_001,281.4656372070312,280.3147277832031,281.5120239257812,0,-174498,1.989305019378662e-06,1.84657983481884e-06,2.461746232844616,-7.345364722995101e-24,-7.345364920210326e-25,0
SITE_001_S0566,SITE_001,279.51953125,278.7771911621094,280.6273651123047,0,-103249,-2.305768430233002e-05,-1.99158675968647e-05,1.822218972684248,-7.345364722995101e-24,-7.345364920210326e-25,0
SITE_001_S0567,SITE_001,282.7487487792969,281.3914337158203,282.4143218994141,0,-82984.25,-8.408725261688232e-05,-8.408562280237675e-05,4.36042278048482,-7.345364722995101e-24,-7.345364920210326e-25,0
SITE_001_S0568,SITE_001,279.8180389404297,279.7242431640625,279.8292999267578,0,-6085.25,-3.712251782417298e-06,-3.712950274348259e-06,2.529397042569773,-7.345364722995101e-24,-7.345364920210326e-25,0
SITE_001_S0569,SITE_001,281.5453186035156,280.4140625,281.5242156982422,225,-28826,-8.598342537879944e-05,-8.598226122558117e-05,4.676266157614686,-7.345364722995101e-24,-7.345364920210326e-25,0
SITE_001_S0570,SITE_001,281.4670867919922,281.0599517822266,281.737548828125,7116,-103064.75,-7.999874651432037e-05,-9.29785892367363e-06,3.433028678653943,-7.345364722995101e-24,-7.345364920210326e-25,0
SITE_001_S0571,SITE_001,280.7986907958984,280.6520385742188,282.4750671386719,15274,-79398,-0.0001246519386768341,-2.676947042346001e-05,5.869717963858897,-7.345364722995101e-24,-7.345364920210326e-25,0
SITE_001_S0572,SITE_001,282.4874572753906,281.3950347900391,282.7210540771484,41235,-119236.25,-5.180761218070984e-05,-1.293816603720188e-05,1.973272424676047,-7.345364722995101e-24,-7.345364920210326e-25,0
SITE_001_S0573,SITE_001,282.4883422851562,281.6387786865234,283.8507690429688,91544,-200061.25,3.965571522712708e-06,3.966037184000015e-06,1.464322491487866,-7.345364722995101e-24,-7.345364920210326e-25,0
SITE_001_S0574,SITE_001,282.490966796875,281.2515716552734,283.8963012695312,137193,-227150.5,-9.20519232749939e-06,-6.985384970903397e-06,1.552800552533133,-7.345364722995101e-24,-7.345364920210326e-25,0
SITE_001_S0575,SITE_001,278.7315979003906,277.7570495605469,281.0834350585937,162159,-261318.5,-3.585591912269592e-05,-1.476192846894264e-05,1.998722919297704,-7.345364722995101e-24,-7.345364920210326e-25,0
SITE_001_S0576,SITE_001,281.2176208496094,280.3170471191406,282.7856292724609,203869,-257630.25,-1.12578272819519e-05,-1.098588109016418e-05,1.657880284434677,-7.345364722995101e-24,-7.345364920210326e-25,0
SITE_001_S0577,SITE_001,281.5524597167969,281.0682678222656,284.1486663818359,220435,-272086.25,-6.542354822158813e-05,-2.026581205427646e-05,2.628360459593056,-7.345364722995101e-24,-7.345364920210326e-25,0
SITE_001_S0578,SITE_001,285.8020782470703,285.1628265380859,287.4014892578125,237805,-261865.5,-6.279349327087402e-05,-2.004252746701241e-05,2.190887757129799,-7.345364722995101e-24,-7.345364920210326e-25,0
SITE_001_S0579,SITE_001,291.9110717773437,290.6598815917969,291.85205078125,238815,-223224,-0.0001198481768369675,-3.562821075320244e-05,2.506248644627543,-7.345364722995101e-24,-7.345364920210326e-25,0
SITE_001_S0580,SITE_001,290.8031768798828,288.6080017089844,290.6510162353516,217137,-173495.5,-6.363540887832642e-05,-3.01324762403965e-05,2.172735098867953,-7.345364722995101e-24,-7.345364920210326e-25,0
SITE_001_S0581,SITE_001,288.2135772705078,287.8533630371094,290.26025390625,227368,-217339.5,-4.523247480392456e-05,-3.697117790579796e-05,2.676282947672326,-7.345364722995101e-24,-7.345364920210326e-25,0
SITE_001_S0582,SITE_001,287.4088287353516,286.9934539794922,289.60205078125,152597,-154923.5,-5.611032247543335e-05,-4.809396341443062e-05,1.767875015374871,-7.345364722995101e-24,-7.345364920210326e-25,0
SITE_001_S0583,SITE_001,287.0198516845703,286.3604736328125,288.8096313476562,163346,-203250,-0.0001709684729576111,-0.0001454337034374475,7.207967157802246,-7.345364722995101e-24,-7.345364920210326e-25,0
SITE_001_S0584,SITE_001,290.2848968505859,289.5242309570312,292.1651916503906,116413,-169155,-0.0001053176820278168,-7.270602509379387e-05,3.429249730560378,-7.345364722995101e-24,-7.345364920210326e-25,0
SITE_001_S0585,SITE_001,289.2452545166016,288.5528869628906,290.5107421875,132307,-207814.5,-0.0001194849610328674,-2.469448372721672e-05,3.399856933729874,-7.345364722995101e-24,-7.345364920210326e-25,0
SITE_001_S0586,SITE_001,290.5900421142578,289.8076171875,290.4984893798828,56727,-67032.5,-3.872066736221313e-05,-3.858422860503197e-05,2.801390372162863,-7.345364722995101e-24,-7.345364920210326e-25,0
SITE_001_S0587,SITE_001,290.7100524902344,290.1035614013672,290.9003601074219,28447,-75728,-4.020705819129944e-05,-2.77950894087553e-05,2.560531004793595,-7.345364722995101e-24,-7.345364920210326e-25,0
SITE_001_S0588,SITE_001,285.4232940673828,284.3937835693359,287.2588653564453,60280,-205540,4.94346022605896e-06,4.94765117764473e-06,1.629652668380727,-7.345364722995101e-24,-7.345364920210326e-25,0
SITE_001_S0589,SITE_001,284.2430572509766,282.8026428222656,286.0548248291016,45426,-148155.5,-3.91155481338501e-07,-3.8929283618927e-07,1.071385733986001,-7.345364722995101e-24,-7.345364920210326e-25,0
SITE_001_S0590,SITE_001,284.4240570068359,283.276611328125,286.6456451416016,2554,-162746.75,4.112720489501953e-06,4.110857844352722e-06,1.662512850734155,-7.345364722995101e-24,-7.345364920210326e-25,0
SITE_001_S0591,SITE_001,286.8660888671875,286.3048858642578,288.5437927246094,225,-59628,-3.967434167861938e-07,-3.974419087171555e-07,1.228445719839815,-7.345364722995101e-24,-7.345364920210326e-25,0
SITE_001_S0592,SITE_001,289.7464294433594,288.3549499511719,291.0520324707031,0,-140871.25,3.393739461898804e-06,3.393273800611496e-06,1.565063073848717,-7.345364722995101e-24,-7.345364920210326e-25,0
SITE_001_S0593,SITE_001,284.8196105957031,283.447509765625,286.9973297119141,0,-241603.25,-8.869916200637817e-06,-4.402827471494675e-06,1.950495858734857,-7.345364722995101e-24,-7.345364920210326e-25,0
SITE_001_S0594,SITE_001,285.9026794433594,284.8736877441406,287.7524871826172,0,-230656.75,-1.968443393707276e-05,-8.347677066922188e-06,3.083439130240518,-7.345364722995101e-24,-7.345364920210326e-25,0
SITE_001_S0595,SITE_001,284.7723388671875,283.0643463134766,286.3560333251953,0,-200413,2.790242433547974e-06,2.741580829024315e-06,1.52311941702007,-7.345364722995101e-24,-7.345364920210326e-25,0
SITE_001_S0596,SITE_001,285.3630065917969,284.8410949707031,287.1374664306641,0,-199526.75,-8.660927414894104e-05,-9.39657911658287e-06,3.684120455743284,-7.345364722995101e-24,-7.345364920210326e-25,0
SITE_001_S0597,SITE_001,276.5745239257812,275.6699066162109,280.26025390625,0,-240726.25,3.963708877563477e-06,3.963708877563477e-06,1.487553232808061,-7.345364722995101e-24,-7.345364920210326e-25,0
SITE_001_S0598,SITE_001,286.2413330078125,285.0513000488281,285.9417114257812,0,-102471.5,-2.46092677116394e-05,-2.461299300193786e-05,3.795149905918122,-7.345364722995101e-24,-7.345364920210326e-25,0
SITE_001_S0599,SITE_001,282.6140594482422,281.6253051757812,283.1735382080078,0,-155067.25,-2.168118953704834e-05,-2.158083952963352e-05,3.278516765298512,-7.345364722995101e-24,-7.345364920210326e-25,0
SITE_001_S0600,SITE_001,284.1301727294922,282.4997406005859,284.0489349365234,0,-55434.5,-0.0002042725682258606,-0.0001535832416266203,7.255299564069046,-7.345364722995101e-24,-7.345364920210326e-25,0
SITE_001_S0601,SITE_001,283.1514129638672,282.2380981445312,282.9735870361328,0,-21216.75,-0.0001024175435304642,-0.0001008328981697559,5.521538271694073,-7.345364722995101e-24,-7.345364920210326e-25,0
SITE_001_S0602,SITE_001,278.4269256591797,278.1976318359375,280.4298248291016,0,-73492,5.867332220077515e-07,5.871988832950592e-07,1.388591447675063,-7.345364722995101e-24,-7.345364920210326e-25,0
SITE_001_S0603,SITE_001,274.7909545898437,273.7622680664062,276.6709747314453,0,-236752.25,7.640570402145386e-06,7.638707756996155e-06,2.724793856880014,-7.345364722995101e-24,-7.345364920210326e-25,0
SITE_001_S0604,SITE_001,272.9250183105469,272.050537109375,273.9112548828125,0,-185822.5,-1.171976327896118e-05,-2.505490556359291e-06,2.683036881968083,0.013671875,0.0023117065429687,1
SITE_001_S0605,SITE_001,276.7421722412109,275.8990783691406,276.2923583984375,0,-4536.5,-3.845244646072388e-05,-3.732740879058838e-05,2.921836634278222,0.00390625,0.0006551742553710938,0
SITE_001_S0606,SITE_001,279.2207336425781,278.6481475830078,278.9534912109375,0,-21271,-3.134645521640778e-05,-1.044175587594509e-05,2.825419213904726,-7.345364722995101e-24,-7.345364920210326e-25,0
SITE_001_S0607,SITE_001,278.8241882324219,278.2473297119141,279.105712890625,0,-81858,-3.868527710437775e-05,-3.26414592564106e-05,4.826015430473815,-7.345364722995101e-24,-7.345364920210326e-25,0
SITE_001_S0608,SITE_001,279.4880676269531,278.7933197021484,280.0380554199219,0,-39335.5,-2.716854214668274e-05,-4.900619387626648e-06,2.364282237032719,-7.345364722995101e-24,-7.345364920210326e-25,0
SITE_001_S0609,SITE_001,280.9636840820312,280.5696411132812,281.0410003662109,0,-108494,-0.0002693440765142441,-1.884717494249344e-05,7.19352256055159,-7.345364722995101e-24,-7.345364920210326e-25,0
SITE_001_S0610,SITE_001,270.8489685058594,270.5298309326172,273.8701171875,0,-177184.25,-8.784234523773193e-05,-1.015141606330872e-05,3.891380198014934,0.0029296875,0.0004625320434570313,1
SITE_001_S0611,SITE_001,274.1240386962891,273.5296020507812,273.0168914794922,0,-23901.25,5.960464477539064e-08,6.05359673500061e-08,2.601939636402605,0.0048828125,0.0007886886596679688,1
SITE_001_S0612,SITE_001,268.3271026611328,266.9526977539062,272.1708526611328,0,-275201.75,1.88872218132019e-06,3.132270649075508e-06,3.450457490834368,0.0771484375,0.0119180679321289,1
SITE_001_S0613,SITE_001,278.1725463867188,277.3165130615234,278.5202789306641,0,-209130,1.257844269275665e-05,8.395873010158539e-06,2.629835214495768,-7.345364722995101e-24,2.86102294921875e-06,0
SITE_001_S0614,SITE_001,281.5859375,281.0569305419922,280.3530883789062,0,7810,-1.658126711845398e-05,-1.658173277974129e-05,4.110593626141827,-7.345364722995101e-24,-7.345364920210326e-25,0
SITE_001_S0615,SITE_001,281.8421020507812,281.3835906982422,281.2637786865234,0,-28723,-0.0001450963318347931,-2.802768722176552e-05,6.752480019467201,-7.345364722995101e-24,-7.345364920210326e-25,0
SITE_001_S0616,SITE_001,275.8210754394531,274.8502349853516,277.3840637207031,0,-257756.25,7.208436727523804e-06,7.208902388811111e-06,3.222760787337634,-7.345364722995101e-24,-7.345364920210326e-25,0
SITE_001_S0617,SITE_001,282.1358795166016,281.4018249511719,281.6981353759766,0,-61336.25,-0.0001023821532726288,-1.880363561213017e-05,3.342967330748891,-7.345364722995101e-24,-7.345364920210326e-25,0
SITE_001_S0618,SITE_001,277.3312530517578,276.5637512207031,278.1043853759766,0,-108273,-3.953278064727783e-05,-3.556022420525551e-05,3.54395689628819,-7.345364722995101e-24,-7.345364920210326e-25,0
SITE_001_S0619,SITE_001,281.9256744384766,281.0875854492188,280.6465148925781,0,-36941,-5.746632814407349e-05,-6.393762305378914e-06,3.892181047314491,-7.345364722995101e-24,-7.345364920210326e-25,0
SITE_001_S0620,SITE_001,276.1850738525391,275.3048095703125,277.7377624511719,0,-271980.75,-9.239837527275084e-05,-9.404029697179794e-06,3.677716988413803,-7.345364722995101e-24,-7.345364920210326e-25,0
SITE_001_S0621,SITE_001,282.8635711669922,282.6013031005859,281.9768829345703,0,-945.75,4.101544618606567e-06,4.09991480410099e-06,2.638387374766913,-7.345364722995101e-24,-7.345364920210326e-25,0
SITE_001_S0622,SITE_001,279.5712738037109,278.0729064941406,280.4857482910156,0,-139173.5,4.503875970840454e-06,4.5006163418293e-06,1.721730120878201,-7.345364722995101e-24,-7.345364920210326e-25,0
SITE_001_S0623,SITE_001,275.7764282226562,274.9582977294922,277.7434997558594,0,-259462.25,9.126961231231688e-07,-7.271301001310349e-07,2.171569293973728,-7.345364722995101e-24,-7.345364920210326e-25,0
SITE_001_S0624,SITE_001,280.9957275390625,280.0507202148437,281.7531433105469,0,-94557,7.208436727523804e-07,7.119961082935333e-07,1.626672853987215,-7.345364722995101e-24,-7.345364920210326e-25,0
SITE_001_S0625,SITE_001,286.1651306152344,284.3429718017578,284.9578857421875,0,-169951.25,-3.239139914512634e-05,-1.987302675843239e-05,3.179982828591705,-7.345364722995101e-24,-7.345364920210326e-25,0
SITE_001_S0626,SITE_001,276.4420013427734,276.9771118164062,278.0335540771484,0,-26139.5,-1.342222094535828e-05,-1.339660957455635e-05,4.081708934809003,-7.345364722995101e-24,3.147125244140625e-05,0
SITE_001_S0627,SITE_001,274.1009216308594,273.5534057617188,275.8675384521484,0,-159102.25,2.123415470123291e-07,2.137385308742523e-07,2.515503210046538,-7.345364722995101e-24,-7.345364920210326e-25,0
SITE_001_S0628,SITE_001,275.5754241943359,275.0864868164062,275.8346099853516,0,-102767.5,-5.881115794181824e-05,-1.993402838706971e-05,4.675944459455844,-7.345364722995101e-24,-7.345364920210326e-25,0
SITE_001_S0629,SITE_001,272.7724914550781,271.7448883056641,274.2778472900391,0,-137157.75,9.685754776000977e-07,9.648501873016355e-07,1.409550152510641,-7.345364722995101e-24,1.33514404296875e-05,1
SITE_001_S0630,SITE_001,271.7307281494141,270.5603179931641,273.0389404296875,0,-295877.25,-0.0001401193439960479,-9.065959602594376e-06,4.412121407153444,0.005859375,0.000812530517578125,1
SITE_001_S0631,SITE_001,283.6106719970703,282.5436248779297,281.8243560791016,0,-128111,-0.0001536086201667786,-1.156283542513847e-05,4.650230143940116,-7.345364722995101e-24,-7.345364920210326e-25,0
SITE_001_S0632,SITE_001,270.9560394287109,267.8760833740234,273.5363311767578,0,-234271,1.374632120132447e-06,1.375097781419754e-06,1.428902854077251,-7.345364722995101e-24,-7.345364920210326e-25,1
SITE_001_S0633,SITE_001,277.0870056152344,274.5941467285156,277.6751403808594,0,-240668.25,6.51925802230835e-07,8.838251233100891e-07,2.317220882397894,-7.345364722995101e-24,-7.345364920210326e-25,0
SITE_001_S0634,SITE_001,272.8947143554688,271.9940032958984,274.4770812988281,0,-144209.5,-1.678243279457092e-06,-1.615379005670548e-06,2.612398760831514,-7.345364722995101e-24,6.389617919921875e-05,1
SITE_001_S0635,SITE_001,278.2581481933594,276.2701416015625,278.1221008300781,0,-241689.25,-2.208352088928223e-05,-3.560446202754974e-06,2.320147019764584,-7.345364722995101e-24,2.86102294921875e-06,0
SITE_001_S0636,SITE_001,277.7046813964844,275.6091003417969,278.4680786132812,0,-159480.75,1.350417733192444e-06,1.351116225123406e-06,1.067729303366679,-7.345364722995101e-24,-7.345364920210326e-25,0
SITE_001_S0637,SITE_001,276.3068237304688,275.0171966552734,278.1782989501953,0,-263895.75,1.069344580173492e-05,1.069158315658569e-05,2.269604236304078,-7.345364722995101e-24,-7.345364920210326e-25,0
SITE_001_S0638,SITE_001,274.3958129882812,272.2119293212891,276.8227691650391,0,-233450,-6.854534149169922e-07,-9.487848728895188e-07,1.620900516670131,-7.345364722995101e-24,-7.345364920210326e-25,1
SITE_001_S0639,SITE_001,286.2179412841797,285.1333770751953,285.3237762451172,318,-15684.75,-5.928799510002136e-05,-5.928683094680309e-05,4.251284817477601,-7.345364722995101e-24,-7.345364920210326e-25,0
SITE_001_S0640,SITE_001,281.2225036621094,280.4297485351562,282.1699676513672,12815,-139491.5,-2.75447964668274e-05,-5.498761311173439e-06,1.866042285654446,-7.345364722995101e-24,-7.345364920210326e-25,0
SITE_001_S0641,SITE_001,280.3848571777344,280.2105865478516,282.1375122070312,24991,-150075,-1.605600118637085e-06,-1.569278538227081e-06,2.149093227271945,-7.345364722995101e-24,-7.345364920210326e-25,0
SITE_001_S0642,SITE_001,282.8873901367188,281.2677612304688,284.6443939208984,68068,-205002.75,1.169741153717041e-06,1.169508323073387e-06,1.374887719907385,-7.345364722995101e-24,-7.345364920210326e-25,0
SITE_001_S0643,SITE_001,289.0583343505859,286.9972229003906,288.1477966308594,70835,-226615.75,-0.000107981264591217,-2.409121952950954e-05,2.697948533455504,-7.345364722995101e-24,-7.345364920210326e-25,0
SITE_001_S0644,SITE_001,281.3147125244141,281.3831024169922,283.1566925048828,38862,-57599.25,-0.0001071393489837646,-1.810514368116856e-05,2.311103067824821,-7.345364722995101e-24,-7.345364920210326e-25,0
SITE_001_S0645,SITE_001,280.4486236572266,278.8949890136719,281.7554321289062,105818,-230442,-1.618638634681702e-05,-8.750706911087036e-06,1.733510046778585,-7.345364722995101e-24,-7.345364920210326e-25,0
SITE_001_S0646,SITE_001,283.7560729980469,282.5209808349609,285.3890228271484,145973,-289340.5,-0.000132877379655838,-3.020674921572208e-05,2.4967173710896,-7.345364722995101e-24,-7.345364920210326e-25,0
SITE_001_S0647,SITE_001,282.4251403808594,280.771240234375,284.4116821289062,152124,-239154.25,-6.448477506637573e-06,-5.114590749144554e-06,1.314902494765337,-7.345364722995101e-24,-7.345364920210326e-25,0
SITE_001_S0648,SITE_001,282.5735626220703,281.1242218017578,283.7438659667969,163729,-195353,-3.032386302947998e-06,-2.784887328743934e-06,1.355187432317452,-7.345364722995101e-24,-7.345364920210326e-25,0
SITE_001_S0649,SITE_001,284.4064636230469,282.5942230224609,285.0665435791016,173120,-207329,-3.110617399215698e-06,-2.675456926226616e-06,0.8180166534901253,-7.345364722995101e-24,-7.345364920210326e-25,0
SITE_001_S0650,SITE_001,287.4997100830078,286.6073455810547,286.3969268798828,77785,-40882,-7.048994302749634e-05,-6.996374577283859e-05,4.516488042777746,-7.345364722995101e-24,-7.345364920210326e-25,0
SITE_001_S0651,SITE_001,284.8308715820312,284.4197845458984,285.7205963134766,149576,-183494.5,-0.0001434981822967529,-3.359932452440262e-05,3.709329240795094,-7.345364722995101e-24,-7.345364920210326e-25,0
SITE_001_S0652,SITE_001,288.76123046875,287.1142272949219,287.9832305908203,162258,-75432,-4.33996319770813e-07,-4.344619810581208e-07,0.3267691654030778,-7.345364722995101e-24,-7.345364920210326e-25,0
SITE_001_S0653,SITE_001,289.8418579101562,289.2495422363281,290.3001403808594,200607,-195908.5,-4.17809933423996e-05,-3.541703335940838e-05,2.490254156918709,-7.345364722995101e-24,-7.345364920210326e-25,0
SITE_001_S0654,SITE_001,286.6585845947266,286.1847381591797,287.7996063232422,94292,-75816.5,-9.608082473278046e-05,-9.608035907149316e-05,5.276167762489394,-7.345364722995101e-24,-7.345364920210326e-25,0
SITE_001_S0655,SITE_001,286.9071807861328,286.3699798583984,287.6872711181641,125231,-110936,-7.598847150802612e-05,-2.557039260864257e-05,2.595215231600703,-7.345364722995101e-24,-7.345364920210326e-25,0
SITE_001_S0656,SITE_001,286.4620361328125,285.3480072021484,286.9795227050781,250535,-269008.5,-0.0001049786806106567,-3.353576175868511e-05,3.071135709433357,-7.345364722995101e-24,-7.345364920210326e-25,0
SITE_001_S0657,SITE_001,291.3947448730469,290.1196441650391,290.6111450195312,228346,-169427.5,-0.0001476295292377472,-5.074054934084416e-05,2.432259712713778,-7.345364722995101e-24,-7.345364920210326e-25,0
SITE_001_S0658,SITE_001,289.1817932128906,288.2792816162109,290.1869964599609,219632,-201884.5,-4.634261131286621e-06,-4.380242899060249e-06,1.006580821871416,-7.345364722995101e-24,-7.345364920210326e-25,0
SITE_001_S0659,SITE_001,288.4079742431641,287.5281372070312,290.0491790771484,242525,-230433,-1.827999949455261e-05,-1.380057074129582e-05,1.539373998431223,-7.345364722995101e-24,-7.345364920210326e-25,0
SITE_001_S0660,SITE_001,287.3315277099609,286.9122009277344,289.6010894775391,234971,-270174,-0.0001996830105781555,-4.000472836196423e-05,3.604670699475676,-7.345364722995101e-24,-7.345364920210326e-25,0
SITE_001_S0661,SITE_001,291.3560333251953,290.8650665283203,291.7998504638672,210364,-207832,-0.0001258961856365204,-2.889405004680157e-05,2.96465048443565,-7.345364722995101e-24,-7.345364920210326e-25,0
SITE_001_S0662,SITE_001,291.5292053222656,290.848876953125,292.6740570068359,224150,-208714,-4.740245640277863e-05,-1.756101846694946e-05,1.851639298426218,-7.345364722995101e-24,-7.345364920210326e-25,0
SITE_001_S0663,SITE_001,294.8413696289062,293.3036804199219,294.5048370361328,225121,-191596.5,-0.0001543313264846802,-4.795333370566368e-05,2.243166416428128,-7.345364722995101e-24,-7.345364920210326e-25,0
SITE_001_S0664,SITE_001,290.9555206298828,290.6454620361328,291.8856811523437,49997,-46020,-0.0001836977899074554,-3.30235343426466e-05,3.01845346894002,-7.345364722995101e-24,-7.345364920210326e-25,0
SITE_001_S0665,SITE_001,288.1081085205078,288.0450286865234,289.5912475585937,65512,-50680.5,-2.202950417995453e-05,-2.19559296965599e-05,1.323266987726554,-7.345364722995101e-24,-7.345364920210326e-25,0
SITE_001_S0666,SITE_001,288.2564239501953,287.8057861328125,289.6785888671875,123987,-98802.5,-1.940503716468811e-05,-1.875241287052632e-05,1.80286913120684,-7.345364722995101e-24,-7.345364920210326e-25,0
SITE_001_S0667,SITE_001,288.6346435546875,287.8891448974609,290.2038116455078,149511,-199776,-1.19674950838089e-05,-7.282709702849388e-06,1.393876439083805,-7.345364722995101e-24,-7.345364920210326e-25,0
SITE_001_S0668,SITE_001,287.5285491943359,285.9022369384766,288.4011840820312,151623,-156059.5,-1.488253474235535e-06,-1.48918479681015e-06,0.7403860334693444,-7.345364722995101e-24,-7.345364920210326e-25,0
SITE_001_S0669,SITE_001,291.3358459472656,290.0384521484375,291.6575622558594,153503,-220358.25,-6.609782576560974e-05,-1.817336305975914e-05,2.25767676031425,-7.345364722995101e-24,-7.345364920210326e-25,0
SITE_001_S0670,SITE_001,287.7915649414062,287.1498260498047,289.4947204589844,98761,-158628.5,1.065433025360107e-06,1.062871888279915e-06,1.108541082244408,-7.345364722995101e-24,-7.345364920210326e-25,0
SITE_001_S0671,SITE_001,288.7086181640625,288.0059356689453,290.2674560546875,116218,-200915,1.182779669761658e-06,1.183245331048966e-06,1.172223492402762,-7.345364722995101e-24,-7.345364920210326e-25,0
SITE_001_S0672,SITE_001,286.6107940673828,285.9778289794922,288.4314422607422,70260,-204630,-2.024322748184204e-05,-9.055016562342644e-06,1.888356210486985,-7.345364722995101e-24,-7.345364920210326e-25,0
SITE_001_S0673,SITE_001,288.0715026855469,286.8959350585937,289.1886596679688,22896,-63743,-0.0001313760876655579,-7.884996011853218e-05,3.349474751329284,-7.345364722995101e-24,-7.345364920210326e-25,0
SITE_001_S0674,SITE_001,289.9252624511719,289.4290161132812,291.1571350097656,20451,-82076,-6.601586937904358e-05,-5.489028990268707e-05,2.738155401891436,-7.345364722995101e-24,-7.345364920210326e-25,0
SITE_001_S0675,SITE_001,286.4178466796875,285.4079895019531,288.2552947998047,62072,-237831.5,-6.854347884654999e-05,-1.350650563836098e-05,2.393754634767322,-7.345364722995101e-24,-7.345364920210326e-25,0
SITE_001_S0676,SITE_001,289.2630920410156,287.1931610107422,290.2204284667969,39156,-231814.5,-4.780106246471405e-05,-1.267925836145878e-05,2.090710190332812,-7.345364722995101e-24,-7.345364920210326e-25,0
SITE_001_S0677,SITE_001,287.0568389892578,286.4094085693359,289.9038848876953,19619,-223300,-8.016452193260193e-05,-1.049088314175606e-05,1.730897702611364,-7.345364722995101e-24,-7.345364920210326e-25,0
SITE_001_S0678,SITE_001,289.8280487060547,289.3991394042969,291.0366668701172,12981,-96016,-3.775954246520996e-05,-6.487127393484116e-06,1.58124048322108,-7.345364722995101e-24,-7.345364920210326e-25,0
SITE_001_S0679,SITE_001,287.5968170166016,287.3788146972656,289.1385498046875,2488,-62549.75,-0.0001298189163208008,-9.793322533369064e-06,2.695778910952908,-7.345364722995101e-24,-7.345364920210326e-25,0
SITE_001_S0680,SITE_001,284.3054046630859,282.6337280273437,286.3199462890625,6633,-174866,-2.499669790267944e-06,-2.103159204125404e-06,1.008772750609346,-7.345364722995101e-24,-7.345364920210326e-25,0
SITE_001_S0681,SITE_001,288.5307006835937,286.8917388916016,289.3873138427734,2394,-234518.75,-9.400211274623872e-05,-1.719151623547077e-05,2.898298239033788,-7.345364722995101e-24,-7.345364920210326e-25,0
SITE_001_S0682,SITE_001,288.1656036376953,287.3407440185547,289.3180236816406,1376,-115534.25,-7.829442620277405e-05,-1.651793718338013e-05,3.532421628545056,-7.345364722995101e-24,-7.345364920210326e-25,0
SITE_001_S0683,SITE_001,290.6534271240234,290.1093139648437,291.1204528808594,0,-80089,-0.0001131817698478699,-1.809699460864067e-05,3.415682289032935,-7.345364722995101e-24,-7.345364920210326e-25,0
SITE_001_S0684,SITE_001,285.9741973876953,285.0231628417969,288.4258270263672,0,-255931.75,-1.56015157699585e-05,-1.231860369443893e-05,2.926531789374064,-7.345364722995101e-24,-7.345364920210326e-25,0
SITE_001_S0685,SITE_001,282.5666198730469,282.1633148193359,285.3560333251953,0,-123562,1.102685928344727e-06,1.131091266870499e-06,1.626092128602314,-7.345364722995101e-24,-7.345364920210326e-25,0
SITE_001_S0686,SITE_001,288.5370483398437,287.5459594726562,288.753662109375,0,-91078.25,-8.7689608335495e-05,-4.815589636564255e-05,4.184290704098877,-7.345364722995101e-24,-7.345364920210326e-25,0
SITE_001_S0687,SITE_001,286.6893920898437,286.1582946777344,288.06298828125,0,-270034,-0.0002113990485668182,-1.794495619833469e-05,6.725722298182101,-7.345364722995101e-24,-7.345364920210326e-25,0
SITE_001_S0688,SITE_001,285.1887817382812,284.5108489990234,286.7773590087891,0,-211849,-4.900991916656494e-05,-5.646143108606339e-06,3.571248404827156,-7.345364722995101e-24,-7.345364920210326e-25,0
SITE_001_S0689,SITE_001,282.8388214111328,281.9040832519531,285.4227600097656,0,-232436.75,-2.510473132133484e-05,-5.36581501364708e-06,2.412597982489204,-7.345364722995101e-24,-7.345364920210326e-25,0
SITE_001_S0690,SITE_001,282.3992156982422,281.6593017578125,284.6434478759766,0,-96649.25,-3.186613321304321e-05,-2.796202898025513e-05,1.958411359047673,-7.345364722995101e-24,-7.345364920210326e-25,0
SITE_001_S0691,SITE_001,280.6148071289062,278.9569396972656,282.8916320800781,0,-185176.5,1.795589923858643e-06,1.795124262571335e-06,1.124860257440966,-7.345364722995101e-24,-7.345364920210326e-25,0
SITE_001_S0692,SITE_001,284.9261322021484,284.0414581298828,285.6031494140625,0,-85680.25,2.272427082061768e-07,-4.98257577419281e-08,1.401295884906966,-7.345364722995101e-24,-7.345364920210326e-25,0
SITE_001_S0693,SITE_001,289.8545074462891,288.5929565429688,287.4144897460937,0,-1811.5,-0.0001319870352745056,-7.503433153033257e-05,7.570820052281929,-7.345364722995101e-24,-7.345364920210326e-25,0
SITE_001_S0694,SITE_001,283.4793548583984,282.5340728759766,284.4669799804688,0,-230963.25,-0.0001531168818473816,-5.215057171881199e-05,5.58153683049543,-7.345364722995101e-24,-7.345364920210326e-25,0
SITE_001_S0695,SITE_001,285.26806640625,285.0146026611328,285.9720458984375,0,-36649.25,-5.219504237174988e-05,-7.708324119448662e-06,2.297005019696445,-7.345364722995101e-24,-7.345364920210326e-25,0
SITE_001_S0696,SITE_001,285.8793792724609,285.5235900878906,286.5061187744141,0,-58133.5,-9.737908840179443e-06,-2.805842086672783e-06,1.311698180552711,-7.345364722995101e-24,-7.345364920210326e-25,0
SITE_001_S0697,SITE_001,283.7088012695312,283.4588470458984,285.0382232666016,0,-66308.25,-1.067854464054108e-05,-7.823342457413673e-06,1.350762975228678,-7.345364722995101e-24,-7.345364920210326e-25,0
SITE_001_S0698,SITE_001,282.4718780517578,282.0696411132812,283.9708557128906,0,-87004,2.235174179077148e-06,2.23587267100811e-06,1.458226480154551,-7.345364722995101e-24,-7.345364920210326e-25,0
SITE_001_S0699,SITE_001,285.2202606201172,284.5167846679688,285.5226440429688,0,-38772.25,-3.309547901153564e-05,-2.50812154263258e-05,3.149333516096346,-7.345364722995101e-24,-7.345364920210326e-25,0
SITE_001_S0700,SITE_001,288.3153076171875,287.0744934082031,286.6127319335937,0,-62880.5,-7.797591388225555e-05,-7.797474972903728e-05,5.912894690620712,-7.345364722995101e-24,-7.345364920210326e-25,0
SITE_001_S0701,SITE_001,283.9449005126953,283.0509338378906,283.5341796875,0,-160820.5,-3.335252404212952e-05,-1.819711178541183e-05,3.789765321823257,-7.345364722995101e-24,-7.345364920210326e-25,0
SITE_001_S0702,SITE_001,280.5840606689453,279.6592712402344,281.8607177734375,0,-206771.75,-1.14142894744873e-05,-6.775371730327606e-06,3.759056143993294,-7.345364722995101e-24,-7.345364920210326e-25,0
SITE_001_S0703,SITE_001,283.8336029052734,282.6655426025391,283.4712524414062,0,-183270.5,-4.455447196960449e-06,-1.131556928157807e-07,3.472754956115242,-7.345364722995101e-24,-7.345364920210326e-25,0
SITE_001_S0704,SITE_001,283.5179748535156,283.1473846435547,283.7732696533203,0,-75386,-3.889203071594238e-06,-3.619818016886711e-06,2.878905788892931,-7.345364722995101e-24,-7.345364920210326e-25,0
SITE_001_S0705,SITE_001,281.2264251708984,280.3844299316406,281.8387145996094,0,-74241.75,-7.983297109603882e-06,-4.672911018133164e-06,1.860355985957241,-7.345364722995101e-24,-7.345364920210326e-25,0
SITE_001_S0706,SITE_001,281.6719207763672,282.0417785644531,283.7864990234375,0,-9042.75,-1.840665936470032e-05,-1.838523894548416e-05,1.408539014156519,-7.345364722995101e-24,-7.345364920210326e-25,0
SITE_001_S0707,SITE_001,270.7197875976562,268.9249267578125,273.4708251953125,0,-230648,2.66730785369873e-06,2.667773514986038e-06,2.212492246903902,0.0009765625,0.0001459121704101562,1
SITE_001_S0708,SITE_001,275.0392456054688,273.9305572509766,276.0028991699219,0,-204711,-1.779943704605103e-05,-5.353707820177078e-06,3.446041627592484,0.0009765625,8.106231689453125e-05,0
SITE_001_S0709,SITE_001,280.5676727294922,280.0904541015625,279.5004119873047,0,-5290.5,-4.810094833374024e-05,-1.108273863792419e-05,4.29014588189454,-7.345364722995101e-24,2.002716064453125e-05,0
SITE_001_S0710,SITE_001,279.6584320068359,278.9059143066406,279.655517578125,0,-90661,-6.314367055892944e-06,-6.314367055892944e-06,1.920134150027854,-7.345364722995101e-24,-7.345364920210326e-25,0
SITE_001_S0711,SITE_001,279.2535552978516,278.56591796875,279.3715057373047,0,-35715.5,-1.071393489837646e-05,-1.06405932456255e-05,1.985013347338849,-7.345364722995101e-24,-7.345364920210326e-25,0
SITE_001_S0712,SITE_001,283.3840942382812,282.0655822753906,282.9151153564453,0,-202183.5,-1.899152994155884e-05,-1.566461287438869e-05,2.837248395310634,-7.345364722995101e-24,-7.345364920210326e-25,0
SITE_001_S0713,SITE_001,285.6679077148437,285.0532073974609,284.3182678222656,0,-47270.5,-8.18297266960144e-05,-9.583309292793274e-06,3.543205153093371,-7.345364722995101e-24,-7.345364920210326e-25,0
SITE_001_S0714,SITE_001,277.9436492919922,276.6699676513672,278.8354949951172,0,-247903,-2.089701592922211e-05,-5.490146577358246e-06,2.849762931138333,-7.345364722995101e-24,-7.345364920210326e-25,0
SITE_001_S0715,SITE_001,280.8362274169922,279.0292816162109,279.9541778564453,0,-242764,-0.0001019053161144257,-1.17903109639883e-05,3.223121717028701,-7.345364722995101e-24,-7.345364920210326e-25,0
SITE_001_S0716,SITE_001,280.6898498535156,279.6461944580078,280.4296875,0,-152235.5,4.481524229049683e-06,4.48198989033699e-06,2.332233257569137,-7.345364722995101e-24,-7.345364920210326e-25,0
SITE_001_S0717,SITE_001,277.3100433349609,276.2306976318359,278.4715728759766,0,-223842.25,-4.353001713752747e-05,-6.352784112095833e-06,3.039558579209301,-7.345364722995101e-24,-7.345364920210326e-25,0
SITE_001_S0718,SITE_001,270.7208404541016,269.1901245117188,273.1707305908203,0,-219608,-3.427267074584961e-06,-2.050306648015976e-06,1.889264798026404,-7.345364722995101e-24,1.9073486328125e-06,1
SITE_001_S0719,SITE_001,274.1650085449219,273.8604736328125,273.9617767333984,0,-46464.5,4.652887582778931e-06,4.654284566640854e-06,1.454537885419153,-7.345364722995101e-24,1.9073486328125e-06,0
SITE_002_S0001,SITE_002,280.2361145019531,279.1171264648437,281.0244750976562,2997,-170822.25,-2.87964940071106e-06,-1.221196725964546e-06,2.199843585943757,-7.345364722995101e-24,-7.345364920210326e-25,0
SITE_002_S0002,SITE_002,279.9597778320312,279.081787109375,280.1831359863281,14160,-155142.5,-8.314847946166992e-06,-3.936467692255974e-06,3.042034703817882,-7.345364722995101e-24,-7.345364920210326e-25,0
SITE_002_S0003,SITE_002,274.6674346923828,273.5722351074219,276.5859069824219,40466,-233354.25,-1.19917094707489e-05,-5.240319296717644e-06,2.594621344047709,-7.345364722995101e-24,-7.345364920210326e-25,0
SITE_002_S0004,SITE_002,276.5094146728516,275.4210052490234,277.6971130371094,70447,-197177.25,-1.117587089538574e-05,-5.254056304693222e-06,2.513880250896367,-7.345364722995101e-24,-7.345364920210326e-25,0
SITE_002_S0005,SITE_002,282.8681030273437,281.3410034179688,282.6323547363281,120026,-250802,-2.486631274223328e-05,-7.475493475794792e-06,2.933262619811465,-7.345364722995101e-24,-7.345364920210326e-25,0
SITE_002_S0006,SITE_002,283.4456329345703,283.3358306884766,284.213623046875,82539,-40316.25,-4.471279680728912e-05,-1.641386188566685e-05,2.000750225190417,-7.345364722995101e-24,-7.345364920210326e-25,0
SITE_002_S0007,SITE_002,288.152587890625,287.88232421875,288.2890472412109,149295,-115294.5,-2.605095505714417e-05,-1.72534491866827e-05,3.698445034847896,-7.345364722995101e-24,-7.345364920210326e-25,0
SITE_002_S0008,SITE_002,285.8601531982422,285.2896881103516,287.98779296875,267697,-250313.5,-2.176314592361451e-05,-2.175942063331604e-05,2.258365073116895,-7.345364722995101e-24,-7.345364920210326e-25,0
SITE_002_S0009,SITE_002,285.1641998291016,284.9792633056641,286.8577880859375,109184,-96526.5,-6.600841879844666e-05,-2.282322384417057e-05,1.975665683844672,-7.345364722995101e-24,-7.345364920210326e-25,0
SITE_002_S0010,SITE_002,288.0075988769531,287.05859375,288.0517578125,28957,-42907,-7.303059101104736e-05,-4.872190766036511e-05,3.80573772820346,-7.345364722995101e-24,-7.345364920210326e-25,0
SITE_002_S0011,SITE_002,288.1310272216797,287.1244964599609,288.2358856201172,209315,-191240.5,-3.618188202381134e-05,-2.408795990049839e-05,2.934117251759468,-7.345364722995101e-24,-7.345364920210326e-25,0
SITE_002_S0012,SITE_002,290.3720703125,289.8880767822266,290.1173400878906,110138,-89023,-2.180412411689758e-05,-1.279660500586033e-05,2.755332028865628,-7.345364722995101e-24,-7.345364920210326e-25,0
SITE_002_S0013,SITE_002,289.8823394775391,289.6549835205078,291.0716094970703,102380,-59573.5,-7.82310962677002e-07,-7.885973900556564e-07,0.8967049897055088,-7.345364722995101e-24,-7.345364920210326e-25,0
SITE_002_S0014,SITE_002,286.8970336914062,285.7745361328125,287.8055267333984,74662,-207809.5,-2.030283212661743e-06,-2.029351890087128e-06,2.873514414214528,-7.345364722995101e-24,-7.345364920210326e-25,0
SITE_002_S0015,SITE_002,283.6737823486328,283.2076110839844,285.890869140625,23466,-111708,-1.688301563262939e-05,-1.688115298748016e-05,1.838148319257062,-7.345364722995101e-24,-7.345364920210326e-25,0
SITE_002_S0016,SITE_002,285.2060089111328,283.7892913818359,286.3507690429688,32207,-262466.5,3.155320882797241e-06,2.53249891102314e-06,2.503364933377349,-7.345364722995101e-24,-7.345364920210326e-25,0
SITE_002_S0017,SITE_002,287.2480773925781,286.51611328125,288.0957489013672,8595,-90721.75,-2.209097146987915e-05,-1.800036989152431e-05,3.516428384011476,-7.345364722995101e-24,-7.345364920210326e-25,0
SITE_002_S0018,SITE_002,290.4013214111328,290.0989837646484,291.8343658447266,1790,-83146.5,-6.831064820289612e-05,-1.429510302841663e-05,3.408501612127058,-7.345364722995101e-24,-7.345364920210326e-25,0
SITE_002_S0019,SITE_002,288.7857055664062,288.0713653564453,289.4765167236328,385,-54932,-2.719089388847351e-05,-2.02646479010582e-05,2.92204083012801,-7.345364722995101e-24,-7.345364920210326e-25,0
SITE_002_S0020,SITE_002,284.6880493164062,282.5582885742188,286.212890625,0,-192566.5,3.868713974952698e-06,3.867782652378082e-06,1.688372724430638,-7.345364722995101e-24,-7.345364920210326e-25,0
SITE_002_S0021,SITE_002,292.7785186767578,291.1560668945312,292.6461334228516,0,-248752.75,-0.0001369472593069076,-1.125992275774479e-05,3.566443210707153,-7.345364722995101e-24,-7.345364920210326e-25,0
SITE_002_S0022,SITE_002,281.9663543701172,280.0753936767578,283.5556640625,0,-179427.5,4.861503839492798e-07,8.307397365570068e-07,1.926187187206778,-7.345364722995101e-24,-7.345364920210326e-25,0
SITE_002_S0023,SITE_002,284.4752960205078,280.3417053222656,283.6997375488281,0,-172318,2.428889274597168e-06,2.42842361330986e-06,0.5129462599813343,-7.345364722995101e-24,-7.345364920210326e-25,0
SITE_002_S0024,SITE_002,290.1432495117188,289.6619720458984,289.7244720458984,0,-62689.5,-0.0002536959946155548,-9.933486580848694e-06,5.107709643920388,-7.345364722995101e-24,-7.345364920210326e-25,0
SITE_002_S0025,SITE_002,282.1461029052734,281.2165679931641,283.5004119873047,0,-210029.25,1.683458685874939e-05,1.683435402810574e-05,2.146585908169518,-7.345364722995101e-24,-7.345364920210326e-25,0
SITE_002_S0026,SITE_002,283.1943969726562,282.0359802246094,283.8977966308594,0,-241148.5,1.716241240501404e-05,1.716287806630135e-05,3.522830864920114,-7.345364722995101e-24,-7.345364920210326e-25,0
SITE_002_S0027,SITE_002,276.3227081298828,274.8464050292969,278.6676330566406,0,-234785,5.599111318588257e-06,5.600275471806526e-06,1.71621010722955,-7.345364722995101e-24,-7.345364920210326e-25,0
SITE_002_S0028,SITE_002,276.7310638427734,277.6031646728516,280.0639495849609,0,-32935,-1.371651887893677e-05,-8.184462785720825e-06,0.7323193925049164,-7.345364722995101e-24,-7.345364920210326e-25,0
SITE_002_S0029,SITE_002,281.4115753173828,280.5528564453125,281.9615783691406,0,-82124.75,-1.701712608337402e-05,-1.674680970609188e-05,2.695966070388817,-7.345364722995101e-24,-7.345364920210326e-25,0
SITE_002_S0030,SITE_002,280.2725067138672,279.0128173828125,280.8406982421875,0,-196437.25,1.299753785133362e-05,1.299590803682804e-05,2.668952581917893,-7.345364722995101e-24,-7.345364920210326e-25,0
SITE_002_S0031,SITE_002,278.6087799072266,278.8668365478516,280.4342498779297,0,-16779.75,-8.571892976760864e-06,-8.520437404513359e-06,1.526223462475266,-7.345364722995101e-24,-7.345364920210326e-25,0
SITE_002_S0032,SITE_002,283.6151123046875,283.0010528564453,283.0581665039062,0,-70522.5,-5.166977643966675e-06,-5.103647708892822e-07,2.830691524255408,-7.345364722995101e-24,-7.345364920210326e-25,0
SITE_002_S0033,SITE_002,279.5142059326172,278.169921875,279.9710083007812,0,-196416,-2.207234501838684e-05,-6.323214620351791e-06,3.738305016607014,-7.345364722995101e-24,-7.345364920210326e-25,0
SITE_002_S0034,SITE_002,272.8544158935547,272.6300811767578,275.7732696533203,0,-169803.5,1.132488250732422e-06,1.132721081376076e-06,1.789273464994518,-7.345364722995101e-24,9.5367431640625e-07,1
SITE_002_S0035,SITE_002,274.2650604248047,273.65869140625,275.7439117431641,0,-205932.5,5.435198545455933e-06,5.406560376286507e-06,2.612693175279836,-7.345364722995101e-24,5.7220458984375e-05,0
SITE_002_S0036,SITE_002,271.470703125,269.6402587890625,273.5194091796875,0,-236345.5,5.684792995452881e-06,5.681999027729034e-06,2.545220714045363,-7.345364722995101e-24,3.910064697265625e-05,1
SITE_002_S0037,SITE_002,280.1819915771484,279.629638671875,278.4963684082031,0,8989.5,4.433095455169678e-07,4.924368113279343e-07,3.832740887289217,-7.345364722995101e-24,1.33514404296875e-05,0
SITE_002_S0038,SITE_002,283.8197937011719,282.0587310791016,281.4138336181641,0,-62256,-3.4380704164505e-05,-3.437907434999943e-05,4.342825173326525,-7.345364722995101e-24,-7.345364920210326e-25,0
SITE_002_S0039,SITE_002,272.2153472900391,271.2403717041016,274.3497772216797,0,-220358,5.796551704406738e-06,5.753245204687119e-06,2.095958564385701,-7.345364722995101e-24,-7.345364920210326e-25,1
SITE_002_S0040,SITE_002,281.2023010253906,280.5889739990234,279.7311859130859,0,-27649.5,-3.523007035255432e-05,-1.463643275201321e-05,4.075894215516543,-7.345364722995101e-24,-7.345364920210326e-25,0
SITE_002_S0041,SITE_002,274.0533447265625,272.7268524169922,275.4185943603516,0,-200739.5,1.799315214157104e-06,1.461012288928032e-06,1.532045151436182,-7.345364722995101e-24,-7.345364920210326e-25,1
SITE_002_S0042,SITE_002,278.4915924072266,277.0325012207031,276.4500122070312,0,-189400.5,-8.046627044677734e-05,-8.036382496356964e-06,4.28518264075814,-7.345364722995101e-24,9.5367431640625e-07,0
SITE_002_S0043,SITE_002,282.5024108886719,281.9971771240234,280.3212280273437,0,-7468.5,-4.820525646209717e-06,-9.564682841300964e-07,4.027870719580436,-7.345364722995101e-24,-7.345364920210326e-25,0
SITE_002_S0044,SITE_002,280.5359039306641,280.1181030273437,279.7142486572266,0,6227,-4.641711711883545e-06,-3.914814442396164e-06,2.125143733766838,-7.345364722995101e-24,-7.345364920210326e-25,0
SITE_002_S0045,SITE_002,278.3176422119141,277.6611175537109,278.7569885253906,0,-168372,9.94652509689331e-06,9.946292266249657e-06,2.707579949541572,-7.345364722995101e-24,-7.345364920210326e-25,0
SITE_002_S0046,SITE_002,272.4328308105469,271.2767028808594,274.3653717041016,0,-260095.25,1.215562224388123e-05,1.21572520583868e-05,2.256043705799171,-7.345364722995101e-24,-7.345364920210326e-25,1
SITE_002_S0047,SITE_002,283.6209411621094,282.9954681396484,282.1370086669922,0,-29650.5,-6.676279008388519e-05,-3.062956966459751e-05,6.402003219371871,-7.345364722995101e-24,-7.345364920210326e-25,0
SITE_002_S0048,SITE_002,279.4374847412109,278.2468872070312,278.9682006835937,0,-158777,-0.0001014508306980133,-1.518521457910538e-05,4.654203226306506,-7.345364722995101e-24,-7.345364920210326e-25,0
SITE_002_S0049,SITE_002,273.5002899169922,273.5161285400391,274.3163299560547,0,-13660.5,-1.278705894947052e-05,-9.29064117372036e-06,3.836992780541066,0.0009765625,0.0001096725463867188,0
SITE_002_S0050,SITE_002,275.4735717773437,274.2401428222656,274.8403167724609,0,-112799.5,-5.204230546951294e-06,-5.203299224376679e-06,3.141362306904272,0.01171875,0.0019216537475585,0
SITE_002_S0051,SITE_002,270.9814300537109,271.1068420410156,272.3350372314453,0,-12030.75,-6.926432251930237e-05,-4.736240953207016e-06,3.722192525607201,0.0068359375,0.0013303756713867,1
SITE_002_S0052,SITE_002,275.0066070556641,273.9332580566406,273.1897735595703,0,-92817.5,1.054629683494568e-05,1.054629683494568e-05,2.415765740950892,0.0146484375,0.0021905899047851,0
SITE_002_S0053,SITE_002,274.5422973632812,274.00732421875,275.4676361083984,0,-14581.25,-2.390891313552856e-05,-7.788417860865593e-06,8.141997337629059,0.103515625,0.0179834365844726,0
SITE_002_S0054,SITE_002,274.9207153320312,273.5577850341797,274.688232421875,0,-229281.75,-5.493313074111938e-05,-4.029646515846253e-05,4.825199026660497,0.0751953125,0.0130729675292968,0
SITE_002_S0055,SITE_002,269.9277801513672,268.0635375976562,271.5281524658203,0,-56880.5,-2.048909664154053e-07,-8.312053978443147e-08,1.025085560233504,0.0703125,0.012455940246582,1
SITE_002_S0056,SITE_002,267.4460144042969,263.7473907470703,271.1543884277344,0,-112414.5,1.035630702972412e-06,1.26054510474205e-06,1.855135454120677,0.0693359375,0.0124130249023437,1
SITE_002_S0057,SITE_002,269.3220062255859,264.9655609130859,272.0538635253906,0,-156621.75,3.539025783538818e-06,3.53972427546978e-06,1.428848937722233,0.05859375,0.0104808807373046,1
SITE_002_S0058,SITE_002,266.1351928710937,264.3711853027344,271.4824066162109,0,-166525.25,3.715977072715759e-06,4.801200702786446e-06,2.728759973830957,0.0576171875,0.0103893280029296,1
SITE_002_S0059,SITE_002,274.9032440185547,274.314208984375,274.0145874023437,0,-24740.5,-7.80448317527771e-07,-7.292255759239197e-07,1.752327671914783,0.00390625,0.0007276535034179688,0
SITE_002_S0060,SITE_002,273.0739593505859,272.0248870849609,273.6700134277344,0,-264835.25,1.407414674758911e-05,1.407205127179623e-05,3.196009972117299,0.00390625,0.0005702972412109375,1
SITE_002_S0061,SITE_002,273.7127380371094,272.5495452880859,274.4055023193359,0,-57039.25,4.427507519721985e-06,4.427973181009293e-06,1.68983487815202,-7.345364722995101e-24,2.86102294921875e-06,1
SITE_002_S0062,SITE_002,273.3989562988281,273.2346343994141,274.6368713378906,0,-59058.75,-3.213249146938324e-05,-1.025758683681488e-05,3.998971420487043,-7.345364722995101e-24,3.814697265625e-06,0
SITE_002_S0063,SITE_002,272.5610809326172,272.2190246582031,273.3074951171875,0,-25993,-5.564838647842407e-05,-3.065448254346848e-05,4.549356647230596,0.0458984375,0.0075483322143554,1
SITE_002_S0064,SITE_002,271.8814697265625,270.5901947021484,273.1384429931641,0,-260851.5,1.646578311920166e-06,2.814922481775284e-06,4.385506630678721,0.037109375,0.0060377120971679,1
SITE_002_S0065,SITE_002,277.0493621826172,276.7088623046875,277.1521911621094,0,-38407,3.922730684280396e-06,3.925524652004242e-06,1.389987028421779,-7.345364722995101e-24,7.43865966796875e-05,0
SITE_002_S0066,SITE_002,276.2835235595703,274.8808898925781,275.9911346435547,0,-237350.5,4.118308424949646e-06,3.883382305502892e-06,3.838690890349722,-7.345364722995101e-24,3.814697265625e-05,0
SITE_002_S0067,SITE_002,276.3535003662109,275.1408081054688,276.9323425292969,0,-191324,-9.895861148834229e-05,-5.369563587009907e-05,5.316496851333155,-7.345364722995101e-24,-7.345364920210326e-25,0
SITE_002_S0068,SITE_002,274.2036285400391,273.0555572509766,274.9122009277344,0,-184212.75,3.740191459655762e-06,3.739725798368454e-06,3.212777878716491,-7.345364722995101e-24,-7.345364920210326e-25,1
SITE_002_S0069,SITE_002,278.328857421875,277.7081909179688,278.1768341064453,0,-44306,-8.660368621349335e-05,-8.660578168928623e-05,9.390084270855292,-7.345364722995101e-24,-7.345364920210326e-25,0
SITE_002_S0070,SITE_002,274.7027435302734,273.2811126708984,275.5282745361328,0,-261871,2.795830368995667e-06,1.779757440090179e-06,2.941525614588868,-7.345364722995101e-24,-7.345364920210326e-25,0
SITE_002_S0071,SITE_002,276.0069122314453,274.9934692382812,276.3761138916016,0,-134515.75,1.048482954502106e-05,1.048389822244644e-05,3.227202883163401,-7.345364722995101e-24,-7.345364920210326e-25,0
SITE_002_S0072,SITE_002,275.8105773925781,274.7492980957031,276.3962707519531,0,-123461.75,1.675821840763092e-05,1.675868406891823e-05,2.226571766202451,-7.345364722995101e-24,-7.345364920210326e-25,0
SITE_002_S0073,SITE_002,277.2080078125,276.1620635986328,277.6540985107422,0,-66506.75,-1.077353954315186e-05,-7.377937436103821e-06,2.479193350129712,-7.345364722995101e-24,-7.345364920210326e-25,0
SITE_002_S0074,SITE_002,280.0283660888672,279.1623687744141,279.9100494384766,0,-108399,1.937150955200196e-06,1.937616616487503e-06,2.380036915527694,-7.345364722995101e-24,-7.345364920210326e-25,0
SITE_002_S0075,SITE_002,283.1853179931641,282.5153961181641,282.1615753173828,0,-9808.25,-3.407523036003113e-05,-3.186776302754879e-05,4.492178185727995,-7.345364722995101e-24,-7.345364920210326e-25,0
SITE_002_S0076,SITE_002,280.048828125,279.3573608398437,280.4829254150391,0,-142759.75,-1.341104507446289e-07,-1.317821443080902e-07,3.132074766937327,-7.345364722995101e-24,-7.345364920210326e-25,0
SITE_002_S0077,SITE_002,275.9288482666016,274.9509582519531,277.3406372070312,0,-215619,1.108646392822266e-05,1.108297146856785e-05,2.482899583945932,-7.345364722995101e-24,-7.345364920210326e-25,0
SITE_002_S0078,SITE_002,275.6016998291016,273.7482147216797,276.8118896484375,0,-238012,4.634261131286621e-06,4.679663106799126e-06,2.183064935935461,-7.345364722995101e-24,-7.345364920210326e-25,0
SITE_002_S0079,SITE_002,281.7067565917969,280.269775390625,282.4207763671875,0,-157801.25,1.094117760658264e-05,1.093745231628418e-05,1.83532172038294,-7.345364722995101e-24,-7.345364920210326e-25,0
SITE_002_S0080,SITE_002,279.5261077880859,278.0457000732422,280.8126831054688,0,-240274.5,1.159310340881348e-05,1.159473322331905e-05,1.981808102542802,-7.345364722995101e-24,-7.345364920210326e-25,0
SITE_002_S0081,SITE_002,279.505126953125,278.7582702636719,279.7828979492188,0,-76899.25,-4.029273986816406e-05,-5.216803401708603e-06,2.909788449060594,-7.345364722995101e-24,-7.345364920210326e-25,0
SITE_002_S0082,SITE_002,279.8480224609375,279.8338165283203,280.9338226318359,94,-43826.5,-2.43261456489563e-06,-8.293427526950836e-07,1.449056960970097,-7.345364722995101e-24,-7.345364920210326e-25,0
SITE_002_S0083,SITE_002,279.6485137939453,278.7644348144531,280.2574005126953,3934,-204190.75,6.981194019317627e-06,6.981426849961281e-06,2.933593830805564,-7.345364722995101e-24,-7.345364920210326e-25,0
SITE_002_S0084,SITE_002,277.4670715332031,276.208740234375,278.4732971191406,5177,-150118.25,2.019107341766357e-06,2.019340172410012e-06,2.335430630750097,-7.345364722995101e-24,-7.345364920210326e-25,0
SITE_002_S0085,SITE_002,272.0254058837891,270.4334716796875,274.7033233642578,21978,-293280.25,-1.095794141292572e-05,-3.530411049723625e-06,2.212137774444817,-7.345364722995101e-24,-7.345364920210326e-25,1
SITE_002_S0086,SITE_002,271.8424072265625,268.5670928955078,273.5728912353516,23792,-208252.75,4.991888999938965e-07,4.987232387065887e-07,1.003946550860049,-7.345364722995101e-24,-7.345364920210326e-25,1
SITE_002_S0087,SITE_002,277.6380004882812,276.8815307617188,278.9147491455078,34436,-190333.25,-3.425776958465576e-05,-3.406498581171036e-05,4.196481809091107,-7.345364722995101e-24,-7.345364920210326e-25,0
SITE_002_S0088,SITE_002,274.7852020263672,273.7119598388672,276.6366882324219,45868,-227886.25,-2.477318048477173e-07,-2.202577888965607e-07,1.804333076234665,-7.345364722995101e-24,-7.345364920210326e-25,0
SITE_002_S0089,SITE_002,281.9569702148437,281.0450134277344,282.0139465332031,64450,-210262.75,-0.0001427587121725082,-2.37361527979374e-05,3.969444437605998,-7.345364722995101e-24,-7.345364920210326e-25,0
SITE_002_S0090,SITE_002,281.0211791992188,280.4422760009766,281.2165374755859,27943,-27263.75,-6.642192602157593e-06,-6.643123924732208e-06,1.749320300878971,-7.345364722995101e-24,-7.345364920210326e-25,0
SITE_002_S0091,SITE_002,282.8809661865234,282.0365753173828,282.8769378662109,89881,-167621,-8.326023817062378e-07,-8.326023817062378e-07,2.253632559748429,-7.345364722995101e-24,-7.345364920210326e-25,0
SITE_002_S0092,SITE_002,280.6455841064453,280.6792297363281,282.1075286865234,45554,-50344,-8.06562602519989e-05,-1.595588400959969e-05,2.837706917128517,-7.345364722995101e-24,-7.345364920210326e-25,0
SITE_002_S0093,SITE_002,285.3575286865234,284.2811431884766,285.2170562744141,132931,-185924.75,-1.054257154464722e-06,-1.056352630257606e-06,2.146206149519655,-7.345364722995101e-24,-7.345364920210326e-25,0
SITE_002_S0094,SITE_002,283.9423675537109,282.5938110351562,284.3836364746094,171191,-245110,4.7292560338974e-06,4.730420187115669e-06,1.975079300409658,-7.345364722995101e-24,-7.345364920210326e-25,0
SITE_002_S0095,SITE_002,289.2129364013672,288.0757598876953,288.5201263427734,147606,-142558,-3.034807741641998e-05,-3.034574910998344e-05,3.69740803459921,-7.345364722995101e-24,-7.345364920210326e-25,0
SITE_002_S0096,SITE_002,282.0111541748047,281.2432250976562,283.5828247070312,205011,-269407.5,-2.590939402580261e-06,-2.590939402580261e-06,2.291342152510034,-7.345364722995101e-24,-7.345364920210326e-25,0
SITE_002_S0097,SITE_002,284.3656616210937,283.7286834716797,285.7458648681641,230230,-207217.5,-5.977228283882141e-06,-5.977461114525795e-06,1.179248065177742,-7.345364722995101e-24,-7.345364920210326e-25,0
SITE_002_S0098,SITE_002,287.8057403564453,287.0768280029297,288.8279113769531,217722,-207513,-4.708766937255859e-05,-1.621991395950317e-05,2.322201971981586,-7.345364722995101e-24,-7.345364920210326e-25,0
SITE_002_S0099,SITE_002,285.2405395507812,284.8579711914062,286.4586639404297,205668,-179947.5,-0.0002555865794420242,-4.2750034481287e-05,6.195367438045249,-7.345364722995101e-24,-7.345364920210326e-25,0
SITE_002_S0100,SITE_002,287.5641021728516,286.8761138916016,288.9230499267578,267613,-276246,-0.0001036375761032104,-3.428896889090538e-05,3.820028914008232,-7.345364722995101e-24,-7.345364920210326e-25,0
SITE_002_S0101,SITE_002,291.0645904541016,289.9155120849609,290.8993225097656,253548,-178219.5,-3.394484519958496e-05,-1.725507900118828e-05,1.620821469489738,-7.345364722995101e-24,-7.345364920210326e-25,0
SITE_002_S0102,SITE_002,290.3509216308594,290.2386169433594,291.3043518066406,54178,-49157.5,-0.0001698806881904602,-2.547563053667545e-05,4.598810441290476,-7.345364722995101e-24,-7.345364920210326e-25,0
SITE_002_S0103,SITE_002,287.1481018066406,286.7849273681641,288.3008880615234,17649,-31158.5,-3.084167838096619e-05,-3.084330819547176e-05,2.847840419126397,-7.345364722995101e-24,-7.345364920210326e-25,0
SITE_002_S0104,SITE_002,287.0645599365234,286.2759704589844,288.3817901611328,221042,-207157,-1.791678369045258e-05,-1.736031845211983e-05,1.587340226831074,-7.345364722995101e-24,-7.345364920210326e-25,0
SITE_002_S0105,SITE_002,284.3108673095703,283.5671997070312,286.263916015625,189270,-192363.5,-9.424984455108644e-06,-7.510185241699219e-06,1.128370299708672,-7.345364722995101e-24,-7.345364920210326e-25,0
SITE_002_S0106,SITE_002,286.6670989990234,285.5030517578125,288.0312957763672,182084,-234347.5,-1.271069049835205e-05,-1.220707781612873e-05,1.9461027579949,-7.345364722995101e-24,-7.345364920210326e-25,0
SITE_002_S0107,SITE_002,286.8019409179688,286.3522338867188,288.1967620849609,52487,-85758.75,-1.937709748744965e-05,-1.937802881002426e-05,2.956637871484625,-7.345364722995101e-24,-7.345364920210326e-25,0
SITE_002_S0108,SITE_002,292.8837127685547,291.2618408203125,291.2955017089844,91177,-134973.5,-6.431341171264648e-05,-4.867394454777241e-05,3.893807227583497,-7.345364722995101e-24,-7.345364920210326e-25,0
SITE_002_S0109,SITE_002,285.0486907958984,283.8310089111328,286.4302215576172,77263,-234546.75,-4.49642539024353e-06,-3.603752702474594e-06,2.497261748520859,-7.345364722995101e-24,-7.345364920210326e-25,0
SITE_002_S0110,SITE_002,286.7225494384766,286.2414245605469,288.0867614746094,9933,-66443,-2.052262425422668e-05,-2.053054049611092e-05,1.566805904865161,-7.345364722995101e-24,-7.345364920210326e-25,0
SITE_002_S0111,SITE_002,288.9873504638672,288.2045440673828,289.5590667724609,12796,-98869,-1.141801476478577e-05,-1.128553412854672e-05,2.712947046988464,-7.345364722995101e-24,-7.345364920210326e-25,0
SITE_002_S0112,SITE_002,285.2952575683594,283.9904479980469,286.5729522705078,15015,-215008.25,-3.431364893913269e-05,-7.272232323884964e-06,2.679730027011825,-7.345364722995101e-24,-7.345364920210326e-25,0
SITE_002_S0113,SITE_002,291.0393676757812,288.5160827636719,290.3972625732422,3096,-114809.25,1.311302185058594e-06,1.319218426942825e-06,1.085178674541873,-7.345364722995101e-24,-7.345364920210326e-25,0
SITE_002_S0114,SITE_002,282.0384063720703,280.1580657958984,283.6253356933594,437,-185909.75,3.9711594581604e-06,3.970693796873093e-06,1.956341588281264,-7.345364722995101e-24,-7.345364920210326e-25,0
SITE_002_S0115,SITE_002,287.0293579101562,286.224609375,287.1712646484375,0,-145636.25,-9.721890091896056e-05,-3.852974623441696e-05,5.294931897651145,-7.345364722995101e-24,-7.345364920210326e-25,0
SITE_002_S0116,SITE_002,283.1545715332031,282.4598083496094,284.6444854736328,0,-149438.5,1.052767038345337e-05,1.052836887538433e-05,1.627387729280908,-7.345364722995101e-24,-7.345364920210326e-25,0
SITE_002_S0117,SITE_002,286.1945953369141,285.2313232421875,286.1174621582031,0,-51652,-1.835078001022339e-05,-8.558854460716248e-06,2.54629080647544,-7.345364722995101e-24,-7.345364920210326e-25,0
SITE_002_S0118,SITE_002,285.1776123046875,284.4420471191406,285.3955230712891,0,-14709.5,-6.876885890960693e-05,-6.876792758703232e-05,6.839658239186534,-7.345364722995101e-24,-7.345364920210326e-25,0
SITE_002_S0119,SITE_002,284.8198089599609,284.2186737060547,284.6688232421875,0,-13280.5,-1.380220055580139e-05,-1.380033791065216e-05,2.877802110628298,-7.345364722995101e-24,-7.345364920210326e-25,0
SITE_002_S0120,SITE_002,287.3330841064453,286.0422515869141,287.3803253173828,0,-221626,-1.368299126625061e-05,-2.462882548570633e-06,3.189248077883323,-7.345364722995101e-24,-7.345364920210326e-25,0
SITE_002_S0121,SITE_002,283.4987945556641,283.1922454833984,284.6043090820312,0,-49444.75,-0.0001457389444112778,-4.027131944894791e-05,6.150798349389733,-7.345364722995101e-24,-7.345364920210326e-25,0
SITE_002_S0122,SITE_002,284.4694519042969,283.7252197265625,284.4926910400391,0,-142997.5,-0.0003657639026641846,-8.764676749706268e-05,8.808463580248203,-7.345364722995101e-24,-7.345364920210326e-25,0
SITE_002_S0123,SITE_002,276.5900421142578,275.9818725585937,279.221435546875,0,-156489,6.105750799179077e-06,6.109476089477539e-06,1.409501326941431,-7.345364722995101e-24,-7.345364920210326e-25,0
SITE_002_S0124,SITE_002,282.1366119384766,281.7404479980469,281.9164886474609,0,-66374.25,-1.81831419467926e-05,-2.724584192037582e-06,4.202806631253218,-7.345364722995101e-24,-7.345364920210326e-25,0
SITE_002_S0125,SITE_002,281.3249053955078,280.9446105957031,280.8314819335937,0,-26042.25,-2.201646566390991e-05,-3.590481355786324e-06,2.838558362338818,-7.345364722995101e-24,-7.345364920210326e-25,0
SITE_002_S0126,SITE_002,283.8093719482422,282.5390167236328,282.47265625,0,-11861,-9.781867265701294e-05,-9.59932804107666e-05,6.324109309955146,-7.345364722995101e-24,-7.345364920210326e-25,0
SITE_002_S0127,SITE_002,276.4799346923828,275.651611328125,276.9026947021484,0,-127430,-2.337247133255005e-05,-1.547881402075291e-05,5.170348480809841,-7.345364722995101e-24,-7.345364920210326e-25,0
SITE_002_S0128,SITE_002,278.6893310546875,277.5128021240234,277.2761383056641,0,-82280,-4.973262548446655e-06,-4.972796887159348e-06,4.010889167264072,0.0048828125,0.000701904296875,0
SITE_002_S0129,SITE_002,274.7788391113281,273.7324523925781,275.2319030761719,0,-117725.5,-4.970654845237732e-05,-4.496797919273376e-05,5.846642473415239,0.009765625,0.0017499923706054,0
SITE_002_S0130,SITE_002,274.0000305175781,273.1720733642578,274.7828369140625,0,-174056.5,7.538124918937683e-06,7.537892088294029e-06,2.353405194251058,0.021484375,0.003814697265625,0
SITE_002_S0131,SITE_002,280.6116943359375,280.1451263427734,279.6046295166016,0,-818,2.406537532806396e-06,2.403510734438896e-06,2.956464691330763,0.0048828125,0.0008134841918945312,0
SITE_002_S0132,SITE_002,275.3500061035156,274.0453491210937,275.9884185791016,0,-188163.5,-1.307576894760132e-05,-1.015979796648026e-05,3.48095135555214,-7.345364722995101e-24,-7.345364920210326e-25,0
SITE_002_S0133,SITE_002,276.6470184326172,275.7871398925781,277.5386962890625,0,-214928,6.526708602905273e-06,6.522983312606812e-06,3.113656448142756,-7.345364722995101e-24,-7.345364920210326e-25,0
SITE_002_S0134,SITE_002,274.470458984375,273.5308380126953,274.5830688476562,0,-151782.5,-4.064664244651794e-05,-3.881053999066353e-06,4.346580618898368,-7.345364722995101e-24,-7.345364920210326e-25,0
SITE_002_S0135,SITE_002,273.8110198974609,272.9970092773437,275.1092071533203,0,-198963,-2.909451723098755e-05,-5.433801561594009e-06,3.688664761864005,-7.345364722995101e-24,-7.345364920210326e-25,1
SITE_002_S0136,SITE_002,273.0402984619141,271.6340789794922,273.8236541748047,0,-257905,1.258403062820435e-05,1.258775591850281e-05,2.950094909692996,0.009765625,0.0016460418701171,1
SITE_002_S0137,SITE_002,276.1653137207031,275.2152404785156,277.2474517822266,0,-217382.25,1.53128057718277e-05,1.531140878796577e-05,1.994992766991348,-7.345364722995101e-24,-7.345364920210326e-25,0
SITE_002_S0138,SITE_002,274.6302337646484,274.1770477294922,275.3604431152344,0,-61309,-6.170943379402161e-06,-6.135087460279465e-06,3.368797349891473,0.0029296875,0.0004634857177734375,0
SITE_002_S0139,SITE_002,268.3753051757812,266.5705718994141,272.4423980712891,0,-291180.25,-5.871057510375977e-06,-5.217734724283218e-07,2.38292420161604,0.0068359375,0.0011148452758789,1
SITE_002_S0140,SITE_002,271.0633850097656,268.7649841308594,272.9096221923828,0,-302241.5,-2.475082874298096e-05,-1.796288415789604e-06,3.011986452557645,0.0166015625,0.0027236938476562,1
SITE_002_S0141,SITE_002,272.1206207275391,270.8564147949219,273.0392303466797,0,-171834.5,1.989305019378662e-06,1.999083906412125e-06,2.495577086468456,0.0078125,0.0012454986572265,1
SITE_002_S0142,SITE_002,267.9634857177734,267.2223205566406,272.089599609375,0,-281422,-2.95247882604599e-05,-1.268461346626282e-06,3.666921386453116,0.0029296875,0.0004253387451171875,1
SITE_002_S0143,SITE_002,280.3025817871094,279.4407958984375,278.3991241455078,0,-8642.5,-2.119690179824829e-06,-2.120155841112137e-06,2.690582859504588,-7.345364722995101e-24,1.9073486328125e-06,0
SITE_002_S0144,SITE_002,274.9457702636719,273.6720275878906,275.7838134765625,0,-297895.75,-3.950297832489014e-05,-3.605615347623825e-06,5.125202277454171,-7.345364722995101e-24,-7.345364920210326e-25,0
SITE_002_S0145,SITE_002,276.2990264892578,275.6973571777344,275.3842468261719,0,-22595.75,-3.739446401596069e-05,-2.221879549324512e-05,5.286977433573307,0.0048828125,0.0007028579711914062,0
SITE_002_S0146,SITE_002,272.5838623046875,271.7839050292969,274.6065521240234,0,-110497.25,1.836568117141724e-06,1.836800947785377e-06,1.424693211913294,-7.345364722995101e-24,3.814697265625e-06,1
SITE_002_S0147,SITE_002,282.0405883789062,281.0398101806641,280.4164428710937,0,-143244.75,1.426786184310913e-06,1.365551725029945e-06,3.6763578785695,-7.345364722995101e-24,4.482269287109375e-05,0
SITE_002_S0148,SITE_002,281.0720977783203,279.1046142578125,280.8114929199219,94,-216159.25,1.091510057449341e-05,1.083198003470898e-05,2.237663337461446,-7.345364722995101e-24,-7.345364920210326e-25,0
SITE_002_S0149,SITE_002,282.3606719970703,281.6235046386719,282.3993225097656,1466,-32271.5,-1.299381256103516e-05,-1.299008727073669e-05,2.027792694443715,-7.345364722995101e-24,-7.345364920210326e-25,0
SITE_002_S0150,SITE_002,285.7374420166016,283.7868804931641,285.6457366943359,23328,-237695.25,-2.245977520942688e-05,-5.612382665276527e-06,2.575587999097595,-7.345364722995101e-24,-7.345364920210326e-25,0
SITE_002_S0151,SITE_002,278.6444854736328,277.3533935546875,280.0895538330078,49192,-233229.75,-5.871057510375977e-06,-2.188375219702721e-06,2.196476863644378,-7.345364722995101e-24,-7.345364920210326e-25,0
SITE_002_S0152,SITE_002,278.991943359375,277.5263366699219,279.7168273925781,88280,-260282.25,-8.149072527885437e-06,-2.997694537043571e-06,2.559419420520048,-7.345364722995101e-24,-7.345364920210326e-25,0
SITE_002_S0153,SITE_002,286.6483764648437,285.0332946777344,286.9594421386719,138308,-253599.25,-3.876537084579468e-05,-1.650373451411724e-05,1.964599825779773,-7.345364722995101e-24,-7.345364920210326e-25,0
SITE_002_S0154,SITE_002,289.9778442382812,288.6882781982422,290.3074340820312,271602,-215626.25,-4.52529639005661e-05,-2.608564682304859e-05,1.757529396995566,-7.345364722995101e-24,-7.345364920210326e-25,0
SITE_002_S0155,SITE_002,286.3323516845703,285.225830078125,286.7104339599609,191902,-134575.5,-7.808022201061249e-05,-2.831802703440189e-05,3.085202855267769,-7.345364722995101e-24,-7.345364920210326e-25,0
SITE_002_S0156,SITE_002,289.5231323242188,289.1602935791016,289.3835601806641,61748,-26376,-0.0001093819737434387,-2.277758903801441e-05,3.872171687347046,-7.345364722995101e-24,-7.345364920210326e-25,0
SITE_002_S0157,SITE_002,285.2306213378906,284.9999084472656,286.5283508300781,164969,-104918,-3.957934677600861e-05,-1.54874287545681e-05,1.776171887044149,-7.345364722995101e-24,-7.345364920210326e-25,0
SITE_002_S0158,SITE_002,289.3410491943359,287.9045867919922,289.7129058837891,271236,-315010,-0.0002661366015672684,-5.295011214911938e-05,3.734191466065909,-7.345364722995101e-24,-7.345364920210326e-25,0
SITE_002_S0159,SITE_002,284.978759765625,284.1165313720703,286.6579437255859,216312,-227946.5,-4.537403583526611e-06,-4.537869244813919e-06,1.390125354084609,-7.345364722995101e-24,-7.345364920210326e-25,0
SITE_002_S0160,SITE_002,289.3770141601562,288.4510498046875,290.3474426269531,157519,-232090.5,-6.317347288131714e-05,-1.039053313434124e-05,1.910405322242197,-7.345364722995101e-24,-7.345364920210326e-25,0
SITE_002_S0161,SITE_002,294.8315582275391,294.0834197998047,295.1628723144531,110663,-142553,-0.0001361910253763199,-1.413049176335335e-05,2.374911582112216,-7.345364722995101e-24,-7.345364920210326e-25,0
SITE_002_S0162,SITE_002,288.0042877197266,287.1653900146484,290.0642395019531,99713,-185420,-1.057982444763184e-06,-1.000240445137024e-06,1.116739965378495,-7.345364722995101e-24,-7.345364920210326e-25,0
SITE_002_S0163,SITE_002,286.7447967529297,285.1822509765625,287.1741485595703,31477,-57513.5,-7.056631147861481e-05,-8.834293112158775e-06,2.519083175303188,-7.345364722995101e-24,-7.345364920210326e-25,0
SITE_002_S0164,SITE_002,290.9369659423828,289.9783935546875,291.1499786376953,24087,-85861.25,-2.606213092803955e-05,-7.224967703223228e-06,1.307934985330676,-7.345364722995101e-24,-7.345364920210326e-25,0
SITE_002_S0165,SITE_002,285.5193786621094,283.3993682861328,286.7453918457031,28866,-186714,3.485009074211121e-06,3.485009074211121e-06,2.320896012745869,-7.345364722995101e-24,-7.345364920210326e-25,0
SITE_002_S0166,SITE_002,288.0322113037109,287.3741302490234,289.6901550292969,8631,-113381.5,-3.04877758026123e-05,-2.685142681002617e-05,3.7507501937397,-7.345364722995101e-24,-7.345364920210326e-25,0
SITE_002_S0167,SITE_002,284.3986206054688,284.0223693847656,287.0524749755859,675,-51037.5,-5.633383989334106e-05,-5.633453838527203e-05,3.557145116090986,-7.345364722995101e-24,-7.345364920210326e-25,0
SITE_002_S0168,SITE_002,287.1279449462891,286.3904113769531,288.6003875732422,3599,-193418.25,-4.289671778678894e-06,-3.613065928220749e-06,3.198297327454455,-7.345364722995101e-24,-7.345364920210326e-25,0
SITE_002_S0169,SITE_002,289.3990325927734,288.3383331298828,290.2735443115234,221,-157173,-2.906844019889832e-05,-4.282454028725624e-06,1.878700926740942,-7.345364722995101e-24,-7.345364920210326e-25,0
SITE_002_S0170,SITE_002,286.6632080078125,285.5058898925781,288.5475311279297,52,-172347.5,-4.347413778305054e-06,-2.020038664340973e-06,1.444827161472027,-7.345364722995101e-24,-7.345364920210326e-25,0
SITE_002_S0171,SITE_002,287.8618316650391,287.2065734863281,288.6129302978516,0,-152542.25,-5.023926496505737e-05,-3.672903403639793e-06,4.51593697903702,-7.345364722995101e-24,-7.345364920210326e-25,0
SITE_002_S0172,SITE_002,284.5853729248047,282.3970031738281,285.0130157470703,0,-207944.5,3.177672624588013e-06,3.004446625709534e-06,2.455313708476403,-7.345364722995101e-24,-7.345364920210326e-25,0
SITE_002_S0173,SITE_002,289.5906066894531,287.3373870849609,288.3104248046875,0,-242297.5,-0.0001600645482540131,-1.04936771094799e-05,3.722911657135762,-7.345364722995101e-24,-7.345364920210326e-25,0
SITE_002_S0174,SITE_002,282.8517150878906,282.3973541259766,284.5893707275391,0,-107416.75,-9.220093488693236e-07,-9.075738489627838e-07,1.145542653603559,-7.345364722995101e-24,-7.345364920210326e-25,0
SITE_002_S0175,SITE_002,280.7887573242188,278.7628784179688,281.96728515625,0,-146563.75,-6.761401891708374e-07,-4.700850695371628e-07,0.974292805005308,-7.345364722995101e-24,-7.345364920210326e-25,0
SITE_002_S0176,SITE_002,276.6662445068359,274.0147705078125,278.4743957519531,0,-217251.5,1.441687345504761e-06,1.437962055206299e-06,1.67210989557006,-7.345364722995101e-24,-7.345364920210326e-25,0
SITE_002_S0177,SITE_002,283.16357421875,281.7406768798828,283.8820037841797,0,-206394.5,-1.348555088043213e-06,-4.165340214967728e-07,2.415139686203895,-7.345364722995101e-24,-7.345364920210326e-25,0
SITE_002_S0178,SITE_002,285.3329772949219,283.6539306640625,285.1585235595703,0,-234481,2.428889274597168e-06,1.00722536444664e-06,2.854880308722143,-7.345364722995101e-24,-7.345364920210326e-25,0
SITE_002_S0179,SITE_002,289.7036743164062,288.3180541992188,288.6456604003906,0,-186723,-0.0001033470034599304,-1.034000888466835e-05,3.596894983131821,-7.345364722995101e-24,-7.345364920210326e-25,0
SITE_002_S0180,SITE_002,286.7610321044922,285.6016845703125,287.3696441650391,0,-168319,-1.250952482223511e-05,-1.408625394105911e-06,1.740304919313106,-7.345364722995101e-24,-7.345364920210326e-25,0
SITE_002_S0181,SITE_002,283.3320617675781,282.4847412109375,283.1351776123047,0,-70664.5,-0.0001361891627311706,-4.042871296405792e-06,5.495035732906868,-7.345364722995101e-24,-7.345364920210326e-25,0
SITE_002_S0182,SITE_002,287.0112457275391,286.6421661376953,286.5248870849609,0,-35522.5,-0.0001333728432655334,-2.140086144208908e-05,6.398537315386569,-7.345364722995101e-24,-7.345364920210326e-25,0
SITE_002_S0183,SITE_002,278.7575378417969,277.5293273925781,279.0653839111328,0,-211658.5,2.216547727584839e-05,2.215942367911339e-05,2.591302461798389,-7.345364722995101e-24,-7.345364920210326e-25,0
SITE_002_S0184,SITE_002,285.9075622558594,284.6589050292969,284.0279388427734,0,-97781.75,-0.0001773685216903687,-1.370953395962715e-05,5.487730878697969,-7.345364722995101e-24,-7.345364920210326e-25,0
SITE_002_S0185,SITE_002,274.6779632568359,273.1378784179688,276.3625793457031,0,-265582,1.305341720581055e-05,1.305295154452324e-05,2.400031528701974,-7.345364722995101e-24,-7.345364920210326e-25,1
SITE_002_S0186,SITE_002,275.3186798095703,273.9509735107422,276.4491577148437,0,-273996,5.453824996948242e-06,5.454057827591896e-06,3.370480717745005,-7.345364722995101e-24,-7.345364920210326e-25,0
SITE_002_S0187,SITE_002,274.58251953125,273.9352264404297,275.5018463134766,0,-114286,-3.218650817871094e-05,-3.877095878124237e-06,2.791988580030264,0.0009765625,0.0002317428588867188,0
SITE_002_S0188,SITE_002,275.4033660888672,274.6200103759766,275.8716583251953,0,-139592.75,-5.680695176124573e-05,-4.46569174528122e-06,4.162959307764378,-7.345364722995101e-24,1.430511474609375e-05,0
SITE_002_S0189,SITE_002,282.4116668701172,281.4433441162109,280.2434539794922,0,-3341.5,-4.405900835990906e-05,-3.836071118712425e-05,4.890510798190558,-7.345364722995101e-24,1.9073486328125e-06,0
SITE_002_S0190,SITE_002,278.5409393310547,277.4159393310547,279.809326171875,0,-220222.25,-3.792345523834229e-06,-2.881977707147598e-06,2.818555685044744,-7.345364722995101e-24,-7.345364920210326e-25,0
SITE_002_S0191,SITE_002,277.3359985351562,276.1268768310547,277.5928192138672,0,-233378,-3.770738840103149e-05,-1.309998333454132e-05,3.835736849402756,-7.345364722995101e-24,-7.345364920210326e-25,0
SITE_002_S0192,SITE_002,272.5031280517578,272.3265075683594,273.6529083251953,0,-57907.5,-6.463378667831421e-05,-8.020317181944847e-06,4.31560274520271,0.0107421875,0.0020742416381835,1
SITE_002_S0193,SITE_002,281.1303558349609,280.5716247558594,280.5416564941406,0,-32781,-1.194700598716736e-05,-1.194747164845467e-05,2.218869134156309,-7.345364722995101e-24,-7.345364920210326e-25,0
SITE_002_S0194,SITE_002,278.9999389648437,278.2726593017578,279.1608123779297,0,-135207.5,5.699694156646729e-07,5.695037543773651e-07,3.692773402848791,-7.345364722995101e-24,-7.345364920210326e-25,0
SITE_002_S0195,SITE_002,272.2311859130859,271.1168975830078,273.7082824707031,0,-89590.5,5.811452865600586e-07,5.797483026981354e-07,1.710879992356848,-7.345364722995101e-24,-7.345364920210326e-25,1
SITE_002_S0196,SITE_002,275.4308471679688,274.4143829345703,275.9827575683594,0,-123634,-3.410503268241882e-06,-6.738118827342987e-07,2.289935795619026,-7.345364722995101e-24,-7.345364920210326e-25,0
SITE_002_S0197,SITE_002,276.1926727294922,274.8446350097656,275.7780456542969,0,-37807,2.309679985046387e-06,2.312939614057541e-06,2.574131130821683,-7.345364722995101e-24,-7.345364920210326e-25,0
SITE_002_S0198,SITE_002,276.7020416259766,275.5216979980469,277.0197296142578,0,-245682.5,-4.10955399274826e-05,-1.883669756352901e-05,4.728842159187408,-7.345364722995101e-24,-7.345364920210326e-25,0
SITE_002_S0199,SITE_002,280.1641082763672,279.8310699462891,279.3260345458984,0,-27613.5,-7.377564907073975e-05,-7.893890142440796e-06,5.334787530248121,-7.345364722995101e-24,-7.345364920210326e-25,0
SITE_002_S0200,SITE_002,268.0539703369141,265.2026214599609,271.6611785888672,0,-248453.5,9.257346391677856e-07,9.271316230297088e-07,1.221287665411319,0.001953125,0.0003080368041992188,1
SITE_002_S0201,SITE_002,275.5517883300781,275.0116271972656,275.2946624755859,0,-62943.5,-6.668269634246826e-07,-6.60773366689682e-07,2.306359599486713,0.0009765625,9.5367431640625e-05,0
SITE_002_S0202,SITE_002,273.2346801757812,272.2882385253906,273.3662719726562,0,-67063,-1.769512891769409e-06,-1.745065674185753e-06,2.684620293077052,0.015625,0.0023279190063476,1
SITE_002_S0203,SITE_002,279.7299499511719,278.7182312011719,278.8491058349609,0,-227850,-4.959478974342346e-05,-4.231114871799946e-05,7.194101252600698,-7.345364722995101e-24,9.5367431640625e-07,0
SITE_002_S0204,SITE_002,274.9805450439453,273.8605651855469,275.8120422363281,0,-188730,9.98377799987793e-07,2.579763531684876e-07,2.38958425814681,-7.345364722995101e-24,-7.345364920210326e-25,0
SITE_002_S0205,SITE_002,278.0752563476562,276.7671356201172,278.0218353271484,0,-280837,8.761882781982422e-06,1.266598701477051e-06,3.143848530407733,-7.345364722995101e-24,-7.345364920210326e-25,0
SITE_002_S0206,SITE_002,276.5715942382812,269.8679504394531,273.7843933105469,0,-169505.75,8.083879947662354e-07,8.076895028352737e-07,1.024931545577597,-7.345364722995101e-24,-7.345364920210326e-25,1
SITE_002_S0207,SITE_002,277.7696228027344,277.0100402832031,278.5989379882812,0,-112816,-8.19079577922821e-05,-5.278456956148148e-05,6.117170026423586,-7.345364722995101e-24,-7.345364920210326e-25,0
SITE_002_S0208,SITE_002,278.4553680419922,277.7230529785156,278.8097076416016,0,-76893.75,-2.801045775413513e-05,-1.218635588884354e-05,2.556969548670736,-7.345364722995101e-24,-7.345364920210326e-25,0
SITE_002_S0209,SITE_002,281.4478149414062,280.9024505615234,281.0521087646484,0,-52755.25,-0.0001393221318721771,-6.320839747786522e-05,7.336594777898047,-7.345364722995101e-24,-7.345364920210326e-25,0
SITE_002_S0210,SITE_002,291.9473876953125,290.7584991455078,291.3370971679688,113114,-114557,-0.0001685451716184616,-3.374740481376648e-05,3.449206973018854,-7.345364722995101e-24,-7.345364920210326e-25,0
SITE_002_S0211,SITE_002,295.7895202636719,294.8773956298828,296.563720703125,138434,-259961.5,-0.0003076400607824326,-3.614695742726326e-05,3.97365332983537,-7.345364722995101e-24,-7.345364920210326e-25,0
SITE_002_S0212,SITE_002,288.8135070800781,287.4825439453125,289.9716644287109,99516,-210397.5,-6.977841258049011e-05,-1.993216574192047e-05,2.81608946631718,-7.345364722995101e-24,-7.345364920210326e-25,0
SITE_002_S0213,SITE_002,288.6438293457031,287.8033142089844,289.7465667724609,63891,-219128.5,-6.93202018737793e-05,-9.320909157395365e-06,3.682962541071345,-7.345364722995101e-24,-7.345364920210326e-25,0
SITE_002_S0214,SITE_002,285.8384399414062,285.3314971923828,287.8654937744141,31624,-120874.5,-2.306327223777771e-05,-2.271751873195172e-05,2.912288711618965,-7.345364722995101e-24,-7.345364920210326e-25,0
SITE_002_S0215,SITE_002,288.2893676757812,286.1701812744141,288.9389038085937,12209,-201548.75,-1.092255115509033e-05,-4.049390554428101e-06,2.136043397614343,-7.345364722995101e-24,-7.345364920210326e-25,0
SITE_002_S0216,SITE_002,289.4807586669922,288.8561401367188,290.9220275878906,1890,-198133.75,-2.513453364372253e-05,-6.547430530190468e-06,2.739158139523371,-7.345364722995101e-24,-7.345364920210326e-25,0
SITE_002_S0217,SITE_002,283.9591064453125,282.8214111328125,284.9876403808594,93,-141875.75,-7.241591811180115e-05,-6.923917680978775e-06,3.414552110656316,-7.345364722995101e-24,-7.345364920210326e-25,0
SITE_002_S0218,SITE_002,290.7131652832031,290.2872314453125,290.384033203125,0,-24383,-6.23408704996109e-05,-1.622270792722702e-05,3.787486432027051,-7.345364722995101e-24,-7.345364920210326e-25,0
SITE_002_S0219,SITE_002,280.9861450195312,279.2631530761719,282.5096588134766,0,-213657,-1.296401023864746e-06,-7.655471563339233e-07,2.001684550261716,-7.345364722995101e-24,-7.345364920210326e-25,0
SITE_002_S0220,SITE_002,286.5120391845703,285.9054565429688,287.2359313964844,0,-131020.25,6.407499313354492e-07,6.42845407128334e-07,3.210185881174409,-7.345364722995101e-24,-7.345364920210326e-25,0
SITE_002_S0221,SITE_002,285.940185546875,284.90283203125,286.4678497314453,0,-127167,-7.896125316619873e-05,-7.130438461899757e-05,5.525214274059129,-7.345364722995101e-24,-7.345364920210326e-25,0
SITE_002_S0222,SITE_002,278.9264678955078,277.8216400146484,280.5702209472656,0,-238664.5,-3.409385681152344e-05,-1.64771918207407e-05,3.269288174860709,-7.345364722995101e-24,-7.345364920210326e-25,0
SITE_002_S0223,SITE_002,288.3876342773437,287.580810546875,287.2021789550781,0,-40193,-0.0001168325543403626,-3.221584483981133e-05,4.807233052556798,-7.345364722995101e-24,-7.345364920210326e-25,0
SITE_002_S0224,SITE_002,284.5080871582031,283.5068359375,284.6900787353516,0,-141875.5,-9.686872363090516e-05,-1.216563396155834e-05,4.117230315818238,-7.345364722995101e-24,-7.345364920210326e-25,0
SITE_002_S0225,SITE_002,284.5883636474609,283.5693359375,284.7579498291016,0,-100280.5,1.754611730575562e-06,1.758337020874023e-06,2.833156141052361,-7.345364722995101e-24,-7.345364920210326e-25,0
SITE_002_S0226,SITE_002,274.3477478027344,272.9096374511719,276.6494750976562,0,-282144.5,6.016343832015991e-06,5.995389074087143e-06,2.46172600528761,-7.345364722995101e-24,-7.345364920210326e-25,1
SITE_002_S0227,SITE_002,280.4914855957031,279.6484069824219,281.3774261474609,0,-153868.25,6.034970283508301e-06,6.03310763835907e-06,2.59633728606398,-7.345364722995101e-24,-7.345364920210326e-25,0
SITE_002_S0228,SITE_002,276.8655853271484,276.1252136230469,277.7499237060547,0,-205341.5,-3.54275107383728e-06,-2.80747190117836e-06,4.936621946098115,-7.345364722995101e-24,-7.345364920210326e-25,0
SITE_002_S0229,SITE_002,275.8627777099609,274.9947204589844,276.7864990234375,0,-217668,3.416091203689575e-06,6.151385605335236e-07,2.149995752094925,-7.345364722995101e-24,-7.345364920210326e-25,0
SITE_002_S0230,SITE_002,276.7338562011719,275.7130737304688,277.2792358398437,0,-227087.5,1.396238803863525e-05,1.395936124026775e-05,2.612034044732194,-7.345364722995101e-24,-7.345364920210326e-25,0
SITE_002_S0231,SITE_002,278.7249603271484,277.4457397460937,279.1762084960937,0,-177474.5,-6.290897727012634e-05,-3.56980599462986e-05,3.879179941061573,-7.345364722995101e-24,-7.345364920210326e-25,0
SITE_002_S0232,SITE_002,277.7006072998047,277.2656097412109,276.965087890625,0,4360.5,-7.367506623268127e-05,-2.04124953597784e-05,6.48986940008098,-7.345364722995101e-24,1.239776611328125e-05,0
SITE_002_S0233,SITE_002,280.0883636474609,279.6093597412109,279.3442840576172,0,-32360,-0.0001003146171569824,-2.752174623310566e-05,4.829837831586192,-7.345364722995101e-24,-7.345364920210326e-25,0
SITE_002_S0234,SITE_002,278.6925506591797,277.8504638671875,279.4818420410156,0,-160312.5,1.40070915222168e-06,1.312000676989555e-06,2.841735794768209,-7.345364722995101e-24,-7.345364920210326e-25,0
SITE_002_S0235,SITE_002,279.5595397949219,278.8855895996094,279.6412353515625,0,-114091.5,-9.851530194282532e-06,-7.789116352796555e-06,3.882270048280797,-7.345364722995101e-24,-7.345364920210326e-25,0
SITE_002_S0236,SITE_002,274.0966186523437,272.5069274902344,273.985595703125,0,-226379.5,-7.399171590805054e-05,-1.112022437155247e-05,3.73607462127321,-7.345364722995101e-24,9.5367431640625e-07,1
SITE_002_S0237,SITE_002,278.3442993164062,277.4056854248047,277.8091888427734,0,-100398,-2.310425043106079e-05,-1.41519121825695e-05,4.608625958209577,-7.345364722995101e-24,2.86102294921875e-06,0
SITE_002_S0238,SITE_002,277.1216278076172,276.1334075927734,277.8204650878906,0,-158427.5,-5.768612027168274e-06,-1.887325197458267e-06,3.082964183403812,-7.345364722995101e-24,-7.345364920210326e-25,0
SITE_002_S0239,SITE_002,277.1582641601562,276.0812683105469,278.2923278808594,0,-286410,1.73468142747879e-05,1.734495162963867e-05,3.394880679343415,-7.345364722995101e-24,-7.345364920210326e-25,0
SITE_002_S0240,SITE_002,277.0575561523437,277.14208984375,277.5373687744141,0,-12216,-2.950429916381836e-06,-9.764917194843292e-07,1.450917530521392,-7.345364722995101e-24,-7.345364920210326e-25,0
SITE_002_S0241,SITE_002,279.1490478515625,278.4431457519531,278.672119140625,0,-33512,-5.274266004562378e-05,-5.045952275395393e-05,5.46285280356464,-7.345364722995101e-24,-7.345364920210326e-25,0
SITE_002_S0242,SITE_002,277.2007904052734,275.8857421875,277.9169158935547,0,-183056,-5.122087895870209e-05,-4.362408071756363e-05,5.076583371770041,-7.345364722995101e-24,-7.345364920210326e-25,0
SITE_002_S0243,SITE_002,280.0812072753906,278.9024505615234,279.1149139404297,0,-145132.25,-3.282353281974792e-05,-2.739811316132545e-05,6.703538273918178,-7.345364722995101e-24,-7.345364920210326e-25,0
SITE_002_S0244,SITE_002,284.9552001953125,283.9965362548828,282.8029937744141,0,-91580.5,-0.000149652361869812,-7.00782984495163e-05,8.489621310963356,-7.345364722995101e-24,-7.345364920210326e-25,0
SITE_002_S0245,SITE_002,276.9788360595703,275.7326507568359,277.5202178955078,0,-250498.75,-8.434988558292389e-05,-2.832850441336632e-05,5.099815441008744,-7.345364722995101e-24,-7.345364920210326e-25,0
SITE_002_S0246,SITE_002,274.2008666992188,272.6970977783203,274.8923645019531,0,-266099.75,-7.860362529754639e-06,-6.102724000811577e-06,3.44662417639944,0.0029296875,0.0003709793090820313,1
SITE_002_S0247,SITE_002,275.0985107421875,274.227783203125,276.1242065429688,0,-165851.5,8.650124073028564e-06,8.64989124238491e-06,2.705987049766788,-7.345364722995101e-24,9.5367431640625e-07,0
SITE_002_S0248,SITE_002,281.7729949951172,281.1035308837891,281.1670227050781,0,-61407.75,-1.2250617146492e-05,-1.20608601719141e-05,3.063223648849211,-7.345364722995101e-24,-7.345364920210326e-25,0
SITE_002_S0249,SITE_002,280.3480529785156,279.4655151367188,280.3852233886719,0,-118698,-1.870468258857727e-05,-3.850553184747696e-06,2.122217434868825,-7.345364722995101e-24,-7.345364920210326e-25,0
SITE_002_S0250,SITE_002,272.1169891357422,270.6515350341797,274.06494140625,0,-333004.5,-7.37905502319336e-05,-8.797971531748772e-06,3.352853610925884,-7.345364722995101e-24,-7.345364920210326e-25,1
SITE_002_S0251,SITE_002,279.5544128417969,278.4955291748047,280.6398468017578,80353,-180786.25,-4.433095455169678e-06,-4.429835826158524e-06,2.053496896157608,-7.345364722995101e-24,-7.345364920210326e-25,0
SITE_002_S0252,SITE_002,284.0008087158203,282.8839874267578,285.0212249755859,116892,-156868.25,-1.548230648040771e-05,-7.738126441836357e-06,1.430904004088058,-7.345364722995101e-24,-7.345364920210326e-25,0
SITE_002_S0253,SITE_002,274.8732299804688,273.9894866943359,277.4098510742188,190425,-266702.25,-6.496906280517578e-06,-3.889435902237892e-06,1.224555537608555,-7.345364722995101e-24,-7.345364920210326e-25,0
SITE_002_S0254,SITE_002,290.2316131591797,288.6286315917969,288.9826049804688,95713,-82857.5,-9.209848940372468e-05,-1.760921441018581e-05,2.412549826821252,-7.345364722995101e-24,-7.345364920210326e-25,0
SITE_002_S0255,SITE_002,284.1674499511719,282.0670471191406,284.1186828613281,217530,-163188.5,-1.415610313415527e-06,-1.408625394105911e-06,0.4945998745821399,-7.345364722995101e-24,-7.345364920210326e-25,0
SITE_002_S0256,SITE_002,286.9167785644531,286.6809234619141,288.5342102050781,223871,-233424,-6.860122084617615e-05,-1.008692197501659e-05,2.509728958563848,-7.345364722995101e-24,-7.345364920210326e-25,0
SITE_002_S0257,SITE_002,284.2825317382812,283.8040924072266,285.0325317382812,161844,-98233.5,-4.139915108680725e-05,-2.399226650595665e-05,1.913517861972778,-7.345364722995101e-24,-7.345364920210326e-25,0
SITE_002_S0258,SITE_002,288.1211090087891,288.2835083007812,289.6681823730469,124175,-29967,-3.51443886756897e-05,-3.392645157873631e-05,2.606921848114184,-7.345364722995101e-24,-7.345364920210326e-25,0
SITE_002_S0259,SITE_002,286.5332183837891,285.6015472412109,287.5601043701172,260478,-233498.5,-3.396160900592804e-05,-2.0995968952775e-05,2.198966767568276,-7.345364722995101e-24,-7.345364920210326e-25,0
SITE_002_S0260,SITE_002,293.636474609375,293.0691986083984,293.8684387207031,210245,-123717.5,-4.247389733791351e-05,-1.328648068010807e-05,2.167235721456123,-7.345364722995101e-24,-7.345364920210326e-25,0
SITE_002_S0261,SITE_002,288.2918548583984,287.7429809570312,288.8033599853516,150275,-98750,-7.912144064903259e-05,-2.239970490336418e-05,2.859123802656811,-7.345364722995101e-24,-7.345364920210326e-25,0
SITE_002_S0262,SITE_002,288.1040191650391,287.8697509765625,288.1543884277344,10896,-6652.5,-1.506879925727844e-06,-1.506181433796883e-06,2.430909677664753,-7.345364722995101e-24,-7.345364920210326e-25,0
SITE_002_S0263,SITE_002,286.8534851074219,284.8984832763672,286.9940185546875,168827,-136472.5,-1.243129372596741e-05,-1.185387372970581e-05,2.233387166016913,-7.345364722995101e-24,-7.345364920210326e-25,0
SITE_002_S0264,SITE_002,283.8170166015625,282.5662078857422,285.5984649658203,164534,-223111.5,7.636845111846924e-07,7.655471563339233e-07,1.663867027758208,-7.345364722995101e-24,-7.345364920210326e-25,0
SITE_002_S0265,SITE_002,289.70068359375,289.2542724609375,289.9813995361328,23243,-40532,-3.337115049362183e-05,-3.336882218718529e-05,3.898798389088701,-7.345364722995101e-24,-7.345364920210326e-25,0
SITE_002_S0266,SITE_002,287.7874298095703,286.4046783447266,289.2732543945312,79438,-179852,2.536922693252563e-06,2.539949491620064e-06,1.702780455565556,-7.345364722995101e-24,-7.345364920210326e-25,0
SITE_002_S0267,SITE_002,289.7898101806641,287.83642578125,290.2115020751953,71861,-169547.5,-1.709349453449249e-05,-7.437076419591904e-06,1.899130689033047,-7.345364722995101e-24,-7.345364920210326e-25,0
SITE_002_S0268,SITE_002,293.1984405517578,292.7517242431641,294.6054992675781,15766,-89020.5,-2.235174179077148e-08,-1.955777406692505e-08,0.8538808990320679,-7.345364722995101e-24,-7.345364920210326e-25,0
SITE_002_S0269,SITE_002,288.6041259765625,287.5445251464844,289.3043212890625,771,-25270.5,-0.0001763701438903809,-0.0001615658402442932,8.731483423777357,-7.345364722995101e-24,-7.345364920210326e-25,0
SITE_002_S0270,SITE_002,286.0379333496094,285.3301544189453,287.39208984375,2025,-156535.5,-2.794712781906128e-05,-8.44523310661316e-06,2.381093056817241,-7.345364722995101e-24,-7.345364920210326e-25,0
SITE_003_S0001,SITE_003,271.0488739013672,269.7449951171875,273.4491882324219,0,-139985,2.04332172870636e-06,2.043554559350014e-06,1.414783676043521,-7.345364722995101e-24,3.910064697265625e-05,1
SITE_003_S0002,SITE_003,274.6904144287109,273.9568328857422,274.1887054443359,0,6774,4.433095455169678e-07,4.444736987352371e-07,1.305082196684877,-7.345364722995101e-24,2.86102294921875e-06,0
SITE_003_S0003,SITE_003,276.40771484375,275.1586456298828,275.8876342773437,0,-148116.5,-6.609596312046051e-05,-2.84386333078146e-05,6.306021289542968,0.001953125,0.0003213882446289062,0
SITE_003_S0004,SITE_003,277.2114562988281,275.310302734375,276.909423828125,0,-278430.75,-4.658475518226624e-05,-5.980487912893295e-06,3.727663028917806,-7.345364722995101e-24,-7.345364920210326e-25,0
SITE_003_S0005,SITE_003,273.3884735107422,271.8983154296875,274.5115356445312,0,-257518.25,8.970499038696289e-06,8.969567716121674e-06,2.926330849057442,-7.345364722995101e-24,-7.345364920210326e-25,1
SITE_003_S0006,SITE_003,277.2449645996094,276.7314147949219,277.6575164794922,0,-21262.75,-1.819804310798645e-05,-1.819594763219357e-05,2.819142216740061,-7.345364722995101e-24,-7.345364920210326e-25,0
SITE_003_S0007,SITE_003,276.5753021240234,275.8622589111328,276.9415740966797,0,-17485.75,-4.148110747337341e-06,-3.599794581532478e-06,1.894415602152942,-7.345364722995101e-24,-7.345364920210326e-25,0
SITE_003_S0008,SITE_003,278.3583679199219,277.7056732177734,279.8347778320312,2855,-187015,-1.911073923110962e-05,-9.434297680854796e-06,2.546930287873057,-7.345364722995101e-24,-7.345364920210326e-25,0
SITE_003_S0009,SITE_003,275.9306945800781,274.2972564697266,277.3602905273437,15468,-260072.25,1.165270805358887e-05,1.165131106972694e-05,2.48667753860076,-7.345364722995101e-24,-7.345364920210326e-25,0
SITE_003_S0010,SITE_003,282.6002655029297,281.9378814697266,282.7431488037109,13155,-52122.5,-1.462176442146301e-05,-1.462036743760109e-05,2.819996968918628,-7.345364722995101e-24,-7.345364920210326e-25,0
SITE_003_S0011,SITE_003,278.349853515625,277.19287109375,279.0783996582031,64811,-264257,8.318573236465454e-06,8.316943421959877e-06,3.126664263602871,-7.345364722995101e-24,-7.345364920210326e-25,0
SITE_003_S0012,SITE_003,282.7110900878906,282.2604370117188,283.4166259765625,66456,-116134.25,-0.0001167282462120056,-2.995459362864494e-05,6.049973713577969,-7.345364722995101e-24,-7.345364920210326e-25,0
SITE_003_S0013,SITE_003,284.9708709716797,284.1177368164062,285.4031524658203,71503,-84552.75,-4.74974513053894e-06,-4.488509148359299e-06,1.276589064604699,-7.345364722995101e-24,-7.345364920210326e-25,0
SITE_003_S0014,SITE_003,278.8963775634766,276.8392486572266,280.1215667724609,228151,-238730.75,1.229345798492432e-07,1.2153759598732e-07,0.8839457383564225,-7.345364722995101e-24,-7.345364920210326e-25,0
SITE_003_S0015,SITE_003,281.989013671875,280.0554504394531,281.5631561279297,126328,-89442,-3.173947334289551e-05,-2.695061266422272e-05,3.222776683124817,-7.345364722995101e-24,-7.345364920210326e-25,0
SITE_003_S0016,SITE_003,286.7500457763672,285.0960998535156,286.0722351074219,263080,-224304.5,-7.412023842334747e-05,-3.210152499377728e-05,3.013404859317397,-7.345364722995101e-24,-7.345364920210326e-25,0
SITE_003_S0017,SITE_003,286.1675415039062,284.7239837646484,286.3017883300781,280490,-245393,-7.026642560958862e-05,-2.587959170341492e-05,2.430938466184836,-7.345364722995101e-24,-7.345364920210326e-25,0
SITE_003_S0018,SITE_003,280.8731079101562,279.3063049316406,281.5703735351562,272222,-191466,-1.115724444389343e-06,-1.116655766963959e-06,1.890167313561932,-7.345364722995101e-24,-7.345364920210326e-25,0
SITE_003_S0019,SITE_003,284.8221282958984,284.5242767333984,285.2738342285156,94883,-62202,-5.420856177806854e-05,-1.802295446395874e-05,2.598719084334477,-7.345364722995101e-24,-7.345364920210326e-25,0
SITE_003_S0020,SITE_003,287.0954437255859,286.2087249755859,287.4497375488281,236027,-197050.75,-8.378177881240845e-06,-7.363269105553627e-06,1.432986197740835,-7.345364722995101e-24,-7.345364920210326e-25,0
SITE_003_S0021,SITE_003,288.5636749267578,287.5033569335937,290.0146789550781,237949,-266289.5,-6.356276571750641e-05,-3.383960574865341e-05,3.150720826443827,-7.345364722995101e-24,-7.345364920210326e-25,0
SITE_003_S0022,SITE_003,287.3084869384766,285.6847991943359,287.2910003662109,128754,-103603.25,-4.942156374454498e-05,-2.146139740943909e-05,2.345148301436428,-7.345364722995101e-24,-7.345364920210326e-25,0
SITE_003_S0023,SITE_003,289.2044525146484,288.5948028564453,290.7047576904297,167237,-232182,-2.930313348770142e-05,-2.612452954053879e-05,2.991879621112416,-7.345364722995101e-24,-7.345364920210326e-25,0
SITE_003_S0024,SITE_003,285.4223937988281,284.460693359375,286.1630554199219,76285,-149040.5,-6.314925849437714e-05,-2.393219619989395e-05,3.883595589906577,-7.345364722995101e-24,-7.345364920210326e-25,0
SITE_003_S0025,SITE_003,286.9178009033203,285.8962860107422,288.2193756103516,48187,-137325.5,4.600733518600464e-06,4.600267857313156e-06,1.319083758044984,-7.345364722995101e-24,-7.345364920210326e-25,0
SITE_003_S0026,SITE_003,288.7624053955078,286.7684936523437,288.9041595458984,16045,-258367.75,-0.0001336894929409027,-2.425559796392918e-05,4.220709492293784,-7.345364722995101e-24,-7.345364920210326e-25,0
SITE_003_S0027,SITE_003,283.3794403076172,282.3056030273437,284.6685791015625,541,-244863.5,-2.124160528182984e-05,-4.139728844165802e-06,4.551142104612577,-7.345364722995101e-24,-7.345364920210326e-25,0
SITE_003_S0028,SITE_003,285.2478637695312,284.2554321289062,285.7185363769531,0,-45060,-2.882629632949829e-05,-2.629519440233708e-05,3.715905262606381,-7.345364722995101e-24,-7.345364920210326e-25,0
SITE_003_S0029,SITE_003,275.8714447021484,274.3105163574219,277.4329528808594,0,-194064.25,1.003965735435486e-05,1.004408113658428e-05,2.10262445038079,-7.345364722995101e-24,-7.345364920210326e-25,0
SITE_003_S0030,SITE_003,280.0964813232422,278.8822174072266,281.0797576904297,0,-245200,-2.905726432800293e-05,-2.68502626568079e-05,4.646376394507002,-7.345364722995101e-24,-7.345364920210326e-25,0
SITE_003_S0031,SITE_003,275.1708374023437,274.1135101318359,275.9426422119141,0,-181107.5,1.111999154090881e-05,1.112022437155247e-05,3.225150082102169,-7.345364722995101e-24,8.58306884765625e-06,0
SITE_003_S0032,SITE_003,281.0222320556641,279.9927978515625,280.9551544189453,0,-93956.75,-4.081800580024719e-05,-2.91967298835516e-05,4.180318463603715,-7.345364722995101e-24,-7.345364920210326e-25,0
SITE_003_S0033,SITE_003,278.3898162841797,277.9249420166016,278.4133758544922,0,4499,-1.28522515296936e-05,-6.438232958316803e-06,1.838902765245055,-7.345364722995101e-24,-7.345364920210326e-25,0
SITE_003_S0034,SITE_003,282.6582946777344,281.7079010009766,282.5584259033203,0,-166604.25,-2.935901284217834e-05,-2.475245855748653e-05,4.959490079155286,-7.345364722995101e-24,-7.345364920210326e-25,0
SITE_003_S0035,SITE_003,274.4502563476562,273.8563690185547,274.7864837646484,0,-36843.75,-3.937631845474243e-06,-3.00304964184761e-06,3.026640684912106,0.0009765625,0.00011444091796875,0
SITE_003_S0036,SITE_003,274.2897644042969,273.2677001953125,275.1549377441406,0,-183949,5.219131708145142e-06,5.220063030719757e-06,3.965126521880248,-7.345364722995101e-24,-7.345364920210326e-25,0
SITE_003_S0037,SITE_003,281.8852233886719,281.3966979980469,280.7982025146484,0,-131005.75,-2.748891711235046e-05,-3.799097612500191e-06,4.081889336802233,-7.345364722995101e-24,9.5367431640625e-07,0
SITE_003_S0038,SITE_003,276.0998840332031,274.6903228759766,276.417236328125,0,-284408,-6.46635890007019e-05,-9.794021025300026e-06,4.799474249955401,-7.345364722995101e-24,-7.345364920210326e-25,0
SITE_003_S0039,SITE_003,274.2602233886719,273.8310089111328,274.2746887207031,0,-9338.5,-8.009374141693115e-08,-7.404014468193054e-08,1.851243139567734,0.0322265625,0.0054855346679687,0
SITE_003_S0040,SITE_003,273.1773223876953,271.8029632568359,274.2471160888672,0,-211279.75,7.148832082748413e-06,7.150694727897644e-06,2.697320927055422,-7.345364722995101e-24,-7.345364920210326e-25,1
SITE_003_S0041,SITE_003,273.491455078125,272.7130584716797,274.8751068115234,0,-197699.75,-2.331659197807312e-05,-3.485707566142082e-06,2.998597095835533,-7.345364722995101e-24,1.811981201171875e-05,1
SITE_003_S0042,SITE_003,277.4693145751953,277.2300415039062,277.5889587402344,0,-22550.75,-6.03310763835907e-06,-1.573003828525543e-06,1.952419568702202,-7.345364722995101e-24,-7.345364920210326e-25,0
SITE_003_S0043,SITE_003,277.6714935302734,276.4580993652344,278.6263427734375,77,-207030,-2.679228782653809e-05,-1.74068845808506e-05,4.587605530459729,-7.345364722995101e-24,-7.345364920210326e-25,0
SITE_003_S0044,SITE_003,280.1052551269531,278.9530639648437,280.8682250976562,2769,-161553.75,-1.281499862670898e-06,-5.455221980810165e-07,2.260979920826585,-7.345364722995101e-24,-7.345364920210326e-25,0
SITE_003_S0045,SITE_003,276.2418365478516,274.9288177490234,277.3885192871094,70965,-192126.5,-5.330890417098999e-06,-4.817033186554909e-06,2.419454554504655,-7.345364722995101e-24,-7.345364920210326e-25,0
SITE_003_S0046,SITE_003,282.6259155273437,280.9171752929688,282.3198547363281,117652,-243301.75,-1.421384513378143e-05,-5.15044666826725e-06,2.939843065276714,-7.345364722995101e-24,-7.345364920210326e-25,0
SITE_003_S0047,SITE_003,282.1429901123047,280.5951080322266,282.2837829589844,164796,-227486.75,-6.638467311859131e-06,-6.638234481215477e-06,2.67185937765536,-7.345364722995101e-24,-7.345364920210326e-25,0
SITE_003_S0048,SITE_003,283.5393829345703,283.3944244384766,284.213623046875,78518,-40819,-3.620050847530365e-05,-1.438520848751068e-05,1.952086106803762,-7.345364722995101e-24,-7.345364920210326e-25,0
SITE_003_S0049,SITE_003,288.123291015625,287.76123046875,288.2187347412109,154383,-123645.5,-2.387724816799164e-05,-1.783715561032295e-05,3.952837017620323,-7.345364722995101e-24,-7.345364920210326e-25,0
SITE_003_S0050,SITE_003,285.6062469482422,284.9771881103516,287.69677734375,263882,-246671.5,-1.651421189308167e-05,-1.651118509471416e-05,2.429152006215853,-7.345364722995101e-24,-7.345364920210326e-25,0
SITE_003_S0051,SITE_003,285.0391998291016,284.8464508056641,286.6976318359375,94440,-87158,-5.710124969482422e-05,-1.975754275918007e-05,2.028430173027733,-7.345364722995101e-24,-7.345364920210326e-25,0
SITE_003_S0052,SITE_003,287.8786926269531,286.87109375,287.9443359375,28376,-38268.5,-6.209313869476318e-05,-4.830327816307545e-05,3.995620896526741,-7.345364722995101e-24,-7.345364920210326e-25,0
SITE_003_S0053,SITE_003,287.9396209716797,286.7455902099609,287.9995574951172,211654,-199040.5,-2.868287265300751e-05,-2.612522803246975e-05,3.068678885092824,-7.345364722995101e-24,-7.345364920210326e-25,0
SITE_003_S0054,SITE_003,290.2998046875,289.7943267822266,290.0294494628906,100451,-75893,-1.704320311546326e-05,-1.103430986404419e-05,2.767422369894614,-7.345364722995101e-24,-7.345364920210326e-25,0
SITE_003_S0055,SITE_003,290.0581207275391,290.1549835205078,291.3802032470703,91469,-43850,-1.356005668640137e-06,-1.355307176709175e-06,1.052055837553036,-7.345364722995101e-24,-7.345364920210326e-25,0
SITE_003_S0056,SITE_003,286.8657836914062,285.6964111328125,287.7039642333984,71419,-197190.5,2.6654452085495e-06,2.664746716618538e-06,2.859258553614189,-7.345364722995101e-24,-7.345364920210326e-25,0
SITE_003_S0057,SITE_003,283.5800323486328,283.0630798339844,285.775634765625,27931,-131795.5,-1.213699579238892e-05,-1.214258372783661e-05,1.92640933297536,-7.345364722995101e-24,-7.345364920210326e-25,0
SITE_003_S0058,SITE_003,284.9872589111328,283.5920257568359,286.1495971679688,31359,-259722,1.070275902748108e-05,1.069926656782627e-05,2.501059743087448,-7.345364722995101e-24,-7.345364920210326e-25,0
SITE_003_S0059,SITE_003,287.2617492675781,286.53564453125,288.0664520263672,7961,-86582.25,-1.621805131435394e-05,-1.417961902916431e-05,3.631354530753178,-7.345364722995101e-24,-7.345364920210326e-25,0
SITE_003_S0060,SITE_003,290.0380401611328,289.7435150146484,291.5003814697266,1908,-91246.25,-4.195421934127808e-05,-1.044734381139278e-05,3.353056555332291,-7.345364722995101e-24,-7.345364920210326e-25,0
SITE_003_S0061,SITE_003,288.7700805664062,288.0948028564453,289.3671417236328,317,-37264,-2.155080437660217e-05,-1.765741035342216e-05,3.055206246902163,-7.345364722995101e-24,-7.345364920210326e-25,0
SITE_003_S0062,SITE_003,284.6177368164062,282.4176635742188,286.08203125,0,-196508.5,4.284083843231201e-06,4.284083843231201e-06,1.773584782278569,-7.345364722995101e-24,-7.345364920210326e-25,0
SITE_003_S0063,SITE_003,292.5871124267578,290.7107543945312,292.2398834228516,0,-241632,-0.0001088064163923264,-1.017353497445583e-05,3.6492532389064,-7.345364722995101e-24,-7.345364920210326e-25,0
SITE_003_S0064,SITE_003,281.8491668701172,279.9894561767578,283.3740234375,0,-165844.5,8.884817361831665e-07,1.021428033709526e-06,1.9613628430177,-7.345364722995101e-24,-7.345364920210326e-25,0
SITE_003_S0065,SITE_003,284.1647491455078,280.0565490722656,283.3891906738281,0,-166234,2.5872141122818e-06,2.587912604212761e-06,0.4557710639677205,-7.345364722995101e-24,-7.345364920210326e-25,0
SITE_003_S0066,SITE_003,290.2604370117188,289.7635345458984,289.7654876708984,0,-50947.5,-0.0002077594399452209,-8.350005373358727e-06,5.300241493512872,-7.345364722995101e-24,-7.345364920210326e-25,0
SITE_003_S0067,SITE_003,281.9605560302734,280.7634429931641,283.1644744873047,0,-206389.5,1.760944724082947e-05,1.760921441018581e-05,2.187980245828964,-7.345364722995101e-24,-7.345364920210326e-25,0
SITE_003_S0068,SITE_003,283.1729125976562,281.8934020996094,283.7708435058594,0,-240318.25,1.950189471244812e-05,1.95004977285862e-05,3.636792810609921,-7.345364722995101e-24,-7.345364920210326e-25,0
SITE_003_S0069,SITE_003,276.0629425048828,274.5514831542969,278.4293518066406,0,-222286,4.71062958240509e-06,4.71179373562336e-06,1.75777318864151,-7.345364722995101e-24,-7.345364920210326e-25,0
SITE_003_S0070,SITE_003,276.4068450927734,277.4508209228516,279.9116058349609,0,-25896.5,-1.415237784385681e-05,-8.354894816875458e-06,0.7391301705349655,-7.345364722995101e-24,-7.345364920210326e-25,0
SITE_003_S0071,SITE_003,281.2865753173828,280.4454345703125,281.8482971191406,0,-73140.25,-1.526623964309692e-05,-1.514819450676441e-05,2.791742446294988,-7.345364722995101e-24,-7.345364920210326e-25,0
SITE_003_S0072,SITE_003,280.1318817138672,278.7784423828125,280.6629638671875,0,-186933.5,1.301243901252747e-05,1.301220618188381e-05,2.711765425149852,-7.345364722995101e-24,-7.345364920210326e-25,0
SITE_003_S0073,SITE_003,278.4310455322266,278.6363677978516,280.2487030029297,0,-17986.5,-6.601214408874512e-06,-6.583984941244125e-06,1.559431811972136,-7.345364722995101e-24,-7.345364920210326e-25,0
SITE_003_S0074,SITE_003,283.5135498046875,282.7510528564453,282.9175415039062,0,-87051,2.58907675743103e-06,5.061738193035126e-07,2.913778753774573,-7.345364722995101e-24,-7.345364920210326e-25,0
SITE_003_S0075,SITE_003,279.6821746826172,278.11328125,279.8674926757812,0,-194107,-1.997873187065125e-05,-6.320187821984291e-06,3.836151611935517,-7.345364722995101e-24,-7.345364920210326e-25,0
SITE_003_S0076,SITE_003,272.3583221435547,271.9074249267578,275.3006134033203,0,-204146.25,5.211681127548218e-06,5.210982635617256e-06,1.820124813357579,-7.345364722995101e-24,9.5367431640625e-07,1
SITE_003_S0077,SITE_003,274.2767791748047,273.63134765625,275.6657867431641,0,-189332,6.336718797683716e-06,6.338115781545639e-06,2.629565505682522,0.0009765625,8.20159912109375e-05,0
SITE_003_S0078,SITE_003,271.1015625,269.1890869140625,273.4022216796875,0,-223086.5,6.705522537231445e-06,6.705289706587792e-06,2.573060116578895,-7.345364722995101e-24,4.00543212890625e-05,1
SITE_003_S0079,SITE_003,280.4144134521484,279.821044921875,278.5354309082031,0,10735,3.822147846221924e-06,3.82494181394577e-06,3.910715783521882,-7.345364722995101e-24,1.1444091796875e-05,0
SITE_003_S0080,SITE_003,283.6244812011719,281.8360748291016,281.1403961181641,0,-46539.25,-1.527369022369385e-05,-1.527718268334866e-05,4.245326094404665,-7.345364722995101e-24,-7.345364920210326e-25,0
SITE_003_S0081,SITE_003,272.2387847900391,271.3321685791016,274.3087615966797,0,-205762,6.621703505516052e-06,6.566522642970085e-06,2.148246695975643,-7.345364722995101e-24,-7.345364920210326e-25,1
SITE_003_S0082,SITE_003,281.2823791503906,280.5831146240234,279.7116546630859,0,-27323,-3.25329601764679e-05,-1.45158264786005e-05,4.237583424546801,-7.345364722995101e-24,-7.345364920210326e-25,0
SITE_003_S0083,SITE_003,274.0181884765625,272.6272430419922,275.3209381103516,0,-203753,2.145767211914062e-06,2.02585943043232e-06,1.747043262019637,-7.345364722995101e-24,-7.345364920210326e-25,1
SITE_003_S0084,SITE_003,278.6165924072266,276.9367980957031,276.2488403320312,0,-181152,-6.564706563949585e-05,-7.8519806265831e-06,4.481436096253835,-7.345364722995101e-24,9.5367431640625e-07,0
SITE_003_S0085,SITE_003,282.6840515136719,282.1573333740234,280.3915405273437,0,-10127,-7.450580596923828e-07,1.578591763973236e-07,4.066125385068355,-7.345364722995101e-24,-7.345364920210326e-25,0
SITE_003_S0086,SITE_003,280.5944976806641,280.1591186523437,279.7376861572266,0,7068.5,-2.987682819366455e-06,-2.038897946476936e-06,2.135423236427096,-7.345364722995101e-24,-7.345364920210326e-25,0
SITE_003_S0087,SITE_003,278.5442047119141,277.8896331787109,278.9015197753906,0,-146719.5,8.191913366317749e-06,8.190982043743134e-06,2.785005659224464,-7.345364722995101e-24,-7.345364920210326e-25,0
SITE_003_S0088,SITE_003,272.3781433105469,271.1106872558594,274.2755279541016,0,-252783,1.216866075992584e-05,1.21693592518568e-05,2.288626923248237,-7.345364722995101e-24,-7.345364920210326e-25,1
SITE_003_S0089,SITE_003,283.7713317871094,283.0872650146484,282.1877899169922,0,-28668,-6.674975156784058e-05,-2.808752469718456e-05,6.675588149729538,-7.345364722995101e-24,-7.345364920210326e-25,0
SITE_003_S0090,SITE_003,279.5917816162109,278.2117309570312,278.9428100585937,0,-165422,-9.061954915523528e-05,-1.388508826494217e-05,4.822800144725291,-7.345364722995101e-24,-7.345364920210326e-25,0
SITE_003_S0091,SITE_003,273.9358367919922,273.9184722900391,274.5604705810547,0,-9173.25,-1.234747469425201e-05,-9.952113032341003e-06,4.126204684626877,0.0009765625,7.62939453125e-05,0
SITE_003_S0092,SITE_003,275.6708374023437,274.1405334472656,274.8715667724609,0,-144646,-4.35858964920044e-06,-4.359520971775055e-06,3.445634622839464,0.0087890625,0.0013532638549804,0
SITE_003_S0093,SITE_003,271.1943206787109,271.2669982910156,272.3194122314453,0,-9243.25,-6.143376231193542e-05,-5.012378096580505e-06,3.955609515113515,0.0087890625,0.0015029907226562,1
SITE_003_S0094,SITE_003,274.9694976806641,273.7145080566406,273.1331329345703,0,-93405,1.053884625434876e-05,1.053605228662491e-05,2.517012796069867,0.0146484375,0.0022058486938476,1
SITE_003_S0095,SITE_003,274.7141723632812,273.94677734375,275.9441986083984,0,-16437.5,-2.297759056091309e-05,-1.615262590348721e-05,8.019024933131146,0.0947265625,0.0165767669677734,0
SITE_003_S0096,SITE_003,269.6250457763672,268.5147094726562,272.3914337158203,0,-70240.25,-2.156943082809448e-06,-5.234032869338989e-07,1.056743169268075,0.0595703125,0.0106334686279296,1
SITE_003_S0097,SITE_003,267.1667175292969,264.3372344970703,272.1700134277344,0,-132530.5,1.117587089538574e-06,1.484062522649765e-06,1.893270354210166,0.0595703125,0.010594367980957,1
SITE_003_S0098,SITE_003,269.2829437255859,266.3464202880859,272.6085510253906,0,-159617.75,2.898275852203369e-06,2.895481884479523e-06,1.476514349868919,0.0478515625,0.0086183547973632,1
SITE_003_S0099,SITE_003,265.5863647460937,264.8379821777344,272.1699066162109,0,-175255.75,2.788379788398743e-06,3.584427759051323e-06,2.755722096563656,0.046875,0.0085506439208984,1
SITE_003_S0100,SITE_003,275.0223846435547,274.505615234375,274.7431030273437,0,-26596.75,-3.516674041748047e-06,-2.94647179543972e-06,1.754321219422521,0.0029296875,0.0005712509155273438,0
SITE_003_S0101,SITE_003,273.1013031005859,272.0659027099609,273.8379821777344,0,-258059.5,1.419335603713989e-05,1.419312320649624e-05,3.242128532121896,0.001953125,0.0004367828369140625,1
SITE_003_S0102,SITE_003,273.9373474121094,272.8893890380859,274.6769866943359,0,-40974.75,3.041699528694153e-06,3.040768206119537e-06,1.651154403121,-7.345364722995101e-24,1.9073486328125e-06,1
SITE_003_S0103,SITE_003,273.1079406738281,272.9944000244141,274.5860900878906,0,-64989.5,-2.580881118774414e-05,-9.66666266322136e-06,4.119181653281698,-7.345364722995101e-24,4.76837158203125e-06,1
SITE_003_S0104,SITE_003,272.2759246826172,271.9006652832031,273.4227294921875,0,-26477.75,-5.481019616127014e-05,-2.899952232837677e-05,4.739106553499985,0.0498046875,0.0082273483276367,1
SITE_003_S0105,SITE_003,271.5689697265625,270.2015228271484,273.3220367431641,0,-256931.5,5.748122930526733e-06,6.002606824040413e-06,4.47759559542619,0.0400390625,0.0066900253295898,1
SITE_003_S0106,SITE_003,276.8677215576172,276.4510498046875,276.9646911621094,0,-36301.5,3.825873136520386e-06,3.826571628451347e-06,1.410544958109566,0.0009765625,8.20159912109375e-05,0
SITE_003_S0107,SITE_003,276.3968048095703,274.8769836425781,275.9442596435547,0,-238307.25,8.73953104019165e-06,8.70460644364357e-06,4.011071296884141,-7.345364722995101e-24,4.1961669921875e-05,0
SITE_003_S0108,SITE_003,274.0200347900391,272.7508697509766,274.7168884277344,0,-198365.75,7.64802098274231e-06,7.648486644029617e-06,3.312705900938796,-7.345364722995101e-24,-7.345364920210326e-25,1
SITE_003_S0109,SITE_003,275.9248809814453,274.7766723632812,276.1964263916016,0,-127524,1.109950244426727e-05,1.10953114926815e-05,3.276987679505428,-7.345364722995101e-24,-7.345364920210326e-25,0
SITE_003_S0110,SITE_003,277.4306640625,276.2714385986328,277.6326141357422,0,-46111.5,-1.053139567375183e-05,-9.362585842609406e-06,2.585389366543016,-7.345364722995101e-24,-7.345364920210326e-25,0
SITE_003_S0111,SITE_003,279.8330535888672,278.8225250244141,279.7010650634766,0,-114007.5,1.790001988410949e-06,1.791864633560181e-06,2.434952779115041,-7.345364722995101e-24,-7.345364920210326e-25,0
SITE_003_S0112,SITE_003,283.0993804931641,282.4724273681641,282.0971221923828,0,-7963.75,-2.505630254745484e-05,-2.428051084280014e-05,4.566009093277773,-7.345364722995101e-24,-7.345364920210326e-25,0
SITE_003_S0113,SITE_003,279.796875,278.9159545898437,280.2309722900391,0,-158141.5,4.857778549194336e-06,4.860805347561836e-06,3.273380473150576,-7.345364722995101e-24,-7.345364920210326e-25,0
SITE_003_S0114,SITE_003,275.7550201416016,274.6189270019531,277.1004028320312,0,-215239.75,1.055747270584106e-05,1.055793836712837e-05,2.561899785893178,-7.345364722995101e-24,-7.345364920210326e-25,0
SITE_003_S0115,SITE_003,275.0509185791016,273.2482147216797,276.5111083984375,0,-231815.5,5.578622221946716e-06,5.578622221946716e-06,2.204649301637513,-7.345364722995101e-24,-7.345364920210326e-25,0
SITE_003_S0116,SITE_003,281.1481628417969,279.687744140625,282.0438232421875,0,-156513.75,9.16793942451477e-06,9.168405085802078e-06,1.863365562861105,-7.345364722995101e-24,-7.345364920210326e-25,0
SITE_003_S0117,SITE_003,279.5554046630859,278.0535125732422,280.7775268554688,0,-246202.25,1.430884003639221e-05,1.431000418961048e-05,2.135723904303361,-7.345364722995101e-24,-7.345364920210326e-25,0
SITE_003_S0118,SITE_003,279.643798828125,278.7543640136719,279.7653198242188,0,-87115.25,-2.626888453960419e-05,-3.92599031329155e-06,2.990684512851235,-7.345364722995101e-24,-7.345364920210326e-25,0
SITE_003_S0119,SITE_003,279.7503662109375,279.6619415283203,280.8088226318359,87,-47301.5,-4.619359970092773e-07,-3.781169652938843e-07,1.521556961033316,-7.345364722995101e-24,-7.345364920210326e-25,0
SITE_003_S0120,SITE_003,279.7129669189453,278.6550598144531,280.1753692626953,3778,-197944.25,5.647540092468262e-06,5.652429535984993e-06,2.996011812008278,-7.345364722995101e-24,-7.345364920210326e-25,0
SITE_003_S0121,SITE_003,277.6272277832031,276.288818359375,278.4889221191406,4674,-125779,1.326203346252441e-06,1.326901838183403e-06,2.441158884725225,-7.345364722995101e-24,-7.345364920210326e-25,0
SITE_003_S0122,SITE_003,271.4277496337891,269.7342529296875,274.3478546142578,21295,-281140.75,-3.40677797794342e-06,-1.667067408561706e-06,2.184312154725562,-7.345364722995101e-24,-7.345364920210326e-25,1
SITE_003_S0123,SITE_003,271.7857666015625,268.7975616455078,273.5982818603516,22293,-192565.25,4.880130290985107e-07,4.919711500406265e-07,1.062505121275712,-7.345364722995101e-24,-7.345364920210326e-25,1
SITE_003_S0124,SITE_003,277.3899536132812,276.5514526367188,278.7428741455078,36013,-203072.25,-2.805516123771667e-05,-2.804398536682129e-05,4.163080011035174,-7.345364722995101e-24,-7.345364920210326e-25,0
SITE_003_S0125,SITE_003,274.5820770263672,273.4502410888672,276.5136413574219,45155,-221396.75,9.927898645401e-07,3.692694008350372e-07,1.859511440669579,-7.345364722995101e-24,-7.345364920210326e-25,0
SITE_003_S0126,SITE_003,281.8417358398437,280.7872009277344,281.8362121582031,64369,-214594.75,-0.0001232624053955078,-2.40192748606205e-05,4.16138005954518,-7.345364722995101e-24,-7.345364920210326e-25,0
SITE_003_S0127,SITE_003,281.1090698242188,280.4891510009766,281.2458343505859,28590,-26619.25,-5.559995770454407e-06,-5.559995770454407e-06,1.831373477205651,-7.345364722995101e-24,-7.345364920210326e-25,0
SITE_003_S0128,SITE_003,282.8184661865234,281.8842315673828,282.7480316162109,83564,-161846.25,1.410022377967834e-06,1.409556716680527e-06,2.253923751908375,-7.345364722995101e-24,-7.345364920210326e-25,0
SITE_003_S0129,SITE_003,280.7510528564453,280.7417297363281,282.1231536865234,44132,-53294.75,-7.000192999839783e-05,-1.583853736519814e-05,2.601339648019579,-7.345364722995101e-24,-7.345364920210326e-25,0
SITE_003_S0130,SITE_003,285.2090911865234,284.0370025634766,284.9768218994141,135223,-181371.5,3.952533006668091e-06,3.95067036151886e-06,2.176819513928157,-7.345364722995101e-24,-7.345364920210326e-25,0
SITE_003_S0131,SITE_003,283.4462738037109,282.0410766601562,284.0008239746094,169491,-240599,6.387010216712952e-06,6.385846063494682e-06,2.012580501887822,-7.345364722995101e-24,-7.345364920210326e-25,0
SITE_003_S0132,SITE_003,289.1328582763672,287.9605255126953,288.3755950927734,150142,-153309,-2.117082476615906e-05,-2.117338590323925e-05,3.749409848704779,-7.345364722995101e-24,-7.345364920210326e-25,0
SITE_003_S0133,SITE_003,281.9388885498047,281.0713500976562,283.4675903320312,200483,-265828.5,-3.688037395477295e-07,-3.702007234096527e-07,2.33773678503101,-7.345364722995101e-24,-7.345364920210326e-25,0
SITE_003_S0134,SITE_003,283.1289215087891,282.249755859375,284.5816650390625,221150,-211267.75,2.048909664154053e-07,2.07219272851944e-07,1.549047768551694,-7.345364722995101e-24,-7.345364920210326e-25,0
SITE_003_S0135,SITE_003,284.0492553710937,283.4142303466797,285.4958648681641,226744,-200904,-3.533437848091125e-06,-3.533205017447472e-06,1.19751671562945,-7.345364722995101e-24,-7.345364920210326e-25,0
SITE_003_S0136,SITE_003,287.8467559814453,286.9733123779297,288.6482238769531,220110,-206836.5,-3.771483898162842e-05,-1.375144347548485e-05,2.367992026185696,-7.345364722995101e-24,-7.345364920210326e-25,0
SITE_003_S0137,SITE_003,282.1347045898437,281.3847808837891,284.5971221923828,264030,-250326.75,-4.731118679046631e-06,-3.936933353543282e-06,1.200535587543494,-7.345364722995101e-24,-7.345364920210326e-25,0
SITE_003_S0138,SITE_003,289.4925994873047,288.0556793212891,288.8443450927734,214973,-231345,-0.0002470836043357849,-4.484108649194241e-05,5.420527055735957,-7.345364722995101e-24,-7.345364920210326e-25,0
SITE_003_S0139,SITE_003,285.1506958007812,284.7095336914062,286.3141326904297,196985,-176420.5,-0.0002136155962944031,-3.937189467251301e-05,6.144396466183017,-7.345364722995101e-24,-7.345364920210326e-25,0
SITE_003_S0140,SITE_003,287.5601959228516,286.6964263916016,288.7355499267578,263939,-275334,-9.448640048503876e-05,-3.646267578005791e-05,4.161030690235476,-7.345364722995101e-24,-7.345364920210326e-25,0
SITE_003_S0141,SITE_003,286.9539031982422,286.1401672363281,287.6696624755859,242366,-205456,-5.393289029598236e-05,-2.241763286292553e-05,2.499188582235889,-7.345364722995101e-24,-7.345364920210326e-25,0
SITE_003_S0142,SITE_003,286.68994140625,286.6823272705078,287.6827392578125,184086,-40176.5,-1.141801476478577e-06,-1.140870153903961e-06,0.3645058431756333,-7.345364722995101e-24,-7.345364920210326e-25,0
SITE_003_S0143,SITE_003,290.7266998291016,289.5366058349609,290.5985412597656,245156,-161490,-1.88387930393219e-05,-1.165550202131271e-05,1.600292811164143,-7.345364722995101e-24,-7.345364920210326e-25,0
SITE_003_S0144,SITE_003,290.4329528808594,290.0979919433594,291.1266174316406,46134,-40580,-0.0001428686082363129,-3.20908147841692e-05,4.677524675535243,-7.345364722995101e-24,-7.345364920210326e-25,0
SITE_003_S0145,SITE_003,290.1808013916016,289.8756256103516,290.5046844482422,26133,-30931,-7.831305265426636e-05,-2.039223909378052e-05,4.579085252992723,-7.345364722995101e-24,-7.345364920210326e-25,0
SITE_003_S0146,SITE_003,288.0639038085937,287.3500213623047,288.6613006591797,108819,-115764.5,-1.69798731803894e-05,-1.625996083021164e-05,2.292031198065171,-7.345364722995101e-24,-7.345364920210326e-25,0
SITE_003_S0147,SITE_003,287.2125549316406,286.8513336181641,288.3204193115234,17990,-30032,-2.467632293701172e-05,-2.466910518705845e-05,2.79055279580805,-7.345364722995101e-24,-7.345364920210326e-25,0
SITE_003_S0148,SITE_003,286.7715911865234,285.9790954589844,288.1298370361328,216457,-201075.5,-1.713261008262634e-05,-1.664226874709129e-05,1.694853513003444,-7.345364722995101e-24,-7.345364920210326e-25,0
SITE_003_S0149,SITE_003,282.8457946777344,281.4582672119141,283.9181518554688,0,-186102.25,2.834945917129517e-06,1.807697117328644e-06,1.97299322782702,-7.345364722995101e-24,-7.345364920210326e-25,0
SITE_003_S0150,SITE_003,282.7326965332031,281.7371520996094,284.2401885986328,0,-171400.5,1.162290573120117e-05,1.162663102149963e-05,1.761538407313103,-7.345364722995101e-24,-7.345364920210326e-25,0
SITE_003_S0151,SITE_003,286.0051422119141,284.9930419921875,285.9123840332031,0,-49770,-1.25393271446228e-05,-6.163492798805237e-06,2.551987100559983,-7.345364722995101e-24,-7.345364920210326e-25,0
SITE_003_S0152,SITE_003,286.3057250976562,285.3305206298828,286.4534454345703,0,-130250.5,1.46031379699707e-05,1.460360363125801e-05,1.89536170210431,-7.345364722995101e-24,-7.345364920210326e-25,0
SITE_003_S0153,SITE_003,284.9454650878906,284.0203857421875,285.2140350341797,0,-106911.5,-0.0001004952937364578,-2.223905175924301e-05,4.43541540817057,-7.345364722995101e-24,-7.345364920210326e-25,0
SITE_003_S0154,SITE_003,285.3123779296875,284.5709533691406,285.4189605712891,0,-13653,-5.678087472915649e-05,-5.678157322108746e-05,7.068312006963223,-7.345364722995101e-24,-7.345364920210326e-25,0
SITE_003_S0155,SITE_003,284.8842620849609,284.2655487060547,284.6942138671875,0,-19859.75,-7.301568984985351e-06,-7.275259122252464e-06,2.858181709849864,-7.345364722995101e-24,-7.345364920210326e-25,0
SITE_003_S0156,SITE_003,287.2795257568359,286.6265869140625,286.4901428222656,0,-32018.25,-6.971880793571472e-05,-2.337433397769928e-05,5.672637725431976,-7.345364722995101e-24,-7.345364920210326e-25,0
SITE_003_S0157,SITE_003,286.6653747558594,285.2140350341797,286.3231658935547,0,-186565,1.34296715259552e-05,1.342501491308212e-05,2.945724202285724,-7.345364722995101e-24,-7.345364920210326e-25,0
SITE_003_S0158,SITE_003,287.1592559814453,285.6789703369141,287.1322784423828,0,-229226.5,-2.107769250869751e-05,-3.773719072341919e-06,3.483491999561006,-7.345364722995101e-24,-7.345364920210326e-25,0
SITE_003_S0159,SITE_003,283.4206695556641,282.6356048583984,284.3406372070312,0,-46753.25,-0.000117909163236618,-6.802286952733994e-05,6.218533229591672,-7.345364722995101e-24,-7.345364920210326e-25,0
SITE_003_S0160,SITE_003,283.7281188964844,282.9011840820312,283.9197082519531,0,-67133.5,-4.329904913902283e-05,-3.814231604337692e-05,5.02979055800989,-7.345364722995101e-24,-7.345364920210326e-25,0
SITE_003_S0161,SITE_003,283.5552673339844,282.6935729980469,283.78857421875,0,-157163.5,-0.0001053772866725922,-1.224922016263008e-05,5.261134640026728,-7.345364722995101e-24,-7.345364920210326e-25,0
SITE_003_S0162,SITE_003,284.4108581542969,283.6939697265625,284.4692535400391,0,-142515.5,-0.000333450734615326,-6.851134821772575e-05,9.073678327596529,-7.345364722995101e-24,-7.345364920210326e-25,0
SITE_003_S0163,SITE_003,275.9709014892578,275.1166381835937,278.684326171875,0,-151273,3.952533006668091e-06,3.952998667955399e-06,1.456965482460484,-7.345364722995101e-24,-7.345364920210326e-25,0
SITE_003_S0164,SITE_003,279.5985565185547,278.6287078857422,280.2657470703125,0,-116737.5,1.434236764907837e-06,1.471955329179764e-06,2.415800823681366,-7.345364722995101e-24,-7.345364920210326e-25,0
SITE_003_S0165,SITE_003,279.1317291259766,278.5583801269531,279.7135620117188,0,-52123.5,1.233071088790894e-06,1.232139766216278e-06,1.700718353700993,-7.345364722995101e-24,-7.345364920210326e-25,0
SITE_003_S0166,SITE_003,282.0116119384766,281.5158386230469,281.7758636474609,0,-76924,-9.2238187789917e-06,-1.485925167798996e-06,4.184842918184129,-7.345364722995101e-24,-7.345364920210326e-25,0
SITE_003_S0167,SITE_003,281.4381866455078,280.9934387207031,280.8471069335937,0,-26353.25,-1.547113060951233e-05,-2.929475158452988e-06,2.963086362270382,-7.345364722995101e-24,-7.345364920210326e-25,0
SITE_003_S0168,SITE_003,282.0393218994141,281.7877044677734,281.8230895996094,0,-13965.5,-1.177564263343811e-05,-4.218891263008118e-06,2.926181144711275,-7.345364722995101e-24,-7.345364920210326e-25,0
SITE_003_S0169,SITE_003,283.029296875,282.2670593261719,281.5336608886719,0,-28281,-1.753866672515869e-05,-1.727580092847347e-05,3.626750769000507,-7.345364722995101e-24,-7.345364920210326e-25,0
SITE_003_S0170,SITE_003,283.9187469482422,282.7089385986328,282.541015625,0,-10608.5,-7.774308323860168e-05,-7.527973502874374e-05,6.486067420818284,-7.345364722995101e-24,-7.345364920210326e-25,0
SITE_003_S0171,SITE_003,276.6244659423828,275.710205078125,276.8968353271484,0,-118466.75,-1.867860555648804e-05,-1.282175071537495e-05,5.359663624486086,-7.345364722995101e-24,-7.345364920210326e-25,0
SITE_003_S0172,SITE_003,277.4174957275391,275.9861297607422,277.5315856933594,0,-236746.5,-2.301856875419617e-05,-1.731514930725098e-05,4.970624815004544,-7.345364722995101e-24,-7.345364920210326e-25,0
SITE_003_S0173,SITE_003,273.4716491699219,273.3235015869141,274.1908874511719,0,-1974.5,-1.244246959686279e-05,-1.225993037223816e-05,3.814719241171005,0.0107421875,0.0016546249389648,0
SITE_003_S0174,SITE_003,278.8729248046875,277.5577239990234,277.2722320556641,0,-90906.25,-1.041218638420105e-06,-1.038424670696258e-06,4.16068417020048,0.00390625,0.000644683837890625,0
SITE_003_S0175,SITE_003,275.0796203613281,274.0351867675781,275.4135437011719,0,-99674.5,-3.767386078834534e-05,-3.703753463923931e-05,5.958030713340129,0.0078125,0.0013666152954101,0
SITE_003_S0176,SITE_003,271.8289337158203,270.9779510498047,273.8963317871094,0,-252808.5,9.927898645401e-06,9.795185178518295e-06,3.78357906471261,0.0126953125,0.0021753311157226,1
SITE_003_S0177,SITE_003,274.1152648925781,272.9709014892578,274.8765869140625,0,-175788.5,8.163973689079285e-06,8.163973689079285e-06,2.429891966574768,0.021484375,0.0039958953857421,1
SITE_003_S0178,SITE_003,280.7484130859375,280.1822357177734,279.6261138916016,0,915,3.6582350730896e-06,3.658933565020561e-06,3.015200289353401,0.0048828125,0.0007753372192382812,0
SITE_003_S0179,SITE_003,280.4916839599609,280.1624145507812,279.9674682617188,0,-983.5,1.978129148483276e-06,1.978827640414238e-06,0.865194928069789,0.001953125,0.0002737045288085937,0
SITE_003_S0180,SITE_003,277.8961486816406,276.8805999755859,277.8421936035156,0,-76953,-7.603317499160767e-05,-6.097787991166115e-05,5.992037768230843,-7.345364722995101e-24,-7.345364920210326e-25,0
SITE_003_S0181,SITE_003,275.4398498535156,273.9691772460937,275.9376373291016,0,-187342.5,-8.635222911834717e-06,-7.786555215716362e-06,3.582362997405519,-7.345364722995101e-24,-7.345364920210326e-25,0
SITE_003_S0182,SITE_003,276.5181121826172,275.4941711425781,277.3238525390625,0,-228484,1.196563243865967e-05,1.196726225316524e-05,3.11307690766745,-7.345364722995101e-24,-7.345364920210326e-25,0
SITE_003_S0183,SITE_003,271.5671844482422,270.5508728027344,273.5751800537109,0,-258101.5,-4.770234227180481e-05,-4.786765202879906e-06,5.047777499364388,-7.345364722995101e-24,-7.345364920210326e-25,1
SITE_003_S0184,SITE_003,274.175537109375,273.1382598876953,274.1846313476562,0,-144100,-3.497675061225891e-05,-3.689201548695564e-06,4.431428274411891,-7.345364722995101e-24,-7.345364920210326e-25,1
SITE_003_S0185,SITE_003,273.6879730224609,272.8056030273437,274.9783477783203,0,-191790.25,-2.086162567138672e-05,-4.55416738986969e-06,3.757282327549245,-7.345364722995101e-24,-7.345364920210326e-25,1
SITE_003_S0186,SITE_003,276.217041015625,275.3666076660156,275.6272277832031,0,-54309.5,-4.444271326065064e-05,-4.71784733235836e-06,4.685979689578879,-7.345364722995101e-24,9.5367431640625e-07,0
SITE_003_S0187,SITE_003,273.4998626708984,272.4445190429688,274.029541015625,0,-198937.5,9.484589099884032e-06,9.484589099884032e-06,3.624303207562811,0.009765625,0.0016984939575195,1
SITE_003_S0188,SITE_003,273.0871734619141,271.3762664794922,273.7904510498047,0,-248495,1.291185617446899e-05,1.291325315833092e-05,3.064929792158626,0.0087890625,0.001504898071289,1
SITE_003_S0189,SITE_003,275.8606262207031,274.6839904785156,276.9037017822266,0,-214476.5,1.338869333267212e-05,1.338869333267212e-05,2.043068052628715,-7.345364722995101e-24,-7.345364920210326e-25,0
SITE_003_S0190,SITE_003,277.4467163085937,276.7691497802734,277.6319427490234,0,-85091.75,4.017725586891174e-06,4.018191248178482e-06,1.795340397132896,-7.345364722995101e-24,-7.345364920210326e-25,0
SITE_003_S0191,SITE_003,273.8896179199219,272.4839782714844,275.0292358398437,0,-277964.25,6.854534149169922e-07,5.229376256465912e-07,4.108120730903492,-7.345364722995101e-24,-7.345364920210326e-25,1
SITE_003_S0192,SITE_003,267.9456176757812,266.1389312744141,272.3603668212891,0,-293059.75,-2.494081854820251e-06,-3.813765943050385e-07,2.381107735969905,0.0048828125,0.000762939453125,1
SITE_003_S0193,SITE_003,269.2738037109375,264.8323059082031,271.7022552490234,0,-222817.25,1.154839992523193e-07,1.154839992523193e-07,0.5349677053502534,0.0048828125,0.0007543563842773438,1
SITE_003_S0194,SITE_003,271.1362152099609,269.7254943847656,273.1199340820312,0,-257137.25,5.517154932022095e-06,5.524372681975365e-06,3.523650011011716,0.015625,0.0026931762695312,1
SITE_003_S0195,SITE_003,270.7723693847656,268.3919372558594,272.9057159423828,0,-295768,-1.665204763412476e-05,-5.559995770454407e-07,3.0828190152279,0.0126953125,0.0021486282348632,1
SITE_003_S0196,SITE_003,271.9350738525391,270.5361022949219,272.9767303466797,0,-169886.5,4.258006811141968e-06,4.258938133716583e-06,2.544599280712121,0.005859375,0.0010766983032226,1
SITE_003_S0197,SITE_003,269.6884613037109,267.5746612548828,272.4565734863281,0,-211707.5,3.306195139884949e-06,3.305496647953987e-06,2.02599920039574,0.0048828125,0.0008382797241210938,1
SITE_003_S0198,SITE_003,268.8236694335937,267.7073669433594,272.4751129150391,0,-326506,-6.568804383277893e-05,-3.212830051779747e-06,3.869060040201111,0.001953125,0.0003652572631835938,1
SITE_003_S0199,SITE_003,267.7369232177734,266.8824768066406,272.036865234375,0,-292641,-2.110935747623444e-05,-7.301568984985352e-07,3.709239952027418,0.001953125,0.000339508056640625,1
SITE_003_S0200,SITE_003,275.8112030029297,274.7081604003906,275.163818359375,0,-168849.75,4.315748810768128e-06,3.237742930650711e-06,3.95456965969204,-7.345364722995101e-24,3.814697265625e-06,0
SITE_003_S0201,SITE_003,280.0584411621094,279.1868896484375,278.2057647705078,0,-4879.25,-4.805624485015869e-07,-4.791654646396637e-07,2.644299699853553,-7.345364722995101e-24,9.5367431640625e-07,0
SITE_003_S0202,SITE_003,274.8129577636719,273.3946838378906,275.5924072265625,0,-293789.75,-2.773478627204895e-05,-2.746004611253738e-06,5.294535272767575,-7.345364722995101e-24,-7.345364920210326e-25,0
SITE_003_S0203,SITE_003,270.5446929931641,268.5551300048828,272.8356781005859,0,-126563.5,3.945082426071167e-06,3.943685442209244e-06,1.894407046378489,0.0078125,0.0011653900146484,1
SITE_003_S0204,SITE_003,276.3732452392578,275.7168884277344,275.4272155761719,0,-16055.25,-2.769194543361664e-05,-2.119713462889194e-05,5.366864763008104,0.00390625,0.0006132125854492188,0
SITE_003_S0205,SITE_003,272.9647216796875,272.3288269042969,274.8917083740234,0,-86332,1.277774572372436e-06,1.279637217521668e-06,1.413355144101196,-7.345364722995101e-24,1.9073486328125e-06,1
SITE_003_S0206,SITE_003,278.5522918701172,278.3071746826172,278.4176330566406,0,-4408.5,-1.737847924232483e-06,-1.71363353729248e-06,1.464109009614794,-7.345364722995101e-24,9.5367431640625e-07,0
SITE_003_S0207,SITE_003,275.5372924804688,275.0368194580078,276.5652008056641,0,-42599.75,-2.184882760047913e-06,-1.137610524892807e-06,1.36355250584,0.00390625,0.0006237030029296875,0
SITE_003_S0208,SITE_003,281.9487915039062,280.8952789306641,280.2719116210937,0,-143728.25,5.930662155151367e-06,5.829380825161934e-06,3.747155161275483,-7.345364722995101e-24,5.435943603515625e-05,0
SITE_003_S0209,SITE_003,280.0095977783203,278.1085205078125,280.1825866699219,87,-204346,1.053139567375183e-05,1.053279265761375e-05,2.151175281494624,-7.345364722995101e-24,-7.345364920210326e-25,0
SITE_003_S0210,SITE_003,281.5807952880859,280.4154815673828,281.9890289306641,186,-38995.25,-9.480863809585571e-06,-9.451992809772491e-06,2.424522025943456,-7.345364722995101e-24,-7.345364920210326e-25,0
SITE_003_S0211,SITE_003,280.3594665527344,279.593505859375,281.6060180664062,4139,-153139,3.546476364135742e-06,2.987217158079148e-06,1.976462985655682,-7.345364722995101e-24,-7.345364920210326e-25,0
SITE_003_S0212,SITE_003,282.0891876220703,281.3422546386719,282.1454162597656,1297,-28246.5,-1.228228211402893e-05,-1.228321343660355e-05,2.096895658124171,-7.345364722995101e-24,-7.345364920210326e-25,0
SITE_003_S0213,SITE_003,285.2804107666016,283.1462554931641,285.1594085693359,22674,-225452.75,-6.295740604400635e-06,-2.037035301327705e-06,2.621902731294404,-7.345364722995101e-24,-7.345364920210326e-25,0
SITE_003_S0214,SITE_003,281.40771484375,280.3048706054688,283.5741577148437,25636,-231534.5,3.863126039505005e-06,3.795605152845383e-06,1.984111213056786,-7.345364722995101e-24,-7.345364920210326e-25,0
SITE_003_S0215,SITE_003,280.4058685302734,279.6199188232422,281.8628540039062,35447,-162277.75,-3.116950392723083e-05,-3.016786649823189e-05,4.219984035960481,-7.345364722995101e-24,-7.345364920210326e-25,0
SITE_003_S0216,SITE_003,278.4276885986328,277.0369873046875,279.8766632080078,48918,-232776,-2.775341272354126e-07,1.948792487382889e-07,2.282591877649545,-7.345364722995101e-24,-7.345364920210326e-25,0
SITE_003_S0217,SITE_003,278.681396484375,277.0478210449219,279.3652648925781,86373,-248829.5,-1.266598701477051e-06,-6.42845407128334e-07,2.617989306654133,-7.345364722995101e-24,-7.345364920210326e-25,0
SITE_003_S0218,SITE_003,279.8748779296875,278.7371063232422,281.2411651611328,96208,-306176.5,-6.081536412239075e-06,-2.560671418905258e-06,2.436449775664516,-7.345364722995101e-24,-7.345364920210326e-25,0
SITE_003_S0219,SITE_003,285.5388641357422,283.3733673095703,285.4373626708984,130445,-256743.5,-4.151463508605957e-05,-1.664482988417149e-05,2.889618196223229,-7.345364722995101e-24,-7.345364920210326e-25,0
SITE_003_S0220,SITE_003,285.9276733398437,284.2227478027344,286.3383483886719,136253,-240493.25,-1.766905188560486e-05,-9.992392733693125e-06,1.949363126214472,-7.345364722995101e-24,-7.345364920210326e-25,0
SITE_003_S0221,SITE_003,284.0749816894531,282.6116485595703,284.1931915283203,172407,-178352.75,-1.445040106773376e-05,-7.531838491559029e-06,2.144358444775454,-7.345364722995101e-24,-7.345364920210326e-25,0
SITE_003_S0222,SITE_003,285.9001007080078,283.9687805175781,285.7831726074219,219183,-284199,-0.0001298077404499054,-4.18834388256073e-05,3.500559360950925,-7.345364722995101e-24,-7.345364920210326e-25,0
SITE_003_S0223,SITE_003,288.6682891845703,287.1210174560547,288.6639099121094,220371,-205033.5,-6.956979632377625e-05,-3.784126602113247e-05,2.525164286663109,-7.345364722995101e-24,-7.345364920210326e-25,0
SITE_003_S0224,SITE_003,289.6565399169922,288.5439147949219,289.9877624511719,234288,-250585.5,-9.927712380886078e-05,-3.008032217621804e-05,3.384059214700058,-7.345364722995101e-24,-7.345364920210326e-25,0
SITE_003_S0225,SITE_003,291.5296936035156,291.2288055419922,292.1030731201172,172875,-72214.5,-1.052208244800568e-05,-1.052208244800568e-05,1.584206634700881,-7.345364722995101e-24,-7.345364920210326e-25,0
SITE_003_S0226,SITE_003,288.2433776855469,288.05810546875,289.8926849365234,41680,-17156.5,-4.211440682411194e-05,-4.211463965475559e-05,4.400191630618831,-7.345364722995101e-24,-7.345364920210326e-25,0
SITE_003_S0227,SITE_003,289.5852661132812,288.2195281982422,289.9265747070312,268507,-207378.5,-3.15345823764801e-05,-2.100854180753231e-05,1.806735099178122,-7.345364722995101e-24,-7.345364920210326e-25,0
SITE_003_S0228,SITE_003,290.3448638916016,289.4674682617188,291.1475677490234,154681,-129284.5,-5.511380732059479e-05,-2.730800770223141e-05,1.750852170667537,-7.345364722995101e-24,-7.345364920210326e-25,0
SITE_003_S0229,SITE_003,286.7039031982422,286.3805847167969,287.7637176513672,159585,-98450,-8.172541856765747e-05,-3.118393942713737e-05,2.36492274814223,-7.345364722995101e-24,-7.345364920210326e-25,0
SITE_003_S0230,SITE_003,286.4124298095703,285.296142578125,286.7358245849609,185362,-135906.5,-7.422640919685364e-05,-2.889707684516907e-05,3.283166735205476,-7.345364722995101e-24,-7.345364920210326e-25,0
SITE_003_S0231,SITE_003,289.6891479492188,289.2579498291016,289.3698883056641,57427,-23609.5,-9.128637611865996e-05,-1.969304867088795e-05,3.97648673743515,-7.345364722995101e-24,-7.345364920210326e-25,0
SITE_003_S0232,SITE_003,289.8409729003906,288.9727478027344,289.6230316162109,214280,-151851,-2.414360642433167e-05,-2.169818617403507e-05,2.26258946946973,-7.345364722995101e-24,-7.345364920210326e-25,0
SITE_003_S0233,SITE_003,286.9692687988281,286.6628265380859,287.191162109375,128338,-95336.5,-3.533437848091125e-05,-1.292210072278976e-05,2.154315127646155,-7.345364722995101e-24,-7.345364920210326e-25,0
SITE_003_S0234,SITE_003,285.1622619628906,284.7733459472656,286.3252258300781,173479,-111976.5,-2.752430737018585e-05,-1.311535015702248e-05,1.787922671133788,-7.345364722995101e-24,-7.345364920210326e-25,0
SITE_003_S0235,SITE_003,289.1437835693359,287.4748992919922,289.3027496337891,267692,-304443.5,-0.0002176351845264435,-4.852865822613239e-05,3.78589655957033,-7.345364722995101e-24,-7.345364920210326e-25,0
SITE_003_S0236,SITE_003,287.8266754150391,286.2466583251953,288.3939056396484,266274,-297150,-0.0001581702381372452,-3.728270530700684e-05,2.982294884854435,-7.345364722995101e-24,-7.345364920210326e-25,0
SITE_003_S0237,SITE_003,285.6138763427734,284.5092926025391,286.9194488525391,213023,-175904.5,-2.546235918998718e-06,-2.32551246881485e-06,0.9417938127711676,-7.345364722995101e-24,-7.345364920210326e-25,0
SITE_003_S0238,SITE_003,284.775634765625,283.8313751220703,286.3122406005859,214907,-212826.25,-8.940696716308594e-07,-8.945353329181671e-07,1.453564093391533,-7.345364722995101e-24,-7.345364920210326e-25,0
SITE_003_S0239,SITE_003,287.1217651367188,286.232177734375,288.0942535400391,168408,-142497,-5.630776286125183e-06,-5.630310624837875e-06,1.655588182118721,-7.345364722995101e-24,-7.345364920210326e-25,0
SITE_003_S0240,SITE_003,286.4991607666016,285.7532653808594,287.9599304199219,177843,-184248,-1.438334584236145e-05,-5.342066287994385e-06,1.57592003581843,-7.345364722995101e-24,-7.345364920210326e-25,0
SITE_003_S0241,SITE_003,291.2166900634766,290.3651580810547,291.5964050292969,114269,-123784,-0.0001211613416671753,-1.796800643205643e-05,1.812842056314364,-7.345364722995101e-24,-7.345364920210326e-25,0
SITE_003_S0242,SITE_003,289.1680297851562,288.1971435546875,290.1189270019531,157997,-231695.5,-6.222724914550781e-05,-9.07713547348976e-06,2.221995969675686,-7.345364722995101e-24,-7.345364920210326e-25,0
SITE_003_S0243,SITE_003,294.6753082275391,293.8451385498047,294.9617004394531,103617,-134105.5,-0.0001165755093097687,-1.205550506711006e-05,2.456900244589588,-7.345364722995101e-24,-7.345364920210326e-25,0
SITE_003_S0244,SITE_003,293.9583587646484,292.9950256347656,294.4217529296875,134694,-172921,-7.22929835319519e-05,-8.760020136833191e-06,2.256043242693272,-7.345364722995101e-24,-7.345364920210326e-25,0
SITE_003_S0245,SITE_003,292.6111145019531,291.8957061767578,293.5814819335937,72759,-104272.75,-4.43682074546814e-06,-2.217479050159454e-06,0.7432497489321197,-7.345364722995101e-24,-7.345364920210326e-25,0
SITE_003_S0246,SITE_003,287.7015533447266,286.7786712646484,289.6755676269531,95660,-181577,4.842877388000488e-08,6.402842700481416e-08,1.16375218325911,-7.345364722995101e-24,-7.345364920210326e-25,0
SITE_003_S0247,SITE_003,288.45751953125,286.9906921386719,289.7090911865234,79558,-229593,-2.977810800075531e-05,-2.652639523148537e-06,2.145850737686411,-7.345364722995101e-24,-7.345364920210326e-25,0
SITE_003_S0248,SITE_003,289.8621368408203,288.4395904541016,291.1756286621094,74838,-208504.5,-1.459196209907532e-05,-2.812361344695091e-06,1.740492433743016,-7.345364722995101e-24,-7.345364920210326e-25,0
SITE_003_S0249,SITE_003,286.6295623779297,285.0904541015625,287.0784454345703,27323,-42899.75,-5.568377673625946e-05,-7.896916940808296e-06,2.520365761506658,-7.345364722995101e-24,-7.345364920210326e-25,0
SITE_003_S0250,SITE_003,290.6674346923828,289.7987060546875,290.9663848876953,22007,-81544.5,-7.230788469314575e-06,-4.049623385071754e-06,1.227220371096215,-7.345364722995101e-24,-7.345364920210326e-25,0
SITE_003_S0251,SITE_003,285.4510192871094,283.3388214111328,286.6731262207031,28146,-186103.75,4.030764102935791e-06,4.030298441648483e-06,2.463560482219645,-7.345364722995101e-24,-7.345364920210326e-25,0
SITE_003_S0252,SITE_003,289.7086639404297,288.9837188720703,290.2381439208984,15963,-116770,-2.659857273101806e-05,-4.006549715995789e-06,2.499981011171538,-7.345364722995101e-24,-7.345364920210326e-25,0
SITE_003_S0253,SITE_003,287.9365081787109,287.1670989990234,289.4928894042969,8343,-111369,-2.523511648178101e-05,-2.460228279232979e-05,4.0018666215517,-7.345364722995101e-24,-7.345364920210326e-25,0
SITE_003_S0254,SITE_003,284.3771362304688,284.0145568847656,286.9665374755859,724,-51452.5,-4.896894097328186e-05,-4.897289909422398e-05,3.016713442762258,-7.345364722995101e-24,-7.345364920210326e-25,0
SITE_003_S0255,SITE_003,287.1435699462891,286.2927551269531,288.4675750732422,3452,-188280.25,-6.332993507385254e-08,-9.313225746154784e-09,3.249666888389165,-7.345364722995101e-24,-7.345364920210326e-25,0
SITE_003_S0256,SITE_003,283.1690979003906,281.6171722412109,285.0785827636719,2261,-165802,1.523643732070923e-06,1.521781086921692e-06,1.493094254044451,-7.345364722995101e-24,-7.345364920210326e-25,0
SITE_003_S0257,SITE_003,289.1470794677734,288.0609893798828,290.0489349365234,178,-145882,-2.193823456764221e-05,-4.181172698736191e-06,1.909854747679324,-7.345364722995101e-24,-7.345364920210326e-25,0
SITE_003_S0258,SITE_003,286.3760986328125,285.1308898925781,288.2213592529297,46,-168322.5,-2.047047019004822e-06,-1.131091266870499e-06,1.604130777511919,-7.345364722995101e-24,-7.345364920210326e-25,0
SITE_003_S0259,SITE_003,287.8071441650391,287.0659484863281,288.4488677978516,0,-143570.75,-3.850087523460388e-05,-3.240769729018212e-06,4.618395551836706,-7.345364722995101e-24,-7.345364920210326e-25,0
SITE_003_S0260,SITE_003,290.8673248291016,290.64990234375,291.0394287109375,0,-23373,-5.742721259593964e-05,-9.225448593497276e-06,4.109959118910706,-7.345364722995101e-24,-7.345364920210326e-25,0
SITE_003_S0261,SITE_003,284.3842010498047,282.1899719238281,284.8430938720703,0,-202316.75,5.014240741729736e-06,4.97838482260704e-06,2.565460210750369,-7.345364722995101e-24,-7.345364920210326e-25,0
SITE_003_S0262,SITE_003,289.1394348144531,286.5600433349609,287.7186279296875,0,-230137.5,-0.000115569680929184,-9.236624464392662e-06,3.777623290790514,-7.345364722995101e-24,-7.345364920210326e-25,0
SITE_003_S0263,SITE_003,282.6856994628906,282.3114166259766,284.5112457275391,0,-107048,4.842877388000488e-08,5.005858838558198e-08,1.038638787264423,-7.345364722995101e-24,-7.345364920210326e-25,0
SITE_003_S0264,SITE_003,281.8000793457031,279.5920867919922,282.1260528564453,0,-277487.25,-3.816559910774231e-05,-1.971330493688584e-05,3.640720550141947,-7.345364722995101e-24,-7.345364920210326e-25,0
SITE_003_S0265,SITE_003,280.3532104492188,278.7160034179688,281.91259765625,0,-147387.75,-4.973262548446655e-07,-3.220047801733017e-07,1.245446519867455,-7.345364722995101e-24,-7.345364920210326e-25,0
SITE_003_S0266,SITE_003,276.7092132568359,273.9405517578125,278.3962707519531,0,-214141.5,1.724809408187866e-06,1.722481101751328e-06,1.718117724019587,-7.345364722995101e-24,-7.345364920210326e-25,0
SITE_003_S0267,SITE_003,283.03466796875,281.5336456298828,283.7472381591797,0,-191847.25,3.995373845100403e-06,3.982335329055786e-06,2.436489552824132,-7.345364722995101e-24,-7.345364920210326e-25,0
SITE_003_S0268,SITE_003,280.9186248779297,278.9851837158203,282.1920928955078,0,-204710.5,1.111254096031189e-05,1.111393794417381e-05,2.247332679575164,-7.345364722995101e-24,-7.345364920210326e-25,0
SITE_003_S0269,SITE_003,285.1142272949219,283.3238525390625,284.8460235595703,0,-229008,9.667128324508669e-06,9.37911681830883e-06,2.891903425609161,-7.345364722995101e-24,-7.345364920210326e-25,0
SITE_003_S0270,SITE_003,289.4790649414062,287.7164916992188,288.1983947753906,0,-173324,-7.425807416439056e-05,-1.799687743186951e-05,3.720491022850301,-7.345364722995101e-24,-7.345364920210326e-25,0
SITE_003_S0271,SITE_003,284.3081512451172,283.1609954833984,285.2371978759766,0,-124685.25,1.31167471408844e-05,1.311930827796459e-05,1.972973648942109,-7.345364722995101e-24,-7.345364920210326e-25,0
SITE_003_S0272,SITE_003,283.7129211425781,282.7503662109375,283.2406463623047,0,-66314.5,-0.0001125968992710114,-3.576977178454399e-06,5.661373721266624,-7.345364722995101e-24,-7.345364920210326e-25,0
SITE_003_S0273,SITE_003,287.0522613525391,286.6949005126953,286.5229339599609,0,-35734,-0.0001214556396007538,-1.455005258321762e-05,6.607677756397212,-7.345364722995101e-24,-7.345364920210326e-25,0
SITE_003_S0274,SITE_003,276.3142395019531,275.5590667724609,277.6862945556641,0,-185019.5,-1.412816345691681e-05,-8.656643331050873e-07,3.59719061404236,-7.345364722995101e-24,-7.345364920210326e-25,0
SITE_003_S0275,SITE_003,277.0593109130859,277.0242156982422,278.5505065917969,0,-8523.5,-1.268833875656128e-05,-1.268554478883743e-05,4.491485069156317,-7.345364722995101e-24,-7.345364920210326e-25,0
SITE_003_S0276,SITE_003,274.2959136962891,272.5640716552734,275.8305358886719,0,-244877,1.268088817596436e-05,1.268018968403339e-05,2.297794127526704,-7.345364722995101e-24,-7.345364920210326e-25,1
SITE_003_S0277,SITE_003,278.6403503417969,277.2031555175781,278.7685089111328,0,-204607,2.27317214012146e-05,2.273265272378921e-05,2.697841948198865,-7.345364722995101e-24,-7.345364920210326e-25,0
SITE_003_S0278,SITE_003,285.6731872558594,284.2467956542969,283.6783294677734,0,-91868,-0.0001400336623191833,-1.587159931659698e-05,5.539230647131789,-7.345364722995101e-24,-7.345364920210326e-25,0
SITE_003_S0279,SITE_003,284.1978607177734,283.0967254638672,283.5233917236328,0,-79881.5,-3.698468208312988e-05,-3.686826676130295e-05,5.478834804527866,-7.345364722995101e-24,-7.345364920210326e-25,0
SITE_003_S0280,SITE_003,274.1232757568359,272.3742065429688,275.8489074707031,0,-258126.25,1.374632120132446e-05,1.374119892716408e-05,2.406242596046712,-7.345364722995101e-24,-7.345364920210326e-25,1
SITE_003_S0281,SITE_003,275.1565704345703,273.6482391357422,276.1405639648437,0,-268615.5,1.001730561256409e-05,1.001683995127678e-05,3.419384342374374,-7.345364722995101e-24,-7.345364920210326e-25,0
SITE_003_S0282,SITE_003,274.50634765625,273.7887420654297,275.3885650634766,0,-112255.5,-2.731010317802429e-05,-3.776280209422112e-06,2.881071759574131,0.001953125,0.0003042221069335937,0
SITE_003_S0283,SITE_003,273.3550415039062,272.2388610839844,274.4734649658203,0,-135934,3.319233655929565e-06,3.317836672067642e-06,2.139463509022421,0.001953125,0.000247955322265625,1
SITE_003_S0284,SITE_003,275.3545379638672,274.5204010009766,275.7740020751953,0,-126495.25,-4.944577813148499e-05,-4.281755536794663e-06,4.336846188451319,-7.345364722995101e-24,1.9073486328125e-05,0
SITE_003_S0285,SITE_003,282.6421356201172,281.6308441162109,280.3274383544922,0,-6904,-3.481283783912659e-05,-3.055064007639885e-05,4.959420835629507,-7.345364722995101e-24,1.9073486328125e-06,0
SITE_003_S0286,SITE_003,278.5448455810547,277.2342987060547,279.670654296875,0,-216824.5,-2.752989530563354e-06,-2.19256617128849e-06,2.893729016440222,-7.345364722995101e-24,-7.345364920210326e-25,0
SITE_003_S0287,SITE_003,273.3493347167969,271.5008087158203,274.9358062744141,0,-219487,9.745359420776367e-06,9.745359420776367e-06,2.267137711461436,-7.345364722995101e-24,-7.345364920210326e-25,1
SITE_003_S0288,SITE_003,277.4356079101562,276.0467987060547,277.5244598388672,0,-224095.5,-3.160536289215088e-05,-1.267273910343647e-05,3.917450155655358,-7.345364722995101e-24,-7.345364920210326e-25,0
SITE_003_S0289,SITE_003,272.4660186767578,272.2561950683594,273.5865020751953,0,-53824.5,-5.4873526096344e-05,-7.971655577421188e-06,4.389212999010673,0.0107421875,0.0021705627441406,1
SITE_003_S0290,SITE_003,275.40576171875,275.2093200683594,275.7058258056641,0,-16102.5,-1.775100827217102e-06,7.392372936010361e-07,2.949281064607739,0.01171875,0.0018644332885742,0
SITE_003_S0291,SITE_003,281.0717620849609,280.4720153808594,280.4264221191406,0,-28932,-8.704140782356262e-06,-8.702743798494339e-06,1.962953111320593,-7.345364722995101e-24,-7.345364920210326e-25,0
SITE_003_S0292,SITE_003,279.0077514648437,278.1828155517578,279.0651092529297,0,-131662.5,2.473592758178711e-06,2.472661435604095e-06,3.750701851066231,-7.345364722995101e-24,-7.345364920210326e-25,0
SITE_003_S0293,SITE_003,272.5417327880859,271.5543975830078,273.8801574707031,0,-77308.75,3.576278686523438e-07,3.669410943984986e-07,1.723239556742581,-7.345364722995101e-24,-7.345364920210326e-25,1
SITE_003_S0294,SITE_003,279.8511199951172,279.2498626708984,278.4700622558594,0,7168,-2.719461917877197e-07,-1.862645149230957e-07,3.196287594692034,-7.345364722995101e-24,-7.345364920210326e-25,0
SITE_003_S0295,SITE_003,275.5812377929688,274.4241485595703,275.9964294433594,0,-117165.5,-1.747161149978638e-06,-4.475004971027375e-07,2.359779146923491,-7.345364722995101e-24,-7.345364920210326e-25,0
SITE_003_S0296,SITE_003,276.6008758544922,275.1864318847656,275.9889831542969,0,-31308.5,2.25752592086792e-06,2.255197614431381e-06,2.744797323140703,-7.345364722995101e-24,-7.345364920210326e-25,0
SITE_003_S0297,SITE_003,276.7664947509766,275.4591979980469,276.9962921142578,0,-236706,-3.188848495483398e-05,-1.720152795314789e-05,4.846987126025042,-7.345364722995101e-24,-7.345364920210326e-25,0
SITE_003_S0298,SITE_003,273.9609527587891,273.0419006347656,275.0940704345703,0,-128915.5,-6.943941116333008e-06,-1.751352101564407e-06,1.794144835431868,-7.345364722995101e-24,-7.345364920210326e-25,1
SITE_003_S0299,SITE_003,275.7035064697266,274.1580505371094,275.5636901855469,0,-130111.5,-4.145130515098572e-05,-1.013698056340218e-05,4.916372138167134,-7.345364722995101e-24,-7.345364920210326e-25,0
SITE_003_S0300,SITE_003,280.3359832763672,279.9365386962891,279.3846282958984,0,-25411,-6.34361058473587e-05,-7.549766451120377e-06,5.435678128047531,-7.345364722995101e-24,-7.345364920210326e-25,0
SITE_003_S0301,SITE_003,279.4575805664062,278.6458282470703,276.1989898681641,0,-5118,-1.991167664527893e-05,-1.9819475710392e-05,5.357876297554261,0.0009765625,0.0001249313354492188,0
SITE_003_S0302,SITE_003,275.6474914550781,274.9549865722656,275.2555999755859,0,-77611.75,2.536922693252563e-06,2.532964572310448e-06,2.504628706660416,-7.345364722995101e-24,3.4332275390625e-05,0
SITE_003_S0303,SITE_003,273.2405395507812,272.2960510253906,273.3526000976562,0,-57617,-1.296401023864746e-06,-1.288717612624168e-06,2.72185674560402,0.0126953125,0.0020503997802734,1
SITE_003_S0304,SITE_003,271.7094573974609,268.2962799072266,272.9985046386719,0,-210256.25,1.179426908493042e-05,1.179380342364311e-05,2.786724476386292,0.0263671875,0.0040407180786132,1
SITE_003_S0305,SITE_003,277.7737121582031,276.5843048095703,277.1948699951172,0,-123854,-2.091377973556519e-05,-9.736046195030212e-06,4.980933504094158,-7.345364722995101e-24,6.67572021484375e-06,0
SITE_003_S0306,SITE_003,279.6791687011719,278.5990905761719,278.7631683349609,0,-229700,-3.798305988311768e-05,-3.344542346894741e-05,7.326167227485103,-7.345364722995101e-24,-7.345364920210326e-25,0
SITE_003_S0307,SITE_003,274.9805450439453,273.7472839355469,275.7690734863281,0,-185349,3.21120023727417e-06,2.821674570441246e-06,2.452275766474045,-7.345364722995101e-24,-7.345364920210326e-25,0
SITE_003_S0308,SITE_003,277.7509460449219,276.8610992431641,277.6541900634766,0,-90819.5,1.117587089538574e-07,1.131556928157807e-07,3.173111660771875,-7.345364722995101e-24,-7.345364920210326e-25,0
SITE_003_S0309,SITE_003,277.7901000976562,276.2671356201172,277.7034759521484,0,-288043,1.516565680503845e-05,3.162771463394165e-06,3.228762921728834,-7.345364722995101e-24,-7.345364920210326e-25,0
SITE_003_S0310,SITE_003,276.3762817382812,269.6238098144531,273.7004089355469,0,-168056,6.556510925292969e-07,6.584450602531433e-07,1.094485887262022,-7.345364722995101e-24,-7.345364920210326e-25,1
SITE_003_S0311,SITE_003,272.6567230224609,270.1446228027344,273.8396606445312,0,-187571.25,2.408400177955627e-06,2.405606210231781e-06,2.225913450575708,-7.345364722995101e-24,-7.345364920210326e-25,1
SITE_003_S0312,SITE_003,284.0360717773437,283.3561553955078,282.5049743652344,0,-35429,-0.0001347381621599197,-4.448369145393372e-05,8.453205537481777,-7.345364722995101e-24,-7.345364920210326e-25,0
SITE_003_S0313,SITE_003,277.7403259277344,276.9143371582031,278.5012817382812,0,-103596.5,-6.771087646484375e-05,-4.771817475557327e-05,6.330808376247054,-7.345364722995101e-24,-7.345364920210326e-25,0
SITE_003_S0314,SITE_003,278.2092742919922,277.4632873535156,278.6280670166016,0,-72200.25,-2.266466617584229e-05,-1.11432746052742e-05,2.573256873725879,-7.345364722995101e-24,-7.345364920210326e-25,0
SITE_003_S0315,SITE_003,274.9098052978516,273.8832702636719,276.0062408447266,0,-182116,-3.062188625335693e-05,-2.778205089271069e-05,5.168770177077936,0.001953125,0.0003414154052734375,0
SITE_003_S0316,SITE_003,279.4635620117188,278.6432647705078,279.1436614990234,0,-77764,-6.211921572685242e-05,-9.507406502962112e-06,3.025291573965204,-7.345364722995101e-24,-7.345364920210326e-25,0
SITE_003_S0317,SITE_003,281.2114868164062,280.5001068115234,280.8685150146484,0,-48093,-0.0001085437834262848,-7.929746061563492e-05,7.266914691354072,-7.345364722995101e-24,-7.345364920210326e-25,0
SITE_003_S0318,SITE_003,276.8947143554688,275.6679077148437,278.2997894287109,0,-149015.25,6.768852472305298e-06,6.766524165868759e-06,1.700458558441744,-7.345364722995101e-24,-7.345364920210326e-25,0
SITE_003_S0319,SITE_003,279.1108093261719,279.1511840820312,280.4017639160156,0,-30322.75,-4.502013325691223e-06,-1.529930159449577e-06,1.721032621283053,-7.345364722995101e-24,-7.345364920210326e-25,0
SITE_003_S0320,SITE_003,279.4539794921875,278.9332733154297,279.6720123291016,0,-49676.5,2.011656761169434e-07,2.577435225248337e-07,1.515954349698452,-7.345364722995101e-24,-7.345364920210326e-25,0
SITE_003_S0321,SITE_003,278.0219116210937,276.5785369873047,278.8187408447266,0,-190285.25,5.401670932769775e-06,5.402602255344391e-06,1.89326285671722,-7.345364722995101e-24,-7.345364920210326e-25,0
SITE_003_S0322,SITE_003,278.0629119873047,277.4914398193359,279.4970092773437,0,-106447.25,1.51805579662323e-06,1.51805579662323e-06,1.674352034186662,-7.345364722995101e-24,-7.345364920210326e-25,0
SITE_003_S0323,SITE_003,275.0213012695312,273.6108856201172,277.0130462646484,0,-249745,9.92417335510254e-06,9.922543540596962e-06,2.031719371434457,-7.345364722995101e-24,-7.345364920210326e-25,0
SITE_003_S0324,SITE_003,278.1843719482422,277.3843231201172,280.2231750488281,186,-230116.5,-6.937608122825623e-05,-8.194008842110634e-06,4.344523641337707,-7.345364722995101e-24,-7.345364920210326e-25,0
SITE_003_S0325,SITE_003,274.3218536376953,273.3533325195312,277.1892547607422,825,-308081,-5.710870027542114e-05,-6.541609764099121e-06,4.021304794614982,-7.345364722995101e-24,-7.345364920210326e-25,0
SITE_003_S0326,SITE_003,277.2897186279297,276.2691955566406,277.6052551269531,4804,-103481.25,-4.056841135025024e-06,-8.663628250360489e-07,2.780791537548597,-7.345364722995101e-24,-7.345364920210326e-25,0
SITE_003_S0327,SITE_003,277.7002716064453,276.2830047607422,278.5756072998047,9849,-272739.75,-6.557628512382507e-05,-8.899485692381859e-06,3.912777390303718,-7.345364722995101e-24,-7.345364920210326e-25,0
SITE_003_S0328,SITE_003,279.0231628417969,277.076904296875,280.6550750732422,27282,-280685.25,-1.589581370353699e-05,-4.261033609509468e-06,2.530403967569784,-7.345364722995101e-24,-7.345364920210326e-25,0
SITE_003_S0329,SITE_003,282.5948944091797,280.228759765625,282.5633392333984,30957,-266009.25,-5.588121712207794e-05,-1.098867505788803e-05,3.237123271206826,-7.345364722995101e-24,-7.345364920210326e-25,0
SITE_003_S0330,SITE_003,281.4102020263672,279.8636169433594,282.0104522705078,50336,-245664,-2.690777182579041e-05,-7.193535566329956e-06,3.446031927353979,-7.345364722995101e-24,-7.345364920210326e-25,0
SITE_003_S0331,SITE_003,278.235107421875,276.8021392822266,279.6781616210937,57109,-251409.75,-7.027760148048401e-06,-2.876855432987213e-06,2.792936338431689,-7.345364722995101e-24,-7.345364920210326e-25,0
SITE_003_S0332,SITE_003,278.6988830566406,277.5509338378906,280.3321990966797,79565,-225033.5,-2.044998109340668e-05,-9.33161936700344e-06,2.295528814784392,-7.345364722995101e-24,-7.345364920210326e-25,0
SITE_003_S0333,SITE_003,277.0252075195312,276.0144653320312,278.9594421386719,86109,-223073.25,-2.93683260679245e-05,-1.854728907346725e-05,3.237974631101034,-7.345364722995101e-24,-7.345364920210326e-25,0
SITE_003_S0334,SITE_003,281.2003021240234,280.2467803955078,281.3958129882812,117352,-242441.5,4.248693585395813e-06,4.252186045050621e-06,3.125394477318973,-7.345364722995101e-24,-7.345364920210326e-25,0
SITE_003_S0335,SITE_003,282.2857208251953,282.1547698974609,283.0875244140625,29311,-30598.75,-1.73524022102356e-05,-1.73498410731554e-05,2.901604495403572,-7.345364722995101e-24,-7.345364920210326e-25,0
SITE_003_S0336,SITE_003,278.5875701904297,277.1159210205078,279.9344177246094,176977,-263952,-2.496130764484405e-05,-1.193350180983543e-05,2.242582868324809,-7.345364722995101e-24,-7.345364920210326e-25,0
SITE_003_S0337,SITE_003,279.5525360107422,278.1378631591797,280.6939849853516,166798,-243853.75,-0.0001044180244207382,-3.064470365643501e-05,3.487396762758565,-7.345364722995101e-24,-7.345364920210326e-25,0
SITE_003_S0338,SITE_003,284.8865814208984,285.1609497070312,286.2571258544922,62339,-19387,-4.863739013671875e-05,-1.421687193214893e-05,5.276332024856553,-7.345364722995101e-24,-7.345364920210326e-25,0
SITE_003_S0339,SITE_003,283.4872894287109,283.7250823974609,284.8459777832031,72075,-47172.25,-7.870607078075409e-05,-1.599523238837719e-05,4.148727793255273,-7.345364722995101e-24,-7.345364920210326e-25,0
SITE_003_S0340,SITE_003,285.3100280761719,284.6908264160156,286.1877746582031,194657,-212309.75,-3.190711140632629e-05,-3.085378557443619e-05,2.516440803337753,-7.345364722995101e-24,-7.345364920210326e-25,0
SITE_003_S0341,SITE_003,282.7610473632812,282.0880889892578,283.9485473632812,111621,-85884.25,-9.741634130477903e-07,-9.73464921116829e-07,1.426678889198154,-7.345364722995101e-24,-7.345364920210326e-25,0
SITE_003_S0342,SITE_003,289.8977966308594,288.2221374511719,289.0305328369141,248078,-189057.75,-4.150345921516418e-05,-1.858943141996861e-05,2.473479408061604,-7.345364722995101e-24,-7.345364920210326e-25,0
SITE_003_S0343,SITE_003,289.8427124023437,288.9221801757812,290.1360015869141,153621,-82658.75,-3.623217344284058e-05,-2.088164910674095e-05,1.237234213891225,-7.345364722995101e-24,-7.345364920210326e-25,0
SITE_003_S0344,SITE_003,287.7145538330078,287.4516754150391,288.3991546630859,53155,-75862,-0.0004046428948640824,-3.725453279912472e-05,8.324317644594458,-7.345364722995101e-24,-7.345364920210326e-25,0
SITE_003_S0345,SITE_003,284.3087310791016,283.3689422607422,285.4016876220703,252572,-250212,-7.857941091060638e-05,-2.500042319297791e-05,2.892468929201747,-7.345364722995101e-24,-7.345364920210326e-25,0
SITE_003_S0346,SITE_003,287.2352600097656,286.0777282714844,287.3103637695312,200808,-183184,-3.381818532943726e-05,-1.917360350489616e-05,2.278468593354811,-7.345364722995101e-24,-7.345364920210326e-25,0
SITE_003_S0347,SITE_003,289.1862030029297,288.2791290283203,289.2662048339844,76359,-61424.5,-1.563318073749542e-05,-1.517287455499172e-05,1.69177475238838,-7.345364722995101e-24,-7.345364920210326e-25,0
SITE_003_S0348,SITE_003,289.3445587158203,289.5722351074219,290.958740234375,156232,-68971,-6.061419844627381e-05,-2.519832924008369e-05,2.755051113682934,-7.345364722995101e-24,-7.345364920210326e-25,0
SITE_003_S0349,SITE_003,285.8911590576172,284.8181304931641,287.3845062255859,231727,-247721,-2.313219010829925e-05,-2.04932875931263e-05,2.278455287805856,-7.345364722995101e-24,-7.345364920210326e-25,0
SITE_003_S0350,SITE_003,293.0309753417969,292.7648315429688,294.3016967773437,254196,-215320.5,-7.360987365245819e-05,-2.349354326725006e-05,2.743202083973625,-7.345364722995101e-24,-7.345364920210326e-25,0
SITE_003_S0351,SITE_003,286.35888671875,286.5196380615234,289.4707794189453,210811,-217345,-0.0001317709684371948,-2.455245703458786e-05,3.721152092035594,-7.345364722995101e-24,-7.345364920210326e-25,0
SITE_003_S0352,SITE_003,287.6848297119141,287.3518524169922,289.1445007324219,186949,-185172.5,-0.0001008808612823486,-1.692026853561401e-05,3.271796714939258,-7.345364722995101e-24,-7.345364920210326e-25,0
SITE_003_S0353,SITE_003,284.1089935302734,283.1161651611328,285.5584259033203,227046,-205295.5,-1.529231667518616e-06,-1.528300344944e-06,1.432227221397374,-7.345364722995101e-24,-7.345364920210326e-25,0
SITE_003_S0354,SITE_003,285.2621612548828,284.5350494384766,286.2283630371094,137859,-121756.5,-6.150640547275543e-05,-1.311395317316055e-05,2.648751568009629,-7.345364722995101e-24,-7.345364920210326e-25,0
SITE_003_S0355,SITE_003,284.410400390625,283.4437255859375,285.2141571044922,162186,-149427,-2.632848918437958e-05,-7.302965968847275e-06,1.805028124913186,-7.345364722995101e-24,-7.345364920210326e-25,0
SITE_003_S0356,SITE_003,286.7525482177734,286.6707611083984,288.2421722412109,93705,-85802,-8.114427328109741e-05,-2.161972224712372e-05,2.608285699975986,-7.345364722995101e-24,-7.345364920210326e-25,0
SITE_003_S0357,SITE_003,286.8253479003906,286.6876373291016,287.9630584716797,80326,-45714,-5.826912820339203e-05,-2.157432027161121e-05,2.078024549974033,-7.345364722995101e-24,-7.345364920210326e-25,0
SITE_003_S0358,SITE_003,288.8082885742188,287.9015197753906,289.6295318603516,153444,-199448,-1.550652086734772e-05,-1.451908610761166e-05,2.849034168064474,-7.345364722995101e-24,-7.345364920210326e-25,0
SITE_003_S0359,SITE_003,297.7617340087891,295.3899841308594,296.4038696289062,139975,-225652.75,-0.0002238210290670395,-4.480453208088875e-05,3.415135020637796,-7.345364722995101e-24,-7.345364920210326e-25,0
SITE_003_S0360,SITE_003,295.5629577636719,294.5531768798828,296.225830078125,137776,-259495.25,-0.0002619326114654541,-3.189686685800552e-05,4.059404676891084,-7.345364722995101e-24,-7.345364920210326e-25,0
SITE_003_S0361,SITE_003,288.6064758300781,287.0216064453125,289.6279144287109,97530,-194602.5,-5.240552127361298e-05,-2.281507477164268e-05,2.881971424741616,-7.345364722995101e-24,-7.345364920210326e-25,0
SITE_003_S0362,SITE_003,287.6020355224609,286.7091674804688,289.1544494628906,94883,-205199,6.556510925292969e-06,6.556976586580276e-06,1.62283568383695,-7.345364722995101e-24,-7.345364920210326e-25,0
SITE_003_S0363,SITE_003,289.4370422363281,288.3390960693359,290.3353881835937,51272,-173117.25,-3.371387720108032e-05,-2.946611493825912e-05,3.613694557863929,-7.345364722995101e-24,-7.345364920210326e-25,0
SITE_003_S0364,SITE_003,288.6438293457031,287.7154235839844,289.6254730224609,61269,-209060.25,-5.101040005683899e-05,-8.638715371489525e-06,3.73834324286319,-7.345364722995101e-24,-7.345364920210326e-25,0
SITE_003_S0365,SITE_003,285.8169555664062,285.2943878173828,287.7776031494141,29746,-116576.5,-2.112984657287598e-05,-2.105440944433212e-05,3.043726083923268,-7.345364722995101e-24,-7.345364920210326e-25,0
SITE_003_S0366,SITE_003,283.6530914306641,282.2685546875,285.2930145263672,41784,-230964.5,2.760440111160278e-06,2.823071554303169e-06,2.503713241466058,-7.345364722995101e-24,-7.345364920210326e-25,0
SITE_003_S0367,SITE_003,286.9113159179688,285.9082336425781,287.6951293945312,21485,-140932.75,-4.839152097702026e-05,-1.090159639716148e-05,4.291839692864461,-7.345364722995101e-24,-7.345364920210326e-25,0
SITE_003_S0368,SITE_003,285.8621063232422,284.6588592529297,286.9939117431641,21947,-222756.75,-1.152977347373962e-05,-3.755791112780571e-06,3.031662632408807,-7.345364722995101e-24,-7.345364920210326e-25,0
SITE_003_S0369,SITE_003,287.3909301757812,285.1701812744141,288.1830444335937,11824,-189174.75,-3.077089786529541e-06,-1.505948603153229e-06,2.155051718422672,-7.345364722995101e-24,-7.345364920210326e-25,0
SITE_003_S0370,SITE_003,289.6325531005859,287.817138671875,290.3242034912109,9776,-182880.75,1.588836312294006e-06,2.538785338401794e-06,2.15550227348277,-7.345364722995101e-24,-7.345364920210326e-25,0
SITE_003_S0371,SITE_003,285.3828735351562,283.1009063720703,286.7185668945312,3136,-180696.5,-9.015202522277832e-07,-6.810296326875687e-07,2.148793022964804,-7.345364722995101e-24,-7.345364920210326e-25,0
SITE_003_S0372,SITE_003,289.2541961669922,288.4733276367188,290.6056213378906,1775,-196597.25,-2.094544470310211e-05,-8.312752470374107e-06,2.731138256990583,-7.345364722995101e-24,-7.345364920210326e-25,0
SITE_003_S0373,SITE_003,284.1817626953125,282.9932861328125,284.9954528808594,86,-122258.5,-7.678195834159851e-05,-7.985159754753113e-06,3.693300103001046,-7.345364722995101e-24,-7.345364920210326e-25,0
SITE_003_S0374,SITE_003,284.6833801269531,283.9873504638672,286.0283660888672,0,-165173.5,1.081451773643494e-05,1.073954626917839e-05,1.935683447160202,-7.345364722995101e-24,-7.345364920210326e-25,0
SITE_003_S0375,SITE_003,287.4803619384766,286.8108520507812,287.4951324462891,0,-94979.5,1.433119177818298e-05,1.433258876204491e-05,2.12921090532679,-7.345364722995101e-24,-7.345364920210326e-25,0
SITE_003_S0376,SITE_003,290.8362121582031,290.3184814453125,290.395751953125,0,-25053,-5.402602255344391e-05,-1.663714647293091e-05,3.862098432891979,-7.345364722995101e-24,-7.345364920210326e-25,0
SITE_003_S0377,SITE_003,280.8709106445312,279.0522155761719,282.3162994384766,0,-183217,1.881271600723267e-07,5.53671270608902e-07,2.027570360683241,-7.345364722995101e-24,-7.345364920210326e-25,0
SITE_003_S0378,SITE_003,280.9642639160156,279.5918884277344,282.3071594238281,0,-150723.75,4.135072231292725e-07,1.573935151100159e-07,1.518044524350873,-7.345364722995101e-24,-7.345364920210326e-25,0
SITE_003_S0379,SITE_003,286.5121307373047,285.1688079833984,286.7464599609375,0,-118349.5,-2.458877861499786e-05,-4.854751750826836e-06,3.131851447249642,-7.345364722995101e-24,-7.345364920210326e-25,0
SITE_003_S0380,SITE_003,286.5296173095703,285.8624877929688,287.1714782714844,0,-125900,2.974644303321838e-06,2.974877133965492e-06,3.282959557877394,-7.345364722995101e-24,-7.345364920210326e-25,0
SITE_003_S0381,SITE_003,285.873779296875,284.81689453125,286.3838653564453,0,-136260.5,-6.026774644851685e-05,-5.654571577906609e-05,5.520847238296904,-7.345364722995101e-24,-7.345364920210326e-25,0
SITE_003_S0382,SITE_003,287.634033203125,286.5419158935547,287.0104827880859,0,-6849,-6.272271275520325e-05,-6.272108294069767e-05,6.307613121451967,-7.345364722995101e-24,-7.345364920210326e-25,0
SITE_003_S0383,SITE_003,281.5522003173828,280.7382354736328,282.5296783447266,0,-132027.5,-8.166953921318054e-05,-1.11190602183342e-05,3.928773665117037,-7.345364722995101e-24,-7.345364920210326e-25,0
SITE_003_S0384,SITE_003,278.4967803955078,277.2415618896484,280.2420959472656,0,-255076,-2.174824476242065e-05,-1.183990389108658e-05,3.285886271851628,-7.345364722995101e-24,-7.345364920210326e-25,0
SITE_003_S0385,SITE_003,288.1434936523437,287.248779296875,287.0049133300781,0,-23835.5,-7.272884249687195e-05,-3.550760447978973e-05,4.230372969590134,-7.345364722995101e-24,-7.345364920210326e-25,0
SITE_003_S0386,SITE_003,287.5756683349609,285.793212890625,285.8477630615234,0,-99750.5,2.86102294921875e-05,2.861395478248596e-05,3.613927199548044,-7.345364722995101e-24,-7.345364920210326e-25,0
SITE_003_S0387,SITE_003,285.9535522460937,285.2583465576172,285.9088134765625,0,-13295.5,-3.372132778167725e-05,-3.342120908200741e-05,4.246235587383987,-7.345364722995101e-24,-7.345364920210326e-25,0
SITE_003_S0388,SITE_003,284.4045715332031,283.3466796875,284.5338287353516,0,-126465.5,-7.938966155052185e-05,-1.133326441049576e-05,4.286374540719939,-7.345364722995101e-24,-7.345364920210326e-25,0
SITE_003_S0389,SITE_003,284.4243011474609,283.3779296875,284.5645904541016,0,-88169.75,3.125518560409546e-06,3.125052899122238e-06,2.963572207875154,-7.345364722995101e-24,-7.345364920210326e-25,0
SITE_003_S0390,SITE_003,285.4897155761719,284.8070220947266,285.8168640136719,0,-196922,-3.849714994430542e-05,-6.303424015641212e-06,4.397655034478044,-7.345364722995101e-24,-7.345364920210326e-25,0
SITE_003_S0391,SITE_003,277.6807861328125,276.7188873291016,279.1528472900391,0,-189539.5,-1.058727502822876e-05,-2.179061993956566e-06,2.525106398754725,-7.345364722995101e-24,-7.345364920210326e-25,0
SITE_003_S0392,SITE_003,274.0391540527344,272.4975280761719,276.3389282226562,0,-277950.5,8.571892976760864e-06,8.573057129979134e-06,2.524208311793866,-7.345364722995101e-24,-7.345364920210326e-25,1
SITE_003_S0393,SITE_003,280.2844543457031,279.2812194824219,281.0864105224609,0,-144913.25,9.160488843917848e-06,9.16188582777977e-06,2.563655297261596,-7.345364722995101e-24,-7.345364920210326e-25,0
SITE_003_S0394,SITE_003,281.1051025390625,280.9763946533203,281.7783203125,0,-28739,-7.20098614692688e-06,-7.201451808214188e-06,1.84824002721179,-7.345364722995101e-24,-7.345364920210326e-25,0
SITE_003_S0395,SITE_003,274.8899993896484,273.6622467041016,275.6887817382812,0,-169140.5,1.246482133865356e-05,1.246528699994087e-05,3.650083513803005,-7.345364722995101e-24,-7.345364920210326e-25,0
SITE_003_S0396,SITE_003,277.0196838378906,275.7402954101562,276.9373626708984,0,-127996,-1.317448914051056e-05,-7.874332368373871e-06,3.993764706959625,-7.345364722995101e-24,-7.345364920210326e-25,0
SITE_003_S0397,SITE_003,276.6322937011719,275.5158081054688,277.1171264648437,0,-224563.5,1.554936170578003e-05,1.554796472191811e-05,2.700320353857614,-7.345364722995101e-24,-7.345364920210326e-25,0
SITE_003_S0398,SITE_003,278.7523040771484,277.3109741210937,279.0707397460937,0,-189324.5,-5.513057112693787e-05,-3.147916868329048e-05,3.994709251454007,-7.345364722995101e-24,-7.345364920210326e-25,0
SITE_003_S0399,SITE_003,274.3607635498047,272.7215118408203,275.6273803710937,0,-225461.5,8.732080459594727e-06,8.73045064508915e-06,2.314906275375423,-7.345364722995101e-24,-7.345364920210326e-25,1
SITE_003_S0400,SITE_003,271.3097839355469,269.8127746582031,273.5043334960937,0,-172602.5,6.508082151412964e-06,6.509944796562195e-06,2.130999803067951,-7.345364722995101e-24,9.5367431640625e-07,1
SITE_003_S0401,SITE_003,278.1439666748047,277.6367034912109,277.197509765625,0,3991.5,-6.384029984474182e-05,-2.059550024569034e-05,6.855893178599278,-7.345364722995101e-24,1.9073486328125e-06,0
SITE_003_S0402,SITE_003,280.2192230224609,279.5820159912109,279.3579559326172,0,-28643,-7.580593228340149e-05,-3.129313699901104e-05,4.911685662855353,-7.345364722995101e-24,-7.345364920210326e-25,0
SITE_003_S0403,SITE_003,277.6071624755859,277.1940307617188,278.0535736083984,0,-17940.5,-2.172961831092834e-05,-2.029351890087128e-05,3.941988014382378,-7.345364722995101e-24,-7.345364920210326e-25,0
SITE_003_S0404,SITE_003,282.4906311035156,280.7830352783203,280.0674591064453,0,-115913.5,-2.297759056091309e-05,-2.219062298536301e-05,4.666610750600223,-7.345364722995101e-24,-7.345364920210326e-25,0
SITE_003_S0405,SITE_003,278.6027069091797,277.6356201171875,279.2748107910156,0,-150107,2.391636371612549e-06,2.394197508692741e-06,3.00746632864745,-7.345364722995101e-24,-7.345364920210326e-25,0
SITE_003_S0406,SITE_003,279.3310241699219,278.5535583496094,279.4342041015625,0,-144007.5,-1.18650496006012e-06,-9.583309292793274e-07,3.886671432443156,-7.345364722995101e-24,-7.345364920210326e-25,0
SITE_003_S0407,SITE_003,278.0921020507812,277.1039886474609,278.3632507324219,0,-176062,1.099705696105957e-05,1.099635846912861e-05,3.937651920586846,-7.345364722995101e-24,-7.345364920210326e-25,0
SITE_003_S0408,SITE_003,271.4249267578125,270.0838623046875,273.31396484375,0,-184435.5,3.26894223690033e-06,3.270339220762253e-06,2.515714859473293,-7.345364722995101e-24,-7.345364920210326e-25,1
SITE_003_S0409,SITE_003,274.0575561523437,272.2373962402344,273.839111328125,0,-222528.5,-5.984678864479065e-05,-1.171603798866272e-05,3.856816422262701,-7.345364722995101e-24,-7.345364920210326e-25,1
SITE_003_S0410,SITE_003,278.4907836914062,277.4134979248047,277.7759857177734,0,-109648,-1.73225998878479e-05,-1.161359250545502e-05,4.74752653429996,-7.345364722995101e-24,1.9073486328125e-06,0
SITE_003_S0411,SITE_003,278.6431884765625,277.7985382080078,277.8589324951172,0,3336.5,3.468245267868042e-06,3.469875082373619e-06,2.115611748124495,-7.345364722995101e-24,-7.345364920210326e-25,0
SITE_003_S0412,SITE_003,281.0106811523437,279.956787109375,280.9895324707031,0,-203903,-6.94766640663147e-06,-6.945803761482239e-06,3.177950955182262,-7.345364722995101e-24,-7.345364920210326e-25,0
SITE_003_S0413,SITE_003,277.1450653076172,276.0181732177734,277.6856994628906,0,-153434.5,-4.123896360397339e-06,-1.439359039068222e-06,3.246886749026604,-7.345364722995101e-24,-7.345364920210326e-25,0
SITE_003_S0414,SITE_003,277.1387329101562,275.9211120605469,278.1282653808594,0,-279704.5,1.77677720785141e-05,1.776590943336487e-05,3.511557977186099,-7.345364722995101e-24,-7.345364920210326e-25,0
SITE_003_S0415,SITE_003,280.2224884033203,278.6016387939453,279.1679382324219,0,-258960.25,-3.726780414581299e-05,-7.63777643442154e-06,4.307565389546673,-7.345364722995101e-24,-7.345364920210326e-25,0
SITE_003_S0416,SITE_003,275.6040954589844,275.5543212890625,276.2271423339844,0,-12383,-9.175390005111694e-06,-2.103392034769058e-06,2.33116595251594,-7.345364722995101e-24,-7.345364920210326e-25,0
SITE_003_S0417,SITE_003,277.4403686523437,277.51123046875,277.8303375244141,0,-8858.75,-2.503395080566406e-06,-8.717179298400879e-07,1.651994857325226,-7.345364722995101e-24,-7.345364920210326e-25,0
SITE_003_S0418,SITE_003,279.1353759765625,278.4509582519531,278.668212890625,0,-26084.5,-4.414096474647522e-05,-4.244665615260601e-05,5.636164245421845,-7.345364722995101e-24,-7.345364920210326e-25,0
SITE_003_S0419,SITE_003,276.7476043701172,275.5110015869141,276.4615020751953,0,-124898.5,-2.33277678489685e-05,-2.321507781744004e-05,5.715240075224277,-7.345364722995101e-24,1.621246337890625e-05,0
SITE_003_S0420,SITE_003,281.6560974121094,280.8069152832031,280.6271667480469,0,-41456.5,-4.308298230171204e-05,-3.94976232200861e-05,6.382537560687225,-7.345364722995101e-24,-7.345364920210326e-25,0
SITE_003_S0421,SITE_003,277.2984466552734,275.8408203125,277.8407440185547,0,-181386.5,-4.45004552602768e-05,-3.93714290112257e-05,5.318289767395385,-7.345364722995101e-24,-7.345364920210326e-25,0
SITE_003_S0422,SITE_003,280.0245666503906,278.7833099365234,278.9664764404297,0,-140905.25,-2.608820796012878e-05,-2.533569931983948e-05,6.965137658413907,-7.345364722995101e-24,-7.345364920210326e-25,0
SITE_003_S0423,SITE_003,280.0525207519531,279.2779693603516,279.8883666992188,0,-87187.5,-0.0001052785664796829,-6.416323594748974e-05,9.1635210572236,-7.345364722995101e-24,-7.345364920210326e-25,0
SITE_003_S0424,SITE_003,279.5991516113281,278.5039367675781,278.6656188964844,0,-155821.5,-3.694742918014526e-05,-4.041939973831177e-06,4.789346160021682,-7.345364722995101e-24,-7.345364920210326e-25,0
SITE_003_S0425,SITE_003,285.0743408203125,283.9203643798828,282.7717437744141,0,-78960,-0.0001316070556640625,-7.493048906326294e-05,8.813878342407573,-7.345364722995101e-24,-7.345364920210326e-25,0
SITE_003_S0426,SITE_003,277.0862579345703,275.7267913818359,277.4909210205078,0,-247373.25,-7.030926644802094e-05,-2.391589805483818e-05,5.261731087925148,-7.345364722995101e-24,-7.345364920210326e-25,0
SITE_003_S0427,SITE_003,280.51953125,279.8310394287109,279.9198303222656,0,-180568,-0.0001431964337825775,-1.113931648433208e-05,7.845332208877314,-7.345364722995101e-24,-7.345364920210326e-25,0
SITE_003_S0428,SITE_003,273.6919555664062,272.7337188720703,275.2189331054688,0,-196983,5.107372999191284e-06,5.103182047605515e-06,3.098913485614508,0.0009765625,0.0001220703125,1
SITE_003_S0429,SITE_003,274.2575073242188,272.5916290283203,274.8533020019531,0,-258119,-4.902482032775879e-06,-3.898283466696739e-06,3.529466783411832,0.0009765625,0.0002355575561523437,1
SITE_003_S0430,SITE_003,274.9266357421875,273.901611328125,275.9210815429688,0,-166296,9.726732969284058e-06,9.722309187054634e-06,2.719976804196377,-7.345364722995101e-24,9.5367431640625e-07,0
SITE_003_S0431,SITE_003,275.9997863769531,275.1034698486328,276.3556213378906,0,-49577,-5.21540641784668e-08,-5.075708031654359e-08,2.302692378749654,-7.345364722995101e-24,-7.345364920210326e-25,0
SITE_003_S0432,SITE_003,279.4767761230469,278.6980895996094,279.1341552734375,0,-11014,-3.691576421260834e-05,-3.691832534968853e-05,6.659657849351618,-7.345364722995101e-24,-7.345364920210326e-25,0
SITE_003_S0433,SITE_003,281.5093231201172,280.7441558837891,280.9521789550781,0,-75373,-8.827075362205505e-06,-8.222414180636406e-06,2.971504241504104,-7.345364722995101e-24,-7.345364920210326e-25,0
SITE_003_S0434,SITE_003,280.1683654785156,279.1217651367188,280.1606140136719,0,-127775.5,-6.139278411865234e-06,-1.66008248925209e-06,2.149657249179695,-7.345364722995101e-24,-7.345364920210326e-25,0
SITE_003_S0435,SITE_003,276.0027770996094,274.0293273925781,277.1953887939453,0,-240665,1.472979784011841e-05,1.472840085625648e-05,2.719913468752979,-7.345364722995101e-24,-7.345364920210326e-25,0
SITE_003_S0436,SITE_003,273.0187835693359,271.5204162597656,274.7185821533203,0,-325900,-5.128979682922363e-05,-6.256159394979477e-06,4.089902159459128,-7.345364722995101e-24,-7.345364920210326e-25,1
SITE_003_S0437,SITE_003,271.9197235107422,270.2999725341797,273.85595703125,0,-328367.5,-5.776435136795044e-05,-7.616821676492691e-06,3.430946993597427,-7.345364722995101e-24,-7.345364920210326e-25,1
SITE_003_S0438,SITE_003,276.23828125,274.9033355712891,277.2411956787109,0,-263601.75,-4.033558070659637e-05,-5.085719749331474e-06,3.691667174050189,-7.345364722995101e-24,-7.345364920210326e-25,0
SITE_003_S0439,SITE_003,275.9810791015625,274.4207916259766,276.8682250976562,0,-318246,-6.157904863357544e-05,-6.42240047454834e-06,4.447266641945237,-7.345364722995101e-24,-7.345364920210326e-25,0
SITE_003_S0440,SITE_003,282.0241394042969,280.5188903808594,282.3324432373047,34855,-321396.25,-0.0001728348433971405,-1.406949013471603e-05,4.655299626389938,-7.345364722995101e-24,-7.345364920210326e-25,0
SITE_003_S0441,SITE_003,275.8665313720703,274.1446075439453,277.7556457519531,61107,-212495,8.195638656616211e-07,1.09383836388588e-06,2.025980113299517,-7.345364722995101e-24,-7.345364920210326e-25,0
SITE_003_S0442,SITE_003,280.3957824707031,279.7695922851562,281.8690948486328,53393,-168430.25,5.949288606643677e-06,5.946261808276176e-06,2.189650549480425,-7.345364722995101e-24,-7.345364920210326e-25,0
SITE_003_S0443,SITE_003,279.5426940917969,278.4408416748047,280.5734405517578,76576,-174926,-1.564621925354004e-06,-1.56741589307785e-06,2.090582869386332,-7.345364722995101e-24,-7.345364920210326e-25,0
SITE_003_S0444,SITE_003,280.2874450683594,279.8883666992188,281.69384765625,39453,-121322,-1.031719148159027e-05,-8.134637027978897e-06,2.825145698388691,-7.345364722995101e-24,-7.345364920210326e-25,0
SITE_003_S0445,SITE_003,281.6276550292969,279.8473968505859,282.5043334960937,135493,-201024.5,-1.177005469799042e-05,-6.665010005235672e-06,1.945174221226241,-7.345364722995101e-24,-7.345364920210326e-25,0
SITE_003_S0446,SITE_003,283.8777618408203,282.6886749267578,284.8063812255859,115714,-156874.5,-1.452304422855377e-05,-7.435912266373634e-06,1.526726900902618,-7.345364722995101e-24,-7.345364920210326e-25,0
SITE_003_S0447,SITE_003,274.7658081054688,273.3097991943359,276.8649291992188,187359,-253709,-2.136453986167908e-06,-1.806532964110374e-06,1.149988847463371,-7.345364722995101e-24,-7.345364920210326e-25,0
SITE_003_S0448,SITE_003,279.0508422851562,277.5602264404297,279.5108489990234,130202,-121196.75,-1.47651880979538e-05,-1.377193257212639e-05,2.108295400389031,-7.345364722995101e-24,-7.345364920210326e-25,0
SITE_003_S0449,SITE_003,283.3194274902344,282.1961822509766,283.8563690185547,207729,-181263.25,-1.993030309677124e-06,-1.991866156458855e-06,1.448425145482975,-7.345364722995101e-24,-7.345364920210326e-25,0
SITE_003_S0450,SITE_003,290.0226287841797,288.2126159667969,288.6564331054688,91732,-73744,-6.483495235443115e-05,-1.488416455686092e-05,2.44799740269357,-7.345364722995101e-24,-7.345364920210326e-25,0
SITE_003_S0451,SITE_003,283.8139343261719,282.1686096191406,284.1264953613281,210507,-160764.5,-9.126961231231688e-07,-9.11066308617592e-07,0.7957707280689043,-7.345364722995101e-24,-7.345364920210326e-25,0
SITE_003_S0452,SITE_003,282.0030975341797,280.9675598144531,283.4007568359375,250870,-275680.5,-2.765655517578125e-05,-7.442431524395943e-06,2.3916075732164,-7.345364722995101e-24,-7.345364920210326e-25,0
SITE_003_S0453,SITE_003,287.6466522216797,286.2442779541016,287.67822265625,230593,-232767.25,-0.0001010037958621979,-1.925253309309482e-05,2.325540077455393,-7.345364722995101e-24,-7.345364920210326e-25,0
SITE_003_S0454,SITE_003,286.7800598144531,286.5051422119141,288.3408508300781,224336,-227804.25,-5.837529897689819e-05,-8.519040420651436e-06,2.735824777775532,-7.345364722995101e-24,-7.345364920210326e-25,0
SITE_003_S0455,SITE_003,284.2942504882812,283.7767486572266,285.0071411132812,152929,-91232,-3.540702164173126e-05,-2.30143778026104e-05,1.912889855272901,-7.345364722995101e-24,-7.345364920210326e-25,0
SITE_003_S0456,SITE_003,283.5815582275391,283.3132934570312,284.7071228027344,83712,-35970,-7.719360291957855e-05,-2.243649214506149e-05,2.45999882281018,-7.345364722995101e-24,-7.345364920210326e-25,0
SITE_003_S0457,SITE_003,290.8815155029297,291.0092620849609,291.6350250244141,84071,-29114,-1.092255115509033e-05,-1.092255115509033e-05,1.491704738266468,-7.345364722995101e-24,-7.345364920210326e-25,0
SITE_003_S0458,SITE_003,288.1308746337891,288.3381958007812,289.6896667480469,123278,-21569,-3.496743738651276e-05,-3.405450843274593e-05,2.726676682346696,-7.345364722995101e-24,-7.345364920210326e-25,0
SITE_003_S0459,SITE_003,286.3554840087891,285.3163909912109,287.3667449951172,258930,-230530,-2.866238355636597e-05,-2.61098612099886e-05,2.300164577445281,-7.345364722995101e-24,-7.345364920210326e-25,0
SITE_003_S0460,SITE_003,285.8941040039062,284.6537322998047,286.6344299316406,273675,-192879.5,-3.430992364883423e-06,-3.431923687458038e-06,1.651621094623343,-7.345364722995101e-24,-7.345364920210326e-25,0
SITE_003_S0461,SITE_003,291.7942962646484,290.4879150390625,291.8861694335937,264695,-238512.5,-0.0001039635390043259,-3.035855479538441e-05,2.747033923167784,-7.345364722995101e-24,-7.345364920210326e-25,0
SITE_003_S0462,SITE_003,293.511474609375,292.8484954833984,293.6653137207031,207588,-117455,-3.133341670036316e-05,-1.21870543807745e-05,2.206648577475572,-7.345364722995101e-24,-7.345364920210326e-25,0
SITE_003_S0463,SITE_003,288.3504486083984,287.8328247070312,288.8326568603516,133827,-85771.5,-6.816163659095764e-05,-1.591956242918968e-05,2.917412374212545,-7.345364722995101e-24,-7.345364920210326e-25,0
SITE_003_S0464,SITE_003,287.0145874023437,286.3320922851562,287.8551483154297,172339,-109271,-2.641230821609497e-05,-2.54390761256218e-05,2.872659885767312,-7.345364722995101e-24,-7.345364920210326e-25,0
SITE_003_S0465,SITE_003,285.9730072021484,285.7456512451172,287.0782012939453,20286,-38050.5,-1.064874231815338e-05,-1.06501393020153e-05,1.217027100104285,-7.345364722995101e-24,-7.345364920210326e-25,0
SITE_003_S0466,SITE_003,287.8169097900391,287.6275634765625,288.0059509277344,10587,-6946,-1.683831214904785e-06,-1.683598384261131e-06,1.995391569067042,-7.345364722995101e-24,-7.345364920210326e-25,0
SITE_003_S0467,SITE_003,286.9452819824219,285.0156707763672,286.9803466796875,153445,-120351.5,-1.33030116558075e-05,-1.202430576086044e-05,2.39168569074947,-7.345364722995101e-24,-7.345364920210326e-25,0
SITE_003_S0468,SITE_003,284.1906433105469,283.3442993164062,285.6770324707031,182051,-223758,-2.02469527721405e-06,-2.023996785283089e-06,1.683149397093904,-7.345364722995101e-24,-7.345364920210326e-25,0
SITE_003_S0469,SITE_003,286.5827941894531,286.0429840087891,288.6170349121094,153083,-214914.5,-2.245604991912841e-05,-2.080900594592094e-05,2.259678297820047,-7.345364722995101e-24,-7.345364920210326e-25,0
SITE_003_S0470,SITE_003,283.8756103515625,282.5896453857422,285.5554962158203,159452,-217226.5,1.32247805595398e-06,1.320382580161095e-06,1.737640528460658,-7.345364722995101e-24,-7.345364920210326e-25,0
SITE_003_S0471,SITE_003,289.48193359375,289.0823974609375,289.8407745361328,27762,-52554,-3.175996243953705e-05,-3.175996243953705e-05,4.063184188603657,-7.345364722995101e-24,-7.345364920210326e-25,0
SITE_003_S0472,SITE_003,288.0545349121094,286.6616973876953,288.2253570556641,71501,-135866.5,-2.684816718101501e-05,-8.857110515236855e-06,2.879346461021778,-7.345364722995101e-24,-7.345364920210326e-25,0
SITE_003_S0473,SITE_003,293.2776031494141,291.4428863525391,292.2149047851562,75270,-132506.5,-8.99042934179306e-05,-2.645282074809074e-05,2.561613479879399,-7.345364722995101e-24,-7.345364920210326e-25,0
SITE_003_S0474,SITE_003,287.6370391845703,286.1429595947266,288.9529418945312,80675,-176605,3.628432750701904e-06,3.629131242632866e-06,1.921531664811094,-7.345364722995101e-24,-7.345364920210326e-25,0
SITE_003_S0475,SITE_003,289.6882476806641,287.78173828125,290.1490020751953,70523,-170735,-1.234747469425201e-05,-6.008893251419067e-06,1.92176231702414,-7.345364722995101e-24,-7.345364920210326e-25,0
SITE_003_S0476,SITE_003,290.0430145263672,287.9373168945312,290.6887359619141,67614,-185425,-7.696449756622314e-06,-3.973487764596939e-06,1.757471338070265,-7.345364722995101e-24,-7.345364920210326e-25,0
SITE_003_S0477,SITE_003,294.7417907714844,293.725830078125,295.2836456298828,40884,-159066.5,-3.952905535697937e-05,-6.044749170541763e-06,2.410666655397797,-7.345364722995101e-24,-7.345364920210326e-25,0
SITE_003_S0478,SITE_003,293.3839874267578,292.7985992431641,294.5781555175781,15509,-90692.25,1.266598701477051e-07,1.306179910898209e-07,0.810059381292603,-7.345364722995101e-24,-7.345364920210326e-25,0
SITE_003_S0479,SITE_003,293.0317687988281,291.7650909423828,292.5287170410156,9759,-63482.25,-8.776038885116577e-05,-4.075374454259872e-05,3.289400816721395,-7.345364722995101e-24,-7.345364920210326e-25,0
SITE_003_S0480,SITE_003,285.4976806640625,284.2384796142578,286.8949279785156,8186,-119789.75,4.366040229797363e-06,4.370696842670441e-06,2.059259037508403,-7.345364722995101e-24,-7.345364920210326e-25,0
SITE_003_S0481,SITE_003,288.6510009765625,287.4937438964844,289.1500244140625,730,-20368.75,-0.000141579657793045,-0.0001415773294866085,8.924482277994086,-7.345364722995101e-24,-7.345364920210326e-25,0
SITE_003_S0482,SITE_003,285.7430114746094,284.8926544189453,287.14208984375,2037,-176632.5,-1.718848943710327e-05,-4.412839189171791e-06,2.260403863677459,-7.345364722995101e-24,-7.345364920210326e-25,0
SITE_003_S0483,SITE_003,283.6231384277344,280.3174591064453,284.0117034912109,1411,-186591.25,1.922249794006348e-06,1.918058842420578e-06,0.9732753210725716,-7.345364722995101e-24,-7.345364920210326e-25,0
SITE_003_S0484,SITE_003,283.6175537109375,282.4255981445312,285.1991424560547,0,-192548.5,-2.142041921615601e-06,-7.604248821735382e-07,2.448264640112479,-7.345364722995101e-24,-7.345364920210326e-25,0
SITE_003_S0485,SITE_003,283.3376007080078,282.4641723632812,285.0163269042969,0,-130810,1.099333167076111e-05,1.099659129977226e-05,1.712891323468426,-7.345364722995101e-24,-7.345364920210326e-25,0
SITE_003_S0486,SITE_003,284.3055725097656,281.6995239257812,284.3087158203125,0,-162357.5,9.074807167053224e-06,9.075039997696877e-06,2.95154640310837,-7.345364722995101e-24,-7.345364920210326e-25,0
SITE_003_S0487,SITE_003,286.1659088134766,284.6858062744141,286.1253967285156,0,-199295.25,1.144036650657654e-05,1.143640838563442e-05,3.151476128299701,-7.345364722995101e-24,-7.345364920210326e-25,0
SITE_003_S0488,SITE_003,282.0775299072266,280.4169311523437,283.8479156494141,0,-292103.5,-4.835054278373718e-05,-5.196314305067062e-06,3.254976389982164,-7.345364722995101e-24,-7.345364920210326e-25,0
SITE_003_S0489,SITE_003,283.0726623535156,281.2756042480469,284.1353149414062,0,-285755,-8.406862616539001e-05,-8.27619805932045e-06,3.247862563248522,-7.345364722995101e-24,-7.345364920210326e-25,0
SITE_003_S0490,SITE_003,285.4288177490234,284.4176483154297,286.5933380126953,0,-288479,-6.342492997646332e-05,-4.407530650496483e-05,5.726901904403914,-7.345364722995101e-24,-7.345364920210326e-25,0
SITE_003_S0491,SITE_003,283.0199890136719,282.0646362304688,284.8700408935547,0,-257437.75,-3.539770841598511e-05,-2.960744313895702e-05,4.267648914135225,-7.345364722995101e-24,-7.345364920210326e-25,0
SITE_003_S0492,SITE_003,285.5938415527344,284.7511901855469,285.6157531738281,0,-120463.25,1.718103885650635e-05,1.71782448887825e-05,2.067917830075315,-7.345364722995101e-24,-7.345364920210326e-25,0
SITE_003_S0493,SITE_003,286.6383514404297,285.5862579345703,286.6226348876953,0,-93885.5,-3.802776336669922e-05,-2.872827462852001e-05,3.752731104747276,-7.345364722995101e-24,-7.345364920210326e-25,0
SITE_003_S0494,SITE_003,285.2359619140625,284.4927215576172,285.0678405761719,0,-62224,-4.691258072853088e-05,-4.597380757331848e-05,5.885111527689677,-7.345364722995101e-24,-7.345364920210326e-25,0
SITE_003_S0495,SITE_003,283.9028472900391,283.3459320068359,284.4582824707031,0,-102997.75,-2.950429916381836e-06,-2.937391400337219e-06,3.717591179939984,-7.345364722995101e-24,-7.345364920210326e-25,0
SITE_003_S0496,SITE_003,281.6163482666016,280.7901306152344,282.0589141845703,0,-104209.5,8.152797818183899e-06,8.150003850460052e-06,2.054862803210008,-7.345364722995101e-24,-7.345364920210326e-25,0
SITE_003_S0497,SITE_003,280.6728515625,279.5436096191406,281.555419921875,0,-179912.25,2.786517143249512e-06,7.194466888904572e-07,2.528269990576417,-7.345364722995101e-24,-7.345364920210326e-25,0
SITE_003_S0498,SITE_003,278.1734161376953,276.9808807373047,279.3832244873047,0,-112520.5,1.084804534912109e-05,1.08485110104084e-05,2.156972076615728,-7.345364722995101e-24,-7.345364920210326e-25,0
SITE_003_S0499,SITE_003,279.6958618164062,278.8127288818359,280.4617462158203,0,-132906.75,7.74487853050232e-06,7.743248715996742e-06,1.957969682718825,-7.345364722995101e-24,-7.345364920210326e-25,0
SITE_003_S0500,SITE_003,285.0146179199219,284.4220581054688,285.0926971435547,0,-87129,-3.561191260814667e-05,-1.4846445992589e-05,4.574960956886699,-7.345364722995101e-24,-7.345364920210326e-25,0
SITE_003_S0501,SITE_003,287.8542633056641,286.7770690917969,286.7294769287109,0,-40268.5,-0.0001690946519374847,-7.149227894842625e-05,6.861547235418647,-7.345364722995101e-24,-7.345364920210326e-25,0
SITE_003_S0502,SITE_003,286.8170776367188,285.9294128417969,285.1864471435547,0,-12618.5,-5.129352211952209e-05,-3.807083703577519e-05,5.78894135711951,-7.345364722995101e-24,-7.345364920210326e-25,0
SITE_003_S0503,SITE_003,286.8479309082031,286.0742950439453,285.9231414794922,0,-18998.5,-3.360956907272339e-05,-2.31228768825531e-05,2.944418843566636,-7.345364722995101e-24,-7.345364920210326e-25,0
SITE_003_S0504,SITE_003,275.9015960693359,274.1686553955078,277.9087982177734,0,-229770.5,8.609145879745483e-06,8.607981726527214e-06,2.151849573029196,-7.345364722995101e-24,-7.345364920210326e-25,0
SITE_003_S0505,SITE_003,279.2355651855469,278.6862182617188,280.1475830078125,0,-60379.5,-5.327165126800537e-07,-4.693865776062012e-07,1.186620052254152,-7.345364722995101e-24,-7.345364920210326e-25,0
SITE_003_S0506,SITE_003,283.8795776367188,283.7424926757812,283.6282958984375,0,-17155.5,2.430751919746399e-06,2.430286258459091e-06,1.492992566073199,-7.345364722995101e-24,-7.345364920210326e-25,0
SITE_003_S0507,SITE_003,282.9316711425781,282.1230926513672,282.957275390625,0,-112297,-3.117136657238007e-05,-1.070485450327396e-05,4.930917054623715,-7.345364722995101e-24,-7.345364920210326e-25,0
SITE_003_S0508,SITE_003,284.4271850585937,283.4934234619141,283.4122924804688,0,-12360.5,-7.493048906326294e-05,-3.471411764621735e-05,5.725122869983871,-7.345364722995101e-24,-7.345364920210326e-25,0
SITE_003_S0509,SITE_003,283.3256683349609,282.6343841552734,283.4360504150391,0,-184710.5,-3.535300493240356e-05,-5.415640771389008e-06,3.96237308845619,-7.345364722995101e-24,-7.345364920210326e-25,0
SITE_003_S0510,SITE_003,278.5304107666016,277.2373809814453,279.3282318115234,0,-186696.5,-1.686066389083862e-05,-3.881752490997314e-06,2.979050427443892,-7.345364722995101e-24,-7.345364920210326e-25,0
SITE_003_S0511,SITE_003,280.1547088623047,279.2297821044922,279.8496398925781,0,-121938.5,7.633119821548462e-06,7.634982466697693e-06,3.505403947787909,-7.345364722995101e-24,-7.345364920210326e-25,0
SITE_003_S0512,SITE_003,274.2639465332031,273.6998443603516,276.4443664550781,0,-195143.5,-2.133473753929139e-05,-5.252426490187645e-06,2.643131929618427,-7.345364722995101e-24,-7.345364920210326e-25,0
SITE_003_S0513,SITE_003,270.524658203125,269.2562255859375,273.4870147705078,0,-174671,1.396983861923218e-06,1.394655555486679e-06,1.666056300026741,-7.345364722995101e-24,1.9073486328125e-06,1
SITE_003_S0514,SITE_003,275.0171966552734,272.5541534423828,275.3525390625,0,-102681.5,1.119449734687805e-06,1.119216904044151e-06,0.6962686588337629,-7.345364722995101e-24,-7.345364920210326e-25,1
SITE_003_S0515,SITE_003,271.9921112060547,270.4706115722656,273.7299499511719,0,-203965.5,8.031725883483887e-06,8.030561730265617e-06,2.154231309325316,-7.345364722995101e-24,-7.345364920210326e-25,1
SITE_003_S0516,SITE_003,272.9725341796875,271.9439544677734,273.9090270996094,0,-205289,-5.062669515609741e-06,-1.389998942613602e-06,3.651537256252881,-7.345364722995101e-24,5.7220458984375e-06,1
SITE_003_S0517,SITE_003,277.1823272705078,276.7299041748047,276.6987762451172,0,3751.75,-8.258968591690063e-06,-7.516238838434219e-06,2.228300288141585,-7.345364722995101e-24,2.86102294921875e-06,0
SITE_003_S0518,SITE_003,282.9397888183594,281.9784088134766,281.1145324707031,0,-28110.5,-2.24970281124115e-05,-2.249516546726227e-05,4.327158141033817,-7.345364722995101e-24,-7.345364920210326e-25,0
SITE_003_S0519,SITE_003,279.4457855224609,278.2465515136719,279.2749633789062,0,-233993,1.098774373531342e-05,1.085363328456879e-05,3.942377663612074,-7.345364722995101e-24,-7.345364920210326e-25,0
SITE_003_S0520,SITE_003,282.0429534912109,281.6612854003906,281.6109008789062,0,-247.75,-1.788139343261719e-07,-1.776497811079025e-07,2.259684869566692,-7.345364722995101e-24,-7.345364920210326e-25,0
SITE_003_S0521,SITE_003,276.8918914794922,278.0666961669922,280.0028381347656,0,-14385,-2.812221646308899e-05,-2.811569720506668e-05,3.988626937871785,-7.345364722995101e-24,-7.345364920210326e-25,0
SITE_003_S0522,SITE_003,274.5662231445312,274.0256805419922,275.7062377929688,0,-75602.5,7.80448317527771e-07,7.776543498039246e-07,1.485006497631111,-7.345364722995101e-24,-7.345364920210326e-25,0
SITE_003_S0523,SITE_003,275.3631439208984,274.80322265625,276.0635528564453,0,-103836.75,-4.902482032775879e-06,-4.140892997384071e-06,3.886848274305995,0.0009765625,0.00014495849609375,0
SITE_004_S0001,SITE_004,288.4020690917969,286.9439239501953,290.5171508789062,13944,-288305,-1.430511474609375e-05,-1.862645149230957e-07,1.622758537991671,-7.345364722995101e-24,-7.345364920210326e-25,0
SITE_004_S0002,SITE_004,298.8802032470703,292.1504516601562,296.05517578125,25570,-312668,-1.404061913490295e-05,-6.69620931148529e-07,0.8465353372195671,-7.345364722995101e-24,-7.345364920210326e-25,0
SITE_004_S0003,SITE_004,295.5466766357422,294.194580078125,297.943115234375,29930,-351939,-0.0001129359006881714,-6.258487701416016e-07,2.561122873436319,-7.345364722995101e-24,-7.345364920210326e-25,0
SITE_004_S0004,SITE_004,300.5071258544922,298.1010131835937,301.8603515625,25666,-301634,-1.719221472740173e-05,-6.146728992462158e-07,2.572428801365664,-7.345364722995101e-24,-7.345364920210326e-25,0
SITE_004_S0005,SITE_004,301.8378601074219,297.5088348388672,301.178466796875,17208,-296748,-9.156763553619385e-06,-7.431954145431519e-07,0.9734090962753612,-7.345364722995101e-24,-7.345364920210326e-25,0
SITE_004_S0006,SITE_004,301.9919586181641,301.8355102539062,304.4598236083984,7078,-202070,-0.0001324303448200226,-3.534369170665741e-06,4.049141574786247,-7.345364722995101e-24,-7.345364920210326e-25,0
SITE_004_S0007,SITE_004,303.8734893798828,303.5287017822266,305.9951629638672,1592,-202983,-0.0001628585159778595,-7.664784789085388e-07,3.683805956206901,-7.345364722995101e-24,-7.345364920210326e-25,0
SITE_004_S0008,SITE_004,302.0937347412109,298.5027313232422,302.0730133056641,0,-274101,-1.621991395950317e-05,-7.553026080131531e-07,1.204130147832878,-7.345364722995101e-24,-7.345364920210326e-25,0
SITE_004_S0009,SITE_004,299.9893493652344,298.9026641845703,302.0425720214844,0,-270133,-5.267933011054993e-05,-4.200264811515808e-07,2.005641457925476,-7.345364722995101e-24,-7.345364920210326e-25,0
SITE_004_S0010,SITE_004,301.7117767333984,300.9852142333984,303.8746490478516,0,-246045,-0.0001406371593475342,-6.174668669700623e-07,3.211954530120021,-7.345364722995101e-24,-7.345364920210326e-25,0
SITE_004_S0011,SITE_004,296.7860870361328,294.8761444091797,298.1349945068359,0,-255249,-0.0001275017857551575,-1.755356788635254e-05,3.440976319062575,-7.345364722995101e-24,-7.345364920210326e-25,0
SITE_004_S0012,SITE_004,291.2770690917969,287.2156677246094,291.401611328125,0,-283329,-1.661479473114014e-05,-1.342035830020904e-06,1.381753031481192,-7.345364722995101e-24,-7.345364920210326e-25,0
SITE_004_S0013,SITE_004,294.0872650146484,287.8568878173828,292.0657043457031,0,-296574,-1.459196209907532e-05,-9.760260581970217e-07,1.762034334605692,-7.345364722995101e-24,-7.345364920210326e-25,0
SITE_004_S0014,SITE_004,293.7702941894531,292.0156707763672,295.1060638427734,0,-293387,-0.0001075342297554016,-6.379559636116028e-07,4.363952664942569,-7.345364722995101e-24,-7.345364920210326e-25,0
SITE_004_S0015,SITE_004,289.5146942138672,288.1591339111328,291.4317779541016,0,-243713,-2.108514308929444e-06,-1.280568540096283e-07,1.699013025611717,-7.345364722995101e-24,-7.345364920210326e-25,0
SITE_004_S0016,SITE_004,290.8497467041016,286.1714019775391,289.2694091796875,0,-222453,-8.21426510810852e-06,-6.94766640663147e-07,0.7875985907083775,-7.345364722995101e-24,-7.345364920210326e-25,0
SITE_004_S0017,SITE_004,289.7989501953125,285.6470794677734,288.7550201416016,0,-222270,-6.318092346191406e-06,-4.451721906661988e-07,1.40954013335008,-7.345364722995101e-24,-7.345364920210326e-25,0
SITE_004_S0018,SITE_004,283.4314270019531,279.9854888916016,283.3399505615234,0,-367589,-6.357952952384949e-05,-7.157213985919952e-07,3.316478953109948,-7.345364722995101e-24,-7.345364920210326e-25,0
SITE_004_S0019,SITE_004,281.0930938720703,276.1168670654297,279.6695556640625,0,-237821,-2.343207597732544e-06,-1.016072928905487e-06,0.7569340168559634,-7.345364722995101e-24,-7.345364920210326e-25,0
SITE_004_S0020,SITE_004,281.4272003173828,278.8237915039062,282.1999816894531,0,-219109,1.173466444015503e-06,1.179985702037811e-06,1.700345020520083,-7.345364722995101e-24,-7.345364920210326e-25,0
SITE_004_S0021,SITE_004,279.8757019042969,275.6703186035156,279.2075805664062,0,-273008,-5.047768354415894e-06,-3.492459654808044e-07,1.908912347716675,-7.345364722995101e-24,-7.345364920210326e-25,0
SITE_004_S0022,SITE_004,288.5657348632812,281.9083099365234,285.0473785400391,0,-238868,-3.028661012649536e-06,-2.160668373107911e-07,0.8088178491110063,-7.345364722995101e-24,-7.345364920210326e-25,0
SITE_004_S0023,SITE_004,282.6984252929688,278.1741027832031,281.5390777587891,0,-239837,-5.573034286499024e-06,-2.745073288679123e-06,1.482494432966108,-7.345364722995101e-24,-7.345364920210326e-25,0
SITE_004_S0024,SITE_004,279.8298950195312,275.3958587646484,278.9761657714844,0,-258520,-1.940876245498657e-06,-8.083879947662354e-07,1.351985227639199,-7.345364722995101e-24,-7.345364920210326e-25,0
SITE_004_S0025,SITE_004,291.7725830078125,287.4493560791016,289.8927001953125,0,-173545,-1.025572419166565e-05,-7.562339305877686e-07,1.306957551503141,-7.345364722995101e-24,-7.345364920210326e-25,0
SITE_004_S0026,SITE_004,283.5566711425781,281.6630249023437,285.4952392578125,0,-331503,-3.47532331943512e-05,-1.639127731323242e-07,3.073861849463868,-7.345364722995101e-24,-7.345364920210326e-25,0
SITE_004_S0027,SITE_004,292.0213165283203,289.1180877685547,292.3552551269531,0,-244699,-1.536309719085693e-05,-5.00120222568512e-07,2.027309670671782,-7.345364722995101e-24,-7.345364920210326e-25,0
SITE_004_S0028,SITE_004,285.1174774169922,282.0096435546875,286.2738647460937,0,-317849,-9.57772135734558e-06,-3.236345946788788e-07,1.541065998923985,-7.345364722995101e-24,-7.345364920210326e-25,0
SITE_004_S0029,SITE_004,288.1858062744141,286.9792327880859,290.9190521240234,1034,-334997,-6.691738963127136e-05,-2.626329660415649e-07,3.096472007088957,-7.345364722995101e-24,-7.345364920210326e-25,0
SITE_004_S0030,SITE_004,289.5730285644531,288.5514221191406,292.7649688720703,9212,-349150,-9.288638830184937e-05,-4.116445779800415e-07,2.855185623074661,-7.345364722995101e-24,-7.345364920210326e-25,0
SITE_004_S0031,SITE_004,291.1331024169922,288.6908111572266,292.824462890625,21284,-321645,-1.108646392822266e-05,-3.8929283618927e-07,1.628503349673809,-7.345364722995101e-24,-7.345364920210326e-25,0
SITE_004_S0032,SITE_004,295.4584503173828,293.4326171875,297.0831451416016,28820,-325441,-4.069507122039795e-05,-3.05473804473877e-07,2.753264042063901,-7.345364722995101e-24,-7.345364920210326e-25,0
SITE_004_S0033,SITE_004,293.9972839355469,292.6894226074219,296.4076690673828,27988,-298798,-7.62939453125e-06,-6.128102540969849e-07,1.338805787211923,-7.345364722995101e-24,-7.345364920210326e-25,0
SITE_004_S0034,SITE_004,300.6140441894531,300.2194366455078,302.8681945800781,8756,-130894,-7.728114724159241e-05,-2.215337008237839e-05,1.599708370084524,-7.345364722995101e-24,-7.345364920210326e-25,0
SITE_004_S0035,SITE_004,303.83349609375,301.9196014404297,304.9522247314453,3828,-272705,-4.336610436439514e-05,-1.014210283756256e-06,1.767132338837298,-7.345364722995101e-24,-7.345364920210326e-25,0
SITE_004_S0036,SITE_004,304.0901641845703,302.4082489013672,305.3448028564453,284,-260644,-1.800060272216797e-05,-8.353963494300842e-07,1.298950521269934,-7.345364722995101e-24,-7.345364920210326e-25,0
SITE_004_S0037,SITE_004,299.2993011474609,297.9487609863281,301.185302734375,0,-260601,-2.184882760047913e-05,-1.471489667892456e-07,2.763583294739375,-7.345364722995101e-24,-7.345364920210326e-25,0
SITE_004_S0038,SITE_004,299.9814605712891,297.4900207519531,300.5341644287109,0,-241348,-7.636845111846924e-06,-4.069879651069641e-07,1.252423928140707,-7.345364722995101e-24,-7.345364920210326e-25,0
SITE_004_S0039,SITE_004,295.003662109375,295.4415130615234,298.2032623291016,0,-124484,-2.071261405944824e-06,-2.001412212848664e-06,1.045217750452251,-7.345364722995101e-24,-7.345364920210326e-25,0
SITE_004_S0040,SITE_004,287.0198211669922,284.6846923828125,288.8197021484375,0,-334900,-0.0002430081367492676,-6.567500531673431e-05,6.630868317850148,-7.345364722995101e-24,-7.345364920210326e-25,0
SITE_004_S0041,SITE_004,292.5084533691406,287.4402160644531,291.0390167236328,0,-249989,-8.761882781982422e-06,-1.297332346439362e-06,1.187858078242995,-7.345364722995101e-24,-7.345364920210326e-25,0
SITE_004_S0042,SITE_004,284.7205810546875,281.9537048339844,285.1595458984375,0,-241848,-7.294118404388428e-06,-9.224750101566316e-07,1.463643811932045,-7.345364722995101e-24,-7.345364920210326e-25,0
SITE_004_S0043,SITE_004,284.3229217529297,281.7014923095703,284.2934112548828,0,-265504,-2.867728471755981e-05,-1.551583409309387e-06,3.706345011782269,-7.345364722995101e-24,-7.345364920210326e-25,0
SITE_004_S0044,SITE_004,279.7532501220703,275.9093322753906,279.6579437255859,0,-211906,-2.119690179824829e-06,-1.853331923484802e-06,1.386970910444277,-7.345364722995101e-24,-7.345364920210326e-25,0
SITE_004_S0045,SITE_004,278.9661407470703,275.6909332275391,278.5077362060547,0,-199969,1.002103090286255e-06,1.00303441286087e-06,1.923216665710111,-7.345364722995101e-24,-7.345364920210326e-25,0
SITE_004_S0046,SITE_004,287.5630187988281,284.7939758300781,288.2007446289062,0,-263528,-2.368912100791931e-05,-4.898756742477417e-07,2.14122137525219,-7.345364722995101e-24,-7.345364920210326e-25,0
SITE_004_S0047,SITE_004,287.9782867431641,285.2101440429688,288.6641540527344,0,-313434,-6.4898282289505e-05,-3.734603524208069e-07,3.223172328692146,-7.345364722995101e-24,-7.345364920210326e-25,0
SITE_004_S0048,SITE_004,295.0141296386719,290.9849700927734,294.5087432861328,0,-290281,-1.18650496006012e-05,-4.637986421585083e-07,1.359830838300968,-7.345364722995101e-24,-7.345364920210326e-25,0
SITE_004_S0049,SITE_004,279.0263519287109,275.4606628417969,278.5243530273437,0,-205243,-3.326684236526489e-06,-2.761371433734894e-06,2.566175177485719,-7.345364722995101e-24,-7.345364920210326e-25,0
SITE_004_S0050,SITE_004,280.0016784667969,275.2996673583984,278.4540252685547,0,-225470,-4.053115844726562e-06,-1.2936070561409e-06,1.657890126564095,-7.345364722995101e-24,-7.345364920210326e-25,0
SITE_004_S0051,SITE_004,284.5151824951172,279.2132568359375,282.3087921142578,0,-228260,-3.565102815628052e-06,-7.175840437412262e-07,1.56871231978262,-7.345364722995101e-24,-7.345364920210326e-25,0
SITE_004_S0052,SITE_004,282.1431274414062,276.3044586181641,279.5775451660156,0,-234074,-8.493661880493164e-07,-2.626329660415649e-07,0.6432636635234646,-7.345364722995101e-24,-7.345364920210326e-25,0
SITE_004_S0053,SITE_004,285.4279174804688,281.3836059570312,284.1679382324219,0,-212030,-9.026378393173218e-06,-3.139488399028778e-06,1.490911512869292,-7.345364722995101e-24,-7.345364920210326e-25,0
SITE_004_S0054,SITE_004,283.1792907714844,281.8232574462891,284.9701080322266,0,-283127,-5.057826638221741e-05,-4.507601261138916e-07,3.208828355088113,-7.345364722995101e-24,-7.345364920210326e-25,0
SITE_004_S0055,SITE_004,284.1775054931641,283.0023193359375,286.239013671875,0,-216467,2.428889274597168e-06,2.427957952022552e-06,1.686011653887804,-7.345364722995101e-24,-7.345364920210326e-25,0
SITE_004_S0056,SITE_004,285.1020965576172,283.6959228515625,286.3646240234375,0,-247616,-0.0001046694815158844,-1.636426895856857e-05,5.178906680646913,-7.345364722995101e-24,-7.345364920210326e-25,0
SITE_004_S0057,SITE_004,286.6124572753906,284.6205902099609,288.3523254394531,0,-260493,-1.352280378341675e-06,-4.782341420650482e-07,1.394010449997239,-7.345364722995101e-24,-7.345364920210326e-25,0
SITE_004_S0058,SITE_004,286.702392578125,284.4570770263672,288.2160491943359,0,-275519,-3.661960363388062e-06,-6.798654794692993e-07,1.40467470808551,-7.345364722995101e-24,-7.345364920210326e-25,0
SITE_004_S0059,SITE_004,295.2029724121094,291.0701599121094,294.918212890625,1502,-275155,-1.545995473861694e-05,-1.545064151287079e-06,1.582402085327887,-7.345364722995101e-24,-7.345364920210326e-25,0
SITE_004_S0060,SITE_004,291.1084594726562,290.0626525878906,293.9685363769531,10602,-324380,-9.575486183166504e-05,-6.984919309616089e-07,3.856386272055033,-7.345364722995101e-24,-7.345364920210326e-25,0
SITE_004_S0061,SITE_004,294.1399383544922,290.4018096923828,294.4123229980469,22862,-305767,-2.891570329666138e-05,-7.534399628639221e-07,2.876780126684732,-7.345364722995101e-24,-7.345364920210326e-25,0
SITE_004_S0062,SITE_004,292.3925933837891,291.4876556396484,295.7591094970703,29284,-342031,-0.0001223459839820862,-4.572793841362001e-07,3.489425237819995,-7.345364722995101e-24,-7.345364920210326e-25,0
SITE_004_S0063,SITE_004,295.3477630615234,293.6400146484375,297.7454833984375,20366,-305212,-1.237168908119202e-05,-6.556510925292969e-07,0.9490974775844544,-7.345364722995101e-24,-7.345364920210326e-25,0
SITE_004_S0064,SITE_004,304.1381072998047,302.6993713378906,305.8497924804688,10140,-268131,-2.697110176086425e-05,-9.583309292793274e-07,1.420088788448189,-7.345364722995101e-24,-7.345364920210326e-25,0
SITE_004_S0065,SITE_004,297.75244140625,295.320556640625,299.3698425292969,3364,-306791,-3.156810998916626e-05,-5.951151251792908e-07,2.166550442563576,-7.345364722995101e-24,-7.345364920210326e-25,0
SITE_004_S0066,SITE_004,301.5345153808594,297.2247924804688,301.4762878417969,100,-336460,-1.144781708717346e-05,-5.597248673439026e-07,0.961593371339976,-7.345364722995101e-24,-7.345364920210326e-25,0
SITE_004_S0067,SITE_004,304.3353729248047,302.1773986816406,305.4077911376953,0,-212510,-5.11854887008667e-05,-1.838291063904762e-05,1.756640634876161,-7.345364722995101e-24,-7.345364920210326e-25,0
SITE_004_S0068,SITE_004,303.3567962646484,302.7346801757812,305.7136993408203,0,-233739,-7.855147123336792e-05,-4.600733518600464e-07,3.409138109293174,-7.345364722995101e-24,-7.345364920210326e-25,0
SITE_004_S0069,SITE_004,293.7715148925781,291.0217437744141,295.4157409667969,0,-361408,-5.72502613067627e-05,-7.320195436477661e-07,2.62653413130269,-7.345364722995101e-24,-7.345364920210326e-25,0
SITE_004_S0070,SITE_004,299.9274444580078,296.151611328125,299.6822509765625,0,-261035,-3.30805778503418e-06,-4.079192876815796e-07,0.8235455728892701,-7.345364722995101e-24,-7.345364920210326e-25,0
SITE_004_S0071,SITE_004,299.0784301757812,292.2710876464844,296.2579040527344,0,-292045,-6.50063157081604e-06,-4.414469003677368e-07,0.605350898994131,-7.345364722995101e-24,-7.345364920210326e-25,0
SITE_004_S0072,SITE_004,297.1527709960937,294.1381378173828,297.1944885253906,0,-348780,-0.000186871737241745,-9.471550583839417e-07,3.601982716280342,-7.345364722995101e-24,-7.345364920210326e-25,0
SITE_004_S0073,SITE_004,284.2315826416016,278.7014923095703,282.8917236328125,0,-271149,-4.313886165618896e-06,-3.273598849773407e-07,1.228003808908962,-7.345364722995101e-24,-7.345364920210326e-25,0
SITE_004_S0074,SITE_004,283.0003051757812,281.5680694580078,284.9234924316406,0,-310906,-5.523860454559326e-05,-1.620501279830933e-07,4.188446023952741,-7.345364722995101e-24,-7.345364920210326e-25,0
SITE_004_S0075,SITE_004,289.7432556152344,286.9263153076172,289.4273376464844,0,-229371,-6.414949893951416e-05,-4.684552550315857e-07,3.103880064380738,-7.345364722995101e-24,-7.345364920210326e-25,0
SITE_004_S0076,SITE_004,283.0509033203125,280.2739410400391,283.1308898925781,0,-342369,-0.0001045837998390198,-3.539025783538819e-07,3.820125894935432,-7.345364722995101e-24,-7.345364920210326e-25,0
SITE_004_S0077,SITE_004,280.8263549804688,277.0449066162109,279.9150543212891,0,-276960,-3.683939576148987e-05,-2.114102244377136e-07,3.77861283025928,-7.345364722995101e-24,-7.345364920210326e-25,0
SITE_004_S0078,SITE_004,282.1522369384766,278.0883026123047,280.8336334228516,0,-210805,-5.587935447692871e-06,-2.076849341392517e-07,1.613907613704415,-7.345364722995101e-24,-7.345364920210326e-25,0
SITE_004_S0079,SITE_004,280.8967590332031,277.2763977050781,280.3981170654297,0,-258187,-7.573515176773071e-06,-2.17929482460022e-07,1.958437988315794,-7.345364722995101e-24,-7.345364920210326e-25,0
SITE_004_S0080,SITE_004,285.0338134765625,283.1729736328125,285.0277557373047,0,-120983,-1.30385160446167e-05,-4.734843969345093e-06,2.905314638032632,-7.345364722995101e-24,-7.345364920210326e-25,0
SITE_004_S0081,SITE_004,283.4848785400391,279.9939727783203,282.1195983886719,0,-113569,-1.129508018493652e-05,-8.615665137767792e-06,2.193391872559721,-7.345364722995101e-24,-7.345364920210326e-25,0
SITE_004_S0082,SITE_004,284.9867248535156,279.6894683837891,282.6898040771484,0,-208813,-1.136213541030884e-06,-7.199123501777649e-07,0.9357240410575756,-7.345364722995101e-24,-7.345364920210326e-25,0
SITE_004_S0083,SITE_004,285.2187957763672,283.3503570556641,285.8216705322266,0,-367137,-0.0003060214221477509,-4.619359970092773e-07,9.263449037691943,-7.345364722995101e-24,-7.345364920210326e-25,0
SITE_004_S0084,SITE_004,286.9994506835937,285.8636016845703,288.6212158203125,0,-234643,-6.745010614395142e-05,-2.970919013023376e-07,3.340405368048671,-7.345364722995101e-24,-7.345364920210326e-25,0
SITE_004_S0085,SITE_004,293.1128540039062,287.10595703125,290.6210784912109,0,-296352,-9.775161743164062e-06,-5.308538675308228e-07,1.064475743042594,-7.345364722995101e-24,-7.345364920210326e-25,0
SITE_004_S0086,SITE_004,289.4642333984375,289.062744140625,292.2538299560547,92,-231349,-0.0001430772244930267,-4.442408680915833e-07,4.437796457854981,-7.345364722995101e-24,-7.345364920210326e-25,0
SITE_004_S0087,SITE_004,290.6424865722656,288.8744354248047,292.9501037597656,6058,-322054,-7.141381502151489e-06,-2.533197402954102e-07,1.549655018156586,-7.345364722995101e-24,-7.345364920210326e-25,0
SITE_004_S0088,SITE_004,294.1223907470703,291.9005279541016,295.4597015380859,17386,-358647,-0.00011458620429039,-6.100162863731384e-07,3.074245409633312,-7.345364722995101e-24,-7.345364920210326e-25,0
SITE_004_S0089,SITE_004,294.0774383544922,291.3788909912109,295.3605346679688,27226,-320491,-1.467019319534302e-05,-5.41098415851593e-07,1.600959236588895,-7.345364722995101e-24,-7.345364920210326e-25,0
SITE_004_S0090,SITE_004,302.0774841308594,294.145751953125,297.9388275146484,30872,-315570,-2.855807542800904e-05,-9.112991392612456e-07,1.25318972966525,-7.345364722995101e-24,-7.345364920210326e-25,0
SITE_004_S0091,SITE_004,299.6383056640625,298.0108947753906,301.5834655761719,24360,-340004,-3.945082426071167e-05,-8.549541234970093e-07,1.908547061549862,-7.345364722995101e-24,-7.345364920210326e-25,0
SITE_004_S0092,SITE_004,301.8881378173828,300.1550445556641,303.3922119140625,14234,-281900,-1.966208219528198e-05,-8.558854460716248e-07,1.431680043478132,-7.345364722995101e-24,-7.345364920210326e-25,0
SITE_004_S0093,SITE_004,302.9200744628906,301.6851043701172,304.2157135009766,5306,-204982,-1.989305019378662e-05,-1.401640474796295e-06,1.220286872007105,-7.345364722995101e-24,-7.345364920210326e-25,0
SITE_004_S0094,SITE_004,301.2523651123047,301.6474456787109,304.2397003173828,750,-161117,-6.248056888580322e-05,-5.243346095085144e-07,0.917176534832488,-7.345364722995101e-24,-7.345364920210326e-25,0
SITE_004_S0095,SITE_004,300.5408630371094,299.9382781982422,302.6578063964844,0,-179854,-4.730001091957092e-05,-1.250114291906357e-05,2.418479521387089,-7.345364722995101e-24,-7.345364920210326e-25,0
SITE_004_S0096,SITE_004,297.8127899169922,295.0065155029297,298.48681640625,0,-265224,-2.067536115646362e-05,-5.42961061000824e-07,2.33945414339624,-7.345364722995101e-24,-7.345364920210326e-25,0
SITE_004_S0097,SITE_004,301.8490905761719,298.4804534912109,301.780029296875,0,-270783,-5.37186861038208e-06,-4.274770617485047e-07,0.6213877953908664,-7.345364722995101e-24,-7.345364920210326e-25,0
SITE_004_S0098,SITE_004,300.8074951171875,299.24951171875,302.2082824707031,0,-235440,-1.451000571250916e-05,-5.867332220077515e-07,1.702792430618921,-7.345364722995101e-24,-7.345364920210326e-25,0
SITE_004_S0099,SITE_004,291.0893707275391,285.5404968261719,289.458984375,0,-282655,-5.181878805160522e-06,-3.585591912269593e-07,1.278123846686036,-7.345364722995101e-24,-7.345364920210326e-25,0
SITE_004_S0100,SITE_004,290.7466735839844,284.5936584472656,288.3466186523437,0,-271042,-4.306435585021973e-06,-2.691522240638733e-07,0.8061750809947883,-7.345364722995101e-24,-7.345364920210326e-25,0
SITE_004_S0101,SITE_004,291.2273406982422,286.1506652832031,289.4309692382812,0,-250251,-9.406358003616331e-06,-3.627501428127289e-07,1.265501750173872,-7.345364722995101e-24,-7.345364920210326e-25,0
SITE_004_S0102,SITE_004,275.0358276367188,271.6678466796875,275.2135009765625,0,-258770,-1.521408557891846e-05,-8.684583008289337e-06,2.779912569863944,-7.345364722995101e-24,-7.345364920210326e-25,1
SITE_004_S0103,SITE_004,284.5691070556641,280.140380859375,282.819091796875,0,-221583,-1.464784145355225e-05,-2.970919013023376e-07,2.667544482868496,-7.345364722995101e-24,-7.345364920210326e-25,0
SITE_004_S0104,SITE_004,280.5940856933594,277.1039886474609,280.3240203857422,0,-305883,-3.940239548683167e-05,-2.477318048477173e-07,3.52669707472944,-7.345364722995101e-24,-7.345364920210326e-25,0
SITE_004_S0105,SITE_004,283.3511657714844,277.5816192626953,280.6057891845703,0,-258892,-1.214444637298584e-05,-2.793967723846436e-07,1.77390256806675,-7.345364722995101e-24,-7.345364920210326e-25,0
SITE_004_S0106,SITE_004,287.3953552246094,280.4095611572266,283.4107513427734,0,-232493,-3.457069396972656e-06,-2.877786755561829e-07,0.7042363503389415,-7.345364722995101e-24,-7.345364920210326e-25,0
SITE_004_S0107,SITE_004,284.2611083984375,281.6044616699219,285.1105499267578,0,-289677,-6.213784217834473e-06,-1.462176442146301e-07,2.262687545175201,-7.345364722995101e-24,-7.345364920210326e-25,0
SITE_004_S0108,SITE_004,289.0903778076172,284.8038787841797,287.9325408935547,0,-290352,-3.810971975326538e-05,-4.33996319770813e-07,3.358911443275326,-7.345364722995101e-24,-7.345364920210326e-25,0
SITE_004_S0109,SITE_004,292.1468200683594,290.9205627441406,293.0355682373047,0,-163594,-5.74849545955658e-05,-4.98257577419281e-07,1.972057163332681,-7.345364722995101e-24,-7.345364920210326e-25,0
SITE_004_S0110,SITE_004,296.9177856445312,287.2912445068359,290.9238739013672,0,-291732,-1.165270805358887e-05,-5.709007382392883e-07,1.175387835166774,-7.345364722995101e-24,-7.345364920210326e-25,0
SITE_004_S0111,SITE_004,291.2738037109375,286.8856811523437,290.6027221679688,0,-293497,-5.453824996948242e-06,-3.306195139884949e-07,0.7147117040730615,-7.345364722995101e-24,-7.345364920210326e-25,0
SITE_004_S0112,SITE_004,291.1322784423828,288.6772613525391,292.3800659179688,2334,-305835,-6.761401891708374e-06,-2.626329660415649e-07,1.673039088549403,-7.345364722995101e-24,-7.345364920210326e-25,0
SITE_004_S0113,SITE_004,300.0217742919922,290.3452911376953,293.9506988525391,12926,-311848,-1.774728298187256e-05,-7.105991244316101e-07,0.7364837271165108,-7.345364722995101e-24,-7.345364920210326e-25,0
SITE_004_S0114,SITE_004,294.7063903808594,291.8042602539062,295.3286743164062,23608,-301049,-1.775473356246948e-05,-5.559995770454407e-07,2.088360753692907,-7.345364722995101e-24,-7.345364920210326e-25,0
SITE_004_S0115,SITE_004,296.8872528076172,294.47021484375,297.7934875488281,29000,-289882,-3.836676478385925e-05,-6.156042218208313e-07,2.503310345909036,-7.345364722995101e-24,-7.345364920210326e-25,0
SITE_004_S0116,SITE_004,294.1492462158203,290.7141418457031,294.6141662597656,29196,-340871,-3.782659769058228e-05,-7.441267371177673e-07,2.473399159890596,-7.345364722995101e-24,-7.345364920210326e-25,0
SITE_004_S0117,SITE_004,301.2749786376953,298.2351684570312,301.5621185302734,18970,-315850,-4.764646291732788e-05,-1.032836735248566e-06,1.456811869615274,-7.345364722995101e-24,-7.345364920210326e-25,0
SITE_004_S0118,SITE_004,304.2097015380859,302.5417785644531,305.1291961669922,8748,-255993,-2.656504511833191e-05,-1.153908669948578e-06,2.076422426481851,-7.345364722995101e-24,-7.345364920210326e-25,0
SITE_004_S0119,SITE_004,302.6168975830078,302.0341339111328,304.2801513671875,2054,-214441,-0.0001162402331829071,-8.046627044677734e-07,2.202372772669862,-7.345364722995101e-24,-7.345364920210326e-25,0
SITE_004_S0120,SITE_004,304.1698150634766,303.7055816650391,306.1756896972656,6,-249436,-0.0001759417355060577,-9.490177035331726e-07,2.476476925101363,-7.345364722995101e-24,-7.345364920210326e-25,0
SITE_004_S0121,SITE_004,299.5359191894531,300.1120452880859,302.8191680908203,0,-133312,-5.642697215080261e-05,-7.874332368373871e-06,2.016591136387632,-7.345364722995101e-24,-7.345364920210326e-25,0
SITE_004_S0122,SITE_004,298.1780242919922,297.3630676269531,299.754638671875,0,-201767,-1.076236367225647e-05,-1.926906406879425e-06,1.235614437001954,-7.345364722995101e-24,-7.345364920210326e-25,0
SITE_004_S0123,SITE_004,301.4510498046875,299.5028839111328,301.7420196533203,-1.125244140625,-168643,-9.92417335510254e-06,-5.822628736495972e-06,1.145105491392532,-7.345364722995101e-24,-7.345364920210326e-25,0
SITE_004_S0124,SITE_004,295.7323150634766,293.7614440917969,296.7016143798828,0,-224520,-2.775341272354126e-06,-8.800998330116272e-07,2.426149847161421,-7.345364722995101e-24,-7.345364920210326e-25,0
SITE_004_S0125,SITE_004,294.1931915283203,289.9528656005859,292.528076171875,0,-225907,-5.22807240486145e-05,-2.5210902094841e-06,4.622916230651104,-7.345364722995101e-24,-7.345364920210326e-25,0
SITE_004_S0126,SITE_004,286.5415802001953,282.5364685058594,285.9046325683594,0,-264154,-1.581385731697083e-05,-4.014000296592712e-07,1.938199423970248,-7.345364722995101e-24,-7.345364920210326e-25,0
SITE_004_S0127,SITE_004,282.9272613525391,279.9694213867188,282.8946533203125,0,-335104,-7.65584409236908e-05,-2.486631274223328e-07,4.388726454212068,-7.345364722995101e-24,-7.345364920210326e-25,0
SITE_004_S0128,SITE_004,280.169189453125,276.7736206054688,280.3040161132812,0,-292369,-8.724629878997803e-06,-2.151355147361756e-07,2.501322291888296,-7.345364722995101e-24,-7.345364920210326e-25,0
SITE_004_S0129,SITE_004,283.0519866943359,283.2475433349609,284.8710632324219,0,-47713,-2.68593430519104e-06,-1.348555088043213e-06,1.340004751826648,-7.345364722995101e-24,-7.345364920210326e-25,0
SITE_004_S0130,SITE_004,275.7498931884766,272.0247802734375,275.3959655761719,0,-260553,-2.183020114898682e-06,-8.372589945793152e-07,1.526354831179269,-7.345364722995101e-24,-7.345364920210326e-25,1
SITE_004_S0131,SITE_004,281.4922485351562,279.5628967285156,282.4472808837891,0,-203833,4.459172487258911e-06,4.461035132408142e-06,2.235717595616156,-7.345364722995101e-24,-7.345364920210326e-25,0
SITE_004_S0132,SITE_004,282.2860870361328,278.7814788818359,281.1081390380859,0,-174971,-2.890825271606445e-06,-5.289912223815918e-07,1.8423896253528,-7.345364722995101e-24,-7.345364920210326e-25,0
SITE_004_S0133,SITE_004,280.1142120361328,276.3683166503906,279.5187377929688,0,-163662,-4.395842552185059e-07,-4.14438545703888e-07,1.40201055814184,-7.345364722995101e-24,-7.345364920210326e-25,0
SITE_004_S0134,SITE_004,278.4242858886719,276.0013427734375,279.4715423583984,0,-337083,-1.754611730575562e-05,-1.669861376285553e-06,3.354406088969301,-7.345364722995101e-24,-7.345364920210326e-25,0
SITE_004_S0135,SITE_004,280.1974945068359,275.3361053466797,278.8082122802734,0,-243681,-1.262873411178589e-06,-1.004897058010101e-06,1.044743211978257,-7.345364722995101e-24,-7.345364920210326e-25,0
SITE_004_S0136,SITE_004,289.6508636474609,287.8172912597656,289.7677459716797,0,-233152,-7.670372724533081e-06,-1.182779669761658e-07,1.884333732143805,-7.345364722995101e-24,-7.345364920210326e-25,0
SITE_004_S0137,SITE_004,282.5942993164062,280.6535949707031,283.6875457763672,0,-293639,-2.641603350639344e-05,-3.990717232227325e-06,3.234322578905446,-7.345364722995101e-24,-7.345364920210326e-25,0
SITE_004_S0138,SITE_004,280.8144683837891,279.0528869628906,282.8628540039062,0,-385145,-8.082389831542969e-05,-2.733431756496429e-07,3.322168994930578,-7.345364722995101e-24,-7.345364920210326e-25,0
SITE_004_S0139,SITE_004,291.4890899658203,285.8551940917969,289.364013671875,0,-280022,-7.249414920806885e-06,-3.222376108169556e-07,1.016311328048261,-7.345364722995101e-24,-7.345364920210326e-25,0
SITE_004_S0140,SITE_004,294.7832641601562,289.2515106201172,292.8912811279297,376,-301627,-1.8291175365448e-05,-5.885958671569824e-07,1.533628791136935,-7.345364722995101e-24,-7.345364920210326e-25,0
SITE_004_S0141,SITE_004,286.78662109375,286.3626861572266,290.1642456054688,7164,-333305,-0.0001721978187561035,-3.445893526077271e-07,6.316080239365052,-7.345364722995101e-24,-7.345364920210326e-25,0
SITE_004_S0142,SITE_004,293.1626586914062,290.6040802001953,294.4842376708984,19054,-324912,-1.25393271446228e-05,-4.880130290985107e-07,1.85995515626233,-7.345364722995101e-24,-7.345364920210326e-25,0
SITE_004_S0143,SITE_004,293.4962158203125,291.1685485839844,294.7188568115234,27792,-295223,-8.016824722290039e-06,-3.492459654808044e-07,1.183835758082223,-7.345364722995101e-24,-7.345364920210326e-25,0
SITE_004_S0144,SITE_004,294.6233673095703,291.9864501953125,295.6111297607422,29384,-313295,-1.329928636550903e-05,-5.150213837623596e-07,1.471484360835392,-7.345364722995101e-24,-7.345364920210326e-25,0
SITE_004_S0145,SITE_004,296.0910491943359,293.5155029296875,297.3130645751953,24544,-375901,-5.001574754714966e-05,-7.953494787216187e-07,2.193948410275314,-7.345364722995101e-24,-7.345364920210326e-25,0
SITE_004_S0146,SITE_004,299.0795745849609,296.1940460205078,299.7102203369141,13672,-295118,-1.556053757667542e-05,-8.326023817062378e-07,1.96436741637063,-7.345364722995101e-24,-7.345364920210326e-25,0
SITE_004_S0147,SITE_004,304.1321411132812,300.9741363525391,304.2238311767578,5132,-312109,-5.447864532470703e-05,-1.216307282447815e-06,2.487765783759625,-7.345364722995101e-24,-7.345364920210326e-25,0
SITE_004_S0148,SITE_004,301.0242156982422,297.23046875,300.69970703125,0,-297058,-1.297146081924438e-05,-6.07222318649292e-07,0.970755087519142,-7.345364722995101e-24,-7.345364920210326e-25,0
SITE_004_S0149,SITE_004,299.1846008300781,292.4817199707031,295.7740478515625,0,-219049,-4.447996616363525e-06,-2.109445631504059e-06,0.4595790958057903,-7.345364722995101e-24,-7.345364920210326e-25,0
SITE_004_S0150,SITE_004,297.1297302246094,293.8204345703125,297.6097106933594,0,-268717,-3.039836883544922e-06,-2.682209014892578e-07,0.8374548147684023,-7.345364722995101e-24,-7.345364920210326e-25,0
SITE_004_S0151,SITE_004,290.3716583251953,289.1732788085937,293.3069763183594,0,-319005,-4.630908370018005e-05,-2.775341272354126e-07,2.176977443653356,-7.345364722995101e-24,-7.345364920210326e-25,0
SITE_004_S0152,SITE_004,289.6869659423828,287.0865478515625,291.3414916992188,0,-331542,-2.674013376235962e-05,-5.317851901054382e-07,1.916798930816178,-7.345364722995101e-24,-7.345364920210326e-25,0
SITE_004_S0153,SITE_004,290.1987762451172,288.2982940673828,291.8483276367188,0,-249599,8.195638656616211e-07,2.859160304069519e-07,1.774460674425794,-7.345364722995101e-24,-7.345364920210326e-25,0
SITE_004_S0154,SITE_004,290.8511505126953,286.1496429443359,289.5422668457031,0,-248566,-1.218542456626892e-05,-4.200264811515808e-07,1.833634087405361,-7.345364722995101e-24,-7.345364920210326e-25,0
SITE_004_S0155,SITE_004,290.3173675537109,289.3054046630859,291.2603759765625,0,-161739,-2.072378993034363e-05,-5.419366061687469e-06,1.577538897392838,-7.345364722995101e-24,-7.345364920210326e-25,0
SITE_004_S0156,SITE_004,284.2037963867188,282.0547027587891,284.8812866210937,0,-271432,-9.056180715560911e-06,-8.102506399154663e-08,2.785690985830157,-7.345364722995101e-24,-7.345364920210326e-25,0
SITE_004_S0157,SITE_004,282.6852722167969,279.6494293212891,283.4267730712891,0,-221533,1.717358827590942e-06,1.71177089214325e-06,1.080777825570462,-7.345364722995101e-24,-7.345364920210326e-25,0
SITE_004_S0158,SITE_004,280.3542938232422,275.2688140869141,278.8485565185547,0,-234647,-3.281980752944946e-06,-2.746004611253738e-06,1.701359104469031,-7.345364722995101e-24,-7.345364920210326e-25,0
SITE_004_S0159,SITE_004,281.6518249511719,276.8846282958984,279.7376556396484,0,-191515,-2.715736627578736e-06,-1.608394086360931e-06,1.579228863273825,-7.345364722995101e-24,-7.345364920210326e-25,0
SITE_004_S0160,SITE_004,280.6367034912109,278.4906921386719,281.3570251464844,0,-250560,-5.330890417098999e-06,-2.902001142501831e-06,3.072832485828556,-7.345364722995101e-24,-7.345364920210326e-25,0
SITE_004_S0161,SITE_004,286.2532043457031,280.8893127441406,284.3701019287109,0,-248446,-1.873821020126343e-06,-5.792826414108276e-07,0.3673081762911208,-7.345364722995101e-24,-7.345364920210326e-25,0
SITE_004_S0162,SITE_004,281.4630279541016,279.6752471923828,283.3016815185547,-0.2500152587890625,-266224,-2.045184373855591e-06,-7.180497050285339e-07,1.739639067549658,-7.345364722995101e-24,-7.345364920210326e-25,0
SITE_004_S0163,SITE_004,286.5874328613281,284.3490142822266,287.8615570068359,0,-311524,-2.477318048477173e-05,-4.572793841362001e-07,2.860201962020269,-7.345364722995101e-24,-7.345364920210326e-25,0
SITE_004_S0164,SITE_004,292.6793365478516,288.8079681396484,292.6578521728516,0,-294373,-8.918344974517822e-06,-4.50294464826584e-07,1.599761397901121,-7.345364722995101e-24,-7.345364920210326e-25,0
SITE_004_S0165,SITE_004,296.9167938232422,291.0054931640625,295.0392303466797,25656,-317074,-1.187995076179504e-05,-5.597248673439026e-07,1.001968054864682,-7.345364722995101e-24,-7.345364920210326e-25,0
SITE_004_S0166,SITE_004,297.5012664794922,296.0747680664062,299.7122497558594,29008,-293894,-2.958253026008606e-05,-5.764886736869812e-07,1.666817067746786,-7.345364722995101e-24,-7.345364920210326e-25,0
SITE_004_S0167,SITE_004,299.7474212646484,297.1098022460937,300.7911987304688,27236,-332668,-6.543472409248352e-05,-8.847564458847046e-07,2.441105419173668,-7.345364722995101e-24,-7.345364920210326e-25,0
SITE_004_S0168,SITE_004,301.6515350341797,300.6651611328125,303.7160491943359,7816,-220870,-4.781410098075867e-05,-6.943009793758392e-07,2.039638084646345,-7.345364722995101e-24,-7.345364920210326e-25,0
SITE_004_S0169,SITE_004,303.2754821777344,302.1654357910156,305.6022491455078,1968,-284100,-3.885477781295776e-05,-7.366761565208435e-07,1.616338359788467,-7.345364722995101e-24,-7.345364920210326e-25,0
SITE_004_S0170,SITE_004,303.1626281738281,302.0579833984375,304.857666015625,0,-210085,-8.728355169296265e-05,-6.766058504581451e-06,1.991580783853536,-7.345364722995101e-24,-7.345364920210326e-25,0
SITE_004_S0171,SITE_004,305.0353546142578,301.0619506835937,304.4006652832031,0,-245652,-1.886114478111267e-05,-9.955838322639463e-07,0.6567619468374264,-7.345364722995101e-24,-7.345364920210326e-25,0
SITE_004_S0172,SITE_004,301.6874694824219,298.6164245605469,302.215087890625,0,-273468,-3.23764979839325e-05,-9.918585419654846e-07,2.218249400195127,-7.345364722995101e-24,-7.345364920210326e-25,0
SITE_004_S0173,SITE_004,301.4299011230469,295.2472381591797,298.7162322998047,0.6249847412109375,-276458,-2.635270357131958e-05,-8.670613169670105e-07,1.374967224589992,-7.345364722995101e-24,-7.345364920210326e-25,0
SITE_004_S0174,SITE_004,287.8705749511719,284.5588989257812,288.4302215576172,0,-271870,-5.033239722251892e-05,-4.190951585769653e-07,3.370662679778003,-7.345364722995101e-24,-7.345364920210326e-25,0
SITE_004_S0175,SITE_004,284.5370635986328,280.6819000244141,284.9552459716797,0,-300596,-5.718320608139038e-06,-3.23168933391571e-07,1.014117032104427,-7.345364722995101e-24,-7.345364920210326e-25,0
SITE_004_S0176,SITE_004,285.2812805175781,281.9712677001953,285.0066528320312,0,-278922,-4.018470644950867e-05,-1.979060471057892e-07,3.691612037381319,-7.345364722995101e-24,-7.345364920210326e-25,0
SITE_004_S0177,SITE_004,287.6867370605469,280.7769165039062,283.6054229736328,0,-185277,-3.829598426818848e-06,-2.970919013023376e-07,0.5519910599984744,-7.345364722995101e-24,-7.345364920210326e-25,0
SITE_004_S0178,SITE_004,282.9185638427734,278.9052276611328,281.7187805175781,0,-228837,-9.775161743164062e-06,-2.784654498100281e-07,1.787512574973174,-7.345364722995101e-24,-7.345364920210326e-25,0
SITE_004_S0179,SITE_004,284.4548187255859,278.2931365966797,281.3366851806641,0,-226658,-2.369284629821777e-06,-1.015141606330872e-07,1.334476640062411,-7.345364722995101e-24,-7.345364920210326e-25,0
SITE_004_S0180,SITE_004,283.3814086914062,280.1096801757812,283.0836029052734,0,-257921,-1.005455851554871e-05,-2.570450305938721e-07,1.975698403873382,-7.345364722995101e-24,-7.345364920210326e-25,0
SITE_004_S0181,SITE_004,290.5735168457031,286.9080810546875,289.7625732421875,0,-252371,-2.036616206169128e-05,-4.349276423454285e-07,2.545242252122876,-7.345364722995101e-24,-7.345364920210326e-25,0
SITE_004_S0182,SITE_004,286.8741607666016,285.58251953125,289.1033172607422,0,-328529,-8.272379636764526e-05,-2.570450305938721e-07,4.137781014257155,-7.345364722995101e-24,-7.345364920210326e-25,0
SITE_004_S0183,SITE_004,288.8162384033203,285.4713287353516,288.9533081054688,754,-275972,-8.52346420288086e-06,-3.045424818992615e-07,1.496123825687886,-7.345364722995101e-24,-7.345364920210326e-25,0
SITE_004_S0184,SITE_004,295.8850708007812,295.2017059326172,297.8680877685547,25636,-250620,-7.114559412002563e-05,-5.653128027915955e-07,1.400549744317381,-7.345364722995101e-24,-7.345364920210326e-25,0
SITE_004_S0185,SITE_004,301.0417175292969,294.7952575683594,298.4945983886719,30596,-322447,-1.901388168334961e-05,-7.60890543460846e-07,1.470082679535914,-7.345364722995101e-24,-7.345364920210326e-25,0
SITE_004_S0186,SITE_004,299.60595703125,294.3303070068359,297.9215850830078,22504,-287927,-1.177936792373657e-05,-7.199123501777649e-07,1.257642224868202,-7.345364722995101e-24,-7.345364920210326e-25,0
SITE_004_S0187,SITE_004,304.2243499755859,302.1082916259766,305.0685424804688,12050,-307453,-9.189918637275696e-05,-1.11013650894165e-06,2.692862520394464,-7.345364722995101e-24,-7.345364920210326e-25,0
SITE_004_S0188,SITE_004,299.8339996337891,294.7182464599609,298.6116638183594,378,-331298,-9.216368198394775e-06,-4.181638360023499e-07,1.285036723631831,-7.345364722995101e-24,-7.345364920210326e-25,0
SITE_004_S0189,SITE_004,300.9290466308594,298.9680328369141,301.4504547119141,0,-233218,-4.499033093452454e-05,-6.498768925666809e-06,3.876717626514401,-7.345364722995101e-24,-7.345364920210326e-25,0
SITE_004_S0190,SITE_004,299.1256866455078,298.0492248535156,300.5311584472656,0,-177169,-1.117214560508728e-05,-3.187917172908783e-06,1.734994896800946,-7.345364722995101e-24,-7.345364920210326e-25,0
SITE_004_S0191,SITE_004,300.8606109619141,299.808349609375,302.1231079101562,0,-209865,-1.636892557144165e-05,-4.349276423454285e-07,1.329405555831406,-7.345364722995101e-24,-7.345364920210326e-25,0
SITE_004_S0192,SITE_004,298.2610321044922,295.7346496582031,298.1099853515625,0,-164685,-2.395734190940857e-05,-1.314282417297363e-05,1.727073412194998,-7.345364722995101e-24,-7.345364920210326e-25,0
SITE_004_S0193,SITE_004,296.9026794433594,291.0218505859375,294.2272186279297,0,-250267,-1.104921102523804e-05,-6.118789315223694e-07,0.9917895951126784,-7.345364722995101e-24,-7.345364920210326e-25,0
SITE_004_S0194,SITE_004,290.1370239257812,286.2382202148437,289.4168243408203,0,-258699,-4.895031452178955e-06,-1.601874828338623e-07,2.100005770069824,-7.345364722995101e-24,-7.345364920210326e-25,0
SITE_004_S0195,SITE_004,288.9554138183594,286.1219024658203,289.0518341064453,0,-260975,-2.23405659198761e-05,-2.915039658546448e-07,2.551236851724743,-7.345364722995101e-24,-7.345364920210326e-25,0
SITE_004_S0196,SITE_004,284.9269409179688,283.9477386474609,287.5219421386719,0,-261450,-7.711350917816162e-06,-6.532296538352966e-06,1.284155573053047,-7.345364722995101e-24,-7.345364920210326e-25,0
SITE_004_S0197,SITE_004,284.0320129394531,280.7198028564453,283.8154907226562,0,-232432,-3.799796104431152e-06,-2.5210902094841e-06,3.341309989795035,-7.345364722995101e-24,-7.345364920210326e-25,0
SITE_005_S0001,SITE_005,279.9915161132812,280.0360870361328,280.1500091552734,784824,-322187.75,-0.0006498191505670547,-7.243198342621326e-05,3.403478536834188,-7.345364722995101e-24,-7.345364920210326e-25,0
SITE_005_S0002,SITE_005,280.6630554199219,280.6242828369141,279.9550933837891,668322,-250878.5,-0.0005385503172874451,-4.805624485015869e-05,0.901098079175308,-7.345364722995101e-24,-7.345364920210326e-25,0
SITE_005_S0003,SITE_005,286.5799255371094,286.4956359863281,285.9582214355469,403099,-162617.75,-0.000573430210351944,-5.508004687726498e-05,2.762569725545459,-7.345364722995101e-24,-7.345364920210326e-25,0
SITE_005_S0004,SITE_005,281.3333435058594,281.6848297119141,282.4102172851562,804148,-359602.25,-0.000424632802605629,-7.989699952304363e-05,1.718148834426974,-7.345364722995101e-24,-7.345364920210326e-25,0
SITE_005_S0005,SITE_005,283.8680114746094,283.8319702148437,283.7261810302734,243231.5,-120360.75,-0.0001336326822638512,-2.272473648190498e-05,1.704974963171471,-7.345364722995101e-24,-7.345364920210326e-25,0
SITE_005_S0006,SITE_005,284.6190032958984,284.644287109375,284.7928161621094,45055,-46334,-3.562308847904205e-05,-3.562495112419128e-05,2.583361743212312,-7.345364722995101e-24,-7.345364920210326e-25,0
SITE_005_S0007,SITE_005,281.9083404541016,281.6803283691406,282.906982421875,307830,-281911.75,-5.969405174255371e-05,-1.610815525054932e-05,1.048253899046501,-7.345364722995101e-24,-7.345364920210326e-25,0
SITE_005_S0008,SITE_005,284.5067901611328,283.982666015625,285.3789520263672,190454,-101745.25,-4.628673195838928e-06,-4.628906026482582e-06,0.4990075506846707,-7.345364722995101e-24,-7.345364920210326e-25,0
SITE_005_S0009,SITE_005,282.2526702880859,282.3856964111328,282.915771484375,9068,-8645.75,-4.532374441623688e-05,-4.532490856945515e-05,3.084905140406288,-7.345364722995101e-24,-7.345364920210326e-25,0
SITE_005_S0010,SITE_005,279.0056915283203,278.9192504882812,280.1196746826172,48849,-141850.25,-9.896792471408844e-05,-1.406902447342873e-05,1.669789902871932,-7.345364722995101e-24,-7.345364920210326e-25,0
SITE_005_S0011,SITE_005,279.4594421386719,279.1519927978516,280.7688751220703,31543,-265205.5,-8.340924978256226e-06,-3.123423084616661e-06,1.619890596273866,-7.345364722995101e-24,-7.345364920210326e-25,0
SITE_005_S0012,SITE_005,280.5130004882812,280.1487426757812,281.7295837402344,7180,-197387.75,6.612390279769897e-06,-5.727633833885194e-08,1.590961285252792,-7.345364722995101e-24,-7.345364920210326e-25,0
SITE_005_S0013,SITE_005,279.8276672363281,279.8406982421875,280.3835601806641,0,-29685.5,-2.269260585308075e-05,-2.115499228239059e-05,2.164686144180973,-7.345364722995101e-24,-7.345364920210326e-25,0
SITE_005_S0014,SITE_005,273.4445190429688,272.8911285400391,274.6318817138672,0,-53786.75,-3.14619392156601e-05,-8.010538294911385e-06,1.99067833650885,0.0078125,0.0012588500976562,1
SITE_005_S0015,SITE_005,275.5800018310547,275.5241546630859,276.0789184570312,0,-23175.25,-5.154870450496674e-05,-5.121016874909401e-05,3.512052999924278,-7.345364722995101e-24,8.869171142578125e-05,0
SITE_005_S0016,SITE_005,276.4621734619141,275.8521575927734,274.1634826660156,298592,-154161.25,-0.0002560783177614212,-2.918904647231102e-05,2.356939694559036,0.0595703125,0.024423599243164,0
SITE_005_S0017,SITE_005,275.9173431396484,275.9965667724609,275.9038696289062,653392,-297301.25,-0.0001127384603023529,-2.150866203010082e-05,1.441192790122803,0.00390625,0.00164794921875,0
SITE_005_S0018,SITE_005,282.7353363037109,282.5738983154297,281.7309417724609,154246,-57580.5,-9.719282388687134e-05,-9.634299203753471e-05,2.98813487142113,-7.345364722995101e-24,7.343292236328125e-05,0
SITE_005_S0019,SITE_005,285.3648681640625,285.3128509521484,285.40576171875,633773,-250719,-0.0004341211169958115,-6.659352220594883e-05,1.696396707680842,-7.345364722995101e-24,-7.345364920210326e-25,0
SITE_005_S0020,SITE_005,276.9115447998047,277.2402648925781,278.5770568847656,732745,-290164.5,-0.0007631201297044754,-6.075203418731689e-05,4.132485168186696,-7.345364722995101e-24,-7.345364920210326e-25,0
SITE_005_S0021,SITE_005,289.4201354980469,288.7782897949219,288.7082977294922,455209,-119914,-0.0002076048403978348,-0.0001895907334983349,2.372368967150901,-7.345364722995101e-24,-7.345364920210326e-25,0
SITE_005_S0022,SITE_005,282.6595153808594,282.7058410644531,283.0359497070312,33298,-25587,-0.0003792010247707367,-2.324511297047139e-05,3.415711589035574,-7.345364722995101e-24,-7.345364920210326e-25,0
SITE_005_S0023,SITE_005,286.5540008544922,286.5515289306641,286.5624694824219,36051,-22440.5,-3.326870501041412e-05,-3.326800651848316e-05,2.913622044646964,-7.345364722995101e-24,-7.345364920210326e-25,0
SITE_005_S0024,SITE_005,277.5605163574219,277.2108917236328,279.2019805908203,70442,-214920,-1.613423228263855e-05,-7.431022822856903e-06,1.51770852853001,-7.345364722995101e-24,-7.345364920210326e-25,0
SITE_005_S0025,SITE_005,279.5226135253906,278.6919250488281,280.0844573974609,20396,-80685.25,-5.180016160011292e-06,-5.075708031654358e-06,1.244001398070244,-7.345364722995101e-24,-7.345364920210326e-25,0
SITE_005_S0026,SITE_005,277.2808837890625,276.6989593505859,279.1009216308594,3266,-173481.25,-9.352341294288635e-06,-6.848480552434921e-06,1.382185763725037,-7.345364722995101e-24,-7.345364920210326e-25,0
SITE_005_S0027,SITE_005,281.8875122070312,281.8385620117188,281.9918823242188,0,-6097,-4.578381776809692e-06,-4.19258140027523e-06,0.6981289962018496,-7.345364722995101e-24,-7.345364920210326e-25,0
SITE_005_S0028,SITE_005,282.8765716552734,282.7102661132812,282.6496276855469,0,-8439.75,-5.774199962615967e-08,5.01750037074089e-07,1.667231837233219,-7.345364722995101e-24,-7.345364920210326e-25,0
SITE_005_S0029,SITE_005,283.5729370117188,283.4553985595703,283.3567962646484,0,-3954.5,-8.011236786842346e-06,-8.014263585209846e-06,2.919428414840634,-7.345364722995101e-24,-7.345364920210326e-25,0
SITE_005_S0030,SITE_005,281.3469848632812,281.3895111083984,281.8116149902344,0,-11790.5,-2.841651439666748e-05,-2.841721288859844e-05,3.235787240456052,-7.345364722995101e-24,-7.345364920210326e-25,0
SITE_005_S0031,SITE_005,273.976806640625,273.7751770019531,276.0142974853516,0,-311797.5,-4.666298627853394e-05,-1.651444472372532e-05,2.126934468294911,-7.345364722995101e-24,-7.345364920210326e-25,0
SITE_005_S0032,SITE_005,272.6230926513672,272.2893524169922,274.7874603271484,0,-301271.75,-4.641711711883545e-06,-6.085028871893883e-06,1.791084073500339,-7.345364722995101e-24,-7.345364920210326e-25,1
SITE_005_S0033,SITE_005,275.6246795654297,275.1826477050781,276.5256500244141,0,-35995.25,-8.009374141693115e-08,-8.055940270423889e-08,0.5570605016199812,-7.345364722995101e-24,-7.345364920210326e-25,0
SITE_005_S0034,SITE_005,274.7313079833984,274.5435028076172,275.9853973388672,0,-146582.25,-3.624707460403442e-06,-1.818872988224029e-06,1.406453182936506,-7.345364722995101e-24,-7.345364920210326e-25,0
SITE_005_S0035,SITE_005,273.6732177734375,273.7674713134766,275.1089477539062,0,-34148.5,-3.508105874061584e-05,-3.819353878498077e-06,1.511753487018454,-7.345364722995101e-24,9.5367431640625e-07,0
SITE_005_S0036,SITE_005,273.3606414794922,273.5019836425781,274.7688598632812,0,-18507.75,-1.345202326774597e-05,-2.577435225248337e-06,1.751671557408755,-7.345364722995101e-24,9.5367431640625e-06,0
SITE_005_S0037,SITE_005,273.7267761230469,273.7918395996094,274.5700836181641,0,-72788.25,-8.385628461837769e-06,-8.355360478162766e-06,1.598686184997205,0.0009765625,0.00020599365234375,0
SITE_005_S0038,SITE_005,274.6364440917969,274.4713287353516,275.0998077392578,0,-25323.75,-2.754852175712585e-06,-1.393724232912064e-06,0.6647698073348607,0.001953125,0.0002775192260742188,0
SITE_005_S0039,SITE_005,274.7832183837891,274.7375030517578,275.2292633056641,0,-7522.5,-4.416331648826599e-06,-2.142740413546562e-06,0.9933013147991292,0.001953125,0.0002422332763671875,0
SITE_005_S0040,SITE_005,273.5461578369141,273.5059967041016,274.3195495605469,0,-39095.25,-7.107853889465332e-06,-3.237975761294365e-06,0.9991188773985497,0.001953125,0.0002298355102539062,0
SITE_005_S0041,SITE_005,271.8755035400391,271.8160247802734,272.8673553466797,0,-34781.5,-4.877522587776184e-05,-1.116609200835228e-05,1.483525964847278,0.0400390625,0.0061273574829101,1
SITE_005_S0042,SITE_005,275.0093231201172,276.2572631835937,272.2398834228516,448442,-179336.25,-1.103803515434265e-05,-5.306210368871689e-07,1.42310692965493,0.314453125,0.1201190948486328,1
SITE_005_S0043,SITE_005,274.230224609375,275.615966796875,272.3486633300781,425665,-188471.25,-7.722526788711548e-06,-1.776264980435371e-06,1.491764977749163,0.2265625,0.0940465927124023,1
SITE_005_S0044,SITE_005,273.7641906738281,273.6852722167969,272.3697509765625,309000,-94693,-0.0004165396094322205,-2.74756457656622e-05,4.004391508608113,0.2138671875,0.0898075103759765,1
SITE_005_S0045,SITE_005,274.1457366943359,274.0696105957031,272.4011840820312,282208,-92742.75,-0.0006621163338422775,-3.863987512886524e-05,6.132026515815257,0.224609375,0.0913581848144531,1
SITE_005_S0046,SITE_005,277.665771484375,277.8622283935547,272.5263671875,276074,-56698.75,-0.0001064669340848923,1.133815385401249e-05,2.041051612027965,0.1650390625,0.0669498443603515,1
SITE_005_S0047,SITE_005,281.0607452392578,280.2394561767578,273.0592651367188,492900,-114193.25,3.352761268615723e-08,3.422610461711884e-08,0.0835094249550975,0.11328125,0.0459909439086914,1
SITE_005_S0048,SITE_005,284.7333068847656,282.687744140625,277.3194580078125,704372,-247821.25,-1.122988760471344e-05,-1.030601561069488e-05,1.279381140088592,0.052734375,0.0210247039794921,0
SITE_005_S0049,SITE_005,281.0405578613281,281.0948638916016,280.0065002441406,805366,-313467.25,-0.0001894887536764145,-5.113799124956131e-05,1.807369402542057,0.0009765625,0.0003805160522460938,0
SITE_005_S0050,SITE_005,280.0760192871094,280.2014923095703,280.0020294189453,773709,-293030,-0.0005824510008096695,-6.003095768392086e-05,2.437290881124161,-7.345364722995101e-24,0.0001678466796875,0
SITE_005_S0051,SITE_005,279.3495025634766,279.5549011230469,279.0989379882812,332088,-113528.25,-0.0003724191337823868,-3.803009167313576e-05,1.767090497342231,-7.345364722995101e-24,8.96453857421875e-05,0
SITE_005_S0052,SITE_005,284.5928649902344,284.6029205322266,283.6917419433594,103742,-13344,-1.425482332706451e-05,-1.425505615770817e-05,1.426144195846115,-7.345364722995101e-24,1.9073486328125e-06,0
SITE_005_S0053,SITE_005,282.1725158691406,282.1912231445312,281.6381683349609,94324,-17677,-4.97717410326004e-05,-4.767626523971558e-05,2.048591791510182,-7.345364722995101e-24,9.5367431640625e-07,0
SITE_005_S0054,SITE_005,280.3685760498047,280.8124237060547,280.2819366455078,693612,-246037.5,-0.0004667453467845917,-4.88481018692255e-05,1.722269645019693,-7.345364722995101e-24,-7.345364920210326e-25,0
SITE_005_S0055,SITE_005,278.9297943115234,279.0807189941406,278.5490112304688,273260,-111260.75,-0.0001393072307109833,-2.208608202636242e-05,0.4935182135441467,-7.345364722995101e-24,-7.345364920210326e-25,0
SITE_005_S0056,SITE_005,282.2696838378906,282.1060943603516,281.0241394042969,357560,-95562.75,-0.0002789013087749481,-3.740238025784492e-05,2.160097628629256,-7.345364722995101e-24,-7.345364920210326e-25,0
SITE_005_S0057,SITE_005,280.764892578125,280.8218994140625,280.9178924560547,102261,-14495.25,-4.528649151325226e-05,-4.528672434389591e-05,2.503594425633586,-7.345364722995101e-24,-7.345364920210326e-25,0
SITE_005_S0058,SITE_005,285.0143890380859,284.6180572509766,283.8756713867188,646537,-207485.75,-0.0002086739987134933,-0.0001210283953696489,0.5361705002155207,-7.345364722995101e-24,-7.345364920210326e-25,0
SITE_005_S0059,SITE_005,286.6157836914062,286.5065002441406,285.58447265625,629423,-246697.75,-0.000283779576420784,-6.740144453942776e-05,1.945086211389184,-7.345364722995101e-24,-7.345364920210326e-25,0
SITE_005_S0060,SITE_005,285.4652709960937,285.3925323486328,285.4900665283203,781157,-347551.75,-0.0005366336554288864,-0.0001000084448605776,2.305792616415453,-7.345364722995101e-24,-7.345364920210326e-25,0
SITE_005_S0061,SITE_005,277.9743347167969,278.3489685058594,279.787353515625,50633,-25533.75,-8.662976324558258e-05,-8.662790060043335e-05,3.725729613983437,-7.345364722995101e-24,-7.345364920210326e-25,0
SITE_005_S0062,SITE_005,279.2077484130859,278.9244689941406,279.2415313720703,500347,-137330,-0.0002442151308059692,-0.0001656420063227415,2.213308651860325,-7.345364722995101e-24,-7.345364920210326e-25,0
SITE_005_S0063,SITE_005,284.2261047363281,284.5893249511719,283.4083404541016,724971,-299959.5,-8.84663313627243e-05,-4.922552034258842e-05,0.9833516608878412,-7.345364722995101e-24,-7.345364920210326e-25,0
SITE_005_S0064,SITE_005,286.6883392333984,286.4449462890625,286.4493103027344,280025,-83036,-7.330626249313354e-05,-7.330579683184624e-05,2.453673139193105,-7.345364722995101e-24,-7.345364920210326e-25,0
SITE_005_S0065,SITE_005,287.6068878173828,287.4590454101562,286.8678588867188,106637,-1423.75,-2.470426261425018e-05,-2.470496110618114e-05,1.893199099895166,-7.345364722995101e-24,-7.345364920210326e-25,0
SITE_005_S0066,SITE_005,287.9157867431641,287.6208343505859,287.0041656494141,216088,-71464.5,-0.000117884948849678,-4.211161285638809e-05,2.330055359165132,-7.345364722995101e-24,-7.345364920210326e-25,0
SITE_005_S0067,SITE_005,284.2646026611328,284.4546203613281,284.8547058105469,297653,-141558.75,-4.578568041324616e-05,-4.105106927454472e-05,0.5723124712597878,-7.345364722995101e-24,-7.345364920210326e-25,0
SITE_005_S0068,SITE_005,283.2119750976562,283.3589935302734,284.0553588867188,519173.5,-247409.75,-0.0004310281947255135,-5.388050340116024e-05,2.497768877122662,-7.345364722995101e-24,-7.345364920210326e-25,0
SITE_005_S0069,SITE_005,285.2376556396484,285.3698272705078,285.6104431152344,549229,-255032.5,-0.0001298263669013977,-5.018804222345352e-05,1.339104613759375,-7.345364722995101e-24,-7.345364920210326e-25,0
SITE_005_S0070,SITE_005,286.6461639404297,286.8758850097656,286.8676452636719,575438,-301458.5,-4.954636096954346e-05,-3.30507755279541e-05,0.4764545889628714,-7.345364722995101e-24,-7.345364920210326e-25,0
SITE_005_S0071,SITE_005,286.9361114501953,286.9600677490234,287.5492095947266,528001,-308076.5,-0.0004336051642894745,-5.992245860397816e-05,2.66063625357115,-7.345364722995101e-24,-7.345364920210326e-25,0
SITE_005_S0072,SITE_005,287.1730804443359,287.1653747558594,287.4717864990234,428807,-260266.75,-0.0001273248344659805,-3.260141238570213e-05,1.720133084915723,-7.345364722995101e-24,-7.345364920210326e-25,0
SITE_005_S0073,SITE_005,283.9511413574219,284.0087127685547,284.5868682861328,239474,-136565.25,-0.000164911150932312,-4.629348404705525e-05,2.079374136778067,-7.345364722995101e-24,-7.345364920210326e-25,0
SITE_005_S0074,SITE_005,283.8229064941406,283.9004974365234,284.3073425292969,172483,-66413.25,-0.0001201387494802475,-3.231316804885864e-05,1.236091243547216,-7.345364722995101e-24,-7.345364920210326e-25,0
SITE_005_S0075,SITE_005,282.8702392578125,282.9996948242188,283.5602722167969,128622,-71336.5,-0.0001584663987159729,-2.914597280323505e-05,1.290810114912172,-7.345364722995101e-24,-7.345364920210326e-25,0
SITE_005_S0076,SITE_005,284.8761901855469,284.7479858398437,284.9591979980469,80981,-37209,-1.924484968185425e-05,-1.821410842239857e-05,1.307482342198637,-7.345364722995101e-24,-7.345364920210326e-25,0
SITE_005_S0077,SITE_005,285.7717132568359,285.5252075195312,285.5788421630859,211433,-140539,-8.204393088817596e-05,-1.976918429136276e-05,2.398768854997717,-7.345364722995101e-24,-7.345364920210326e-25,0
SITE_005_S0078,SITE_005,285.2800445556641,285.0621032714844,285.1495971679688,55370,-13797.5,-4.157796502113342e-05,-4.066899418830872e-05,2.817117886807933,-7.345364722995101e-24,-7.345364920210326e-25,0
SITE_005_S0079,SITE_005,285.3087921142578,285.3312530517578,285.6660461425781,24003,1084,-1.322105526924133e-05,-1.322058960795402e-05,1.657760008133244,-7.345364722995101e-24,-7.345364920210326e-25,0
SITE_005_S0080,SITE_005,280.1241607666016,280.2538604736328,281.4107360839844,112171,-161968.75,-0.0002958234399557114,-2.677971497178078e-05,2.342690255269348,-7.345364722995101e-24,-7.345364920210326e-25,0
SITE_005_S0081,SITE_005,279.2662963867188,279.3962097167969,280.3257293701172,44844,-42046.25,-0.0001068543642759323,-3.868504427373409e-05,2.176978261456584,-7.345364722995101e-24,-7.345364920210326e-25,0
SITE_005_S0082,SITE_005,282.4302368164062,282.3608093261719,282.1998443603516,72776,-89004.5,-0.0003197509795427322,-1.242011785507202e-05,3.189705523090791,-7.345364722995101e-24,-7.345364920210326e-25,0
SITE_005_S0083,SITE_005,283.2761535644531,283.2288208007812,283.1840057373047,32220,-26529.5,-7.78399407863617e-06,-7.334630936384201e-06,1.481772394934048,-7.345364722995101e-24,-7.345364920210326e-25,0
SITE_005_S0084,SITE_005,281.9918670654297,281.8331909179688,282.7307434082031,119161,-297925.5,-0.000536428764462471,-2.600741572678089e-05,3.554121842939391,-7.345364722995101e-24,-7.345364920210326e-25,0
SITE_005_S0085,SITE_005,280.5406951904297,280.3291931152344,281.4425354003906,66716,-178298,-2.421438694000244e-07,-2.421438694000244e-07,1.471970203110113,-7.345364722995101e-24,-7.345364920210326e-25,0
SITE_005_S0086,SITE_005,278.3913726806641,278.1604614257812,280.3038482666016,70029,-293659.25,-1.726485788822174e-05,-7.414259016513824e-06,1.569901555901675,-7.345364722995101e-24,-7.345364920210326e-25,0
SITE_005_S0087,SITE_005,279.5650939941406,279.4824676513672,280.0671234130859,4406,-19412.5,-0.0001616403460502625,-5.865609273314476e-05,3.75524434487201,-7.345364722995101e-24,-7.345364920210326e-25,0
SITE_005_S0088,SITE_005,280.1801452636719,280.2062530517578,280.3148651123047,1913,-6235.25,-1.395866274833679e-05,-1.395749859511852e-05,3.046332983910209,-7.345364722995101e-24,-7.345364920210326e-25,0
SITE_005_S0089,SITE_005,282.4474334716797,282.3735046386719,282.2041931152344,8516,-74688,-1.020915806293488e-05,-8.26781615614891e-07,1.952759504988784,-7.345364722995101e-24,-7.345364920210326e-25,0
SITE_005_S0090,SITE_005,278.2354125976562,278.2405242919922,278.5205841064453,531,-8431.5,-1.80806964635849e-05,-1.707836054265499e-05,2.105014336414642,0.0009765625,0.000186920166015625,0
SITE_005_S0091,SITE_005,277.1052398681641,276.7471313476562,277.8325958251953,1420,-68257.25,-4.660338163375855e-06,-4.142755642533302e-06,0.5407271808361249,0.0009765625,8.7738037109375e-05,0
SITE_005_S0092,SITE_005,278.5570068359375,278.5932769775391,278.9265747070312,256,-21854,-2.492219209671021e-06,-2.489425241947174e-06,1.181912521929969,-7.345364722995101e-24,4.57763671875e-05,0
SITE_005_S0093,SITE_005,279.9425506591797,279.7588500976562,279.6531982421875,0,-16879.25,-0.0001264587044715881,-7.387716323137283e-06,2.302664616691335,-7.345364722995101e-24,1.9073486328125e-06,0
SITE_005_S0094,SITE_005,280.4904479980469,280.3675842285156,280.4188232421875,0,-10947.5,-7.562339305877685e-06,-1.55298039317131e-07,1.066166934733372,-7.345364722995101e-24,-7.345364920210326e-25,0
SITE_005_S0095,SITE_005,279.6627807617188,279.6383514404297,279.9918975830078,0,-34473.75,-2.169981598854065e-06,-1.020496711134911e-06,0.925616085634508,-7.345364722995101e-24,-7.345364920210326e-25,0
SITE_005_S0096,SITE_005,279.2235107421875,279.2275695800781,279.6381378173828,0,-26787.25,-7.333233952522278e-06,-3.742519766092301e-06,0.8467354559537161,-7.345364722995101e-24,-7.345364920210326e-25,0
SITE_005_S0097,SITE_005,277.0865325927734,277.1778106689453,277.7429656982422,0,-12750.25,-2.410821616649628e-05,-2.410798333585262e-05,2.697335187816375,-7.345364722995101e-24,-7.345364920210326e-25,0
SITE_005_S0098,SITE_005,275.1702117919922,275.2828979492188,276.1894378662109,0,-77119.75,-0.0001223701983690262,-1.199846155941486e-05,2.658436906866035,-7.345364722995101e-24,-7.345364920210326e-25,0
SITE_005_S0099,SITE_005,274.6488189697266,274.7411193847656,275.3307952880859,0,-5433,-1.367740333080292e-05,-1.316261477768421e-05,2.013475336704616,0.0126953125,0.0020132064819335,0
SITE_005_S0100,SITE_005,276.4870452880859,276.3549652099609,276.6291961669922,0,-5118.25,-7.655471563339233e-07,-7.66245648264885e-07,0.5856174558548123,0.009765625,0.0014762878417968,0
SITE_005_S0101,SITE_005,275.6743927001953,275.7472839355469,276.3212280273437,0,-17419.25,-5.163624882698059e-05,-1.069437712430954e-05,2.825224847734793,0.0009765625,0.0002393722534179688,0
SITE_005_S0102,SITE_005,273.159912109375,273.2042236328125,274.0718536376953,0,-167672.75,-3.56677919626236e-05,-1.467578113079071e-05,2.525161929785457,0.0654296875,0.0105133056640625,0
SITE_005_S0103,SITE_005,272.7098846435547,272.0504913330078,273.577880859375,0,-32745.75,-8.959323167800903e-06,-4.473840817809105e-06,1.351350654863976,0.0634765625,0.0102434158325195,1
SITE_005_S0104,SITE_005,282.7612457275391,279.2185821533203,276.2459411621094,413014,-93100.25,1.71363353729248e-06,1.713167876005173e-06,0.8968572334512858,0.0380859375,0.0136318206787109,0
SITE_005_S0105,SITE_005,283.1207580566406,282.083251953125,280.7507476806641,503884,-190978.75,-3.279745578765869e-05,-1.123175024986267e-05,1.294265993865534,0.013671875,0.0048694610595703,0
SITE_005_S0106,SITE_005,285.3247375488281,284.2758636474609,283.0911102294922,383309,-122420,-0.000121263787150383,-2.132449299097061e-05,1.11569225724939,0.00390625,0.001530647277832,0
SITE_005_S0107,SITE_005,278.6021728515625,278.6620635986328,278.8302307128906,668782,-341878,-0.0003217197954654694,-4.644668661057949e-05,1.843150005681602,-7.345364722995101e-24,6.771087646484375e-05,0
SITE_005_S0108,SITE_005,284.7200622558594,283.9576110839844,282.3114318847656,602928,-262579.75,-0.0008472073823213577,-5.288049578666687e-05,2.779148596186839,-7.345364722995101e-24,2.574920654296875e-05,0
SITE_005_S0109,SITE_005,284.5572967529297,284.2223663330078,282.9532318115234,612201,-241880.25,-4.131533205509186e-05,-2.451450563967228e-05,1.793072933295047,-7.345364722995101e-24,8.58306884765625e-06,0
SITE_005_S0110,SITE_005,282.4957427978516,282.6305541992188,282.6934051513672,747198,-378831,-0.0009720344096422197,-7.331790402531624e-05,3.069432904437974,-7.345364722995101e-24,-7.345364920210326e-25,0
SITE_005_S0111,SITE_005,278.8448486328125,279.0784149169922,280.1005554199219,748088,-365417.5,-0.0008980687707662582,-6.739399395883083e-05,3.356142794673268,-7.345364722995101e-24,-7.345364920210326e-25,0
SITE_005_S0112,SITE_005,284.2259063720703,284.0859069824219,282.9486389160156,625043,-219965,-0.0002650916576385498,-5.125091411173344e-05,1.842517920479556,-7.345364722995101e-24,-7.345364920210326e-25,0
SITE_005_S0113,SITE_005,282.0010223388672,281.6669006347656,281.9956512451172,300352,-105774.5,-0.000468788668513298,-8.131982758641243e-05,1.640394167470679,-7.345364722995101e-24,-7.345364920210326e-25,0
SITE_005_S0114,SITE_005,282.1473541259766,282.3603057861328,282.6772613525391,397146,-165578,-0.0003835149109363556,-4.056235775351525e-05,1.522472021859017,-7.345364722995101e-24,-7.345364920210326e-25,0
SITE_005_S0115,SITE_005,276.9255676269531,277.2100372314453,278.1095275878906,380432,-171291.5,-0.0004234835505485535,-4.612142220139504e-05,1.84340550607103,-7.345364722995101e-24,4.673004150390625e-05,0
SITE_005_S0116,SITE_005,277.6116790771484,277.8646850585937,278.516845703125,749315,-329931.75,-0.0005225595086812973,-5.738041363656521e-05,2.186141687883577,-7.345364722995101e-24,3.0517578125e-05,0
SITE_005_S0117,SITE_005,280.27685546875,280.4175720214844,279.8240051269531,545550,-201393.25,-0.000188848003745079,-4.715146496891976e-05,1.080593493622423,-7.345364722995101e-24,2.002716064453125e-05,0
SITE_005_S0118,SITE_005,278.1602630615234,278.3969421386719,278.7374420166016,684223,-265560,-0.0003933664411306381,-4.87244687974453e-05,1.03517804399983,-7.345364722995101e-24,-7.345364920210326e-25,0
SITE_005_S0119,SITE_005,280.7382049560547,281.0394592285156,280.4308929443359,759117,-316814.5,-0.0001623351126909256,-5.447631701827049e-05,0.8428183471622225,-7.345364722995101e-24,-7.345364920210326e-25,0
SITE_005_S0120,SITE_005,284.663818359375,284.3918914794922,283.3986053466797,345643,-131698.5,-0.0007722135633230209,-4.794495180249214e-05,2.901517146503434,-7.345364722995101e-24,-7.345364920210326e-25,0
SITE_005_S0121,SITE_005,285.7178344726562,285.7020111083984,285.6165771484375,588683,-209571.75,-0.0006468165665864944,-5.69887924939394e-05,3.229034599054391,-7.345364722995101e-24,-7.345364920210326e-25,0
SITE_005_S0122,SITE_005,283.844970703125,283.9445953369141,284.4047241210937,135632,-65961.25,-4.712119698524475e-05,-4.712119698524475e-05,0.989731823511881,-7.345364722995101e-24,-7.345364920210326e-25,0
SITE_005_S0123,SITE_005,282.2992553710937,282.4567260742188,282.8235626220703,510630,-182714.5,-0.0006437571719288826,-5.895108915865421e-05,3.74235583628061,-7.345364722995101e-24,-7.345364920210326e-25,0
SITE_005_S0124,SITE_005,285.0858154296875,284.9629516601562,284.5763702392578,320288,-130262.75,-0.0002539139240980148,-4.006968811154366e-05,1.491063810384693,-7.345364722995101e-24,-7.345364920210326e-25,0
SITE_005_S0125,SITE_005,287.3748626708984,287.2313232421875,286.6484527587891,698489,-276846.5,-0.0005464125424623489,-9.283935651183128e-05,2.911217638691078,-7.345364722995101e-24,-7.345364920210326e-25,0
SITE_005_S0126,SITE_005,285.0399169921875,285.2745666503906,286.0694122314453,793619,-379927.25,-0.0014915093779563,-0.0001331076491624117,3.902141555725317,-7.345364722995101e-24,-7.345364920210326e-25,0
SITE_005_S0127,SITE_005,284.1598205566406,285.8112335205078,284.0710754394531,766610,-307241,-3.135949373245239e-05,-2.667144872248173e-05,0.7690195225767987,-7.345364722995101e-24,-7.345364920210326e-25,0
SITE_005_S0128,SITE_005,287.5862731933594,287.4263000488281,286.7035217285156,754625,-304349.75,-0.0002105571329593658,-7.588090375065804e-05,1.355577659909375,-7.345364722995101e-24,-7.345364920210326e-25,0
SITE_005_S0129,SITE_005,288.8847961425781,288.9721221923828,288.6573181152344,757945,-322835.5,-0.0001810751855373382,-7.072323933243752e-05,0.9264195636907918,-7.345364722995101e-24,-7.345364920210326e-25,0
SITE_005_S0130,SITE_005,286.8625946044922,286.9012756347656,286.9162445068359,613217,-270421.5,-0.0005333907902240753,-7.68022146075964e-05,2.251470597064706,-7.345364722995101e-24,-7.345364920210326e-25,0
SITE_005_S0131,SITE_005,284.8163299560547,284.9544982910156,285.3196563720703,417649,-180252,-0.0004751980304718018,-5.450122989714146e-05,2.016826145202892,-7.345364722995101e-24,-7.345364920210326e-25,0
SITE_005_S0132,SITE_005,289.2213134765625,289.0943145751953,288.6785583496094,479246,-183586.5,-0.0003132913261651993,-6.506196223199368e-05,1.439769317498772,-7.345364722995101e-24,-7.345364920210326e-25,0
SITE_005_S0133,SITE_005,291.6342468261719,292.0119476318359,291.8140869140625,680063.5,-310522.75,-9.096041321754456e-05,-5.822512321174145e-05,0.4543532617542107,-7.345364722995101e-24,-7.345364920210326e-25,0
SITE_005_S0134,SITE_005,292.2657470703125,292.4976348876953,291.9081115722656,440680,-215526,-1.691281795501709e-05,-1.456844620406628e-05,0.1858416054833077,-7.345364722995101e-24,-7.345364920210326e-25,0
SITE_005_S0135,SITE_005,289.8934783935547,290.3743133544922,290.1843719482422,476911,-182630,-6.227381527423859e-05,-3.444263711571693e-05,0.6910613949051109,-7.345364722995101e-24,-7.345364920210326e-25,0
SITE_005_S0136,SITE_005,293.9071044921875,293.7445678710937,293.9755554199219,625736,-306003,-0.0005186758935451508,-8.86556226760149e-05,2.117509737159384,-7.345364722995101e-24,-7.345364920210326e-25,0
SITE_005_S0137,SITE_005,293.9871215820312,293.8235321044922,294.1917114257812,623317,-321344.25,-0.0007091965526342392,-9.173527359962463e-05,2.155214310717836,-7.345364722995101e-24,-7.345364920210326e-25,0
SITE_005_S0138,SITE_005,293.9975128173828,293.7944946289062,294.1412658691406,485228,-240618.25,-0.0005619581788778305,-7.074116729199886e-05,1.838646607709606,-7.345364722995101e-24,-7.345364920210326e-25,0
SITE_005_S0139,SITE_005,293.2606964111328,292.7457427978516,292.5517883300781,522940.5,-244527.5,-0.0002719145268201828,-7.478240877389908e-05,1.609144592747448,-7.345364722995101e-24,-7.345364920210326e-25,0
SITE_005_S0140,SITE_005,285.9273529052734,286.4412536621094,288.0166168212891,527392,-313841.5,-0.0001539979130029678,-6.463821046054363e-05,1.587641408833863,-7.345364722995101e-24,-7.345364920210326e-25,0
SITE_005_S0141,SITE_005,294.2886657714844,294.1319274902344,294.1306610107422,441139,-223059.75,-6.231386214494705e-05,-3.195460885763168e-05,0.8230667074300749,-7.345364722995101e-24,-7.345364920210326e-25,0
SITE_005_S0142,SITE_005,284.8168640136719,284.9381103515625,286.323486328125,378833,-250346.75,-0.0001695062965154648,-4.584225825965405e-05,2.072467338535769,-7.345364722995101e-24,-7.345364920210326e-25,0
SITE_005_S0143,SITE_005,282.2236175537109,282.3785400390625,284.2382965087891,230879,-191421.5,-0.0001695863902568817,-4.784483462572098e-05,1.50342855553525,-7.345364722995101e-24,-7.345364920210326e-25,0
SITE_005_S0144,SITE_005,284.6358032226562,284.3236389160156,285.0485076904297,412757,-285603.5,-8.606351912021637e-05,-2.211891114711761e-05,1.550185928893345,-7.345364722995101e-24,-7.345364920210326e-25,0
SITE_005_S0145,SITE_005,285.0063323974609,285.2392730712891,286.6887054443359,216764,-161359,-0.0007375180721282959,-5.724397487938404e-05,2.921847717878461,-7.345364722995101e-24,-7.345364920210326e-25,0
SITE_005_S0146,SITE_005,280.3325042724609,280.5867309570312,281.8352355957031,76510,-72815.5,-5.382485687732697e-05,-5.3824158385396e-05,1.628572740448801,-7.345364722995101e-24,-7.345364920210326e-25,0
SITE_005_S0147,SITE_005,287.3143920898437,286.9691467285156,287.1475677490234,31823,-5107.25,-7.824040949344635e-05,-7.824064232409e-05,3.532619262145709,-7.345364722995101e-24,-7.345364920210326e-25,0
SITE_005_S0148,SITE_005,284.7267761230469,284.8141479492188,285.7868041992188,13028,-17196,-9.074434638023376e-05,-9.074388071894646e-05,4.52245306659105,-7.345364722995101e-24,-7.345364920210326e-25,0
SITE_005_S0149,SITE_005,282.7013092041016,282.7029724121094,284.2800140380859,250413,-295326.75,-0.0004148110747337341,-4.192255437374115e-05,2.020202179517452,-7.345364722995101e-24,-7.345364920210326e-25,0
SITE_005_S0150,SITE_005,280.3858032226562,279.9805755615234,281.3536834716797,170155,-212131.75,-1.778453588485718e-05,-1.77829060703516e-05,1.105572150798167,-7.345364722995101e-24,-7.345364920210326e-25,0
SITE_005_S0151,SITE_005,286.9995574951172,286.8688812255859,286.2503662109375,20850,-3696.75,-2.545304596424103e-05,-2.545095048844814e-05,3.702038553141339,-7.345364722995101e-24,-7.345364920210326e-25,0
SITE_005_S0152,SITE_005,283.1694641113281,283.0226135253906,284.2489776611328,137567,-202572.5,-7.508881390094757e-05,-1.22925266623497e-05,2.332130318702694,-7.345364722995101e-24,-7.345364920210326e-25,0
SITE_005_S0153,SITE_005,284.29931640625,284.2711944580078,285.1292572021484,78985,-166528,-4.700012505054474e-05,-1.001893542706966e-05,1.465560438467889,-7.345364722995101e-24,-7.345364920210326e-25,0
SITE_005_S0154,SITE_005,280.8078460693359,280.4935302734375,282.5980987548828,88764,-203246,-4.236586391925812e-05,-1.366366632282734e-05,1.260490880074336,-7.345364722995101e-24,-7.345364920210326e-25,0
SITE_005_S0155,SITE_005,282.208984375,282.3152008056641,283.4619140625,7964,-37936.25,-0.0002959389239549637,-3.215507604181767e-05,2.263084306565712,-7.345364722995101e-24,-7.345364920210326e-25,0
SITE_005_S0156,SITE_005,278.7921295166016,278.7458953857422,280.3779602050781,33180,-73782,-8.245930075645447e-06,-8.208677172660828e-06,0.5233607353760645,-7.345364722995101e-24,-7.345364920210326e-25,0
SITE_005_S0157,SITE_005,282.7043304443359,282.62353515625,283.7608184814453,16062,-96932.5,-5.623325705528259e-05,-4.842644557356834e-06,2.669528444866079,-7.345364722995101e-24,-7.345364920210326e-25,0
SITE_005_S0158,SITE_005,278.7746124267578,278.8102722167969,279.6325531005859,1822,-87029,-5.695410072803497e-05,-3.252085298299789e-05,2.091908030538655,-7.345364722995101e-24,-7.345364920210326e-25,0
SITE_005_S0159,SITE_005,277.8137512207031,277.5897064208984,279.1563415527344,1423,-170689.75,-1.31167471408844e-05,-5.567213520407677e-06,1.569221403686694,-7.345364722995101e-24,-7.345364920210326e-25,0
SITE_005_S0160,SITE_005,275.2171325683594,272.6080017089844,276.3410034179688,919,-225201.5,3.688037395477295e-07,3.67872416973114e-07,1.74340399799179,-7.345364722995101e-24,-7.345364920210326e-25,1
SITE_005_S0161,SITE_005,280.4727172851562,280.318359375,281.1751861572266,0,-200571.25,-0.0002110432833433151,-6.969878450036049e-05,4.359400557125626,-7.345364722995101e-24,-7.345364920210326e-25,0
SITE_005_S0162,SITE_005,277.4561614990234,277.2281188964844,278.8819122314453,0,-147937.5,-0.0001733060926198959,-8.9308712631464e-05,2.578205083523049,-7.345364722995101e-24,-7.345364920210326e-25,0
SITE_005_S0163,SITE_005,272.9434967041016,273.0322113037109,275.9063415527344,0,-343319.75,-0.0002733878791332245,-1.928326673805714e-05,2.3228230679725,-7.345364722995101e-24,-7.345364920210326e-25,1
SITE_005_S0164,SITE_005,275.1408538818359,275.1512603759766,275.4424743652344,0,-5268.5,-3.147870302200317e-06,-3.146938979625702e-06,2.263959914916927,0.0048828125,0.0007877349853515625,0
SITE_005_S0165,SITE_005,274.9459838867188,274.9726867675781,275.8507843017578,0,-11195,-1.135468482971191e-05,-6.520887836813927e-06,1.283208284647104,0.0029296875,0.0005054473876953125,0
SITE_005_S0166,SITE_005,279.2896728515625,279.0090484619141,278.3831024169922,0,202.25,9.007751941680908e-06,9.005656465888023e-06,2.561843238608686,0.0146484375,0.0023574829101562,0
SITE_005_S0167,SITE_005,272.7052612304688,270.8195953369141,273.4956512451172,0,-103027.75,-6.556510925292969e-07,-6.563495844602585e-07,1.690728368877851,-7.345364722995101e-24,4.76837158203125e-05,1
SITE_005_S0168,SITE_005,276.011962890625,276.0944671630859,276.4191589355469,0,-11690.75,-1.156516373157501e-05,-1.13295391201973e-05,1.597523342435976,-7.345364722995101e-24,2.956390380859375e-05,0
SITE_005_S0169,SITE_005,273.0882873535156,272.9801025390625,274.2723999023437,0,-169689.5,3.624707460403442e-06,3.62214632332325e-06,1.606416538815664,-7.345364722995101e-24,8.7738037109375e-05,1
SITE_005_S0170,SITE_005,278.0010375976562,277.5303344726562,276.6204986572266,361413,-158238.75,-0.0001850072294473648,-1.378334127366543e-05,1.699899540645374,0.0146484375,0.004744529724121,0
SITE_005_S0171,SITE_005,280.8207550048828,280.7055053710937,280.3922729492188,397229,-103956.5,-0.0001013521105051041,-1.573679037392139e-05,1.178826696282791,-7.345364722995101e-24,0.0001573562622070312,0
SITE_005_S0172,SITE_005,276.6034545898437,276.7159271240234,277.3827362060547,170844,-48140.5,-0.0003118664026260376,-3.639166243374348e-05,2.686968283542218,-7.345364722995101e-24,6.4849853515625e-05,0
SITE_005_S0173,SITE_005,274.51220703125,274.8191528320312,275.2099609375,714351,-346613.75,-0.0002800971269607544,-3.965827636420727e-05,1.452299930174748,-7.345364722995101e-24,5.340576171875e-05,0
SITE_005_S0174,SITE_005,278.7153930664062,278.6907806396484,278.0137329101562,169182,-13867.25,-2.676993608474731e-05,-2.677016891539097e-05,1.613473719812661,-7.345364722995101e-24,1.71661376953125e-05,0
SITE_005_S0175,SITE_005,278.7593841552734,278.7239990234375,278.3665313720703,331992,-31942,-8.792988955974579e-05,-8.198712021112442e-05,1.980953970298631,-7.345364722995101e-24,7.62939453125e-06,0
SITE_005_S0176,SITE_005,280.1025695800781,279.9219207763672,279.5150756835937,146926,-14044,-7.487088441848755e-05,-5.006860010325909e-05,2.79893892659357,-7.345364722995101e-24,1.9073486328125e-06,0
SITE_005_S0177,SITE_005,279.2261199951172,279.2811889648437,278.8608093261719,782177,-336210.75,-0.00039663165807724,-5.789543502032757e-05,2.479084120245107,-7.345364722995101e-24,9.5367431640625e-07,0
SITE_005_S0178,SITE_005,278.6438598632812,278.958984375,278.6961822509766,586939,-218954,-0.0002079270780086517,-3.98741103708744e-05,0.74491823579819,-7.345364722995101e-24,-7.345364920210326e-25,0
SITE_005_S0179,SITE_005,279.9004669189453,279.9372253417969,279.7487335205078,39020,-8632,-1.529790461063385e-05,-1.52976717799902e-05,2.056841022977174,-7.345364722995101e-24,-7.345364920210326e-25,0
SITE_005_S0180,SITE_005,292.584716796875,291.9575805664062,290.1568145751953,736597,-246684,-0.0003706477582454681,-8.289911784231663e-05,1.887662541440001,-7.345364722995101e-24,-7.345364920210326e-25,0
SITE_005_S0181,SITE_005,290.0148620605469,290.0281677246094,289.4542541503906,564341,-189990,-0.0002593584358692169,-5.54271973669529e-05,0.8898699791580565,-7.345364722995101e-24,-7.345364920210326e-25,0
SITE_005_S0182,SITE_005,284.8803405761719,284.8770141601562,285.27099609375,639655,-222237.75,-0.0006002336740493774,-9.360117837786674e-05,3.382274809399768,-7.345364722995101e-24,-7.345364920210326e-25,0
SITE_005_S0183,SITE_005,284.8896942138672,285.0563201904297,284.0420227050781,800964,-318421.5,-0.0001428741961717606,-6.529432721436024e-05,1.035361979000256,-7.345364722995101e-24,-7.345364920210326e-25,0
SITE_005_S0184,SITE_005,281.9151000976562,282.1872863769531,283.5006408691406,793931,-320436.75,-0.0007175896316766739,-7.702643051743507e-05,2.1974616486248,-7.345364722995101e-24,-7.345364920210326e-25,0
SITE_005_S0185,SITE_005,284.7728729248047,285.0007019042969,285.2426300048828,777091,-344113,-0.0005731023848056793,-9.264308027923109e-05,2.452381456472376,-7.345364722995101e-24,-7.345364920210326e-25,0
SITE_005_S0186,SITE_005,283.6181945800781,283.7319641113281,284.1562042236328,515548,-195526.75,-0.0003937780857086182,-0.0001230374909937381,0.6587852438819624,-7.345364722995101e-24,-7.345364920210326e-25,0
SITE_005_S0187,SITE_005,284.4814147949219,284.6026763916016,284.7074890136719,88890.5,-53281.5,-5.469843745231629e-05,-5.469960160553456e-05,2.529970920621442,-7.345364722995101e-24,-7.345364920210326e-25,0
SITE_005_S0188,SITE_005,287.1005706787109,286.8455810546875,285.9369659423828,188373,-15176.75,-3.70219349861145e-05,-3.702263347804546e-05,1.707637373526139,-7.345364722995101e-24,-7.345364920210326e-25,0
SITE_005_S0189,SITE_005,284.5648193359375,284.4993438720703,284.3460235595703,435361,-213214.75,-0.0002367850393056869,-5.32371923327446e-05,1.678898127534202,-7.345364722995101e-24,-7.345364920210326e-25,0
SITE_005_S0190,SITE_005,283.2141723632812,283.0744781494141,283.4792938232422,312551,-107219.75,-0.0002746358513832092,-8.326745592057705e-05,1.941998017023332,-7.345364722995101e-24,-7.345364920210326e-25,0
SITE_005_S0191,SITE_005,280.6918487548828,280.9909973144531,282.0972442626953,791387,-346887,-0.0007452555000782013,-9.510666131973268e-05,2.663129447398674,-7.345364722995101e-24,-7.345364920210326e-25,0
SITE_005_S0192,SITE_005,283.3009948730469,283.3845977783203,283.4844512939453,293751,-55466,-0.0003252923488616943,-3.166729584336281e-05,2.274864304640657,-7.345364722995101e-24,-7.345364920210326e-25,0
SITE_005_S0193,SITE_005,281.59619140625,281.7196044921875,282.1171417236328,78746.5,-19216,-3.908947110176086e-05,-3.909063525497913e-05,1.689290201170685,-7.345364722995101e-24,-7.345364920210326e-25,0
SITE_005_S0194,SITE_005,281.2933349609375,281.4690093994141,282.1257934570312,670010,-261874.25,-0.0007101967930793762,-7.425714284181595e-05,3.244167984959626,-7.345364722995101e-24,-7.345364920210326e-25,0
SITE_005_S0195,SITE_005,283.2281188964844,283.3009948730469,283.6481018066406,605224,-250805.5,-0.0003761835396289825,-6.726733408868313e-05,1.672205362103465,-7.345364722995101e-24,-7.345364920210326e-25,0
SITE_005_S0196,SITE_005,281.4753265380859,281.8377838134766,283.2890472412109,244112,-78407.75,-0.0007628835737705231,-5.630543455481529e-05,2.838957108222377,-7.345364722995101e-24,-7.345364920210326e-25,0
SITE_005_S0197,SITE_005,281.3948364257812,281.5753173828125,281.8885040283203,284125,-76912,-0.0002410206943750381,-3.152876161038876e-05,1.691757048730351,-7.345364722995101e-24,-7.345364920210326e-25,0
SITE_005_S0198,SITE_005,281.3969421386719,281.5495758056641,281.9103088378906,280539,-134035,-0.000185960903763771,-3.071222454309464e-05,1.179730117538428,-7.345364722995101e-24,-7.345364920210326e-25,0
SITE_005_S0199,SITE_005,282.6987762451172,282.8445892333984,282.7496337890625,494764,-172062.5,-0.0001915693283081055,-4.596030339598656e-05,1.24935538032003,-7.345364722995101e-24,-7.345364920210326e-25,0
SITE_005_S0200,SITE_005,285.5349426269531,286.4729156494141,285.6604461669922,453506,-137536.75,-3.330595791339874e-05,-2.020713873207569e-05,0.6690118693150939,-7.345364722995101e-24,-7.345364920210326e-25,0
SITE_005_S0201,SITE_005,288.5401000976562,288.3060455322266,287.7082977294922,571066,-254000.5,-0.0001144018024206162,-5.585723556578159e-05,1.109671415958792,-7.345364722995101e-24,-7.345364920210326e-25,0
SITE_005_S0202,SITE_005,290.3978118896484,289.7652282714844,289.2184448242188,595743,-276038.25,-0.000219687819480896,-6.36137556284666e-05,1.485956143589171,-7.345364722995101e-24,-7.345364920210326e-25,0
SITE_005_S0203,SITE_005,293.4582977294922,292.9583282470703,292.5538177490234,420604,-182642.25,-0.0003554839640855789,-5.667516961693764e-05,1.891659089862054,-7.345364722995101e-24,-7.345364920210326e-25,0
SITE_005_S0204,SITE_005,291.5296783447266,291.5878295898437,292.1129608154297,537445,-262315.25,-0.0002197511494159698,-5.003158003091812e-05,1.459402045931749,-7.345364722995101e-24,-7.345364920210326e-25,0
SITE_005_S0205,SITE_005,283.5180969238281,284.1716613769531,287.1072998046875,495552,-307560.75,-0.0009549520909786224,-8.496339432895184e-05,2.893019784171351,-7.345364722995101e-24,-7.345364920210326e-25,0
SITE_005_S0206,SITE_005,282.5058746337891,282.2530364990234,282.6731414794922,429962,-190689.5,-4.266388714313507e-05,-2.541579306125641e-05,1.96071644181506,-7.345364722995101e-24,-7.345364920210326e-25,0
SITE_005_S0207,SITE_005,281.2126770019531,281.4143981933594,282.4368896484375,112274,-73159,-0.000578487291932106,-2.780789509415627e-05,2.854131750506474,-7.345364722995101e-24,-7.345364920210326e-25,0
SITE_005_S0208,SITE_005,280.3575439453125,280.5264129638672,281.4993591308594,286807,-142751.5,-0.0002999547868967056,-2.835062332451344e-05,2.181582331252131,-7.345364722995101e-24,-7.345364920210326e-25,0
SITE_005_S0209,SITE_005,280.2154388427734,280.2230834960937,280.91748046875,62835,-39905,-7.295981049537659e-05,-1.745391637086868e-05,1.406865781910112,-7.345364722995101e-24,-7.345364920210326e-25,0
SITE_005_S0210,SITE_005,280.5354614257812,280.4435577392578,281.1114044189453,233173,-169726,-6.734021008014679e-05,-1.653772778809071e-05,1.363739129170458,-7.345364722995101e-24,-7.345364920210326e-25,0
SITE_005_S0211,SITE_005,281.255615234375,281.2236175537109,281.7406158447266,185004,-105553.5,-0.0001621879637241364,-1.96301843971014e-05,1.615719392023279,-7.345364722995101e-24,-7.345364920210326e-25,0
SITE_005_S0212,SITE_005,281.2357177734375,281.1812438964844,282.2792358398437,94738,-85977.5,-9.300559759140016e-05,-2.655899152159691e-05,1.794597146631849,-7.345364722995101e-24,-7.345364920210326e-25,0
SITE_005_S0213,SITE_005,287.8873596191406,287.3317413330078,286.4756774902344,740701,-309991,-0.0006180331110954285,-8.491449989378452e-05,2.233847148992981,-7.345364722995101e-24,9.5367431640625e-07,0
SITE_005_S0214,SITE_005,288.7110443115234,288.5817413330078,287.9991149902344,733529,-244243.75,-0.0005554649978876114,-7.32166226953268e-05,2.282721659981175,-7.345364722995101e-24,-7.345364920210326e-25,0
SITE_005_S0215,SITE_005,282.9293365478516,283.0901947021484,283.826171875,63280,-45072.25,-4.445202648639679e-05,-4.445295780897141e-05,2.483245097749529,-7.345364722995101e-24,-7.345364920210326e-25,0
SITE_005_S0216,SITE_005,280.6305999755859,280.4380645751953,281.2143249511719,647238,-263922.25,-0.0003500543534755707,-0.0001553173642605543,2.223982745288793,-7.345364722995101e-24,-7.345364920210326e-25,0
SITE_005_S0217,SITE_005,281.7323455810547,281.8309783935547,282.0398254394531,812543,-342603.75,-0.0003528706729412079,-8.262437768280506e-05,1.142161815352239,-7.345364722995101e-24,-7.345364920210326e-25,0
SITE_005_S0218,SITE_005,288.7376403808594,288.6654510498047,289.0755462646484,559612,-261286.75,-0.0002855993807315826,-7.336493581533432e-05,1.736266544130214,-7.345364722995101e-24,-7.345364920210326e-25,0
SITE_005_S0219,SITE_005,286.9011840820312,286.9310760498047,288.0074920654297,659047,-326083.5,-0.0005895942449569702,-0.0001038019545376301,2.854015929414601,-7.345364722995101e-24,-7.345364920210326e-25,0
SITE_005_S0220,SITE_005,287.4859161376953,287.3983764648437,288.0085144042969,493014,-222437,-0.0005472488701343536,-7.399450987577438e-05,2.922809567151377,-7.345364722995101e-24,-7.345364920210326e-25,0
SITE_005_S0221,SITE_005,281.8262939453125,281.828125,282.9803314208984,595617,-310736.5,-0.0006191041320562363,-7.668323814868927e-05,3.201281234854165,-7.345364722995101e-24,-7.345364920210326e-25,0
SITE_005_S0222,SITE_005,283.4525299072266,283.3183441162109,283.7853698730469,438881,-208528.5,-0.0004312768578529358,-5.696085281670094e-05,2.847031556526642,-7.345364722995101e-24,-7.345364920210326e-25,0
SITE_005_S0223,SITE_005,281.1921844482422,281.2679595947266,282.7783508300781,479493,-238265.25,-0.0005898904055356979,-8.90493392944336e-05,3.136433058236549,-7.345364722995101e-24,-7.345364920210326e-25,0
SITE_005_S0224,SITE_005,286.6835021972656,287.0985412597656,286.6049652099609,501203,-200491.25,-9.370967745780945e-06,-8.303439244627953e-06,0.8069946990386504,-7.345364722995101e-24,-7.345364920210326e-25,0
SITE_005_S0225,SITE_005,282.5763702392578,282.0286102294922,283.031982421875,340802,-181031,-6.477348506450653e-05,-3.805127926170826e-05,1.615891953381239,-7.345364722995101e-24,-7.345364920210326e-25,0
SITE_005_S0226,SITE_005,279.2510528564453,278.9123077392578,280.422607421875,67288,-48278,-0.0003404766321182251,-0.0003029536455869675,4.493136599171153,-7.345364722995101e-24,-7.345364920210326e-25,0
SITE_005_S0227,SITE_005,285.4953155517578,285.1665954589844,286.3844299316406,420166,-321447.75,-0.0003715679049491882,-5.066161975264549e-05,2.040670464350446,-7.345364722995101e-24,-7.345364920210326e-25,0
SITE_005_S0228,SITE_005,280.5995941162109,280.6126251220703,282.1829071044922,100942,-65190.5,-0.0002847611904144287,-0.0001005327794700861,2.379235259177185,-7.345364722995101e-24,-7.345364920210326e-25,0
SITE_005_S0229,SITE_005,278.5696411132812,278.2568817138672,279.9253997802734,142047,-208798.75,-3.657117486000061e-05,-1.150765456259251e-05,1.034595149087781,-7.345364722995101e-24,-7.345364920210326e-25,0
SITE_005_S0230,SITE_005,280.3439788818359,279.98974609375,281.5864105224609,139911,-255416.25,-1.728534698486328e-05,-1.016026362776756e-05,1.401619992169584,-7.345364722995101e-24,-7.345364920210326e-25,0
SITE_005_S0231,SITE_005,279.0514831542969,279.0643463134766,281.0419006347656,92917,-254615,-0.000261729583144188,-2.381042577326298e-05,2.366925492504053,-7.345364722995101e-24,-7.345364920210326e-25,0
SITE_005_S0232,SITE_005,278.1190338134766,278.2582855224609,279.9177093505859,77433,-189169,-0.0003404226154088974,-2.428470179438591e-05,2.391588933395039,-7.345364722995101e-24,-7.345364920210326e-25,0
SITE_005_S0233,SITE_005,278.8258666992188,278.9253692626953,279.8050689697266,29853,-43069,-2.042949199676514e-05,-2.002483233809471e-05,0.5471316474867738,-7.345364722995101e-24,-7.345364920210326e-25,0
SITE_005_S0234,SITE_005,277.1806488037109,277.0513153076172,278.9024353027344,36244,-294584.5,-8.861906826496124e-05,-1.267809420824051e-05,1.964410674620984,-7.345364722995101e-24,-7.345364920210326e-25,0
SITE_005_S0235,SITE_005,278.7765960693359,278.7580871582031,279.4199829101562,1585,-13283.25,-3.260746598243713e-05,-1.626508310437202e-05,1.892822635261404,-7.345364722995101e-24,-7.345364920210326e-25,0
SITE_005_S0236,SITE_005,276.2053070068359,276.3348083496094,277.2305908203125,1869,-26382,-5.028024315834045e-05,-4.70099039375782e-05,3.247940156269274,0.005859375,0.0009555816650390624,0
SITE_005_S0237,SITE_005,276.3630676269531,276.2029266357422,277.2454376220703,432,-104903,-1.924857497215271e-05,-2.720160409808159e-06,1.410823809412032,0.0009765625,0.0001277923583984375,0
SITE_005_S0238,SITE_005,274.9955902099609,274.9448394775391,276.3776550292969,0,-109397.5,-5.336105823516846e-05,-6.61914236843586e-06,1.750372925818708,-7.345364722995101e-24,5.817413330078125e-05,0
SITE_005_S0239,SITE_005,274.8603973388672,275.0143737792969,275.6178283691406,0,1226.75,-1.280196011066437e-05,-1.253653317689896e-05,0.8232955409077712,0.0009765625,0.0001478195190429688,0
SITE_005_S0240,SITE_005,271.4875793457031,271.5012359619141,273.8255767822266,0,-283283.75,-4.552304744720459e-06,-4.552071914076805e-06,1.721912946089294,-7.345364722995101e-24,9.5367431640625e-06,1
SITE_005_S0241,SITE_005,269.9423675537109,269.8659820556641,273.0995330810547,0,-275045.5,-0.0001534875482320786,-1.454167068004608e-05,2.208839412432499,0.0244140625,0.0039920806884765,1
SITE_005_S0242,SITE_005,273.5589752197266,273.4019165039062,273.4560699462891,392969,-180079.25,-0.0002444367855787277,-3.212830051779747e-05,2.584154075564906,0.0439453125,0.0153465270996093,0
SITE_005_S0243,SITE_005,273.4770202636719,273.1593017578125,273.3929901123047,565194,-286454.5,-0.0001601632684469223,-1.614098437130451e-05,2.354678597244368,0.0390625,0.012826919555664,0
SITE_005_S0244,SITE_005,282.6159210205078,281.8429565429688,280.7516326904297,530646,-172966,-4.814751446247101e-05,-4.814635030925274e-05,1.664983852091991,-7.345364722995101e-24,9.5367431640625e-06,0
SITE_005_S0245,SITE_005,284.1564788818359,283.9034118652344,282.8389892578125,502419,-178569,-0.0003402307629585266,-4.002591595053673e-05,2.108697027739244,-7.345364722995101e-24,9.5367431640625e-07,0
SITE_005_S0246,SITE_005,283.3494415283203,283.0978393554688,282.8453216552734,409497,-113987,-0.0003682989627122879,-7.702759467065334e-05,2.067349283278048,-7.345364722995101e-24,-7.345364920210326e-25,0
SITE_005_S0247,SITE_005,281.4741821289062,281.72412109375,282.3020629882812,806818,-343551.25,-0.0005758572369813919,-7.18503724783659e-05,2.154343498729283,-7.345364722995101e-24,-7.345364920210326e-25,0
SITE_005_S0248,SITE_005,285.9877166748047,285.6387023925781,285.3547821044922,408554,-68539.5,-0.0004975516349077225,-8.954270742833614e-05,3.959857360441285,-7.345364722995101e-24,-7.345364920210326e-25,0
SITE_005_S0249,SITE_005,278.1217651367188,278.3669891357422,278.9953765869141,280513,-33967.25,-0.0003109518438577652,-5.726958625018597e-05,3.193584367316875,-7.345364722995101e-24,-7.345364920210326e-25,0
SITE_005_S0250,SITE_005,284.1463470458984,284.0019073486328,284.1851196289062,227626,-77245.5,-6.563588976860046e-05,-6.563425995409489e-05,2.183603350751735,-7.345364722995101e-24,-7.345364920210326e-25,0
SITE_005_S0251,SITE_005,286.2535095214844,286.0169677734375,285.2333831787109,779518,-303296.75,-0.0005064550787210464,-0.0001004387158900499,2.480111178303147,-7.345364722995101e-24,-7.345364920210326e-25,0
SITE_005_S0252,SITE_005,277.5494232177734,276.8870391845703,275.2788238525391,426990,-215111,-0.0001187194138765335,-2.08092387765646e-05,1.278617396796373,0.0400390625,0.0149946212768554,0
SITE_005_S0253,SITE_005,276.5841064453125,276.3262329101562,275.8820343017578,535296,-283143,-0.0002388972789049149,-2.141832374036312e-05,2.64017318552886,0.025390625,0.0092782974243164,0
SITE_005_S0254,SITE_005,273.3888854980469,273.3198547363281,274.1953735351562,279926,-74171.25,-0.0005730465054512024,-3.365403972566128e-05,4.719482630727516,0.021484375,0.0071964263916015,0
SITE_005_S0255,SITE_005,281.7319946289062,281.3416137695312,280.5141143798828,264666,-77436.5,-1.42902135848999e-05,-7.780268788337708e-06,0.7796415398024614,0.0048828125,0.0011987686157226,0
SITE_005_S0256,SITE_005,280.6955413818359,279.8840484619141,279.6434173583984,457364,-150679.75,-0.0003430768847465515,-9.143492206931114e-05,3.167470091993442,0.001953125,0.0004024505615234375,0
SITE_005_S0257,SITE_005,284.0080871582031,283.5498657226562,281.9465637207031,454698,-104264.25,-0.0001428965479135513,-3.27620655298233e-05,1.311362076690689,-7.345364722995101e-24,0.0001220703125,0
SITE_005_S0258,SITE_005,283.7797698974609,283.6849975585937,282.6678009033203,620099,-280422.75,-0.0001260731369256973,-3.674742765724659e-05,0.3594895815749854,-7.345364722995101e-24,1.9073486328125e-06,0
SITE_005_S0259,SITE_005,279.1222229003906,279.1955261230469,279.7608032226562,224463,-36059,-0.00019855797290802,-7.766345515847206e-05,2.924258306065244,-7.345364722995101e-24,9.5367431640625e-07,0
SITE_005_S0260,SITE_005,281.0939483642578,281.0194091796875,280.3653106689453,212069,-89921.25,-0.000163886696100235,-1.980061642825603e-05,1.89095910215936,-7.345364722995101e-24,-7.345364920210326e-25,0
SITE_005_S0261,SITE_005,283.1026000976562,283.1288909912109,282.7570495605469,775768,-290778,-0.0004131738096475601,-5.442369729280472e-05,2.021344964755734,-7.345364722995101e-24,-7.345364920210326e-25,0
SITE_005_S0262,SITE_005,285.1095581054688,284.9946136474609,284.3182525634766,631326,-231616.5,-0.0003530252724885941,-6.187870167195797e-05,2.027976614319607,-7.345364722995101e-24,-7.345364920210326e-25,0
SITE_005_S0263,SITE_005,283.5495300292969,283.4132690429688,283.6544494628906,271500,-71761.5,-0.0001340340822935104,-9.147031232714652e-05,1.669750207378731,-7.345364722995101e-24,-7.345364920210326e-25,0
SITE_005_S0264,SITE_005,281.8683319091797,281.8196105957031,282.0725555419922,469133,-170543.5,-0.0003245249390602112,-9.561143815517426e-05,2.724943509729276,-7.345364722995101e-24,-7.345364920210326e-25,0
SITE_005_S0265,SITE_005,280.9776916503906,281.2823028564453,281.5861053466797,798099,-318738.5,-0.0004268791526556015,-6.381538696587086e-05,2.086826795663231,-7.345364722995101e-24,-7.345364920210326e-25,0
SITE_005_S0266,SITE_005,284.6864471435547,284.5904998779297,284.2096710205078,684568,-264393.5,-0.0008777230978012085,-9.553157724440098e-05,3.21295882231648,-7.345364722995101e-24,-7.345364920210326e-25,0
SITE_005_S0267,SITE_005,283.2614593505859,283.2094573974609,283.2276153564453,218162,-66672.5,-5.61494380235672e-05,-5.61494380235672e-05,1.25323801022721,-7.345364722995101e-24,-7.345364920210326e-25,0
SITE_005_S0268,SITE_005,280.3835144042969,280.7599487304688,281.4034271240234,428243,-120781.25,-0.0006167162209749222,-6.272015161812305e-05,1.711099147236867,-7.345364722995101e-24,-7.345364920210326e-25,0
SITE_005_S0269,SITE_005,278.9897766113281,279.3483734130859,280.3275146484375,793205,-323344.25,-0.0008307844400405884,-8.602417074143887e-05,2.761217123672733,-7.345364722995101e-24,-7.345364920210326e-25,0
SITE_005_S0270,SITE_005,282.0990905761719,282.0059661865234,282.2820739746094,165061,-41026.5,-5.51026314496994e-05,-5.06106298416853e-05,1.682378799035856,-7.345364722995101e-24,-7.345364920210326e-25,0
SITE_005_S0271,SITE_005,281.8862609863281,281.8102111816406,281.7539215087891,338342,-125403.75,-0.0004331059753894806,-5.658436566591263e-05,2.532924683350102,-7.345364722995101e-24,-7.345364920210326e-25,0
SITE_005_S0272,SITE_005,282.6029205322266,282.7329864501953,282.7138824462891,522009,-193262.75,-0.0003414899110794067,-5.714176222681999e-05,0.9733534191331564,-7.345364722995101e-24,-7.345364920210326e-25,0
SITE_005_S0273,SITE_005,281.1085052490234,281.2403869628906,281.7057189941406,76516,-36531.25,-4.645250737667084e-05,-4.645250737667084e-05,1.955204123988724,-7.345364722995101e-24,-7.345364920210326e-25,0
SITE_005_S0274,SITE_005,280.3965606689453,280.3430786132812,281.3556365966797,50674,-56667.75,-4.071928560733795e-05,-2.714362926781177e-05,1.598401011545641,-7.345364722995101e-24,-7.345364920210326e-25,0
SITE_005_S0275,SITE_005,279.6887817382812,278.9690399169922,280.2082824707031,93629,-133956.5,-1.545995473861695e-07,-1.525040715932846e-07,0.6567234351633184,-7.345364722995101e-24,-7.345364920210326e-25,0
SITE_005_S0276,SITE_005,279.6982879638672,279.5171813964844,280.8439483642578,78675,-122044.5,-4.814565181732178e-05,-8.80029983818531e-06,1.171114154939612,-7.345364722995101e-24,-7.345364920210326e-25,0
SITE_005_S0277,SITE_005,277.4709167480469,276.1061553955078,278.5478820800781,97865,-120623.75,-4.619359970092773e-06,-4.620524123311043e-06,1.08919119300402,-7.345364722995101e-24,-7.345364920210326e-25,0
SITE_005_S0278,SITE_005,276.2913513183594,276.5353088378906,278.1449279785156,0,-337250.5,-0.0008769314736127853,-3.032968379557133e-05,4.397310165105316,-7.345364722995101e-24,-7.345364920210326e-25,0
SITE_005_S0279,SITE_005,275.7356719970703,275.788330078125,277.5704956054688,0,-293080,-0.0005200020968914032,-1.884321682155132e-05,3.28329714595643,-7.345364722995101e-24,-7.345364920210326e-25,0
SITE_005_S0280,SITE_005,277.7237701416016,277.3380737304688,279.2610015869141,0,-290952.75,1.297891139984131e-05,1.297774724662304e-05,2.191455363251949,-7.345364722995101e-24,-7.345364920210326e-25,0
SITE_005_S0281,SITE_005,279.9111480712891,279.5917205810547,280.5917816162109,0,-231555.5,-1.758523285388947e-05,1.265667378902435e-06,2.760802670518972,-7.345364722995101e-24,-7.345364920210326e-25,0
SITE_005_S0282,SITE_005,279.8704681396484,279.8018646240234,280.8273315429688,0,-273181,-0.0001493226736783981,-4.004454240202904e-06,2.687489659638221,-7.345364722995101e-24,-7.345364920210326e-25,0
SITE_005_S0283,SITE_005,279.2276763916016,279.393310546875,280.3292541503906,0,-110115.5,-0.0004306789487600327,-1.364643685519695e-05,3.522208985092417,-7.345364722995101e-24,-7.345364920210326e-25,0
SITE_005_S0284,SITE_005,276.6820373535156,276.7535095214844,278.1457824707031,0,-90471.5,-0.0002439487725496292,-1.961714588105679e-05,3.066744918101308,-7.345364722995101e-24,-7.345364920210326e-25,0
SITE_005_S0285,SITE_005,278.8162078857422,278.7415924072266,279.1947631835937,0,-23028,-0.0001002699136734009,-1.107435673475266e-05,2.593596534504876,-7.345364722995101e-24,-7.345364920210326e-25,0
SITE_005_S0286,SITE_005,279.4722290039062,279.4615173339844,279.8192596435547,0,-11377.5,-3.356300294399261e-05,-3.355997614562511e-05,2.401486085908922,-7.345364722995101e-24,-7.345364920210326e-25,0
SITE_005_S0287,SITE_005,277.9652709960937,278.0226898193359,278.5972747802734,0,-27344.75,-7.253140211105347e-06,-7.253140211105347e-06,0.6510798517194915,-7.345364722995101e-24,-7.345364920210326e-25,0
SITE_005_S0288,SITE_005,276.4339904785156,276.4493865966797,277.4691925048828,0,-88509,-0.0001446530222892761,-1.065130345523357e-05,3.195610824990876,-7.345364722995101e-24,-7.345364920210326e-25,0
SITE_005_S0289,SITE_005,275.3240203857422,275.4609222412109,276.9016418457031,0,-359908.25,-0.0006552468985319138,-1.982739195227623e-05,3.499734036616164,-7.345364722995101e-24,-7.345364920210326e-25,0
SITE_005_S0290,SITE_005,272.6795654296875,272.5990447998047,274.7142333984375,0,-333037.25,-0.0002989079803228378,-1.36552844196558e-05,2.889128193800174,-7.345364722995101e-24,6.4849853515625e-05,1
SITE_005_S0291,SITE_005,270.5807342529297,270.3095703125,273.262939453125,0,-267699.75,-4.661083221435547e-05,-9.01147723197937e-06,2.214882392026903,-7.345364722995101e-24,6.389617919921875e-05,1
SITE_005_S0292,SITE_005,277.0930023193359,276.9328918457031,276.9080200195312,0,-3423.75,-2.564862370491028e-06,-2.565793693065644e-06,2.693792595386201,0.0078125,0.0011234283447265,0
SITE_005_S0293,SITE_005,276.9556427001953,276.7995758056641,276.9056396484375,0,-5980.75,-1.96695327758789e-06,-1.96695327758789e-06,1.932698315731202,0.0166015625,0.0025577545166015,0
SITE_005_S0294,SITE_005,276.0328979492188,275.9561004638672,276.3850250244141,0,-42996.5,-2.738088369369507e-06,-1.995358616113663e-06,1.494277575081976,0.009765625,0.0014238357543945,0
SITE_005_S0295,SITE_005,275.0364837646484,275.004638671875,275.6647033691406,0,-13012,-1.026690006256104e-05,-1.026829704642296e-05,1.196384033987589,0.0068359375,0.0010509490966796,0
SITE_005_S0296,SITE_005,275.0413513183594,274.9424285888672,275.1863555908203,0,-6043.5,-3.043562173843384e-06,-3.049150109291077e-06,1.567361400992446,0.0048828125,0.0006923675537109375,0
SITE_006_S0001,SITE_006,275.8445129394531,272.9175109863281,277.0019226074219,0,-217293,-4.827976226806641e-06,-5.152076482772827e-06,1.668775166501362,-7.345364722995101e-24,-7.345364920210326e-25,1
SITE_006_S0002,SITE_006,274.723388671875,274.6691589355469,277.4902496337891,0,-204298,-2.530217170715332e-05,-1.530908048152924e-05,1.582565295130182,-7.345364722995101e-24,1.9073486328125e-06,0
SITE_006_S0003,SITE_006,275.7851715087891,273.8232574462891,277.0807037353516,0,-212903,-1.36345624923706e-06,-1.347623765468597e-06,1.671924998725712,-7.345364722995101e-24,-7.345364920210326e-25,0
SITE_006_S0004,SITE_006,276.1284942626953,273.7557678222656,277.6479339599609,0,-188300,-8.139759302139282e-06,-5.990266799926758e-06,1.724792067465187,-7.345364722995101e-24,-7.345364920210326e-25,0
SITE_006_S0005,SITE_006,274.6990203857422,274.2057189941406,276.1791076660156,0,-11429,-2.358108758926392e-06,-2.358108758926392e-06,0.2355800979268761,0.0087890625,0.0010089874267578,0
SITE_006_S0006,SITE_006,278.4253845214844,277.3214721679688,281.410400390625,0,-281482,-0.0001124441623687744,-5.754642188549042e-06,1.810410068513698,-7.345364722995101e-24,-7.345364920210326e-25,0
SITE_006_S0007,SITE_006,277.4967346191406,277.6466674804688,280.080810546875,0,-166518,-0.0001171678304672241,-1.518148928880692e-05,2.696617211241649,-7.345364722995101e-24,-7.345364920210326e-25,0
SITE_006_S0008,SITE_006,269.5607452392578,266.7061462402344,273.3966979980469,0,-213032,-1.542270183563232e-06,-1.54692679643631e-06,1.218400563620571,0.0400390625,0.0061283111572265,1
SITE_006_S0009,SITE_006,276.2304229736328,276.2755584716797,278.1537933349609,0.3860015869140625,-92088,-2.00420618057251e-06,-2.002343535423279e-06,0.6777700265780139,-7.345364722995101e-24,1.9073486328125e-06,0
SITE_006_S0010,SITE_006,271.9934997558594,268.5182037353516,273.7845916748047,0,-241649,-7.301568984985352e-07,-7.292255759239197e-07,1.456053951456407,0.0078125,0.001173973083496,1
SITE_006_S0011,SITE_006,282.7153778076172,282.9833221435547,283.6543273925781,1418,-94939,-1.097097992897034e-05,-1.097191125154495e-05,1.843690971577749,-7.345364722995101e-24,-7.345364920210326e-25,0
SITE_006_S0012,SITE_006,276.1384582519531,272.6797180175781,276.7958984375,31438,-249092,-1.840293407440185e-06,-1.847743988037109e-06,1.430089875861725,-7.345364722995101e-24,2.09808349609375e-05,1
SITE_006_S0013,SITE_006,278.0047607421875,275.6334686279297,279.3631591796875,86912,-247338,-1.717358827590942e-06,-1.71363353729248e-06,1.232713732534388,-7.345364722995101e-24,-7.345364920210326e-25,0
SITE_006_S0014,SITE_006,283.6536254882812,282.5659637451172,285.1648712158203,126606,-156616,-3.226101398468018e-06,-3.233551979064941e-06,0.6714101103323322,-7.345364722995101e-24,-7.345364920210326e-25,0
SITE_006_S0015,SITE_006,282.7310943603516,282.8987426757812,284.5943908691406,54112,-49948,-3.947317600250244e-05,-3.704801201820374e-05,0.86885870743959,-7.345364722995101e-24,-7.345364920210326e-25,0
SITE_006_S0016,SITE_006,284.5338134765625,284.2406463623047,286.7158813476562,160238,-174194,-7.33695924282074e-05,-1.489464193582535e-05,1.280170315492861,-7.345364722995101e-24,-7.345364920210326e-25,0
SITE_006_S0017,SITE_006,285.4694976806641,284.6545562744141,286.9498596191406,206770,-165762,-6.541609764099121e-06,-6.536021828651428e-06,0.6137725790929875,-7.345364722995101e-24,-7.345364920210326e-25,0
SITE_006_S0018,SITE_006,289.8575744628906,287.8864593505859,290.6825561523437,217288,-255913,-5.467981100082397e-05,-1.333281397819519e-05,1.485397004135273,-7.345364722995101e-24,-7.345364920210326e-25,0
SITE_006_S0019,SITE_006,291.1952209472656,288.2463073730469,291.5254516601562,174458,-262697,-2.954527735710144e-05,-2.445559948682785e-05,1.534307856717971,-7.345364722995101e-24,-7.345364920210326e-25,0
SITE_006_S0020,SITE_006,292.4665985107422,290.8875274658203,293.8208618164062,96856,-174474,-1.14142894744873e-05,-6.106682121753693e-06,1.045242037423793,-7.345364722995101e-24,-7.345364920210326e-25,0
SITE_006_S0021,SITE_006,287.5674591064453,285.1550598144531,289.5628356933594,65448,-248805,-1.079589128494263e-05,-8.099712431430817e-06,1.193474554588431,-7.345364722995101e-24,-7.345364920210326e-25,0
SITE_006_S0022,SITE_006,288.6302032470703,285.2923736572266,289.4676055908203,34828,-278601,9.275972843170166e-07,9.248033165931702e-07,1.702743021547283,-7.345364722995101e-24,-7.345364920210326e-25,0
SITE_006_S0023,SITE_006,288.1544036865234,287.5798187255859,290.0863800048828,8140,-92761,-6.172806024551392e-06,-5.963258445262909e-06,0.6185675136825539,-7.345364722995101e-24,-7.345364920210326e-25,0
SITE_006_S0024,SITE_006,286.6631317138672,282.3464508056641,287.2117462158203,1494,-286202,-1.731142401695251e-05,-1.055188477039337e-05,1.732899526067415,-7.345364722995101e-24,-7.345364920210326e-25,0
SITE_006_S0025,SITE_006,285.7876281738281,282.5122680664062,286.7808685302734,0,-212083,-9.976327419281006e-06,-7.524155080318451e-06,1.43940266170711,-7.345364722995101e-24,-7.345364920210326e-25,0
SITE_006_S0026,SITE_006,286.3246612548828,286.4711303710937,287.7019805908203,0,-34414,-1.755356788635254e-05,-1.754984259605408e-05,0.5559171745856311,-7.345364722995101e-24,-7.345364920210326e-25,0
SITE_006_S0027,SITE_006,280.5978546142578,278.0229187011719,282.9264068603516,0,-245071,-1.675263047218323e-05,-1.332629472017288e-05,1.667808643541967,-7.345364722995101e-24,-7.345364920210326e-25,0
SITE_006_S0028,SITE_006,285.84375,285.5723419189453,287.4399871826172,0,-68067,-1.931190490722656e-05,-3.341585397720337e-06,0.792513588906992,-7.345364722995101e-24,-7.345364920210326e-25,0
SITE_006_S0029,SITE_006,276.3691253662109,274.9215545654297,279.6224517822266,0,-333912,-0.0001404546201229096,-1.414120197296143e-05,1.733340657264524,-7.345364722995101e-24,-7.345364920210326e-25,0
SITE_006_S0030,SITE_006,282.5920104980469,282.5713348388672,283.6002044677734,0,-38447,-3.203749656677246e-05,-3.203470259904861e-05,2.236526947227961,-7.345364722995101e-24,-7.345364920210326e-25,0
SITE_006_S0031,SITE_006,273.9183349609375,271.7472839355469,275.4368591308594,0,-163640,-2.473592758178711e-06,-2.47173011302948e-06,1.327748032060126,-7.345364722995101e-24,2.86102294921875e-06,1
SITE_006_S0032,SITE_006,277.2266845703125,276.7898254394531,278.4861602783203,0,-70023,-1.455098390579224e-05,-1.35563313961029e-05,1.330993460707984,-7.345364722995101e-24,-7.345364920210326e-25,0
SITE_006_S0033,SITE_006,274.9667510986328,273.2935943603516,276.7692108154297,0,-288198,-2.131611108779907e-05,-6.446614861488342e-06,1.777778838063596,-7.345364722995101e-24,-7.345364920210326e-25,0
SITE_006_S0034,SITE_006,280.7412261962891,280.2364349365234,279.9295806884766,0,-56675,-1.320242881774902e-05,-5.699694156646729e-07,1.996027346521772,0.0009765625,0.000171661376953125,0
SITE_006_S0035,SITE_006,283.1497497558594,283.0811614990234,282.9428558349609,0,-11477,-7.897615432739258e-06,-7.900409400463104e-06,1.747593217327144,-7.345364722995101e-24,-7.345364920210326e-25,0
SITE_006_S0036,SITE_006,281.2662658691406,281.1755981445312,282.5015563964844,0,-89667,-9.205937385559082e-05,-1.83815136551857e-05,2.042300391973751,-7.345364722995101e-24,-7.345364920210326e-25,0
SITE_006_S0037,SITE_006,276.2782592773437,276.3388671875,276.3848876953125,0,8296,-5.261600017547608e-05,-1.652725040912628e-05,2.501559385517622,0.0478515625,0.0077533721923828,0
SITE_006_S0038,SITE_006,278.9766235351562,278.9371032714844,278.8014831542969,0,-11635,-2.302229404449463e-06,-2.308748662471771e-06,2.266660689639137,0.001953125,0.0002870559692382812,0
SITE_006_S0039,SITE_006,274.6066741943359,274.3576354980469,276.1050415039062,0,-65782,-1.442804932594299e-05,-1.246761530637741e-05,1.608336154113295,0.0107421875,0.0019388198852539,0
SITE_006_S0040,SITE_006,274.7424621582031,272.5399780273437,276.1962280273437,0,-252898,3.442168235778809e-06,3.445893526077271e-06,1.282411348401405,-7.345364722995101e-24,1.1444091796875e-05,1
SITE_006_S0041,SITE_006,281.103759765625,281.0478973388672,282.4319458007812,0,-76642,-2.641975879669189e-05,-9.845010936260223e-06,0.7282630342536144,-7.345364722995101e-24,-7.345364920210326e-25,0
SITE_006_S0042,SITE_006,280.7135620117188,280.3591766357422,282.3960876464844,9930,-108116,-4.499778151512146e-05,-6.048940122127533e-06,1.403993421163375,-7.345364722995101e-24,-7.345364920210326e-25,0
SITE_006_S0043,SITE_006,286.4187164306641,282.3873748779297,286.1057739257812,59620,-267318,-2.283230423927307e-05,-1.445040106773376e-05,1.892337522962994,-7.345364722995101e-24,-7.345364920210326e-25,0
SITE_006_S0044,SITE_006,284.9791717529297,283.958251953125,285.6235656738281,95586,-113010,-1.706182956695557e-06,-1.707114279270172e-06,0.8509335791606734,-7.345364722995101e-24,-7.345364920210326e-25,0
SITE_006_S0045,SITE_006,279.8193206787109,277.6905975341797,279.8054504394531,157440,-125659,-3.065913915634156e-06,-3.064051270484924e-06,0.5499898319849003,-7.345364722995101e-24,-7.345364920210326e-25,0
SITE_006_S0046,SITE_006,287.5279846191406,286.0988006591797,287.9611053466797,220974,-188649,-6.92903995513916e-06,-6.933696568012238e-06,1.044658026356964,-7.345364722995101e-24,-7.345364920210326e-25,0
SITE_006_S0047,SITE_006,291.3917999267578,288.7459411621094,291.7288513183594,219634,-234946,-2.544373273849488e-05,-1.817941665649414e-05,1.493593256705418,-7.345364722995101e-24,-7.345364920210326e-25,0
SITE_006_S0048,SITE_006,288.1071319580078,287.0424957275391,290.5054779052734,221838,-302778,-0.0001169852912425995,-2.320855855941772e-05,1.078993648639457,-7.345364722995101e-24,-7.345364920210326e-25,0
SITE_006_S0049,SITE_006,288.3829956054688,287.6222229003906,290.3495788574219,106814,-197463,-0.0001357868313789368,-1.84355303645134e-05,1.260764784614109,-7.345364722995101e-24,-7.345364920210326e-25,0
SITE_006_S0050,SITE_006,290.1694946289062,288.6846313476562,291.5033111572266,136796,-207062,-4.705041646957397e-06,-4.705972969532013e-06,0.800523652836225,-7.345364722995101e-24,-7.345364920210326e-25,0
SITE_006_S0051,SITE_006,288.9934387207031,286.4530487060547,290.2502593994141,92136,-245036,-6.42240047454834e-06,-6.265006959438324e-06,1.097169229386187,-7.345364722995101e-24,-7.345364920210326e-25,0
SITE_006_S0052,SITE_006,287.5357818603516,284.0017395019531,287.9572448730469,49488,-258647,-3.606081008911133e-06,-3.574416041374207e-06,1.542664281541189,-7.345364722995101e-24,-7.345364920210326e-25,0
SITE_006_S0053,SITE_006,291.4386596679688,287.8880157470703,291.7234802246094,20230,-221601,-3.21120023727417e-06,-3.197230398654938e-06,1.001968427010485,-7.345364722995101e-24,-7.345364920210326e-25,0
SITE_006_S0054,SITE_006,292.4878692626953,289.0205230712891,292.1078948974609,3820,-143831,-8.996576070785522e-06,-6.855465471744537e-06,0.2768296228855058,-7.345364722995101e-24,-7.345364920210326e-25,0
SITE_006_S0055,SITE_006,282.8020782470703,279.9260101318359,284.5394439697266,0,-257128,5.736947059631348e-07,5.718320608139038e-07,1.344627154748472,-7.345364722995101e-24,-7.345364920210326e-25,0
SITE_006_S0056,SITE_006,279.4918975830078,277.2924194335937,282.4600067138672,0,-291103,-4.615634679794312e-06,-5.968846380710602e-06,1.275055087310868,-7.345364722995101e-24,-7.345364920210326e-25,0
SITE_006_S0057,SITE_006,280.2830505371094,277.9728088378906,282.9672241210937,0,-291801,-3.909692168235779e-05,-1.593213528394699e-05,1.722710296440984,-7.345364722995101e-24,-7.345364920210326e-25,0
SITE_006_S0058,SITE_006,285,283.5919799804688,286.8413391113281,0,-248562,-0.0001867674291133881,-5.659647285938263e-06,1.719148328801138,-7.345364722995101e-24,-7.345364920210326e-25,0
SITE_006_S0059,SITE_006,281.1828460693359,278.9376831054688,282.845458984375,0,-218945,-2.673268318176269e-05,-7.791444659233093e-06,1.726158230843334,-7.345364722995101e-24,-7.345364920210326e-25,0
SITE_006_S0060,SITE_006,282.5316619873047,279.2544708251953,282.7218170166016,0,-212022,2.771615982055664e-06,2.894550561904907e-06,1.724295901697023,-7.345364722995101e-24,-7.345364920210326e-25,0
SITE_006_S0061,SITE_006,271.0301513671875,268.2908477783203,273.6763000488281,0,-196554,-3.650784492492676e-06,-3.647059202194214e-06,1.280866812905071,0.01171875,0.001861572265625,1
SITE_006_S0062,SITE_006,277.6651000976562,275.7919921875,279.2435455322266,0,-234469,1.870095729827881e-06,1.803971827030182e-06,1.470887111605144,-7.345364722995101e-24,-7.345364920210326e-25,0
SITE_006_S0063,SITE_006,279.3450164794922,279.3319091796875,280.7374877929688,0,-26888,-0.0001529976725578308,-0.0001529790461063385,3.795402444921442,-7.345364722995101e-24,1.049041748046875e-05,0
SITE_006_S0064,SITE_006,275.7360382080078,273.2723388671875,276.9705810546875,0,-175816,-3.870576620101929e-06,-3.769062459468842e-06,1.563130867677083,-7.345364722995101e-24,-7.345364920210326e-25,0
SITE_006_S0065,SITE_006,273.0958099365234,270.5518188476562,273.9398956298828,0,-189808,-1.043081283569336e-07,-1.033768057823181e-07,0.6533975612547616,-7.345364722995101e-24,2.956390380859375e-05,1
SITE_006_S0066,SITE_006,280.3347320556641,280.0943298339844,280.821533203125,0,-12320,-5.718320608139038e-06,-5.071051418781281e-06,0.4333941834319636,-7.345364722995101e-24,2.86102294921875e-06,0
SITE_006_S0067,SITE_006,277.2594451904297,274.3833312988281,278.3019256591797,0,-295935,1.11013650894165e-06,1.247972249984741e-06,1.975434930211473,-7.345364722995101e-24,-7.345364920210326e-25,0
SITE_006_S0068,SITE_006,276.4029998779297,273.8610687255859,277.7471923828125,0,-213554,-4.097819328308105e-06,-3.943219780921936e-06,1.483529527988985,-7.345364722995101e-24,-7.345364920210326e-25,0
SITE_006_S0069,SITE_006,278.0124206542969,276.4192199707031,279.6476745605469,0,-243929,-4.722177982330322e-05,-3.897584974765778e-06,1.673496478965783,-7.345364722995101e-24,-7.345364920210326e-25,0
SITE_006_S0070,SITE_006,275.3419494628906,275.35107421875,277.4322204589844,2.420654296875,-23453,-2.452731132507324e-05,-2.452172338962555e-05,0.8275651249541516,0.0205078125,0.003432273864746,0
SITE_006_S0071,SITE_006,273.3279876708984,270.0746002197266,274.25732421875,0,-272952,1.639127731323242e-06,1.650303602218628e-06,1.563543932763001,-7.345364722995101e-24,1.049041748046875e-05,1
SITE_006_S0072,SITE_006,276.9284210205078,274.0933380126953,277.6905059814453,4372,-219569,1.043081283569336e-07,9.918585419654846e-08,1.651251211117771,-7.345364722995101e-24,5.7220458984375e-06,0
SITE_006_S0073,SITE_006,281.1361083984375,280.9777069091797,282.6997222900391,18258,-43688,-5.368143320083618e-06,-4.393979907035828e-06,0.8920246377046291,-7.345364722995101e-24,-7.345364920210326e-25,0
SITE_006_S0074,SITE_006,282.5148468017578,281.3230438232422,283.9503936767578,73930,-141809,-2.697110176086426e-06,-2.699904143810272e-06,0.2243122484180454,-7.345364722995101e-24,-7.345364920210326e-25,0
SITE_006_S0075,SITE_006,281.5202331542969,281.1831817626953,282.4680480957031,23398,-42192,-4.719942808151245e-06,-4.720874130725861e-06,0.4202513991100036,-7.345364722995101e-24,-7.345364920210326e-25,0
SITE_006_S0076,SITE_006,289.6627349853516,287.2060241699219,289.4360656738281,210616,-216274,-6.545335054397583e-06,-6.424263119697571e-06,1.351120922910248,-7.345364722995101e-24,-7.345364920210326e-25,0
SITE_006_S0077,SITE_006,280.2918853759766,280.3659515380859,283.6652069091797,178140,-227982,-0.0001511275768280029,-2.341810613870621e-05,2.010042545831134,-7.345364722995101e-24,-7.345364920210326e-25,0
SITE_006_S0078,SITE_006,289.2260131835937,286.4252471923828,288.9328460693359,240170,-223648,-2.303346991539001e-05,-1.617521047592163e-05,1.487450678199553,-7.345364722995101e-24,-7.345364920210326e-25,0
SITE_006_S0079,SITE_006,287.3154144287109,285.5472564697266,289.0653533935547,198448,-243325,-1.078471541404724e-05,-1.036003232002258e-05,0.8952513363105127,-7.345364722995101e-24,-7.345364920210326e-25,0
SITE_006_S0080,SITE_006,290.0640258789062,288.8304443359375,291.8410797119141,145430,-196245,-1.654773950576782e-05,-9.345822036266329e-06,0.8077011817165966,-7.345364722995101e-24,-7.345364920210326e-25,0
SITE_006_S0081,SITE_006,290.2589111328125,287.9782409667969,291.3251342773437,112578,-231818,-2.894550561904907e-06,-2.891756594181061e-06,1.08697966954278,-7.345364722995101e-24,-7.345364920210326e-25,0
SITE_006_S0082,SITE_006,288.0967407226562,286.9774322509766,289.9843902587891,52732,-166273,-7.37607479095459e-06,-6.630085408687592e-06,1.0246453624118,-7.345364722995101e-24,-7.345364920210326e-25,0
SITE_006_S0083,SITE_006,295.1543273925781,294.4299926757812,296.6928558349609,26782,-192815,-0.0001074187457561493,-2.144556492567062e-05,1.212881904645952,-7.345364722995101e-24,-7.345364920210326e-25,0
SITE_006_S0084,SITE_006,286.3034973144531,283.3422698974609,287.6177520751953,-0.172607421875,-223559,-1.064315438270569e-05,-6.097368896007538e-06,1.261909035013018,-7.345364722995101e-24,-7.345364920210326e-25,0
SITE_006_S0085,SITE_006,286.0377960205078,282.9227447509766,288.0960845947266,0,-271509,-1.110881567001343e-05,-9.717419743537905e-06,1.62835148147768,-7.345364722995101e-24,-7.345364920210326e-25,0
SITE_006_S0086,SITE_006,288.2846374511719,287.5298767089844,290.9462432861328,0,-281216,-0.0002863667905330658,-1.457519829273224e-05,1.587470778967559,-7.345364722995101e-24,-7.345364920210326e-25,0
SITE_006_S0087,SITE_006,282.70703125,279.3350219726562,284.0659027099609,0,-247628,-2.265721559524536e-05,-1.14738941192627e-05,1.799709144799618,-7.345364722995101e-24,-7.345364920210326e-25,0
SITE_006_S0088,SITE_006,276.6531677246094,273.1622467041016,276.9187622070312,0,-173186,-1.042336225509644e-05,-7.496215403079986e-06,1.202069507889926,-7.345364722995101e-24,-7.345364920210326e-25,0
SITE_006_S0089,SITE_006,278.2911071777344,273.5123138427734,278.1112060546875,0,-265682,-1.078099012374878e-05,-6.999820470809937e-06,1.280509704095673,-7.345364722995101e-24,-7.345364920210326e-25,0
SITE_006_S0090,SITE_006,275.9846496582031,273.5286865234375,277.7464141845703,0,-211513,-3.077089786529541e-06,-3.031454980373383e-06,1.446153079037052,-7.345364722995101e-24,-7.345364920210326e-25,0
SITE_006_S0091,SITE_006,280.5298461914062,280.3547973632812,280.6933746337891,0,11592,-1.052394509315491e-05,-8.909031748771667e-06,0.7914463049610468,-7.345364722995101e-24,-7.345364920210326e-25,0
SITE_006_S0092,SITE_006,274.0941314697266,272.0040130615234,275.8199157714844,0,-201713,-3.043562173843384e-06,-2.969987690448761e-06,1.375266517517773,-7.345364722995101e-24,-7.345364920210326e-25,1
SITE_006_S0093,SITE_006,273.3330383300781,271.1684722900391,275.3822326660156,0,-213549,-1.043081283569336e-07,-1.043081283569336e-07,1.330662140968888,-7.345364722995101e-24,-7.345364920210326e-25,1
SITE_006_S0094,SITE_006,276.3400421142578,272.57958984375,276.9310302734375,0,-223272,-4.67151403427124e-06,-4.016794264316559e-06,1.286791138749396,-7.345364722995101e-24,-7.345364920210326e-25,1
SITE_006_S0095,SITE_006,278.5099639892578,278.4144592285156,279.5096740722656,0,-132633,3.091990947723389e-07,3.073364496231079e-07,0.6507952081249899,0.0029296875,0.0004320144653320313,0
SITE_006_S0096,SITE_006,276.5456848144531,275.4972229003906,277.7297515869141,0,-47639,-7.290393114089966e-06,-6.996095180511475e-06,1.263376604275989,-7.345364722995101e-24,-7.345364920210326e-25,0
SITE_006_S0097,SITE_006,275.3491973876953,273.6849517822266,277.8605804443359,0,-300755,-2.41696834564209e-05,-5.036592483520508e-06,1.76204535509504,-7.345364722995101e-24,3.814697265625e-06,0
SITE_006_S0098,SITE_006,275.0729522705078,274.8772430419922,276.4429931640625,0,-35386,-1.738592982292175e-05,-1.737941056489944e-05,1.260212521887819,0.0146484375,0.0022487640380859,0
SITE_006_S0099,SITE_006,276.1661529541016,274.8022613525391,277.3268585205078,0,-185262,-2.812594175338745e-05,-7.139518857002258e-06,2.083259141937087,-7.345364722995101e-24,8.58306884765625e-06,0
SITE_006_S0100,SITE_006,278.2404937744141,276.9325103759766,280.6252288818359,200,-128767,-1.799315214157104e-06,-1.801177859306335e-06,0.1421691379965458,-7.345364722995101e-24,-7.345364920210326e-25,0
SITE_006_S0101,SITE_006,277.3960113525391,274.5142822265625,278.9861297607422,19176,-251904,5.066394805908203e-07,5.029141902923584e-07,1.502631534160392,-7.345364722995101e-24,-7.345364920210326e-25,0
SITE_006_S0102,SITE_006,275.907958984375,273.4819488525391,277.4143981933594,69186,-249774,-2.902001142501831e-06,-2.902001142501831e-06,1.374147459467437,-7.345364722995101e-24,4.76837158203125e-06,0
SITE_006_S0103,SITE_006,283.2968444824219,280.6773834228516,284.2910614013672,130730,-264163,-1.195445656776428e-05,-8.8447704911232e-06,1.409617438178358,-7.345364722995101e-24,-7.345364920210326e-25,0
SITE_006_S0104,SITE_006,289.8187408447266,288.7155151367188,291.3589172363281,210466,-209233,-2.475827932357788e-05,-2.064183354377746e-05,0.7059433318682109,-7.345364722995101e-24,-7.345364920210326e-25,0
SITE_006_S0105,SITE_006,290.9486846923828,289.4944610595703,291.59716796875,197420,-178566,-1.128390431404114e-05,-7.099471986293793e-06,0.9128861429288492,-7.345364722995101e-24,-7.345364920210326e-25,0
SITE_006_S0106,SITE_006,290.5884094238281,288.7104797363281,291.6196136474609,178154,-194497,-1.626461744308472e-05,-1.083500683307648e-05,1.004398850940285,-7.345364722995101e-24,-7.345364920210326e-25,0
SITE_006_S0107,SITE_006,289.4938354492188,288.9547271728516,292.3069152832031,123308,-230203,-8.304417133331299e-05,-1.646298915147781e-05,1.098356515609686,-7.345364722995101e-24,-7.345364920210326e-25,0
SITE_006_S0108,SITE_006,290.9439849853516,287.8283081054688,291.5220184326172,61410,-232459,-9.793788194656372e-06,-6.541609764099121e-06,1.469044722742926,-7.345364722995101e-24,-7.345364920210326e-25,0
SITE_006_S0109,SITE_006,283.4763336181641,280.4718780517578,284.6835327148437,-0.0641326904296875,-221718,-1.528114080429077e-05,-1.003965735435486e-05,1.532470970316779,-7.345364722995101e-24,-7.345364920210326e-25,0
SITE_006_S0110,SITE_006,277.2751617431641,273.7240753173828,279.2284240722656,0,-294963,-1.223012804985046e-05,-9.57399606704712e-06,1.45661077619697,-7.345364722995101e-24,-7.345364920210326e-25,0
SITE_006_S0111,SITE_006,285.2436828613281,285.2406158447266,285.4065093994141,0,-9633,-4.135072231292725e-07,-4.153698682785034e-07,1.632237153993478,-7.345364722995101e-24,-7.345364920210326e-25,0
SITE_006_S0112,SITE_006,280.4870147705078,277.7427520751953,280.8766479492188,0,-184167,-1.594424247741699e-06,-1.834705471992493e-06,1.526873582670655,-7.345364722995101e-24,-7.345364920210326e-25,0
SITE_006_S0113,SITE_006,277.8285064697266,275.1179962158203,279.9472808837891,0,-252636,-3.91155481338501e-06,-3.914348781108856e-06,1.358203912490784,-7.345364722995101e-24,-7.345364920210326e-25,0
SITE_006_S0114,SITE_006,279.2976531982422,276.1503601074219,279.5030212402344,0,-185391,-1.531094312667847e-06,-1.513399183750153e-06,1.660477975427385,-7.345364722995101e-24,-7.345364920210326e-25,0
SITE_006_S0115,SITE_006,280.7166137695312,277.0234069824219,280.9240264892578,0,-277397,7.636845111846924e-06,7.638707756996155e-06,1.9208872117303,-7.345364722995101e-24,-7.345364920210326e-25,0
SITE_006_S0116,SITE_006,281.8810729980469,275.5588684082031,279.6291656494141,0,-253121,-1.282244920730591e-05,-4.409812390804291e-06,1.811046846436377,-7.345364722995101e-24,-7.345364920210326e-25,0
SITE_006_S0117,SITE_006,275.8798980712891,272.4505920410156,276.1285400390625,0,-161841,-4.291534423828125e-06,-4.296191036701202e-06,0.699926179853684,-7.345364722995101e-24,-7.345364920210326e-25,1
SITE_006_S0118,SITE_006,271.5870971679688,268.8043823242188,273.9852142333984,0,-234491,-3.05473804473877e-07,-3.082677721977234e-07,1.209332218109614,0.009765625,0.0015945434570312,1
SITE_006_S0119,SITE_006,280.5209197998047,280.5124664306641,280.7223205566406,0,-25224,-5.848705768585205e-07,-5.867332220077515e-07,0.6179175606487352,-7.345364722995101e-24,4.76837158203125e-05,0
SITE_006_S0120,SITE_006,280.5860290527344,280.2501525878906,279.8766021728516,0,11404,5.129724740982056e-06,5.131587386131287e-06,0.9826082828692996,0.009765625,0.0014572143554687,0
SITE_006_S0121,SITE_006,277.5900421142578,274.4633483886719,277.852783203125,0,-206472,-2.87964940071106e-06,-2.169981598854065e-06,1.475510982854095,-7.345364722995101e-24,-7.345364920210326e-25,0
SITE_006_S0122,SITE_006,274.9518127441406,271.5937805175781,275.9363708496094,0,-218998,-8.158385753631592e-06,-6.750226020812988e-06,1.812461395882796,-7.345364722995101e-24,-7.345364920210326e-25,1
SITE_006_S0123,SITE_006,277.0429840087891,275.6218719482422,279.6093902587891,0,-268162,-9.739398956298828e-05,-7.592141628265381e-06,1.598914331435235,-7.345364722995101e-24,-7.345364920210326e-25,0
SITE_006_S0124,SITE_006,273.463134765625,273.2290954589844,277.2613983154297,0,-340486,-7.643923163414001e-05,-7.458962500095367e-06,1.885999165525232,-7.345364722995101e-24,-7.345364920210326e-25,0
SITE_006_S0125,SITE_006,274.0660552978516,273.8343658447266,276.7484588623047,0,-207952,-2.045929431915283e-05,-5.219131708145142e-06,1.251808941838845,-7.345364722995101e-24,1.049041748046875e-05,0
SITE_006_S0126,SITE_006,279.5261993408203,277.6723785400391,280.2561645507812,0.875732421875,-103043,-3.535300493240356e-06,-2.705492079257965e-06,1.445449813609099,-7.345364722995101e-24,-7.345364920210326e-25,0
SITE_006_S0127,SITE_006,277.9734649658203,276.1583251953125,279.1429748535156,0,-181913,2.10106372833252e-06,2.104789018630981e-06,1.01861561641326,-7.345364722995101e-24,-7.345364920210326e-25,0
SITE_006_S0128,SITE_006,278.6905822753906,275.4747619628906,280.5053558349609,6498,-281963,-3.647804260253906e-05,-1.79484486579895e-05,1.817442380599382,-7.345364722995101e-24,-7.345364920210326e-25,0
SITE_006_S0129,SITE_006,277.9479675292969,276.1944732666016,278.5667572021484,30112,-171021,-1.315027475357056e-06,-1.31409615278244e-06,0.4075784608641016,-7.345364722995101e-24,-7.345364920210326e-25,0
SITE_006_S0130,SITE_006,281.0974426269531,278.7880554199219,281.9887847900391,103518,-214552,-7.35744833946228e-06,-6.443820893764496e-06,1.307007085801572,-7.345364722995101e-24,-7.345364920210326e-25,0
SITE_006_S0131,SITE_006,282.4097900390625,282.3245086669922,284.3367767333984,128570,-163387,-0.0001295320689678192,-1.270417124032974e-05,1.739070535772168,-7.345364722995101e-24,-7.345364920210326e-25,0
SITE_006_S0132,SITE_006,286.9996032714844,285.4625854492188,287.6596984863281,222070,-223314,-4.99822199344635e-05,-2.5932677090168e-05,1.290504898560959,-7.345364722995101e-24,-7.345364920210326e-25,0
SITE_006_S0133,SITE_006,287.0045318603516,284.4522552490234,287.1981658935547,242596,-239065,-3.34717333316803e-05,-2.240482717752457e-05,1.447928870630519,-7.345364722995101e-24,-7.345364920210326e-25,0
SITE_006_S0134,SITE_006,284.0223999023437,284.1472930908203,287.2256774902344,121084,-147499,-0.0002068579196929932,-1.617893576622009e-05,1.556188296063436,-7.345364722995101e-24,-7.345364920210326e-25,0
SITE_006_S0135,SITE_006,288.6500244140625,287.6146545410156,290.4195251464844,147714,-240400,-3.160163760185242e-05,-1.050624996423721e-05,1.060960731165098,-7.345364722995101e-24,-7.345364920210326e-25,0
SITE_006_S0136,SITE_006,290.6636047363281,288.7803497314453,291.7643432617188,91108,-136450,-1.518428325653076e-05,-1.053698360919952e-05,0.6970250794339706,-7.345364722995101e-24,-7.345364920210326e-25,0
SITE_006_S0137,SITE_006,287.7503204345703,286.8939361572266,290.0699462890625,46454,-152862,-4.708766937255859e-06,-4.704110324382782e-06,0.8416994908663554,-7.345364722995101e-24,-7.345364920210326e-25,0
SITE_006_S0138,SITE_006,290.12109375,287.3104248046875,291.5068969726562,28052,-215172,-1.427531242370606e-05,-8.090399205684662e-06,1.303191515946048,-7.345364722995101e-24,-7.345364920210326e-25,0
SITE_006_S0139,SITE_006,289.2244262695312,284.7864990234375,289.5006103515625,8774,-300064,-2.17147171497345e-05,-1.510325819253922e-05,1.678754115950205,-7.345364722995101e-24,-7.345364920210326e-25,0
SITE_006_S0140,SITE_006,285.7263336181641,285.8511352539062,289.8548736572266,360,-186227,-0.0002727136015892029,-6.651971489191055e-06,1.502012734740128,-7.345364722995101e-24,-7.345364920210326e-25,0
SITE_006_S0141,SITE_006,287.6852264404297,283.7845764160156,287.9332580566406,1.453125,-247844,-4.161149263381958e-06,-4.161149263381958e-06,1.647416031801503,-7.345364722995101e-24,-7.345364920210326e-25,0
SITE_006_S0142,SITE_006,282.8879699707031,281.0976867675781,283.7199096679688,0,-116639,-8.143484592437744e-06,-4.880130290985107e-06,1.133492705103539,-7.345364722995101e-24,-7.345364920210326e-25,0
SITE_006_S0143,SITE_006,278.3796081542969,278.2107238769531,280.2035675048828,0,-195347,1.179054379463196e-05,1.178495585918426e-05,1.279918874435253,0.001953125,0.0002946853637695312,0
SITE_006_S0144,SITE_006,276.8840637207031,276.5772399902344,279.6904449462891,0,-248700,-0.0001516789197921753,-1.185014843940735e-05,1.617622839807906,-7.345364722995101e-24,-7.345364920210326e-25,0
SITE_006_S0145,SITE_006,274.5535125732422,274.628173828125,276.4839477539062,0,-145626,-2.123415470123291e-07,-2.160668373107911e-07,1.2260891128716,0.0009765625,0.000186920166015625,0
SITE_006_S0146,SITE_006,273.0078735351562,269.1453552246094,273.6009674072266,0,-234676,-1.586973667144775e-06,-1.58604234457016e-06,1.372805398435298,0.0009765625,0.0002298355102539062,1
SITE_006_S0147,SITE_006,280.9830932617188,280.8834533691406,280.6889801025391,0,24618,1.329928636550903e-06,1.328065991401672e-06,0.9953403227411648,0.0009765625,9.34600830078125e-05,0
SITE_006_S0148,SITE_006,279.1822967529297,279.1866912841797,279.6276550292969,0,-10907,-2.132728695869445e-05,-2.132821828126908e-05,2.68747250357828,-7.345364722995101e-24,1.049041748046875e-05,0
SITE_006_S0149,SITE_006,272.7438659667969,269.9685211181641,274.1787872314453,0,-218602,-6.988644599914551e-06,-6.231479346752167e-06,1.576733952493784,-7.345364722995101e-24,2.86102294921875e-06,1
SITE_006_S0150,SITE_006,278.3934783935547,277.4948272705078,278.7078094482422,0,-35406,-2.089887857437134e-06,-2.038665115833282e-06,1.257456747773869,-7.345364722995101e-24,1.811981201171875e-05,0
SITE_006_S0151,SITE_006,273.4866943359375,269.4974670410156,273.5349884033203,0,-204028,-8.657574653625488e-06,-6.455928087234497e-06,1.617386609656188,0.0009765625,0.0001764297485351562,1
SITE_006_S0152,SITE_006,274.0722045898437,273.265869140625,275.4044342041016,0,17368,1.396983861923218e-06,1.40070915222168e-06,1.518159815760122,0.2490234375,0.0397329330444335,0
SITE_006_S0153,SITE_006,278.5062255859375,277.5270690917969,277.50341796875,0,41938,7.010996341705322e-06,7.012858986854553e-06,1.470560452467615,0.0908203125,0.0172662734985351,0
SITE_006_S0154,SITE_006,272.8326263427734,270.6311187744141,274.6400146484375,0,-274642,1.657754182815552e-06,1.654960215091705e-06,1.348670305415264,-7.345364722995101e-24,1.9073486328125e-06,1
SITE_006_S0155,SITE_006,272.9930419921875,269.5625305175781,273.7082061767578,858,-215308,2.127140760421753e-06,2.125278115272522e-06,1.020665771862603,-7.345364722995101e-24,7.62939453125e-05,1
SITE_006_S0156,SITE_006,277.2350463867188,277.1569976806641,279.5142669677734,18468,-204213,-5.499646067619324e-05,-5.100853741168976e-06,1.377116442609499,-7.345364722995101e-24,-7.345364920210326e-25,0
SITE_006_S0157,SITE_006,284.8539886474609,280.8546447753906,284.6610717773437,76620,-268837,2.454966306686401e-06,2.451706677675247e-06,1.208164026896241,-7.345364722995101e-24,-7.345364920210326e-25,0
SITE_006_S0158,SITE_006,280.6772613525391,279.6753234863281,281.6500091552734,100522,-132270,-1.840293407440185e-06,-1.841224730014801e-06,0.7686308107521119,-7.345364722995101e-24,9.5367431640625e-07,0
SITE_006_S0159,SITE_006,286.7562408447266,284.7872772216797,287.4127655029297,194832,-211492,-7.905066013336182e-06,-7.680617272853851e-06,1.165453803431608,-7.345364722995101e-24,-7.345364920210326e-25,0
SITE_006_S0160,SITE_006,287.0732269287109,285.1113433837891,287.6386566162109,236694,-229193,-6.891787052154541e-06,-6.88992440700531e-06,1.242078493316709,-7.345364722995101e-24,-7.345364920210326e-25,0
SITE_006_S0161,SITE_006,287.9872741699219,285.6596374511719,288.6370697021484,246162,-248326,-2.590939402580261e-05,-1.989398151636124e-05,1.295226856753666,-7.345364722995101e-24,-7.345364920210326e-25,0
SITE_006_S0162,SITE_006,287.6003112792969,286.3070831298828,288.623046875,197674,-219217,-8.691102266311646e-06,-8.160248398780823e-06,0.8287508615134456,-7.345364722995101e-24,-7.345364920210326e-25,0
SITE_006_S0163,SITE_006,286.6019592285156,285.4157104492188,288.294677734375,155416,-203845,-1.203268766403198e-05,-8.080154657363892e-06,0.8128303242644473,-7.345364722995101e-24,-7.345364920210326e-25,0
SITE_006_S0164,SITE_006,292.1125640869141,288.3107147216797,292.4189300537109,133394,-248969,-3.299117088317871e-05,-8.401460945606232e-06,1.53595002187946,-7.345364722995101e-24,-7.345364920210326e-25,0
SITE_006_S0165,SITE_006,293.8270874023437,290.2108459472656,293.3199615478516,40986,-201366,-5.092471837997437e-06,-3.910623490810394e-06,1.422388359831548,-7.345364722995101e-24,-7.345364920210326e-25,0
SITE_006_S0166,SITE_006,287.0646514892578,284.5216827392578,288.6768493652344,15308,-238480,-1.553446054458618e-06,-1.550652086734772e-06,1.324767297666757,-7.345364722995101e-24,-7.345364920210326e-25,0
SITE_006_S0167,SITE_006,286.6277923583984,283.6220397949219,287.4838562011719,2344,-207980,5.066394805908203e-07,5.112960934638977e-07,0.99655162453231,-7.345364722995101e-24,-7.345364920210326e-25,0
SITE_006_S0168,SITE_006,285.9460754394531,283.5489807128906,287.3551940917969,0,-211857,2.391636371612549e-06,2.394430339336396e-06,1.328640054133693,-7.345364722995101e-24,-7.345364920210326e-25,0
SITE_006_S0169,SITE_006,282.5199432373047,279.4535675048828,283.4342651367188,0,-245763,-3.173947334289551e-06,-3.171153366565704e-06,1.593403405276481,-7.345364722995101e-24,-7.345364920210326e-25,0
SITE_006_S0170,SITE_006,285.8495178222656,285.3623046875,286.4275665283203,0,-19838,-2.146139740943909e-05,-1.527089625597e-05,0.78152691180427,-7.345364722995101e-24,-7.345364920210326e-25,0
SITE_006_S0171,SITE_006,278.6741027832031,277.9482879638672,280.638671875,0,-274458,-9.08970832824707e-06,-6.596557796001434e-06,1.479732242630798,-7.345364722995101e-24,-7.345364920210326e-25,0
SITE_006_S0172,SITE_006,277.3927307128906,276.28369140625,278.2928009033203,0,-137015,1.356005668640137e-06,1.357868313789368e-06,1.36083029729722,-7.345364722995101e-24,-7.345364920210326e-25,0
SITE_006_S0173,SITE_006,274.8881378173828,274.3152618408203,277.8887786865234,0,-265197,-1.03190541267395e-06,-4.345551133155823e-06,1.427506139133945,-7.345364722995101e-24,-7.345364920210326e-25,0
SITE_006_S0174,SITE_006,277.0344543457031,275.7607574462891,278.1103668212891,0,-112239,-7.800757884979248e-06,-6.309710443019867e-06,1.197252236146724,-7.345364722995101e-24,-7.345364920210326e-25,0
SITE_006_S0175,SITE_006,277.8879547119141,276.1595458984375,278.2545013427734,0,-84110,-3.077089786529541e-06,-3.004446625709534e-06,1.445165624437067,-7.345364722995101e-24,-7.345364920210326e-25,0
SITE_006_S0176,SITE_006,283.1904754638672,280.0566253662109,282.5537414550781,0,-140449,-8.884817361831665e-06,-3.023073077201844e-06,1.610240687826689,-7.345364722995101e-24,-7.345364920210326e-25,0
SITE_006_S0177,SITE_006,277.9457550048828,276.4485473632812,278.1586456298828,0,-87756,-5.811452865600586e-07,-5.816109478473663e-07,1.031541481963176,0.0009765625,0.00020599365234375,0
SITE_006_S0178,SITE_006,274.2650756835937,271.5463409423828,275.6891937255859,0,-236352,1.762062311172485e-06,1.765787601470947e-06,1.481438214461712,-7.345364722995101e-24,-7.345364920210326e-25,1
SITE_006_S0179,SITE_006,279.3464813232422,278.9437103271484,279.5654449462891,0,5032,7.599592208862305e-07,7.59027898311615e-07,0.425123347751796,0.0126953125,0.0019874572753906,0
SITE_006_S0180,SITE_006,279.7717742919922,276.1554565429688,279.8414459228516,-1.80419921875,-215963,-6.407499313354492e-07,-6.28642737865448e-07,1.8414294690769,-7.345364722995101e-24,-7.345364920210326e-25,0
SITE_006_S0181,SITE_006,275.9723815917969,275.9742736816406,277.2944030761719,0,-159911,-4.064291715621948e-06,-4.082918167114258e-06,1.378311669067968,-7.345364722995101e-24,6.008148193359375e-05,0
SITE_006_S0182,SITE_006,282.8640594482422,278.2964324951172,281.8597106933594,9238,-217376,-4.000961780548096e-06,-1.749023795127869e-06,1.419095468222684,-7.345364722995101e-24,7.62939453125e-06,0
SITE_006_S0183,SITE_006,283.4215698242188,282.4976959228516,285.1852264404297,27550,-120132,3.427267074584961e-07,3.408640623092652e-07,0.7195944012879977,-7.345364722995101e-24,-7.345364920210326e-25,0
SITE_006_S0184,SITE_006,276.0393218994141,275.3258361816406,278.0056915283203,102246,-252031,-1.490861177444458e-05,-1.485832035541534e-05,1.429976700171661,0.0009765625,0.000133514404296875,0
SITE_006_S0185,SITE_006,286.9003601074219,285.974609375,288.1844635009766,142230,-161476,-1.791864633560181e-06,-1.789070665836334e-06,0.3795651136184712,-7.345364722995101e-24,-7.345364920210326e-25,0
SITE_006_S0186,SITE_006,282.8188781738281,281.9580230712891,285.409423828125,238228,-360169,-8.019804954528809e-05,-2.253800630569458e-05,1.121571535386036,-7.345364722995101e-24,-7.345364920210326e-25,0
SITE_006_S0187,SITE_006,289.1884460449219,287.7053680419922,290.015380859375,225752,-212399,-1.146644353866577e-05,-1.007318496704102e-05,0.9644265292509032,-7.345364722995101e-24,-7.345364920210326e-25,0
SITE_006_S0188,SITE_006,290.1836242675781,288.2428741455078,290.9869384765625,232396,-235241,-1.465901732444763e-05,-1.017283648252487e-05,1.272540550720425,-7.345364722995101e-24,-7.345364920210326e-25,0
SITE_006_S0189,SITE_006,295.8740234375,290.8201751708984,294.2088775634766,206754,-268906,-3.73348593711853e-05,-1.213327050209045e-05,1.243322366571328,-7.345364722995101e-24,-7.345364920210326e-25,0
SITE_006_S0190,SITE_006,289.7096405029297,288.5812835693359,292.2823333740234,129732,-239764,-1.280754804611206e-05,-1.03246420621872e-05,0.691468373601762,-7.345364722995101e-24,-7.345364920210326e-25,0
SITE_006_S0191,SITE_006,289.3319244384766,287.7130584716797,291.0545959472656,81944,-198044,-3.822147846221924e-06,-3.79420816898346e-06,0.5595007906568296,-7.345364722995101e-24,-7.345364920210326e-25,0
SITE_006_S0192,SITE_006,291.7509918212891,289.6533813476562,293.3848724365234,50858,-230565,-2.150610089302063e-05,-1.01262703537941e-05,1.045647857765695,-7.345364722995101e-24,-7.345364920210326e-25,0
SITE_006_S0193,SITE_006,285.3915252685547,283.6679992675781,287.7390594482422,5632,-143396,-9.34302806854248e-06,-9.343959391117096e-06,1.174543371691477,-7.345364722995101e-24,-7.345364920210326e-25,0
SITE_006_S0194,SITE_006,288.5486145019531,283.8953247070312,287.9646453857422,196,-244406,-1.11609697341919e-05,-1.115910708904266e-05,1.251513783811081,-7.345364722995101e-24,-7.345364920210326e-25,0
SITE_006_S0195,SITE_006,287.4015808105469,285.4248046875,288.9647369384766,0.096923828125,-149720,-5.949288606643677e-06,-3.88268381357193e-06,1.094311075223458,-7.345364722995101e-24,-7.345364920210326e-25,0
SITE_006_S0196,SITE_006,290.2113037109375,286.1516265869141,290.6471405029297,0,-248114,-2.107769250869751e-05,-4.664063453674316e-06,1.528761396422746,-7.345364722995101e-24,-7.345364920210326e-25,0
SITE_006_S0197,SITE_006,285.0234222412109,281.797119140625,285.8709411621094,0,-227386,-1.355260610580444e-05,-9.727664291858671e-06,1.517666741316757,-7.345364722995101e-24,-7.345364920210326e-25,0
SITE_006_S0198,SITE_006,279.7648010253906,277.7709808349609,280.4963073730469,0,-120429,-2.291053533554077e-06,-2.292916178703308e-06,0.6456599860512986,-7.345364722995101e-24,-7.345364920210326e-25,0
SITE_006_S0199,SITE_006,278.3217620849609,275.7398223876953,278.9990386962891,0,-131795,-1.71363353729248e-06,-1.714564859867096e-06,1.497726717685536,-7.345364722995101e-24,-7.345364920210326e-25,0
SITE_006_S0200,SITE_006,280.1501007080078,280.1941223144531,280.8483581542969,0,-116091,-4.347413778305054e-06,-4.345551133155823e-06,1.385447712206598,-7.345364722995101e-24,-7.345364920210326e-25,0
SITE_006_S0201,SITE_006,280.1344604492188,276.4625091552734,280.0190887451172,0,-190141,-6.884336471557617e-06,-4.204921424388885e-06,1.502362172328239,-7.345364722995101e-24,-7.345364920210326e-25,0
SITE_006_S0202,SITE_006,277.7178649902344,274.7262878417969,278.2423095703125,0,-204271,2.458691596984864e-06,2.46148556470871e-06,1.587537649662124,-7.345364722995101e-24,1.9073486328125e-06,0
SITE_006_S0203,SITE_006,273.5601348876953,270.9066772460937,275.9166259765625,0,-256542,-4.32133674621582e-06,-4.280358552932739e-06,1.475577146202902,-7.345364722995101e-24,-7.345364920210326e-25,1
SITE_006_S0204,SITE_006,276.7708740234375,273.6635589599609,277.4055023193359,0,-188283,-3.896653652191162e-06,-3.60049307346344e-06,1.665012619786206,-7.345364722995101e-24,-7.345364920210326e-25,0
SITE_006_S0205,SITE_006,272.2403869628906,271.1430053710937,274.6870880126953,0,-238984,-1.192092895507812e-06,-1.189298927783966e-06,0.6677643772004512,-7.345364722995101e-24,0.00011444091796875,1
SITE_006_S0206,SITE_006,279.0169982910156,278.8270416259766,279.2413940429688,0,-12855,1.899898052215576e-07,1.941807568073273e-07,0.9342718674284012,-7.345364722995101e-24,5.7220458984375e-06,0
SITE_006_S0207,SITE_006,280.8231964111328,277.7939453125,280.8224182128906,0,-158807,4.228204488754272e-06,4.228204488754272e-06,1.571146591975231,-7.345364722995101e-24,-7.345364920210326e-25,0
SITE_006_S0208,SITE_006,275.32958984375,275.3628387451172,277.0910797119141,0,-74286,-2.680346369743347e-05,-2.680625766515732e-05,0.8493736385369371,0.001953125,0.0003194808959960937,0
SITE_006_S0209,SITE_006,283.2288055419922,279.8093414306641,283.0138854980469,0,-209003,4.198402166366577e-06,4.187226295471191e-06,1.701769432428283,-7.345364722995101e-24,-7.345364920210326e-25,0
SITE_006_S0210,SITE_006,279.8666687011719,275.8578948974609,279.7629852294922,1870,-243998,3.241002559661865e-06,3.237742930650711e-06,1.32806577769591,-7.345364722995101e-24,9.5367431640625e-07,0
SITE_006_S0211,SITE_006,282.3362121582031,281.0337524414062,283.4347534179688,19504,-134384,6.146728992462158e-07,6.165355443954468e-07,1.004515945679409,-7.345364722995101e-24,-7.345364920210326e-25,0
SITE_006_S0212,SITE_006,283.3634185791016,281.3702087402344,284.1149139404297,78910,-199709,1.426786184310913e-06,1.42958015203476e-06,1.309161671926848,-7.345364722995101e-24,-7.345364920210326e-25,0
SITE_006_S0213,SITE_006,280.1741333007812,280.1449432373047,282.6840515136719,56756,-49253,-0.0001039654016494751,-0.0001005278900265694,1.127571476481508,-7.345364722995101e-24,-7.345364920210326e-25,0
SITE_006_S0214,SITE_006,284.3522186279297,283.0982360839844,285.3003234863281,165644,-157633,-6.407499313354492e-06,-6.413087248802185e-06,0.8482105935458264,-7.345364722995101e-24,-7.345364920210326e-25,0
SITE_006_S0215,SITE_006,289.2383422851562,287.0271911621094,289.6745910644531,234010,-240915,-1.553073525428772e-05,-1.552887260913849e-05,0.7926665969589141,-7.345364722995101e-24,-7.345364920210326e-25,0
SITE_006_S0216,SITE_006,291.3374481201172,289.4181365966797,292.0079803466797,214470,-220921,-2.465397119522095e-05,-2.169609069824219e-05,1.138067019505678,-7.345364722995101e-24,-7.345364920210326e-25,0
SITE_006_S0217,SITE_006,292.1771087646484,289.5444946289062,292.2933959960937,174110,-200642,-2.139061689376831e-05,-1.242943108081818e-05,1.400054055982028,-7.345364722995101e-24,-7.345364920210326e-25,0
SITE_006_S0218,SITE_006,287.973876953125,286.6888122558594,289.3806610107422,91248,-156849,-4.295259714126587e-06,-4.293397068977356e-06,0.4873074990632894,-7.345364722995101e-24,-7.345364920210326e-25,0
SITE_006_S0219,SITE_006,286.6692962646484,286.2213134765625,289.6305999755859,74778,-287202,-0.0002045482397079468,-1.381337642669678e-05,1.421113352318598,-7.345364722995101e-24,-7.345364920210326e-25,0
SITE_006_S0220,SITE_006,289.4026641845703,289.3572998046875,291.91162109375,24742,-120595,-0.0001724697649478912,-5.017034709453583e-06,1.461879235912683,-7.345364722995101e-24,-7.345364920210326e-25,0
SITE_006_S0221,SITE_006,285.8498229980469,284.0315856933594,288.7246398925781,11904,-194825,-9.007751941680908e-06,-8.88574868440628e-06,0.8826414905022876,-7.345364722995101e-24,-7.345364920210326e-25,0
SITE_006_S0222,SITE_006,287.3609924316406,287.2065582275391,289.0892944335937,1140,-117656,-1.781433820724487e-05,-1.770071685314178e-05,0.4478802671706868,-7.345364722995101e-24,-7.345364920210326e-25,0
SITE_006_S0223,SITE_006,278.7728118896484,275.7482757568359,279.3107604980469,0,-256484,-8.277595043182373e-06,-7.045455276966095e-06,1.532099174290901,-7.345364722995101e-24,-7.345364920210326e-25,0
SITE_006_S0224,SITE_006,275.5577087402344,274.6361236572266,278.9674987792969,0,-279102,-2.651289105415344e-05,-5.172565579414368e-06,1.517228170021302,-7.345364722995101e-24,-7.345364920210326e-25,0
SITE_006_S0225,SITE_006,278.7203826904297,278.7901000976562,280.0154418945312,0,-78045,-5.12152910232544e-05,-4.976149648427963e-05,3.086121524419626,-7.345364722995101e-24,1.9073486328125e-06,0
SITE_007_S0001,SITE_007,287.7894897460937,287.3536682128906,290.1723937988281,158650,-204033,-3.318488597869873e-05,-5.713663995265961e-06,1.717704598143723,-7.345364722995101e-24,-7.345364920210326e-25,0
SITE_007_S0002,SITE_007,284.5715484619141,281.8186798095703,285.5778350830078,229594,-248078,-4.634261131286621e-06,-2.617016434669494e-06,0.8051785046246278,-7.345364722995101e-24,-7.345364920210326e-25,0
SITE_007_S0003,SITE_007,290.0576019287109,288.9766387939453,292.0907135009766,253120,-256953,-1.407787203788757e-05,-5.383044481277466e-06,0.8492159953561814,-7.345364722995101e-24,-7.345364920210326e-25,0
SITE_007_S0004,SITE_007,291.42919921875,290.7334747314453,294.3900146484375,269760,-279306,-1.952052116394043e-05,-4.712492227554321e-06,0.8136470383927361,-7.345364722995101e-24,-7.345364920210326e-25,0
SITE_007_S0005,SITE_007,286.1506958007812,285.8589324951172,289.7272796630859,259462,-305221,-6.214529275894165e-05,-7.983297109603882e-06,1.993758643343906,-7.345364722995101e-24,-7.345364920210326e-25,0
SITE_007_S0006,SITE_007,289.5310668945312,288.5996246337891,292.4047546386719,283204,-303553,-1.490116119384766e-05,-4.934147000312805e-06,1.175118013842194,-7.345364722995101e-24,-7.345364920210326e-25,0
SITE_007_S0007,SITE_007,294.0560607910156,293.6918640136719,297.3758239746094,265274,-316773,-0.0001529417932033539,-1.216493546962738e-05,2.096124784886861,-7.345364722995101e-24,-7.345364920210326e-25,0
SITE_007_S0008,SITE_007,294.6630401611328,294.3901214599609,297.6002807617188,249910,-263325,-0.0001171156764030456,-9.82731580734253e-06,2.028957072538782,-7.345364722995101e-24,-7.345364920210326e-25,0
SITE_007_S0009,SITE_007,293.3078918457031,292.909423828125,296.4955444335937,235746,-270907,-2.378970384597778e-05,-4.275701940059662e-06,0.9889217726923604,-7.345364722995101e-24,-7.345364920210326e-25,0
SITE_007_S0010,SITE_007,296.0818328857422,293.7796173095703,297.2798156738281,215260,-257407,-4.92483377456665e-05,-8.66968184709549e-06,1.623904802379259,-7.345364722995101e-24,-7.345364920210326e-25,0
SITE_007_S0011,SITE_007,290.7427368164062,290.5474548339844,294.8291473388672,192344,-291446,-5.362555384635925e-05,-4.145316779613495e-06,1.563795140807781,-7.345364722995101e-24,-7.345364920210326e-25,0
SITE_007_S0012,SITE_007,291.7107849121094,290.5223693847656,295.2699737548828,167680,-318862,-2.746284008026123e-05,-4.413537681102753e-06,1.218066641854862,-7.345364722995101e-24,-7.345364920210326e-25,0
SITE_007_S0013,SITE_007,295.5707244873047,294.3803558349609,298.0358734130859,28016,-133723,-0.0001292787492275238,-2.373103052377701e-05,1.717739312332851,-7.345364722995101e-24,-7.345364920210326e-25,0
SITE_007_S0014,SITE_007,292.495849609375,291.8037872314453,296.3924560546875,108208,-297179,-7.722899317741394e-05,-3.974884748458862e-06,1.697015763022605,-7.345364722995101e-24,-7.345364920210326e-25,0
SITE_007_S0015,SITE_007,293.0040893554688,291.6457366943359,296.1442718505859,82382,-304284,-5.115941166877747e-05,-2.780929207801819e-06,1.759054726745779,-7.345364722995101e-24,-7.345364920210326e-25,0
SITE_007_S0016,SITE_007,295.3855590820312,294.4480743408203,298.2485656738281,51830,-228213,-3.24547290802002e-05,-2.349726855754852e-06,0.9660364788834168,-7.345364722995101e-24,-7.345364920210326e-25,0
SITE_007_S0017,SITE_007,290.7808227539062,289.5635681152344,294.3880310058594,44278,-272840,-2.666935324668884e-05,-1.753680408000946e-06,1.561306238288012,-7.345364722995101e-24,-7.345364920210326e-25,0
SITE_007_S0018,SITE_007,289.8704986572266,286.4468078613281,291.6136169433594,30326,-278269,-5.505979061126709e-06,-1.555308699607849e-06,1.091800736581445,-7.345364722995101e-24,-7.345364920210326e-25,0
SITE_007_S0019,SITE_007,288.9956207275391,287.9950714111328,293.2834625244141,18892,-361225,-4.662573337554932e-05,-1.543201506137848e-06,1.746035032763231,-7.345364722995101e-24,-7.345364920210326e-25,0
SITE_007_S0020,SITE_007,292.7547149658203,291.2915344238281,295.2219696044922,9132,-242732,-5.684047937393188e-05,-1.993030309677124e-06,1.70292412357677,-7.345364722995101e-24,-7.345364920210326e-25,0
SITE_007_S0021,SITE_007,290.7313842773437,288.1416015625,292.7522888183594,3622,-243615,-5.628913640975952e-06,-2.794899046421051e-06,1.489248147526632,-7.345364722995101e-24,-7.345364920210326e-25,0
SITE_007_S0022,SITE_007,289.1753540039062,288.8912200927734,292.5887756347656,458,-167660,-9.514391422271729e-06,-9.508803486824036e-06,2.037681610639122,-7.345364722995101e-24,-7.345364920210326e-25,0
SITE_007_S0023,SITE_007,290.9413909912109,289.1279296875,293.2660369873047,1.56036376953125,-307100,-5.84237277507782e-05,-3.037042915821075e-06,2.105367629784748,-7.345364722995101e-24,-7.345364920210326e-25,0
SITE_007_S0024,SITE_007,286.3450775146484,284.0329284667969,288.400634765625,0,-244708,-2.721324563026428e-05,-4.38932329416275e-06,1.942506705298666,-7.345364722995101e-24,-7.345364920210326e-25,0
SITE_007_S0025,SITE_007,286.5291595458984,285.4021911621094,289.0625457763672,0,-193602,-1.759082078933716e-05,-1.214444637298584e-06,1.519092835581086,-7.345364722995101e-24,-7.345364920210326e-25,0
SITE_007_S0026,SITE_007,281.7110443115234,279.5165710449219,283.5382232666016,0,-166074,-1.458451151847839e-05,-1.712702214717865e-06,1.887885349322376,-7.345364722995101e-24,-7.345364920210326e-25,0
SITE_007_S0027,SITE_007,279.3302154541016,276.5464019775391,281.37255859375,0,-239574,1.788139343261719e-07,1.797452569007874e-07,1.437985849702266,-7.345364722995101e-24,-7.345364920210326e-25,0
SITE_007_S0028,SITE_007,284.7994232177734,284.5565032958984,286.8008117675781,0,-52820,-2.976506948471069e-05,-2.976506948471069e-05,2.830077330106751,-7.345364722995101e-24,-7.345364920210326e-25,0
SITE_007_S0029,SITE_007,283.6472320556641,282.4191131591797,285.8576812744141,0,-155652,-3.91155481338501e-07,-3.846362233161927e-07,1.333892617366035,-7.345364722995101e-24,-7.345364920210326e-25,0
SITE_007_S0030,SITE_007,280.4672546386719,279.5700988769531,283.0052642822266,0,-132519,5.21540641784668e-08,8.475035429000854e-08,1.522270158133458,-7.345364722995101e-24,-7.345364920210326e-25,0
SITE_007_S0031,SITE_007,279.9156799316406,279.0538787841797,281.98046875,0,-95621,-1.586973667144775e-06,-1.396983861923218e-06,1.444364796982725,-7.345364722995101e-24,-7.345364920210326e-25,0
SITE_007_S0032,SITE_007,278.3820037841797,274.9416809082031,279.2408294677734,0,-294982,-2.520158886909485e-05,-1.304596662521362e-05,2.760566896608984,-7.345364722995101e-24,-7.345364920210326e-25,0
SITE_007_S0033,SITE_007,278.8141632080078,276.6893463134766,280.4564819335937,0,-228857,-5.573034286499024e-06,-1.390464603900909e-06,2.098259652938149,-7.345364722995101e-24,-7.345364920210326e-25,0
SITE_007_S0034,SITE_007,279.7695465087891,278.4387512207031,280.8544616699219,0,-87171,-4.455447196960449e-06,-3.042630851268768e-06,1.71096903635,-7.345364722995101e-24,-7.345364920210326e-25,0
SITE_007_S0035,SITE_007,280.7959289550781,279.4660949707031,280.8015441894531,0,-46787,-7.922947406768799e-05,-7.922947406768799e-05,4.157613946494782,-7.345364722995101e-24,-7.345364920210326e-25,0
SITE_007_S0036,SITE_007,275.9113006591797,272.863037109375,275.9208526611328,0,-140758,2.309679985046387e-07,2.300366759300232e-07,1.309230754465397,-7.345364722995101e-24,-7.345364920210326e-25,1
SITE_007_S0037,SITE_007,274.0923614501953,272.1746826171875,276.1052551269531,0,-150563,1.40070915222168e-06,1.397915184497833e-06,1.233818665500595,0.0029296875,0.0004549026489257813,1
SITE_007_S0038,SITE_007,277.576416015625,274.946044921875,277.9236145019531,0,-147764,-3.043562173843384e-06,-1.632608473300934e-06,1.670070644568604,-7.345364722995101e-24,-7.345364920210326e-25,0
SITE_007_S0039,SITE_007,276.7081451416016,273.3479766845703,277.4061126708984,0,-219000,-1.877546310424805e-06,-1.339241862297058e-06,2.146025957164485,-7.345364722995101e-24,-7.345364920210326e-25,0
SITE_007_S0040,SITE_007,275.1784362792969,271.5961303710937,275.7611389160156,0,-223146,-1.877546310424805e-06,-1.35321170091629e-06,2.100842861093562,-7.345364722995101e-24,-7.345364920210326e-25,1
SITE_007_S0041,SITE_007,277.9815826416016,275.0027465820312,278.9073944091797,0,-261337,-1.343339681625366e-05,-5.449168384075165e-06,2.061786838069307,-7.345364722995101e-24,-7.345364920210326e-25,0
SITE_007_S0042,SITE_007,278.2389221191406,275.8029632568359,278.9429168701172,0,-197148,-3.203749656677246e-06,-7.180497050285339e-07,2.140313035108573,-7.345364722995101e-24,-7.345364920210326e-25,0
SITE_007_S0043,SITE_007,278.5666351318359,274.57421875,278.7578735351562,0,-245405,-7.040798664093018e-06,-3.349035978317261e-06,2.284411240649322,-7.345364722995101e-24,-7.345364920210326e-25,0
SITE_007_S0044,SITE_007,284.0226440429688,281.1094818115234,284.7005462646484,0,-207721,-6.705522537231445e-07,-3.082677721977234e-07,1.811820467950402,-7.345364722995101e-24,-7.345364920210326e-25,0
SITE_007_S0045,SITE_007,283.3602752685547,281.4865875244141,284.4443359375,3894,-143669,-3.155320882797241e-06,-2.100132405757904e-06,1.974038057503512,-7.345364722995101e-24,-7.345364920210326e-25,0
SITE_007_S0046,SITE_007,279.9343414306641,277.62841796875,281.8563232421875,39570,-267358,1.884996891021728e-06,1.883134245872498e-06,1.826970124165326,-7.345364722995101e-24,-7.345364920210326e-25,0
SITE_007_S0047,SITE_007,281.1880493164062,277.8841400146484,282.3426666259766,104260,-256335,-4.209578037261963e-06,-3.607943654060364e-06,1.588379159968531,-7.345364722995101e-24,-7.345364920210326e-25,0
SITE_007_S0048,SITE_007,280.3290252685547,276.7758941650391,280.9706878662109,182736,-255439,-2.536922693252563e-06,-2.503395080566406e-06,0.7695657163538464,-7.345364722995101e-24,-7.345364920210326e-25,0
SITE_007_S0049,SITE_007,289.069580078125,285.920166015625,289.3963012695312,243928,-252466,-1.481547951698303e-05,-8.150935173034668e-06,1.216865648014585,-7.345364722995101e-24,-7.345364920210326e-25,0
SITE_007_S0050,SITE_007,292.3915557861328,292.2538909912109,294.3994750976562,78580,-128306,-0.0001139119267463684,-1.005269587039948e-05,1.242536339309072,-7.345364722995101e-24,-7.345364920210326e-25,0
SITE_007_S0051,SITE_007,291.6629333496094,290.8359832763672,294.0592041015625,278402,-332572,-0.0001947060227394104,-1.961365342140198e-05,2.438343195787601,-7.345364722995101e-24,-7.345364920210326e-25,0
SITE_007_S0052,SITE_007,295.0629272460937,293.3336029052734,296.9013366699219,258352,-310762,-0.000104561448097229,-1.372490078210831e-05,1.995873525894809,-7.345364722995101e-24,-7.345364920210326e-25,0
SITE_007_S0053,SITE_007,292.6327514648437,290.1397094726562,294.1651000976562,218284,-277992,-1.35563313961029e-05,-5.39049506187439e-06,0.892975699295784,-7.345364722995101e-24,-7.345364920210326e-25,0
SITE_007_S0054,SITE_007,292.6258239746094,291.1106414794922,296.0485229492188,168932,-353994,-5.296990275382996e-05,-6.206333637237549e-06,1.593507492472769,-7.345364722995101e-24,-7.345364920210326e-25,0
SITE_007_S0055,SITE_007,296.6779632568359,296.0588836669922,299.3316650390625,89030,-209923,-6.428360939025879e-05,-5.249865353107452e-06,1.163664284960998,-7.345364722995101e-24,-7.345364920210326e-25,0
SITE_007_S0056,SITE_007,291.2470092773437,288.7451019287109,293.9539489746094,63846,-298829,-1.603364944458008e-05,-3.688037395477295e-06,1.500105018000409,-7.345364722995101e-24,-7.345364920210326e-25,0
SITE_007_S0057,SITE_007,291.0652160644531,289.5351104736328,294.5855102539062,28198,-274852,-3.795698285102844e-05,-2.392567694187164e-06,1.712356953812034,-7.345364722995101e-24,-7.345364920210326e-25,0
SITE_007_S0058,SITE_007,297.9263153076172,295.0608978271484,299.5123748779297,8176,-258997,-3.648176789283752e-05,-2.739019691944122e-06,1.839595055337191,-7.345364722995101e-24,-7.345364920210326e-25,0
SITE_007_S0059,SITE_007,288.3099060058594,288.0583648681641,291.5840911865234,392,-150997,-7.599592208862305e-07,-7.655471563339233e-07,0.6601512463650883,-7.345364722995101e-24,-7.345364920210326e-25,0
SITE_007_S0060,SITE_007,287.8946228027344,285.4900054931641,290.0013885498047,0,-239022,-1.177191734313965e-06,-9.350478649139404e-07,1.183051829651248,-7.345364722995101e-24,-7.345364920210326e-25,0
SITE_007_S0061,SITE_007,286.3299560546875,283.8446197509766,288.5680847167969,0,-240314,-8.471310138702393e-06,-2.061948180198669e-06,1.581193085113321,-7.345364722995101e-24,-7.345364920210326e-25,0
SITE_007_S0062,SITE_007,283.5092163085937,280.4871520996094,284.3492736816406,0,-165019,-3.874301910400391e-06,-1.101754605770111e-06,1.087160737317071,-7.345364722995101e-24,-7.345364920210326e-25,0
SITE_007_S0063,SITE_007,279.6436920166016,278.6895751953125,282.9978179931641,0,-314862,9.842216968536375e-06,9.696930646896362e-06,2.256064649685248,-7.345364722995101e-24,-7.345364920210326e-25,0
SITE_007_S0064,SITE_007,275.8616027832031,271.4051666259766,276.5903472900391,0,-262488,-3.635883331298828e-06,-2.407468855381012e-06,1.976342016011356,-7.345364722995101e-24,-7.345364920210326e-25,1
SITE_007_S0065,SITE_007,281.1351776123047,280.1311340332031,281.3480987548828,0,-44488,-8.632242679595947e-05,-8.631963282823563e-05,5.713184435250194,-7.345364722995101e-24,-7.345364920210326e-25,0
SITE_007_S0066,SITE_007,272.7231750488281,270.8138580322266,275.2411346435547,0,-205029,2.793967723846436e-07,2.812594175338745e-07,1.453993864678638,-7.345364722995101e-24,-7.345364920210326e-25,1
SITE_007_S0067,SITE_007,280.7535095214844,279.2859649658203,280.9906311035156,0,-135746,-2.63117253780365e-05,-2.389401197433472e-05,1.933672077693997,-7.345364722995101e-24,-7.345364920210326e-25,0
SITE_007_S0068,SITE_007,273.9089965820312,271.169189453125,275.6354827880859,0,-228636,8.195638656616212e-08,9.313225746154785e-08,1.922815143840374,-7.345364722995101e-24,-7.345364920210326e-25,1
SITE_007_S0069,SITE_007,272.0601806640625,268.9879302978516,274.0166625976562,0,-291988,-1.402199268341064e-05,-9.508803486824036e-06,2.551422706878857,-7.345364722995101e-24,-7.345364920210326e-25,1
SITE_007_S0070,SITE_007,277.2517547607422,275.3460083007812,278.5976715087891,0,-201218,8.046627044677734e-07,8.093193173408508e-07,1.474011359469207,-7.345364722995101e-24,-7.345364920210326e-25,0
SITE_007_S0071,SITE_007,273.9386749267578,272.9682769775391,276.1696929931641,0,-234813,-1.154839992523193e-05,-5.912035703659058e-06,3.307197835148438,-7.345364722995101e-24,5.7220458984375e-06,1
SITE_007_S0072,SITE_007,275.6907958984375,274.6309204101562,277.2866058349609,0,-200605,1.884996891021728e-06,1.884996891021728e-06,2.325279478492822,-7.345364722995101e-24,2.86102294921875e-05,0
SITE_007_S0073,SITE_007,282.8736572265625,281.5201873779297,282.8779449462891,-1.320068359375,-100647,-2.369284629821777e-05,-2.369377762079239e-05,2.682464150346592,-7.345364722995101e-24,-7.345364920210326e-25,0
SITE_007_S0074,SITE_007,279.1542510986328,277.6432495117188,279.8759460449219,414,-242777,-3.345310688018799e-06,1.356471329927444e-06,2.675381574923157,-7.345364722995101e-24,-7.345364920210326e-25,0
SITE_007_S0075,SITE_007,281.2988433837891,277.0890350341797,281.7594299316406,21746,-273663,9.723007678985596e-07,9.685754776000977e-07,0.5369409828212534,-7.345364722995101e-24,-7.345364920210326e-25,0
SITE_007_S0076,SITE_007,286.4519195556641,281.5901184082031,285.010009765625,72840,-218714,-8.940696716308594e-07,-8.344650268554688e-07,0.9980765597712196,-7.345364722995101e-24,-7.345364920210326e-25,0
SITE_007_S0077,SITE_007,282.9835357666016,282.6567687988281,284.8832397460937,54280,-95599,-2.089142799377441e-05,-2.08904966711998e-05,2.211453464430304,-7.345364722995101e-24,-7.345364920210326e-25,0
SITE_007_S0078,SITE_007,289.4105529785156,286.4878997802734,289.8748474121094,216782,-252564,-7.349997758865356e-06,-5.387701094150543e-06,0.9590247374476348,-7.345364722995101e-24,-7.345364920210326e-25,0
SITE_007_S0079,SITE_007,287.6197662353516,287.2300720214844,289.9212341308594,250450,-224075,-2.448633313179016e-05,-7.361173629760742e-06,1.416729880109157,-7.345364722995101e-24,-7.345364920210326e-25,0
SITE_007_S0080,SITE_007,289.1281433105469,288.3681488037109,291.0651550292969,251494,-200657,-6.705522537231445e-06,-4.540197551250458e-06,1.202606237365432,-7.345364722995101e-24,-7.345364920210326e-25,0
SITE_007_S0081,SITE_007,291.5504150390625,291.1888732910156,294.9783477783203,229012,-267688,-5.45792281627655e-05,-9.8375603556633e-06,1.609819168363459,-7.345364722995101e-24,-7.345364920210326e-25,0
SITE_007_S0082,SITE_007,299.5012054443359,298.7107238769531,301.1188201904297,148600,-293265,-0.000177137553691864,-1.772865653038025e-05,1.573543379899486,-7.345364722995101e-24,-7.345364920210326e-25,0
SITE_007_S0083,SITE_007,292.1045837402344,290.7322235107422,294.9759674072266,129544,-307692,-4.127621650695801e-05,-6.640329957008362e-06,1.515548930044225,-7.345364722995101e-24,-7.345364920210326e-25,0
SITE_007_S0084,SITE_007,293.0365142822266,291.0428466796875,294.3837127685547,30964,-176955,-1.65402889251709e-06,-1.304782927036285e-06,0.667137773977079,-7.345364722995101e-24,-7.345364920210326e-25,0
SITE_007_S0085,SITE_007,291.1492156982422,290.2464141845703,292.8258819580078,6620,-101790,-1.017004251480102e-06,-9.881332516670227e-07,0.1868833419961661,-7.345364722995101e-24,-7.345364920210326e-25,0
SITE_007_S0086,SITE_007,290.5391235351562,289.0997772216797,293.4240875244141,2640,-245136,-2.165138721466064e-05,-1.743435859680176e-06,1.463808780144982,-7.345364722995101e-24,-7.345364920210326e-25,0
SITE_007_S0087,SITE_007,287.6460723876953,284.3575897216797,288.5532989501953,1.063232421875,-218258,3.650784492492676e-07,3.967434167861938e-07,1.148120643602403,-7.345364722995101e-24,-7.345364920210326e-25,0
SITE_007_S0088,SITE_007,290.5327911376953,289.5228118896484,292.6987762451172,0,-285430,-0.000122949481010437,-2.350658178329468e-06,3.077982122232553,-7.345364722995101e-24,-7.345364920210326e-25,0
SITE_007_S0089,SITE_007,286.7718353271484,284.9318695068359,288.8304901123047,0,-208879,-6.876885890960693e-06,-1.201406121253967e-06,1.833561984350017,-7.345364722995101e-24,-7.345364920210326e-25,0
SITE_007_S0090,SITE_007,281.1849517822266,279.2063140869141,282.6411437988281,0,-175272,-2.495944499969482e-06,-1.18650496006012e-06,1.648060718437774,-7.345364722995101e-24,-7.345364920210326e-25,0
SITE_007_S0091,SITE_007,280.4246215820312,277.1991882324219,281.0183868408203,0,-183106,-7.841736078262329e-06,-3.604218363761902e-06,1.971694636186622,-7.345364722995101e-24,-7.345364920210326e-25,0
SITE_007_S0092,SITE_007,276.1098327636719,274.7026062011719,279.0073089599609,0,-209773,2.689659595489502e-06,2.693384885787964e-06,1.630064036329351,-7.345364722995101e-24,-7.345364920210326e-25,0
SITE_007_S0093,SITE_007,290.8920440673828,288.7066040039062,292.7078399658203,230694,-271717,-1.263245940208435e-05,-6.36465847492218e-06,0.84752930733074,-7.345364722995101e-24,-7.345364920210326e-25,0
SITE_007_S0094,SITE_007,295.3968353271484,294.3417663574219,297.7384948730469,199448,-259352,-2.779066562652588e-05,-7.248483598232269e-06,0.9125576710858084,-7.345364722995101e-24,-7.345364920210326e-25,0
SITE_007_S0095,SITE_007,290.8614959716797,289.4778289794922,293.6472625732422,180078,-278208,-1.24610960483551e-05,-4.285946488380432e-06,0.979392712311823,-7.345364722995101e-24,-7.345364920210326e-25,0
SITE_007_S0096,SITE_007,289.6248474121094,289.0517425537109,292.8417816162109,142894,-250038,-1.576915383338928e-05,-2.909451723098755e-06,1.09646891159023,-7.345364722995101e-24,-7.345364920210326e-25,0
SITE_007_S0097,SITE_007,290.9497375488281,290.2917785644531,294.4648284912109,115822,-261471,-2.726539969444275e-05,-4.127621650695801e-06,1.222184418949731,-7.345364722995101e-24,-7.345364920210326e-25,0
SITE_007_S0098,SITE_007,290.1991119384766,288.9205627441406,293.4625396728516,97238,-290416,-2.611055970191956e-05,-3.862194716930389e-06,1.293560530923503,-7.345364722995101e-24,-7.345364920210326e-25,0
SITE_007_S0099,SITE_007,294.0420532226562,293.0164947509766,297.2837982177734,71606,-276275,-4.71062958240509e-05,-4.993751645088196e-06,1.297049876994933,-7.345364722995101e-24,-7.345364920210326e-25,0
SITE_007_S0100,SITE_007,292.8694000244141,292.5107116699219,295.8488159179688,49080,-227297,-6.398558616638184e-05,-2.654269337654114e-06,1.905980247666542,-7.345364722995101e-24,-7.345364920210326e-25,0
SITE_007_S0101,SITE_007,294.9272308349609,293.1338500976562,297.0243682861328,33834,-234861,-2.380460500717163e-05,-4.284083843231201e-06,1.302077679065508,-7.345364722995101e-24,-7.345364920210326e-25,0
SITE_007_S0102,SITE_007,291.3723297119141,288.9065399169922,293.8760986328125,23238,-277781,-1.352280378341675e-05,-3.054738044738769e-06,1.457131717935119,-7.345364722995101e-24,-7.345364920210326e-25,0
SITE_007_S0103,SITE_007,292.731689453125,291.2434692382812,295.5914459228516,12694,-247493,-2.358853816986084e-05,-2.336688339710236e-06,1.434591604017122,-7.345364722995101e-24,-7.345364920210326e-25,0
SITE_007_S0104,SITE_007,289.927490234375,288.1625366210937,291.9869232177734,5034,-183375,9.760260581970217e-07,9.639188647270205e-07,0.8916339785019927,-7.345364722995101e-24,-7.345364920210326e-25,0
SITE_007_S0105,SITE_007,289.0180816650391,287.0898590087891,291.4496917724609,1842,-246565,-9.67457890510559e-06,-1.787208020687103e-06,1.726171101383063,-7.345364722995101e-24,-7.345364920210326e-25,0
SITE_007_S0106,SITE_007,291.2389221191406,288.4827728271484,292.5219573974609,186,-221891,-6.679445505142212e-06,-1.933425664901733e-06,1.402083165200147,-7.345364722995101e-24,-7.345364920210326e-25,0
SITE_007_S0107,SITE_007,289.8759765625,289.1653289794922,292.7729187011719,1.358642578125,-248149,-4.833191633224487e-05,-1.191161572933197e-06,2.436342523151068,-7.345364722995101e-24,-7.345364920210326e-25,0
SITE_007_S0108,SITE_007,285.2646942138672,282.1857604980469,286.4629821777344,0,-219776,8.67992639541626e-07,8.735805749893188e-07,1.22628511949859,-7.345364722995101e-24,-7.345364920210326e-25,0
SITE_007_S0109,SITE_007,286.4579467773437,284.8735198974609,288.1925048828125,0,-153418,-2.481043338775635e-06,-1.590698957443237e-06,1.882417521965965,-7.345364722995101e-24,-7.345364920210326e-25,0
SITE_007_S0110,SITE_007,281.4432830810547,277.8663787841797,282.2071990966797,0,-212305,1.356005668640137e-06,1.355540007352829e-06,1.0330607119301,-7.345364722995101e-24,-7.345364920210326e-25,0
SITE_007_S0111,SITE_007,286.1797637939453,284.4351654052734,287.0591888427734,0,-95554,-4.380941390991211e-06,-2.198852598667145e-06,1.238411668248286,-7.345364722995101e-24,-7.345364920210326e-25,0
SITE_007_S0112,SITE_007,282.7406768798828,279.0865020751953,283.0818939208984,0,-199180,-1.508742570877075e-06,-1.170672476291656e-06,1.468045518789051,-7.345364722995101e-24,-7.345364920210326e-25,0
SITE_007_S0113,SITE_007,283.4008636474609,281.2369842529297,284.537841796875,0,-203864,-2.194195985794068e-05,-5.598179996013641e-06,2.031025957225229,-7.345364722995101e-24,-7.345364920210326e-25,0
SITE_007_S0114,SITE_007,282.60693359375,280.8622589111328,284.1929779052734,0,-159683,1.065433025360107e-06,1.063570380210876e-06,1.520475970687108,-7.345364722995101e-24,-7.345364920210326e-25,0
SITE_007_S0115,SITE_007,280.1732177734375,277.5544738769531,281.2470092773437,0,-262333,4.127621650695801e-06,4.126690328121185e-06,2.64546757032373,-7.345364722995101e-24,-7.345364920210326e-25,0
SITE_007_S0116,SITE_007,278.3980560302734,277.8036956787109,280.4680328369141,0,-95527,-1.870095729827881e-06,-1.541338860988617e-06,1.216265413691038,-7.345364722995101e-24,-7.345364920210326e-25,0
SITE_007_S0117,SITE_007,277.7447509765625,274.2625427246094,278.1405181884766,0,-262942,-1.439452171325684e-05,-8.199363946914673e-06,2.550102564664149,-7.345364722995101e-24,-7.345364920210326e-25,0
SITE_007_S0118,SITE_007,277.7841796875,277.0858306884766,279.4807434082031,0,-114076,-1.117587089538574e-08,6.426125764846803e-08,1.115127350507852,-7.345364722995101e-24,-7.345364920210326e-25,0
SITE_007_S0119,SITE_007,277.3081970214844,276.5003356933594,278.9634399414062,0,-111676,-7.674098014831543e-07,-5.336478352546692e-07,0.970116193317536,-7.345364722995101e-24,-7.345364920210326e-25,0
SITE_007_S0120,SITE_007,287.5254058837891,287.3437042236328,286.6852416992188,0,-17982,2.123415470123291e-06,2.125278115272522e-06,4.520007248600681,-7.345364722995101e-24,-7.345364920210326e-25,0
SITE_007_S0121,SITE_007,281.6630554199219,281.6417236328125,283.1508026123047,0,-41291,-4.183501005172729e-06,-4.170928150415421e-06,1.219359935403981,-7.345364722995101e-24,-7.345364920210326e-25,0
SITE_008_S0001,SITE_008,272.3585052490234,270.9481964111328,274.7443084716797,0,-313541,-6.09569251537323e-05,-5.553010851144791e-06,2.650848332283409,0.001953125,0.0002756118774414062,1
SITE_008_S0002,SITE_008,279.7392883300781,278.8167877197266,280.5790405273437,0,-131906.75,1.659616827964783e-06,1.657754182815552e-06,2.094584685691669,-7.345364722995101e-24,-7.345364920210326e-25,0
SITE_008_S0003,SITE_008,276.760009765625,273.56787109375,277.8830871582031,12322,-225033.25,-2.376735210418701e-06,-1.508975401520729e-06,1.755776020931521,-7.345364722995101e-24,-7.345364920210326e-25,0
SITE_008_S0004,SITE_008,285.3458709716797,277.2485961914062,281.6023712158203,44866,-229517.25,-3.512948751449585e-06,-2.650544047355652e-06,1.006029931694858,-7.345364722995101e-24,-7.345364920210326e-25,0
SITE_008_S0005,SITE_008,282.0037994384766,281.1537017822266,282.8910980224609,73886,-234062.25,-8.02949070930481e-05,-1.225853338837624e-05,3.412764432469445,-7.345364722995101e-24,-7.345364920210326e-25,0
SITE_008_S0006,SITE_008,290.4844207763672,284.6996154785156,287.5058288574219,104752,-172920.75,-2.687796950340271e-06,-2.265209332108498e-06,0.4600875476785297,-7.345364722995101e-24,-7.345364920210326e-25,0
SITE_008_S0007,SITE_008,284.2402954101562,283.8316955566406,285.7988891601562,98652,-160192.5,-0.0001825913786888122,-5.215033888816833e-05,4.683783592812117,-7.345364722995101e-24,-7.345364920210326e-25,0
SITE_008_S0008,SITE_008,289.0485687255859,285.3454437255859,288.4399719238281,103253,-238655,-6.838515400886536e-05,-2.089026384055614e-05,2.503904407058692,-7.345364722995101e-24,-7.345364920210326e-25,0
SITE_008_S0009,SITE_008,287.8299713134766,285.3957366943359,288.9765472412109,72474,-194824.5,-1.618638634681702e-06,-1.21723860502243e-06,1.593912615672667,-7.345364722995101e-24,-7.345364920210326e-25,0
SITE_008_S0010,SITE_008,274.4174346923828,274.0292663574219,277.6562194824219,3651,-218851.75,-8.6955726146698e-05,-3.005983307957649e-05,4.758079762528763,-7.345364722995101e-24,8.106231689453125e-05,0
SITE_008_S0011,SITE_008,279.5707244873047,276.3158111572266,279.4634704589844,58874,-160934.5,-3.762543201446533e-07,-3.37604433298111e-07,1.046119856281635,-7.345364722995101e-24,-7.345364920210326e-25,0
SITE_008_S0012,SITE_008,282.129150390625,281.85107421875,283.5644378662109,62304,-102897.5,-4.010088741779328e-05,-1.267320476472378e-05,2.184962524454576,-7.345364722995101e-24,-7.345364920210326e-25,0
SITE_008_S0013,SITE_008,284.4942779541016,283.9714508056641,285.8558349609375,84406,-132732,-3.556907176971436e-05,-2.330751158297062e-05,2.009018483356735,-7.345364722995101e-24,-7.345364920210326e-25,0
SITE_008_S0014,SITE_008,287.1876678466797,286.2924652099609,288.1245574951172,44696,-76779.5,-1.015141606330872e-06,-9.59029421210289e-07,1.110906471517953,-7.345364722995101e-24,-7.345364920210326e-25,0
SITE_008_S0015,SITE_008,285.6630859375,284.0560455322266,286.3985900878906,56399,-263399,-6.859004497528076e-05,-1.276028342545032e-05,2.509545345927763,-7.345364722995101e-24,-7.345364920210326e-25,0
SITE_008_S0016,SITE_008,287.7845764160156,286.5216827392578,289.1410522460937,23792,-200077.75,-3.970786929130554e-05,-7.977476343512535e-06,2.047378055642932,-7.345364722995101e-24,-7.345364920210326e-25,0
SITE_008_S0017,SITE_008,283.9960479736328,283.2290954589844,286.707275390625,6538,-294722.5,-0.0002072006464004517,-1.610023900866508e-05,4.337520173621915,-7.345364722995101e-24,-7.345364920210326e-25,0
SITE_008_S0018,SITE_008,284.7324523925781,283.77392578125,286.5371551513672,13,-287999.25,-0.0002253763377666473,-1.496379263699055e-05,4.195155058337338,-7.345364722995101e-24,-7.345364920210326e-25,0
SITE_008_S0019,SITE_008,287.3325805664062,284.0205841064453,287.8690948486328,0,-175761.5,-1.19432806968689e-05,-3.61911952495575e-06,1.9220600030198,-7.345364722995101e-24,-7.345364920210326e-25,0
SITE_008_S0020,SITE_008,284.7980499267578,284.8865356445312,287.4605865478516,0,-56337.5,-1.926347613334656e-05,-1.91789586097002e-05,0.6484379797796235,-7.345364722995101e-24,-7.345364920210326e-25,0
SITE_008_S0021,SITE_008,283.7526397705078,282.4042053222656,284.8266906738281,0,-175653.5,1.734122633934021e-06,1.926207914948463e-06,2.105862669552119,-7.345364722995101e-24,-7.345364920210326e-25,0
SITE_008_S0022,SITE_008,279.9000091552734,278.0642242431641,281.9164276123047,0,-314774.75,-4.898384213447571e-05,-6.546266376972199e-06,2.798059815963942,-7.345364722995101e-24,-7.345364920210326e-25,0
SITE_008_S0023,SITE_008,278.4281768798828,277.4479675292969,280.5016174316406,0,-265866,-5.449913442134857e-05,-3.474531695246696e-06,3.177836878718548,-7.345364722995101e-24,-7.345364920210326e-25,0
SITE_008_S0024,SITE_008,278.2514495849609,277.7575531005859,279.7453308105469,0,-147263.25,-5.716085433959961e-05,-4.605390131473541e-06,3.283086551173031,-7.345364722995101e-24,-7.345364920210326e-25,0
SITE_008_S0025,SITE_008,281.0467529296875,280.5186309814453,282.5991821289062,0,-215224,-6.907060742378235e-05,-5.675945430994034e-06,3.990712389564633,-7.345364722995101e-24,-7.345364920210326e-25,0
SITE_008_S0026,SITE_008,279.3833465576172,278.84375,281.2171020507812,0,-143953,-1.341477036476135e-05,-4.145782440900803e-06,1.790634342577206,-7.345364722995101e-24,-7.345364920210326e-25,0
SITE_008_S0027,SITE_008,274.4813690185547,274.1027374267578,275.9685821533203,0,-67351.25,-6.193667650222778e-05,-6.369780749082565e-06,2.858705857547257,0.001953125,0.00026702880859375,0
SITE_008_S0028,SITE_008,276.431640625,276.1890869140625,277.8123779296875,0,-93296.5,-2.243369817733765e-05,-2.136477269232273e-05,2.7510562936125,0.001953125,0.0003499984741210937,0
SITE_008_S0029,SITE_008,277.4129028320312,277.3364562988281,278.3407897949219,0,7644,-2.927333116531372e-05,-1.418543979525566e-05,1.974205814501947,-7.345364722995101e-24,1.1444091796875e-05,0
SITE_008_S0030,SITE_008,277.0649566650391,275.5059967041016,277.6036834716797,0,-62315,5.476176738739014e-07,5.485489964485168e-07,0.540878643501005,-7.345364722995101e-24,-7.345364920210326e-25,0
SITE_008_S0031,SITE_008,274.5968322753906,272.9073333740234,275.0768890380859,0,-261762.5,-0.0001240968704223633,-9.414507076144218e-06,2.984762740011353,-7.345364722995101e-24,1.9073486328125e-06,1
SITE_008_S0032,SITE_008,276.7162017822266,268.8274230957031,273.4285278320312,0,-203786,-3.129243850708008e-07,-1.392327249050141e-07,1.140670426203899,-7.345364722995101e-24,-7.345364920210326e-25,1
SITE_008_S0033,SITE_008,277.0886383056641,275.9423217773437,276.0384674072266,0,-8041.5,6.437301635742188e-06,6.437068805098534e-06,1.630787246288312,-7.345364722995101e-24,5.7220458984375e-06,0
SITE_008_S0034,SITE_008,276.9314880371094,275.3099212646484,276.9084930419922,0,-217040.25,-2.553313970565796e-05,-1.909909769892693e-06,2.711131611336249,0.0048828125,0.0007877349853515625,0
SITE_008_S0035,SITE_008,272.3880004882812,271.39599609375,274.3309173583984,0,-276829.5,-4.684925079345703e-05,-1.212186180055141e-05,2.60133924350021,0.0107421875,0.0016822814941406,1
SITE_008_S0036,SITE_008,265.9883270263672,262.5264282226562,271.5203399658203,0,-239397.25,-1.647323369979858e-05,4.901085048913956e-07,1.877671594579772,0.037109375,0.0055656433105468,1
SITE_008_S0037,SITE_008,273.8700408935547,273.040771484375,273.7274780273437,0,-50405.75,1.166015863418579e-06,1.16485171020031e-06,0.9245026330812705,0.0595703125,0.0100831985473632,1
SITE_008_S0038,SITE_008,274.7576599121094,274.3132171630859,275.0344085693359,0,-85264.75,-0.000109618529677391,-1.960527151823044e-05,5.69822361155872,0.0234375,0.0037851333618164,0
SITE_008_S0039,SITE_008,275.6450653076172,274.7912902832031,275.3582763671875,0,-88596.75,-9.085983037948608e-06,-6.960239261388779e-06,2.541387326889938,0.0185546875,0.0029973983764648,0
SITE_008_S0040,SITE_008,275.2563934326172,274.4178466796875,276.4881286621094,0,-253178.5,-2.795830368995667e-05,-2.177432179450989e-06,2.645422851065048,-7.345364722995101e-24,4.57763671875e-05,0
SITE_008_S0041,SITE_008,277.1288909912109,276.2501831054688,277.7018737792969,0,-105084.5,-1.9121915102005e-05,-2.868706360459328e-06,2.303070979386892,-7.345364722995101e-24,9.5367431640625e-07,0
SITE_008_S0042,SITE_008,277.780029296875,276.9874877929688,277.4444122314453,0,-41259,-8.568167686462402e-06,-2.937624230980873e-06,1.364291469381356,0.0009765625,0.00014495849609375,0
SITE_008_S0043,SITE_008,280.2985992431641,279.8786773681641,281.0502471923828,0,-92241.5,-8.352100849151611e-06,-9.026844054460526e-07,2.014114694313466,-7.345364722995101e-24,-7.345364920210326e-25,0
SITE_008_S0044,SITE_008,276.1651763916016,276.0486145019531,277.5828247070312,0,-63226.5,-2.976506948471069e-06,-2.94949859380722e-06,0.324901293961274,0.0009765625,0.0001859664916992188,0
SITE_008_S0045,SITE_008,277.7360534667969,277.523681640625,279.4071044921875,0,-58707.25,-1.184642314910889e-05,-1.184642314910889e-05,0.9404353591464688,-7.345364722995101e-24,-7.345364920210326e-25,0
SITE_008_S0046,SITE_008,275.764892578125,274.5590515136719,277.8200073242188,0,-283146.75,-4.450976848602295e-05,-3.959983587265015e-06,2.722184802720168,-7.345364722995101e-24,9.5367431640625e-07,0
SITE_008_S0047,SITE_008,279.3516387939453,276.4206848144531,279.9253692626953,0,-233922.75,-1.408904790878296e-05,-2.787215635180473e-06,2.478439045246533,-7.345364722995101e-24,-7.345364920210326e-25,0
SITE_008_S0048,SITE_008,272.7871246337891,272.1483154296875,276.3869171142578,322,-314240.75,-0.0001278407871723175,-7.007736712694168e-06,4.12798865114646,-7.345364722995101e-24,-7.345364920210326e-25,1
SITE_008_S0049,SITE_008,278.6926879882812,279.0553588867188,281.0280303955078,2839,-54818.5,-2.908706665039062e-05,-4.004454240202904e-06,2.099186460018972,-7.345364722995101e-24,-7.345364920210326e-25,0
SITE_008_S0050,SITE_008,278.7989349365234,277.8764190673828,279.4785003662109,22349,-159174.5,-2.919696271419525e-05,-6.901565939188004e-06,2.996088568437881,-7.345364722995101e-24,1.430511474609375e-05,0
SITE_008_S0051,SITE_008,277.1875457763672,277.4175567626953,281.7623138427734,7255,-10509.5,-7.545389235019684e-05,-7.245154120028019e-05,2.932192935292145,0.0087890625,0.0016250610351562,0
SITE_008_S0052,SITE_008,285.7422027587891,284.386474609375,286.2027587890625,86815,-280812,-0.0001037884503602982,-2.241600304841995e-05,3.311827323155319,-7.345364722995101e-24,-7.345364920210326e-25,0
SITE_008_S0053,SITE_008,285.9092559814453,285.0592498779297,286.6169738769531,74058,-80365,-3.91155481338501e-07,-3.930181264877319e-07,0.9191490240438788,-7.345364722995101e-24,-7.345364920210326e-25,0
SITE_008_S0054,SITE_008,290.5816802978516,288.5323638916016,289.9054718017578,106299,-154749,-3.965757787227631e-05,-1.40070915222168e-05,1.975759620746561,-7.345364722995101e-24,-7.345364920210326e-25,0
SITE_008_S0055,SITE_008,287.14892578125,286.1706085205078,288.6007080078125,112853,-252855.5,-0.0001302789896726608,-2.701720222830772e-05,2.686698944761162,-7.345364722995101e-24,-7.345364920210326e-25,0
SITE_008_S0056,SITE_008,291.9954528808594,291.4847106933594,292.9098205566406,80639,-140698.5,-4.616379737854004e-05,-1.307367347180843e-05,1.841057465402784,-7.345364722995101e-24,-7.345364920210326e-25,0
SITE_008_S0057,SITE_008,281.6166381835937,280.0765838623047,284.1027069091797,97140,-217368.5,-3.419816493988037e-06,-2.519693225622177e-06,1.103491945033752,-7.345364722995101e-24,-7.345364920210326e-25,0
SITE_008_S0058,SITE_008,287.9102630615234,281.9869079589844,286.1396026611328,88064,-216273.5,-3.440305590629578e-06,-2.708286046981812e-06,0.8527027316585251,-7.345364722995101e-24,-7.345364920210326e-25,0
SITE_008_S0059,SITE_008,287.0119171142578,285.0178680419922,288.1710052490234,67146,-199780,-9.255483746528624e-06,-4.165340214967728e-06,1.724899285580534,-7.345364722995101e-24,-7.345364920210326e-25,0
SITE_008_S0060,SITE_008,287.4932708740234,283.6417236328125,287.7305145263672,53120,-209514,-5.010515451431274e-06,-3.397231921553612e-06,1.078634588472343,-7.345364722995101e-24,-7.345364920210326e-25,0
SITE_008_S0061,SITE_008,287.5765991210937,287.0309448242188,289.5856628417969,28048,-168653.75,-7.531605660915375e-05,-9.41101461648941e-06,1.822952373020474,-7.345364722995101e-24,-7.345364920210326e-25,0
SITE_008_S0062,SITE_008,288.4891815185547,286.3477783203125,289.7349548339844,22935,-180364.5,1.624226570129394e-06,1.630280166864395e-06,1.175322330319668,-7.345364722995101e-24,-7.345364920210326e-25,0
SITE_008_S0063,SITE_008,291.3942718505859,289.7824401855469,292.8536987304688,13036,-231985.25,-3.869086503982544e-05,-3.590947017073632e-06,2.044686161137767,-7.345364722995101e-24,-7.345364920210326e-25,0
SITE_008_S0064,SITE_008,282.7166900634766,282.4679870605469,285.7156677246094,4857,-168799,-8.456036448478699e-05,-1.310487277805805e-05,3.100836988370365,-7.345364722995101e-24,-7.345364920210326e-25,0
SITE_008_S0065,SITE_008,288.9249572753906,287.9929504394531,290.1071319580078,1271,-139115.5,-5.006790161132812e-06,-1.854496076703072e-06,1.955680661393349,-7.345364722995101e-24,-7.345364920210326e-25,0
SITE_008_S0066,SITE_008,287.6878356933594,285.4591979980469,288.8717803955078,0,-160635.75,-1.884996891021728e-06,-9.28528606891632e-07,1.302935351453235,-7.345364722995101e-24,-7.345364920210326e-25,0
SITE_008_S0067,SITE_008,293.1699066162109,286.44091796875,290.1886291503906,0,-184349.25,-2.37300992012024e-06,-1.041218638420105e-06,0.7507487225507372,-7.345364722995101e-24,-7.345364920210326e-25,0
SITE_008_S0068,SITE_008,282.1106719970703,280.3025970458984,284.2034606933594,0,-185417.25,-8.903443813323975e-07,-6.128102540969849e-07,1.391863119909345,-7.345364722995101e-24,-7.345364920210326e-25,0
SITE_008_S0069,SITE_008,281.1345367431641,280.5817565917969,283.6084899902344,0,-224968.75,-6.543844938278198e-05,-7.28946179151535e-06,3.498505341222449,-7.345364722995101e-24,-7.345364920210326e-25,0
SITE_008_S0070,SITE_008,278.8039855957031,277.2148284912109,281.0627136230469,0,-192445.25,7.078051567077638e-08,2.966262400150299e-07,1.73959687746949,-7.345364722995101e-24,-7.345364920210326e-25,0
SITE_008_S0071,SITE_008,280.9766540527344,278.5324859619141,281.9494018554688,0,-163245.25,-9.611248970031738e-07,-5.234032869338989e-07,1.7830052331925,-7.345364722995101e-24,-7.345364920210326e-25,0
SITE_008_S0072,SITE_008,281.1809234619141,277.8758544921875,281.8928527832031,0,-170595,5.587935447692872e-08,6.05359673500061e-08,1.243442816732834,-7.345364722995101e-24,-7.345364920210326e-25,0
SITE_008_S0073,SITE_008,280.5411682128906,279.7039794921875,283.1984100341797,0,-187685.25,-2.072937786579132e-05,-4.463363438844681e-06,2.088446708617175,-7.345364722995101e-24,-7.345364920210326e-25,0
SITE_008_S0074,SITE_008,281.1869964599609,279.8553924560547,282.3563232421875,0,-225337.25,-1.820176839828491e-05,-1.225387677550316e-06,2.55172810083728,-7.345364722995101e-24,-7.345364920210326e-25,0
SITE_008_S0075,SITE_008,282.6360778808594,281.5323944091797,283.6786346435547,0,-111110.25,7.82310962677002e-08,3.632158041000366e-08,0.75792237795907,-7.345364722995101e-24,-7.345364920210326e-25,0
SITE_008_S0076,SITE_008,279.6882476806641,279.0066986083984,282.0300903320312,0,-222896.25,-5.853921175003052e-05,-5.735550075769424e-06,2.726318534703496,-7.345364722995101e-24,-7.345364920210326e-25,0
SITE_008_S0077,SITE_008,278.6372985839844,278.1720886230469,281.31982421875,0,-243170.25,-0.0001166239380836487,-4.294095560908318e-06,4.040344003856896,-7.345364722995101e-24,-7.345364920210326e-25,0
SITE_008_S0078,SITE_008,276.4201202392578,275.9896850585937,278.528076171875,0,-135070.5,-9.94652509689331e-07,-1.466833055019379e-07,1.82410518296052,-7.345364722995101e-24,-7.345364920210326e-25,0
SITE_008_S0079,SITE_008,273.8209991455078,272.8567199707031,275.2826538085937,0,-277227.25,-9.948387742042542e-05,-6.789807230234146e-06,3.908247108899464,0.009765625,0.0017194747924804,1
SITE_008_S0080,SITE_008,276.728515625,274.6811218261719,276.5453796386719,0,-248846.5,-2.228468656539917e-05,-1.692911610007286e-06,2.709870624755677,0.0009765625,0.00025177001953125,0
SITE_008_S0081,SITE_008,273.4564971923828,273.012939453125,274.9300384521484,0,-130424.25,-4.878640174865723e-05,-3.363238647580147e-06,2.826785094177294,0.001953125,0.0003147125244140625,1
SITE_008_S0082,SITE_008,269.2626647949219,268.5129547119141,272.7221374511719,0,-279575.75,-7.114000618457794e-05,-5.743466317653656e-06,4.605389231175652,0.02734375,0.0040855407714843,1
SITE_008_S0083,SITE_008,270.4565734863281,269.5820617675781,273.3901062011719,0,-266335,-7.248297333717346e-05,-5.508074536919594e-06,3.932375394676352,0.013671875,0.0021677017211914,1
SITE_008_S0084,SITE_008,274.2627258300781,273.5456237792969,275.0746765136719,0,-147188.5,-6.914138793945312e-06,-6.999121978878975e-06,1.873245131868946,0.015625,0.0024480819702148,0
SITE_008_S0085,SITE_008,276.0042724609375,275.6295013427734,275.6339263916016,0,3571.5,-3.374740481376648e-05,-2.176733687520027e-06,2.772722545206672,0.0390625,0.0059328079223632,0
SITE_008_S0086,SITE_008,274.8707580566406,274.8669281005859,275.4730529785156,0,6785.5,-6.556510925292969e-06,-5.581881850957871e-06,2.721353113841198,0.0166015625,0.0030584335327148,0
SITE_008_S0087,SITE_008,274.2954559326172,273.2715148925781,275.1109619140625,0,-252943,-6.389245390892029e-05,-8.181203156709671e-06,3.949221525782928,0.0107421875,0.001866340637207,0
SITE_008_S0088,SITE_008,277.4089813232422,275.3340759277344,276.7060394287109,0,-43412.5,4.76837158203125e-07,4.784669727087021e-07,0.8489543978568816,-7.345364722995101e-24,2.384185791015625e-05,0
SITE_008_S0089,SITE_008,274.8364105224609,274.7528686523437,275.6365509033203,0,-45952.5,-5.595386028289795e-06,-5.519483238458633e-06,1.516156346323867,0.0048828125,0.0008144378662109375,0
SITE_008_S0090,SITE_008,273.4979095458984,272.1398315429688,274.728759765625,0,-154923,-9.454786777496338e-06,-1.221662387251854e-06,2.08996553049486,0.0048828125,0.0008220672607421875,1
SITE_008_S0091,SITE_008,277.9465637207031,277.9144592285156,278.3353424072266,0,-31673.75,-8.950009942054749e-06,-8.94954428076744e-06,2.037537767285229,-7.345364722995101e-24,1.430511474609375e-05,0
SITE_008_S0092,SITE_008,274.9540710449219,274.7535095214844,276.7831420898437,0,-12458.5,-5.532056093215942e-07,3.37604433298111e-07,1.230417889229393,0.0791015625,0.0145673751831054,0
SITE_008_S0093,SITE_008,269.1233520507812,268.5569000244141,275.5302886962891,0,-80172,-3.794021904468536e-05,-1.519476063549519e-05,2.91869580804036,0.197265625,0.0319252014160156,1
SITE_008_S0094,SITE_008,268.5424652099609,266.4579162597656,274.4695434570312,0,-313206.5,-1.381337642669678e-05,-7.961643859744072e-06,2.498204030634714,0.15234375,0.027505874633789,1
SITE_008_S0095,SITE_008,269.9780426025391,266.6513366699219,273.3829803466797,0,-257807.5,-7.070600986480713e-06,1.186970621347427e-06,2.201244651861487,0.0419921875,0.0084161758422851,1
SITE_008_S0096,SITE_008,272.4037475585937,271.5647888183594,273.4633941650391,0,-81488,-2.723932266235352e-05,-8.243601769208908e-06,2.136351514739396,0.0244140625,0.0051221847534179,1
SITE_008_S0097,SITE_008,274.1743774414062,273.602294921875,272.4639892578125,0,22163.5,-9.313225746154785e-08,6.435438990592957e-07,0.6043339912868217,0.1865234375,0.0304183959960937,1
SITE_008_S0098,SITE_008,276.5709686279297,275.9698791503906,275.177490234375,0,-26416.25,9.78820025920868e-06,9.78820025920868e-06,1.430894908898596,0.0263671875,0.0046987533569335,0
SITE_008_S0099,SITE_008,278.5141296386719,278.3946838378906,278.1802978515625,0,8223.5,-5.386769771575928e-06,-5.39049506187439e-06,3.588475774064089,-7.345364722995101e-24,5.817413330078125e-05,0
SITE_008_S0100,SITE_008,269.7712554931641,269.4477081298828,273.5329437255859,0,-260740.25,-0.0001339279115200043,-5.970243364572525e-06,6.447470959659242,0.0048828125,0.00084686279296875,1
SITE_008_S0101,SITE_008,275.1971435546875,274.3737487792969,276.0206146240234,0,-142367.75,-2.23889946937561e-05,-3.764405846595764e-06,2.392196123125847,0.0009765625,0.0001659393310546875,0
SITE_008_S0102,SITE_008,276.9650268554688,272.6461944580078,275.2741851806641,0,-83702.25,-2.119690179824829e-06,-1.198612153530121e-06,0.7246574016840867,0.00390625,0.000690460205078125,1
SITE_008_S0103,SITE_008,279.5662384033203,277.1124267578125,279.0556335449219,0,-251846,-8.020550012588501e-05,-8.213333785533905e-06,2.570317742093973,-7.345364722995101e-24,9.5367431640625e-07,0
SITE_008_S0104,SITE_008,278.5391540527344,277.882568359375,278.6392211914062,0,-36170,-1.282617449760437e-05,-1.249369233846664e-05,0.9418430069554492,0.001953125,0.0003833770751953125,0
SITE_008_S0105,SITE_008,279.9151763916016,277.0251617431641,280.6711273193359,544,-174448.5,-1.298263669013977e-06,-6.288755685091019e-07,1.876733444777007,-7.345364722995101e-24,-7.345364920210326e-25,0
SITE_008_S0106,SITE_008,283.5212860107422,282.6526641845703,284.6756439208984,22916,-136026,1.568347215652466e-06,1.569511368870735e-06,0.7884630269899029,-7.345364722995101e-24,-7.345364920210326e-25,0
SITE_008_S0107,SITE_008,281.6843566894531,279.9788360595703,282.7244415283203,70723,-250594.5,-1.542456448078156e-05,-5.761627107858658e-06,2.241310110006883,-7.345364722995101e-24,9.5367431640625e-07,0
SITE_008_S0108,SITE_008,285.4436798095703,281.5507049560547,284.3357849121094,68470,-134754,-7.111579179763794e-06,-5.866633728146553e-06,1.317054099902329,-7.345364722995101e-24,-7.345364920210326e-25,0
SITE_008_S0109,SITE_008,282.9671936035156,282.1467742919922,284.2905731201172,91589,-170865.5,3.278255462646485e-07,3.287568688392639e-07,1.456804430221228,-7.345364722995101e-24,-7.345364920210326e-25,0
SITE_008_S0110,SITE_008,284.6126098632812,284.7273406982422,286.1433715820312,58063,-62772.25,-8.264556527137756e-06,-5.545560270547867e-06,0.7916797722601707,-7.345364722995101e-24,-7.345364920210326e-25,0
SITE_008_S0111,SITE_008,286.3786010742188,285.9220123291016,287.1609039306641,85102,-113828,-9.386427700519562e-05,-2.028676681220531e-05,4.184180307179189,-7.345364722995101e-24,-7.345364920210326e-25,0
SITE_008_S0112,SITE_008,284.9848937988281,283.8093109130859,286.304443359375,107123,-274127.5,-0.0001136269420385361,-2.613733522593975e-05,3.217405193787251,-7.345364722995101e-24,-7.345364920210326e-25,0
SITE_008_S0113,SITE_008,291.1398773193359,284.7405242919922,287.8691558837891,96578,-182304.5,-3.525987267494202e-06,-3.007473424077034e-06,0.6075352842607002,-7.345364722995101e-24,-7.345364920210326e-25,0
SITE_008_S0114,SITE_008,287.9205169677734,286.8999176025391,288.8745269775391,78834,-236255.5,-7.173232734203339e-05,-1.547392457723618e-05,3.145849305788464,-7.345364722995101e-24,-7.345364920210326e-25,0
SITE_008_S0115,SITE_008,286.3424682617188,283.564208984375,287.1762847900391,65364,-187693.5,-3.79420816898346e-06,-2.840533852577209e-06,1.487120896420195,-7.345364722995101e-24,-7.345364920210326e-25,0
SITE_008_S0116,SITE_008,288.9881744384766,286.3925018310547,289.2741394042969,50652,-211774,-4.29302453994751e-05,-1.189857721328735e-05,2.200211816601795,-7.345364722995101e-24,-7.345364920210326e-25,0
SITE_008_S0117,SITE_008,290.1245269775391,288.0443572998047,290.1863098144531,33705,-201849.5,-9.074993431568146e-05,-1.813005656003952e-05,2.525714503702226,-7.345364722995101e-24,-7.345364920210326e-25,0
SITE_008_S0118,SITE_008,289.7829895019531,287.7707061767578,290.7885131835937,21749,-163488.75,-2.142041921615601e-07,-1.224689185619354e-07,1.641990400457242,-7.345364722995101e-24,-7.345364920210326e-25,0
SITE_008_S0119,SITE_008,290.62353515625,289.0063171386719,291.9962005615234,11277,-158799.5,-1.637823879718781e-05,-7.216585800051689e-06,1.512409763985495,-7.345364722995101e-24,-7.345364920210326e-25,0
SITE_008_S0120,SITE_008,288.3514099121094,287.8192901611328,289.5891418457031,690,-78228,-9.720586240291595e-05,-2.888287417590618e-05,3.324220400754079,-7.345364722995101e-24,-7.345364920210326e-25,0
SITE_008_S0121,SITE_008,289.2958831787109,288.3897552490234,290.8092956542969,0,-177950,-3.449618816375732e-05,-4.571396857500076e-06,2.45939460901875,-7.345364722995101e-24,-7.345364920210326e-25,0
SITE_008_S0122,SITE_008,286.6259918212891,285.6130676269531,288.6414031982422,0,-261006.5,-3.173947334289551e-05,-4.218891263008118e-06,2.543473639299432,-7.345364722995101e-24,-7.345364920210326e-25,0
SITE_008_S0123,SITE_008,284.8892669677734,281.4516143798828,285.5137786865234,0,-192712.25,-9.387731552124024e-07,-5.229376256465912e-07,1.372162230813369,-7.345364722995101e-24,-7.345364920210326e-25,0
SITE_008_S0124,SITE_008,286.9653472900391,283.0581359863281,286.5484771728516,0,-214282,-2.313405275344849e-05,-4.902016371488571e-06,2.359497647628544,-7.345364722995101e-24,-7.345364920210326e-25,0
SITE_008_S0125,SITE_008,284.2767791748047,281.8071594238281,285.4700469970703,0,-178173.75,2.946704626083374e-06,2.949032932519913e-06,1.350570800076497,-7.345364722995101e-24,-7.345364920210326e-25,0
SITE_008_S0126,SITE_008,287.3380432128906,285.8348541259766,287.9506988525391,0,-192513.75,-6.194040179252625e-05,-3.734370693564415e-06,2.296238495781874,-7.345364722995101e-24,-7.345364920210326e-25,0
SITE_008_S0127,SITE_008,284.6286010742188,283.8917846679688,286.61181640625,0,-281903,-0.0001234021037817001,-3.383727744221688e-06,3.415059527302294,-7.345364722995101e-24,-7.345364920210326e-25,0
SITE_008_S0128,SITE_008,284.25146484375,278.7602081298828,282.5148162841797,0,-180587,1.527369022369385e-07,7.799826562404634e-08,1.030198058878219,-7.345364722995101e-24,-7.345364920210326e-25,0
SITE_008_S0129,SITE_008,279.7539367675781,278.9183349609375,282.0472869873047,0,-288985.5,-0.0001304410398006439,-8.081784471869469e-06,3.577404191676409,-7.345364722995101e-24,-7.345364920210326e-25,0
SITE_008_S0130,SITE_008,276.5056457519531,276.4770355224609,278.8093414306641,0,-18940,-2.761185169219971e-05,-2.761255018413067e-05,2.359077508327672,0.0068359375,0.0012531280517578,0
SITE_008_S0131,SITE_008,280.6259918212891,279.2378997802734,280.3305358886719,0,-97910.5,-4.018098115921021e-05,-5.383044481277466e-06,1.910829244381399,0.001953125,0.0003204345703125,0
SITE_008_S0132,SITE_008,281.9368591308594,281.7975769042969,282.1666107177734,0,-66262.75,6.742775440216064e-06,6.744870916008949e-06,3.641862043639572,-7.345364722995101e-24,-7.345364920210326e-25,0
SITE_008_S0133,SITE_008,278.9806976318359,278.5519409179688,280.9485168457031,0,-122065.75,-6.522983312606812e-06,-1.829583197832108e-06,1.574734552719564,-7.345364722995101e-24,-7.345364920210326e-25,0
SITE_008_S0134,SITE_008,277.79931640625,275.9254608154297,278.0350494384766,0,5078.5,4.097819328308106e-07,4.081521183252336e-07,0.068775561982942,0.0517578125,0.0078201293945312,0
SITE_008_S0135,SITE_008,275.3779754638672,273.9676666259766,275.7603302001953,0,-179390,-1.189112663269043e-05,-5.983747541904449e-07,2.600418628214427,0.0087890625,0.0014219284057617,0
SITE_008_S0136,SITE_008,280.5839080810547,280.0800018310547,280.444091796875,0,-55916.25,-2.430006861686707e-05,-9.13790427148342e-06,2.259655446244906,-7.345364722995101e-24,8.678436279296875e-05,0
SITE_008_S0137,SITE_008,276.1828155517578,275.9534606933594,275.9868927001953,0,3551,-5.699694156646729e-07,-5.706679075956345e-07,0.981256516335716,0.0087890625,0.0013141632080078,0
SITE_008_S0138,SITE_008,278.7573089599609,278.0364685058594,278.0748596191406,0,-38882.75,2.324581146240234e-06,2.304557710886002e-06,1.273011438076838,0.001953125,0.000278472900390625,0
SITE_008_S0139,SITE_008,272.2057952880859,268.9606475830078,273.2024230957031,0,-203516,-1.410767436027527e-05,-3.61492857336998e-06,2.277133796686376,-7.345364722995101e-24,9.5367431640625e-06,1
SITE_008_S0140,SITE_008,271.0363159179688,270.3772735595703,273.6077575683594,0,-294314.5,-0.0001145992428064346,-5.813781172037125e-06,4.711366490717271,0.001953125,0.0003061294555664062,1
SITE_008_S0141,SITE_008,272.0633697509766,271.7619323730469,273.9376983642578,0,-168722,-9.522400796413422e-05,-5.831476300954819e-06,5.903333120631924,0.0068359375,0.0011911392211914,1
SITE_008_S0142,SITE_008,273.0687408447266,272.4549255371094,274.3957214355469,0,-204737.5,-4.608556628227234e-05,-2.953922376036644e-06,3.818079039644021,0.0087890625,0.0014619827270507,1
SITE_008_S0143,SITE_008,272.7199859619141,271.8647308349609,273.3779754638672,0,-153478.5,-8.922070264816284e-07,-8.87550413608551e-07,2.357257094644997,0.0126953125,0.0018911361694335,1
SITE_008_S0144,SITE_008,274.0396118164062,272.6809844970703,273.5857086181641,0,-48445,1.143664121627808e-06,1.039821654558182e-06,1.442621124305512,0.0322265625,0.0050086975097656,1
SITE_008_S0145,SITE_008,271.5588989257812,268.2901916503906,273.8584594726562,0,-22226,2.492219209671021e-06,2.493150532245636e-06,2.143588218394123,0.1044921875,0.0161695480346679,1
SITE_008_S0146,SITE_008,272.6780090332031,270.9690704345703,273.8589324951172,0,-172294,5.617737770080566e-06,5.998183041810989e-06,2.269512975370599,0.0986328125,0.0175695419311523,1
SITE_008_S0147,SITE_008,275.7617950439453,266.6007995605469,272.8843078613281,0,-185658,1.989305019378662e-06,1.989072188735008e-06,0.8499233834374426,0.0263671875,0.0050048828125,1
SITE_008_S0148,SITE_008,271.3251647949219,268.7478179931641,273.5194244384766,0,-206210,3.255903720855713e-06,3.25869768857956e-06,1.609558596835751,0.001953125,0.0004701614379882813,1
SITE_008_S0149,SITE_008,274.9544067382812,271.4538879394531,274.8996276855469,0,-205526.25,4.447996616363525e-06,4.448462277650833e-06,2.249549108806833,-7.345364722995101e-24,1.049041748046875e-05,1
SITE_008_S0150,SITE_008,274.7489624023437,271.7057647705078,275.3213806152344,0,-161341,4.019588232040405e-06,4.017725586891174e-06,1.3886711103368,-7.345364722995101e-24,-7.345364920210326e-25,1
SITE_008_S0151,SITE_008,277.5514526367188,276.7057647705078,278.2315521240234,0,-221664.75,-1.915916800498962e-05,-1.741107553243637e-06,2.739154257193906,-7.345364722995101e-24,9.441375732421876e-05,0
SITE_008_S0152,SITE_008,274.9220581054688,270.8085327148437,274.9736175537109,0,-228151.5,-8.538365364074707e-06,-2.977671101689339e-06,2.150942526887665,-7.345364722995101e-24,8.487701416015625e-05,1
SITE_008_S0153,SITE_008,274.5321044921875,273.1910858154297,276.2169342041016,0,-260422.5,-2.5872141122818e-05,-2.479180693626404e-06,2.374877998167737,-7.345364722995101e-24,2.193450927734375e-05,0
SITE_008_S0154,SITE_008,277.4105682373047,277.5969085693359,278.9325561523437,0,-35955.5,-6.705522537231445e-06,-6.707385182380676e-06,1.558954175705825,-7.345364722995101e-24,-7.345364920210326e-25,0
SITE_008_S0155,SITE_008,273.9031219482422,270.7788543701172,275.1411437988281,0,-197660.5,4.656612873077393e-06,4.654284566640854e-06,2.039282291643301,0.0087890625,0.0014295578002929,1
SITE_008_S0156,SITE_008,272.8717498779297,270.9332580566406,274.9255676269531,0,-295007.25,-2.339482307434082e-05,-3.131106495857239e-06,2.165946211208868,-7.345364722995101e-24,1.811981201171875e-05,1
SITE_008_S0157,SITE_008,280.9919128417969,279.303466796875,281.1238250732422,517,-75285,-8.821487426757812e-06,-3.86405736207962e-06,1.579496198190673,-7.345364722995101e-24,-7.345364920210326e-25,0
SITE_008_S0158,SITE_008,277.7129364013672,277.3362731933594,279.3327178955078,2958,-98387.75,-8.518248796463013e-05,-1.907697878777981e-05,2.767206117968312,0.00390625,0.0005426406860351562,0
SITE_008_S0159,SITE_008,278.3160705566406,277.4962463378906,280.1505584716797,13815,-170354.75,-2.029165625572205e-05,-5.217501893639565e-06,2.076379716534581,-7.345364722995101e-24,9.5367431640625e-07,0
SITE_008_S0160,SITE_008,276.9542083740234,275.4440460205078,278.0149536132812,27496,-123916.5,-7.592141628265381e-06,-7.291091606020927e-06,1.852608707961454,-7.345364722995101e-24,5.626678466796875e-05,0
SITE_008_S0161,SITE_008,277.1168670654297,276.2292022705078,279.4129333496094,56737,-322055.25,-0.000180928036570549,-2.409657463431358e-05,4.120298357726257,-7.345364722995101e-24,-7.345364920210326e-25,0
SITE_008_S0162,SITE_008,281.8358001708984,281.3406372070312,282.1360321044922,40510,-107097.75,-3.528408706188202e-05,-7.18352384865284e-06,2.90107354374934,-7.345364722995101e-24,-7.345364920210326e-25,0
SITE_008_S0163,SITE_008,283.6459655761719,283.1244201660156,284.3127746582031,66719,-131446.75,-7.513165473937988e-05,-1.421850174665451e-05,3.502058057820556,-7.345364722995101e-24,-7.345364920210326e-25,0
SITE_008_S0164,SITE_008,283.3743591308594,281.3979187011719,284.3586578369141,103517,-184046.25,1.605600118637085e-06,1.605367287993431e-06,1.17511407867814,-7.345364722995101e-24,-7.345364920210326e-25,0
SITE_008_S0165,SITE_008,279.0895538330078,276.6899566650391,280.7741546630859,117850,-258366,-1.198984682559967e-05,-8.700648322701454e-06,1.991159104111775,-7.345364722995101e-24,-7.345364920210326e-25,0
SITE_008_S0166,SITE_008,285.0340881347656,281.6050720214844,283.7380981445312,63036,-82427,-5.718320608139038e-06,-4.882924258708954e-06,0.5026716466278032,-7.345364722995101e-24,-7.345364920210326e-25,0
SITE_008_S0167,SITE_008,290.4880065917969,285.5128784179688,288.2548217773437,106650,-168725.5,-2.887099981307983e-06,-2.396991476416588e-06,1.252060389517203,-7.345364722995101e-24,-7.345364920210326e-25,0
SITE_008_S0168,SITE_008,291.0598297119141,289.9416961669922,292.0527038574219,87029,-166712.5,-2.557970583438873e-05,-1.449650153517723e-05,1.993925481900457,-7.345364722995101e-24,-7.345364920210326e-25,0
SITE_008_S0169,SITE_008,288.9594268798828,286.1522369384766,289.5486755371094,81523,-221891,-1.642853021621704e-05,-9.051058441400528e-06,1.92167644527841,-7.345364722995101e-24,-7.345364920210326e-25,0
SITE_008_S0170,SITE_008,286.9986419677734,285.9285736083984,288.9980316162109,66055,-306740.5,-0.0001779608428478241,-2.057850360870361e-05,3.215782483176435,-7.345364722995101e-24,-7.345364920210326e-25,0
SITE_008_S0171,SITE_008,287.4942626953125,284.8561553955078,288.8370971679688,48594,-219190,1.452863216400146e-07,1.341104507446289e-07,1.233825322179909,-7.345364722995101e-24,-7.345364920210326e-25,0
SITE_008_S0172,SITE_008,291.3359527587891,286.6438903808594,290.7925415039062,34052,-204545,-2.576038241386414e-06,-1.695938408374786e-06,0.5257097377478972,-7.345364722995101e-24,-7.345364920210326e-25,0
SITE_008_S0173,SITE_008,285.4775695800781,283.7286376953125,287.3017425537109,21861,-280678,-9.158067405223846e-05,-1.540407538414001e-05,2.396750881645992,-7.345364722995101e-24,-7.345364920210326e-25,0
SITE_008_S0174,SITE_008,290.5229797363281,289.2472991943359,291.2787475585937,2663,-49388,-9.268522262573242e-06,-6.800051778554916e-06,0.4563063046356697,-7.345364722995101e-24,-7.345364920210326e-25,0
SITE_008_S0175,SITE_008,284.5357055664062,283.9311065673828,287.3928375244141,3980,-236713,-9.263865649700163e-05,-9.246636182069778e-06,3.306607568056522,-7.345364722995101e-24,-7.345364920210326e-25,0
SITE_008_S0176,SITE_008,289.3995971679688,289.7012023925781,291.0486450195312,157,-27329.75,-1.371465623378754e-05,-1.371558755636215e-05,0.6434779407226173,-7.345364722995101e-24,-7.345364920210326e-25,0
SITE_008_S0177,SITE_008,287.3518676757812,284.5373687744141,288.1010131835937,0,-169922.75,-2.332031726837158e-06,-1.420732587575912e-06,1.686946960674774,-7.345364722995101e-24,-7.345364920210326e-25,0
SITE_008_S0178,SITE_008,291.5859985351562,285.8313751220703,289.1775512695312,0,-159387.5,-9.126961231231688e-07,-7.180497050285339e-07,0.8598449853741001,-7.345364722995101e-24,-7.345364920210326e-25,0
SITE_008_S0179,SITE_008,287.1990356445312,285.7944030761719,288.5526275634766,0,-234292.75,-7.278658449649811e-05,-5.815178155899048e-06,2.517982762472986,-7.345364722995101e-24,-7.345364920210326e-25,0
SITE_008_S0180,SITE_008,283.0218963623047,281.8328704833984,284.4359130859375,0,-32042.5,-7.102265954017639e-06,-3.723427653312683e-06,1.203776311031628,-7.345364722995101e-24,-7.345364920210326e-25,0
SITE_008_S0181,SITE_008,285.649169921875,284.60595703125,286.5244903564453,0,-76020.5,-1.628696918487549e-05,-2.742744982242584e-06,1.701477624552565,-7.345364722995101e-24,-7.345364920210326e-25,0
SITE_008_S0182,SITE_008,283.3256378173828,282.6405792236328,284.2328033447266,0,-169064.5,-3.21120023727417e-05,-3.355788066983223e-06,2.593976840197148,-7.345364722995101e-24,-7.345364920210326e-25,0
SITE_008_S0183,SITE_008,284.3446655273437,284.133544921875,284.9189758300781,0,-34952.5,-6.381422281265259e-06,-4.876405000686646e-06,1.935821021553848,-7.345364722995101e-24,-7.345364920210326e-25,0
SITE_008_S0184,SITE_008,283.7211303710937,283.7798309326172,284.4517822265625,0,-5334.5,-5.569308996200562e-06,-5.570007488131523e-06,0.8752151856893475,-7.345364722995101e-24,-7.345364920210326e-25,0
SITE_008_S0185,SITE_008,282.2094573974609,282.2900390625,283.7520904541016,0,-92030.25,-3.688037395477295e-07,-3.729946911334993e-07,1.480473329170865,-7.345364722995101e-24,-7.345364920210326e-25,0
SITE_008_S0186,SITE_008,281.9600830078125,280.8536529541016,282.9048004150391,0,-126579.25,7.413327693939209e-06,7.416354492306709e-06,1.786981940025263,-7.345364722995101e-24,-7.345364920210326e-25,0
SITE_008_S0187,SITE_008,277.9992980957031,277.6073913574219,279.8657073974609,0,-77915.5,-4.637986421585083e-06,-4.636123776435852e-06,0.9557987760275048,-7.345364722995101e-24,-7.345364920210326e-25,0
SITE_008_S0188,SITE_008,273.8978118896484,272.5411529541016,275.8001098632812,0,-260149.5,-1.422688364982605e-05,-1.050066202878952e-06,2.536880647535201,0.0048828125,0.0007619857788085938,1
SITE_008_S0189,SITE_008,269.5698089599609,267.3775329589844,278.5560302734375,0,-153717,1.463666558265686e-05,1.463363878428936e-05,2.633358335741364,0.2421875,0.0399665832519531,1
SITE_008_S0190,SITE_008,280.6388244628906,280.2227172851562,279.7186126708984,0,5687.5,-2.23703682422638e-05,-4.59747388958931e-06,6.956083056039788,0.0361328125,0.0066738128662109,0
SITE_008_S0191,SITE_008,276.0140228271484,274.5844116210937,277.3226928710937,0,-145529.5,1.270323991775513e-06,1.267995685338974e-06,2.198727620697126,-7.345364722995101e-24,0.000125885009765625,0
SITE_008_S0192,SITE_008,275.0597839355469,272.9475402832031,274.8871459960937,0,-264170,-6.341561675071716e-05,-5.413545295596123e-06,2.70451253114863,-7.345364722995101e-24,2.09808349609375e-05,1
SITE_008_S0193,SITE_008,274.1586761474609,272.4335784912109,274.1177215576172,0,-31442,-5.424022674560547e-06,-2.616783604025841e-06,1.316561533845421,0.0068359375,0.0011987686157226,1
SITE_008_S0194,SITE_008,280.7621154785156,280.0349884033203,279.9287872314453,0,-72459,-3.266334533691406e-05,-1.559685915708542e-05,3.403077964038222,0.0009765625,0.0002489089965820312,0
SITE_008_S0195,SITE_008,276.7236022949219,276.1492614746094,277.3209228515625,0,-125769.5,-0.0001065507531166077,-2.000504173338413e-05,4.89132128680132,0.0009765625,0.0001163482666015625,0
SITE_008_S0196,SITE_008,272.7764892578125,269.6658935546875,274.14208984375,0,-218351.5,-1.076608896255493e-06,-6.526242941617966e-07,1.285938415965738,-7.345364722995101e-24,1.621246337890625e-05,1
SITE_008_S0197,SITE_008,277.9966430664062,277.5892791748047,277.5123138427734,0,-13549,-5.190074443817139e-05,-4.961155354976654e-06,3.943352647935525,-7.345364722995101e-24,1.9073486328125e-06,0
SITE_008_S0198,SITE_008,277.2040405273437,277.255615234375,277.6672668457031,0,-15985.75,-4.433095455169678e-06,-4.433095455169678e-06,0.4165910205432768,-7.345364722995101e-24,6.67572021484375e-06,0
SITE_008_S0199,SITE_008,275.5215454101562,274.2980651855469,275.9349060058594,0,-100138.5,8.21426510810852e-07,8.246861398220062e-07,0.7022573775936016,-7.345364722995101e-24,1.1444091796875e-05,0
SITE_008_S0200,SITE_008,274.4244079589844,272.0172119140625,273.8326110839844,0,-55090.5,-7.651746273040771e-06,-3.002118319272995e-06,1.542994110598888,0.0078125,0.0011768341064453,1
SITE_008_S0201,SITE_008,276.6724853515625,276.6638488769531,276.871337890625,0,1434.75,-3.710389137268066e-06,-3.706431016325951e-06,1.604524903641958,0.0009765625,0.0001382827758789062,0
SITE_008_S0202,SITE_008,281.7439880371094,280.4241027832031,280.2365417480469,0,-139029.5,-5.375593900680542e-05,-8.684583008289337e-06,3.711112819846849,-7.345364722995101e-24,2.86102294921875e-06,0
SITE_008_S0203,SITE_008,275.4366760253906,274.4512786865234,275.9488983154297,0,-120022.75,6.584450602531433e-06,6.585847586393356e-06,1.16397893848938,0.0009765625,0.0001535415649414062,0
SITE_008_S0204,SITE_008,274.2280578613281,269.7187805175781,273.9644470214844,0,-224229.25,1.32247805595398e-06,1.321546733379364e-06,0.912429880381788,-7.345364722995101e-24,1.811981201171875e-05,1
SITE_008_S0205,SITE_008,278.0511016845703,277.2873382568359,277.6061553955078,0,-63361.25,-5.207024514675141e-05,-6.130896508693695e-06,3.036900532768751,-7.345364722995101e-24,1.9073486328125e-05,0
SITE_008_S0206,SITE_008,273.9439086914062,273.6555938720703,275.5001831054688,0,-35929.25,-1.170113682746887e-05,-2.487329766154289e-06,0.8614047666166552,0.0107421875,0.0018377304077148,0
SITE_008_S0207,SITE_008,273.3446044921875,272.604736328125,274.8488159179688,0,-159922.75,-5.77680766582489e-05,-9.725335985422134e-06,3.319025958807055,0.013671875,0.0023155212402343,1
SITE_008_S0208,SITE_008,275.4435729980469,274.7644958496094,276.3939208984375,0,-88369.75,-2.280436456203461e-05,-2.774642780423164e-06,1.684806028059516,0.0048828125,0.0008821487426757812,0
SITE_008_S0209,SITE_008,277.1742248535156,276.4498901367188,277.6801452636719,0,-120124,-8.511915802955627e-05,-6.913207471370697e-06,3.117013263770073,-7.345364722995101e-24,4.76837158203125e-06,0
SITE_008_S0210,SITE_008,277.0773773193359,274.2157287597656,277.6502227783203,0,-175513.25,2.047047019004822e-06,2.046814188361168e-06,0.975402959259428,-7.345364722995101e-24,-7.345364920210326e-25,0
SITE_008_S0211,SITE_008,276.201171875,273.4345855712891,276.7060394287109,0,-102468.75,-4.380941390991211e-06,-9.979121387004852e-07,1.829576918134088,0.0126953125,0.0019264221191406,0
SITE_008_S0212,SITE_008,273.8970642089844,272.3069000244141,275.7537536621094,0,-280964.25,-1.373142004013062e-05,-2.177897840738297e-06,2.562086347494867,-7.345364722995101e-24,4.38690185546875e-05,1
SITE_008_S0213,SITE_008,275.9657135009766,272.5449981689453,277.0702819824219,0,-211654.5,-1.486390829086303e-06,-7.587950676679611e-07,1.6690175119427,-7.345364722995101e-24,-7.345364920210326e-25,1
SITE_008_S0214,SITE_008,277.8842010498047,272.7572021484375,277.5203094482422,0,-210795.5,-2.149492502212524e-06,-1.11130066215992e-06,1.513728468744513,-7.345364722995101e-24,-7.345364920210326e-25,1
SITE_008_S0215,SITE_008,283.1793823242188,282.5552673339844,283.2835540771484,321,-35045,-1.003220677375794e-05,-1.002917997539043e-05,1.450850163019273,-7.345364722995101e-24,-7.345364920210326e-25,0
SITE_008_S0216,SITE_008,282.8938751220703,283.1250762939453,283.9861145019531,3302,-4841.75,-5.871057510375977e-06,-5.883164703845978e-06,0.6340313203774144,-7.345364722995101e-24,-7.345364920210326e-25,0
SITE_008_S0217,SITE_008,284.3356628417969,283.7943572998047,284.0128936767578,4876,3202.25,-2.91094183921814e-05,-2.482673153281212e-05,2.319328020660321,-7.345364722995101e-24,-7.345364920210326e-25,0
SITE_008_S0218,SITE_008,281.6862487792969,278.3083343505859,282.2836303710937,37089,-208252,2.048909664154053e-06,2.049840986728668e-06,1.068680732892558,-7.345364722995101e-24,-7.345364920210326e-25,0
SITE_008_S0219,SITE_008,280.1349487304688,279.6437835693359,281.9254760742188,35488,-136896.75,-3.797188401222229e-05,-3.257882781326771e-05,2.627217727580031,-7.345364722995101e-24,-7.345364920210326e-25,0
SITE_008_S0220,SITE_008,285.4795837402344,283.7977447509766,285.8426971435547,76380,-277030,-5.559623241424561e-05,-1.386227086186409e-05,2.727213695931091,-7.345364722995101e-24,-7.345364920210326e-25,0
SITE_008_S0221,SITE_008,282.9486999511719,281.4186096191406,284.4819641113281,94706,-289388.5,-7.035210728645325e-05,-2.104649320244789e-05,2.071718978700299,-7.345364722995101e-24,-7.345364920210326e-25,0
SITE_008_S0222,SITE_008,284.7970428466797,283.1427154541016,285.46533203125,78159,-166867.75,2.235174179077149e-07,2.2142194211483e-07,0.4907750505024254,-7.345364722995101e-24,-7.345364920210326e-25,0
SITE_008_S0223,SITE_008,281.4973754882812,280.4954986572266,283.6204223632812,111719,-294475.5,-0.0001227278262376785,-2.981116995215416e-05,3.230496019060006,-7.345364722995101e-24,-7.345364920210326e-25,0
SITE_008_S0224,SITE_008,282.4772186279297,281.0991058349609,283.5315093994141,113236,-252945,-3.461539745330811e-05,-1.771561801433563e-05,2.434768090561665,-7.345364722995101e-24,-7.345364920210326e-25,0
SITE_008_S0225,SITE_008,283.6054840087891,282.1757659912109,284.6440887451172,107284,-254710,-5.721673369407654e-05,-1.904112286865711e-05,2.507650511440217,-7.345364722995101e-24,-7.345364920210326e-25,0
SITE_008_S0226,SITE_008,288.0091400146484,285.8570556640625,288.3334350585937,95071,-163653,2.626329660415649e-07,2.600718289613724e-07,0.745124218315111,-7.345364722995101e-24,-7.345364920210326e-25,0
SITE_008_S0227,SITE_008,288.1941986083984,287.0144653320312,289.1392974853516,76544,-141750.5,-2.134591341018677e-06,-2.133194357156753e-06,1.772268590723377,-7.345364722995101e-24,-7.345364920210326e-25,0
SITE_008_S0228,SITE_008,286.3069915771484,284.6753387451172,287.2949981689453,67281,-212304,-0.0001400671899318695,-2.687540836632252e-05,2.526672457446854,-7.345364722995101e-24,-7.345364920210326e-25,0
SITE_008_S0229,SITE_008,287.1796569824219,285.3105926513672,288.2655029296875,60078,-255019.5,-0.0001226291060447693,-2.634152770042419e-05,2.341770777266593,-7.345364722995101e-24,-7.345364920210326e-25,0
SITE_008_S0230,SITE_008,288.6765441894531,283.4804840087891,287.2713317871094,48103,-190065,-2.920627593994141e-06,-2.048909664154053e-06,1.04172906619174,-7.345364722995101e-24,-7.345364920210326e-25,0
SITE_008_S0231,SITE_008,288.28466796875,285.9613037109375,289.2274932861328,23197,-123979.5,-1.226179301738739e-05,-6.466172635555267e-06,1.461438860590182,-7.345364722995101e-24,-7.345364920210326e-25,0
SITE_008_S0232,SITE_008,292.0881500244141,288.9077301025391,292.0606079101562,19264,-180059.5,-2.316012978553772e-05,-6.441492587327957e-06,2.115088894707295,-7.345364722995101e-24,-7.345364920210326e-25,0
SITE_008_S0233,SITE_008,289.4577789306641,284.21533203125,288.3130645751953,10363,-204031.5,-4.455447196960449e-06,-1.990469172596931e-06,1.252762293840505,-7.345364722995101e-24,-7.345364920210326e-25,0
SITE_008_S0234,SITE_008,290.0132751464844,289.526611328125,291.9945831298828,2723,-146565.5,-2.317503094673157e-05,-4.969071596860886e-06,0.9318480536875112,-7.345364722995101e-24,-7.345364920210326e-25,0
SITE_008_S0235,SITE_008,287.7267150878906,285.4029083251953,288.7977142333984,471,-157734,-1.898035407066345e-06,-1.175329089164734e-06,1.372101980634144,-7.345364722995101e-24,-7.345364920210326e-25,0
SITE_008_S0236,SITE_008,285.3453369140625,282.4025421142578,286.8011779785156,0,-241957.75,-8.81776213645935e-06,-2.943910658359528e-06,1.666730026531828,-7.345364722995101e-24,-7.345364920210326e-25,0
SITE_008_S0237,SITE_008,283.4441833496094,282.8262481689453,285.55419921875,0,-113920.5,-9.159371256828308e-05,-6.675021722912788e-06,3.288493502538925,-7.345364722995101e-24,-7.345364920210326e-25,0
SITE_008_S0238,SITE_008,286.1956787109375,285.4255981445312,288.3456268310547,0,-217333.75,-4.918128252029419e-05,-3.349501639604568e-06,2.340177056629086,-7.345364722995101e-24,-7.345364920210326e-25,0
SITE_008_S0239,SITE_008,287.9579162597656,284.4104614257812,287.5606689453125,0,-164652,-9.719282388687134e-06,-2.666609361767769e-06,2.043605900987886,-7.345364722995101e-24,-7.345364920210326e-25,0
SITE_008_S0240,SITE_008,288.9603424072266,284.9755249023437,288.6506500244141,0,-187502.75,2.536922693252563e-06,2.535991370677948e-06,0.8231638184393509,-7.345364722995101e-24,-7.345364920210326e-25,0
SITE_008_S0241,SITE_008,285.3702239990234,284.1168670654297,286.7398223876953,0,-113244.25,3.48314642906189e-07,3.480818122625351e-07,0.6960616636587628,-7.345364722995101e-24,-7.345364920210326e-25,0
SITE_008_S0242,SITE_008,280.2930603027344,278.5480651855469,281.7563781738281,0,-192787.75,5.025416612625122e-06,5.02588227391243e-06,1.456086901395371,-7.345364722995101e-24,8.487701416015625e-05,0
SITE_008_S0243,SITE_008,280.4410400390625,280.1450653076172,281.6127624511719,0,-26879,-8.963048458099365e-06,-8.522998541593552e-06,1.203080781926807,-7.345364722995101e-24,-7.345364920210326e-25,0
SITE_008_S0244,SITE_008,277.0948638916016,276.7002868652344,279.3792266845703,0,-189425.75,-0.0001051425933837891,-1.463480293750763e-05,5.511709993749681,-7.345364722995101e-24,-7.345364920210326e-25,0
SITE_008_S0245,SITE_008,277.5991973876953,276.4496307373047,278.9105682373047,0,-204520,-2.012774348258972e-05,-2.136453986167908e-06,2.629938659754924,-7.345364722995101e-24,3.814697265625e-06,0
SITE_008_S0246,SITE_008,280.3290710449219,279.4923706054688,281.5594940185547,0,-125151,-1.437216997146606e-05,-1.254561357200146e-05,2.29532726973392,-7.345364722995101e-24,-7.345364920210326e-25,0
SITE_008_S0247,SITE_008,280.7623901367188,279.2341003417969,280.9032440185547,0,-215767,-2.954155206680298e-06,6.954651325941086e-07,2.539679553817348,-7.345364722995101e-24,-7.345364920210326e-25,0
SITE_008_S0248,SITE_008,277.0871429443359,276.3717803955078,278.9224700927734,0,-169040.5,-1.041218638420105e-05,-1.286622136831284e-06,2.192941475414384,-7.345364722995101e-24,-7.345364920210326e-25,0
SITE_008_S0249,SITE_008,279.7916870117188,279.0842895507812,280.9154052734375,0,-119347,-4.537403583526611e-06,-1.913169398903847e-06,1.970361180998285,-7.345364722995101e-24,-7.345364920210326e-25,0
SITE_008_S0250,SITE_008,278.2826538085937,277.5539703369141,279.6759643554688,0,-185441.5,-4.438683390617371e-05,-3.32854688167572e-06,3.125173052568675,-7.345364722995101e-24,-7.345364920210326e-25,0
SITE_008_S0251,SITE_008,272.4073638916016,269.2764434814453,273.6973724365234,0,-182137,-5.587935447692872e-08,-4.796311259269714e-08,1.665339901740055,0.0009765625,0.0001459121704101562,1
SITE_008_S0252,SITE_008,275.1565246582031,273.0084381103516,276.0342102050781,0,-228738.5,5.908310413360596e-06,5.895737558603287e-06,2.188189417357083,-7.345364722995101e-24,7.62939453125e-06,1
SITE_008_S0253,SITE_008,274.1795654296875,272.5435638427734,274.3777770996094,0,-2731,1.065433025360107e-06,1.065433025360107e-06,1.715077047317987,0.083984375,0.012801170349121,1
SITE_008_S0254,SITE_008,279.7249450683594,279.0116119384766,278.9504699707031,0,9886,-9.98377799987793e-07,-9.993091225624084e-07,0.2207941061881154,0.0078125,0.0012798309326171,0
SITE_008_S0255,SITE_008,278.3964691162109,277.7062072753906,278.4390258789062,0,-39151.25,1.544132828712463e-06,1.543667167425156e-06,0.9138323116282004,-7.345364722995101e-24,3.337860107421875e-05,0
SITE_008_S0256,SITE_008,273.4998168945312,273.0413055419922,274.3995971679688,0,-20803.25,-5.500391125679016e-06,-1.793727278709412e-06,1.40939332538415,0.0634765625,0.009617805480957,1
SITE_008_S0257,SITE_008,271.3135375976562,269.5974731445312,273.6110382080078,0,-305206.5,-5.223043262958527e-05,-6.855931133031845e-06,3.539525868344866,0.0439453125,0.0069446563720703,1
SITE_008_S0258,SITE_008,272.4452209472656,270.9504547119141,273.2325592041016,0,-219153.75,-1.025199890136719e-05,-9.417999535799026e-07,2.377001703611454,0.013671875,0.0022134780883789,1
SITE_008_S0259,SITE_008,274.8331756591797,273.6086578369141,275.2890014648437,0,-72503.5,-6.109476089477539e-06,-1.296401023864746e-06,1.555915584786876,0.001953125,0.000347137451171875,0
SITE_008_S0260,SITE_008,275.1875305175781,274.7776947021484,275.5097961425781,0,-5204.25,-6.264075636863708e-06,-6.149057298898697e-06,1.113003844805624,0.0146484375,0.0024356842041015,0
SITE_008_S0261,SITE_008,274.1955871582031,272.7264251708984,274.3839874267578,0,-68423.5,5.736947059631348e-07,5.73229044675827e-07,0.4664353109797297,0.0009765625,0.0001058578491210938,1
SITE_008_S0262,SITE_008,274.8513336181641,274.6415557861328,275.8983917236328,0,-21229.5,-2.064555883407593e-05,-1.904321834445e-05,1.497226254082403,0.0146484375,0.002781867980957,0
SITE_008_S0263,SITE_008,277.0631561279297,268.7018127441406,273.7852020263672,0,-218624.75,9.704381227493286e-07,9.72766429185867e-07,0.6654096565486464,-7.345364722995101e-24,2.47955322265625e-05,1
SITE_008_S0264,SITE_008,272.1746826171875,266.5366363525391,273.3990020751953,0,-202923.25,3.788620233535767e-06,3.808410838246346e-06,2.211951299747597,0.029296875,0.0046777725219726,1
SITE_008_S0265,SITE_008,278.0906524658203,276.2909240722656,280.2657470703125,0,-305450.5,-3.428943455219269e-05,-4.792585968971252e-06,2.001568167007108,-7.345364722995101e-24,-7.345364920210326e-25,0
SITE_008_S0266,SITE_008,280.3340759277344,276.4099273681641,280.3322296142578,11798,-248573,3.837049007415772e-06,3.928784281015396e-06,2.27927220319137,-7.345364722995101e-24,-7.345364920210326e-25,0
SITE_008_S0267,SITE_008,281.930908203125,278.7582550048828,282.3371887207031,42052,-197535,2.942979335784912e-06,2.944841980934143e-06,1.104242196405985,-7.345364722995101e-24,-7.345364920210326e-25,0
SITE_008_S0268,SITE_008,287.6403961181641,285.7236175537109,288.3031005859375,54933,-106478.5,-6.761401891708374e-07,-6.728805601596832e-07,0.8413420429666282,-7.345364722995101e-24,-7.345364920210326e-25,0
SITE_008_S0269,SITE_008,289.2849578857422,288.6917114257812,289.5417022705078,61011,-83614,-4.451721906661987e-06,-1.747393980622292e-06,1.337811043471231,-7.345364722995101e-24,-7.345364920210326e-25,0
SITE_008_S0270,SITE_008,289.6988830566406,288.2329711914062,290.5503540039062,110658,-192069,-4.163011908531189e-06,-3.692694008350372e-06,1.336649718197238,-7.345364722995101e-24,-7.345364920210326e-25,0
SITE_008_S0271,SITE_008,285.5116729736328,284.9193420410156,287.4239654541016,76961,-194147,-0.0001196563243865967,-2.532126381993294e-05,3.612012474009114,-7.345364722995101e-24,-7.345364920210326e-25,0
SITE_008_S0272,SITE_008,290.0063629150391,286.7509765625,290.8792266845703,44128,-215781,-5.602836608886719e-06,-2.886401489377022e-06,1.33021906982597,-7.345364722995101e-24,-7.345364920210326e-25,0
SITE_008_S0273,SITE_008,293.5030670166016,287.1053466796875,291.0178375244141,16621,-184343.75,-3.499910235404968e-06,-1.977197825908661e-06,0.4862013772791686,-7.345364722995101e-24,-7.345364920210326e-25,0
SITE_008_S0274,SITE_008,287.3428192138672,285.3549346923828,289.3651428222656,2432,-179273,-1.188367605209351e-06,-8.256174623966217e-07,1.500105737163745,-7.345364722995101e-24,-7.345364920210326e-25,0
SITE_008_S0275,SITE_008,288.9572143554688,288.3280334472656,290.8802795410156,0,-187367,-5.269050598144531e-05,-4.154397174715996e-06,2.517207669812796,-7.345364722995101e-24,-7.345364920210326e-25,0
SITE_008_S0276,SITE_008,284.8392791748047,283.8471527099609,287.3425598144531,0,-238220.75,5.327165126800537e-07,5.327165126800537e-07,1.720504303269408,-7.345364722995101e-24,-7.345364920210326e-25,0
SITE_008_S0277,SITE_008,280.5983123779297,279.4925231933594,282.9754028320312,0,-300891,-0.0001710131764411926,-1.390744000673294e-05,3.298285031146133,-7.345364722995101e-24,-7.345364920210326e-25,0
SITE_008_S0278,SITE_008,285.1344909667969,284.2123870849609,284.8396759033203,0,-65230.5,5.736947059631348e-07,1.009088009595871e-06,1.546136547665599,-7.345364722995101e-24,-7.345364920210326e-25,0
SITE_008_S0279,SITE_008,285.3087310791016,284.7286834716797,285.6347045898437,0,-18693.75,-1.716241240501404e-05,-1.671677455306053e-05,1.556733896220482,-7.345364722995101e-24,-7.345364920210326e-25,0
SITE_008_S0280,SITE_008,284.4579162597656,283.6120300292969,285.4542999267578,0,-105048.5,1.572072505950928e-06,1.571839675307274e-06,0.9413309613843444,-7.345364722995101e-24,-7.345364920210326e-25,0
SITE_008_S0281,SITE_008,277.4027099609375,274.9328460693359,278.3485565185547,0,-210219,9.184703230857847e-06,9.18353907763958e-06,1.983186706319332,-7.345364722995101e-24,7.343292236328125e-05,0
SITE_008_S0282,SITE_008,276.2317657470703,275.5446166992188,278.3128814697266,0,-213441.75,-3.51443886756897e-05,-3.197696059942245e-06,3.043804287206033,-7.345364722995101e-24,-7.345364920210326e-25,0
SITE_008_S0283,SITE_008,274.9559478759766,274.7557983398437,276.7278900146484,0,-98225.5,-2.593919634819031e-05,-5.087582394480705e-06,2.480804849226125,0.00390625,0.000568389892578125,0
SITE_008_S0284,SITE_008,272.4130249023437,272.2897796630859,273.2158203125,0,6611.5,-3.123655915260315e-06,-3.603287041187286e-06,1.479277039066582,0.1240234375,0.0170345306396484,1
SITE_008_S0285,SITE_008,279.3369445800781,272.5780487060547,276.0466461181641,0,-181581.25,4.244968295097351e-06,4.244036972522736e-06,0.8555380358246771,-7.345364722995101e-24,2.384185791015625e-05,1
SITE_008_S0286,SITE_008,277.7651214599609,277.2039337158203,278.555908203125,0,-103200.5,-2.115964889526367e-06,-2.430751919746399e-07,1.725803339100518,-7.345364722995101e-24,-7.345364920210326e-25,0
SITE_008_S0287,SITE_008,271.4722900390625,269.7771606445312,274.1672973632812,0,-113974,-4.55416738986969e-06,3.329478204250336e-07,1.207104332983321,0.041015625,0.0062389373779296,1
SITE_008_S0288,SITE_008,270.2209014892578,266.2498779296875,272.6348419189453,0,-228966.75,-1.28038227558136e-05,6.165355443954468e-07,2.673178510021756,0.0390625,0.0060710906982421,1
SITE_008_S0289,SITE_008,270.5003051757812,264.7433929443359,272.5590057373047,0,-217676.5,-1.30385160446167e-06,2.374872565269471e-08,1.798226678691688,0.0234375,0.0034418106079101,1
SITE_008_S0290,SITE_008,278.1228790283203,276.3765258789062,277.3691558837891,0,-73681.75,1.974403858184814e-07,1.981388777494431e-07,0.1849609691783396,-7.345364722995101e-24,5.7220458984375e-06,0
SITE_008_S0291,SITE_008,277.8171997070312,277.4729309082031,278.5764770507812,0,-21880.75,-1.136213541030884e-06,-4.281755536794664e-07,0.6003802375617742,-7.345364722995101e-24,1.9073486328125e-06,0
SITE_008_S0292,SITE_008,279.7780456542969,279.0125274658203,280.3869781494141,0,-86211.75,3.30805778503418e-06,3.308756276965141e-06,1.356253996763652,-7.345364722995101e-24,1.430511474609375e-05,0
SITE_008_S0293,SITE_008,277.6234436035156,275.171875,278.3777313232422,0,-103971.25,-1.873821020126343e-06,-1.042615622282028e-06,1.533840394836976,-7.345364722995101e-24,-7.345364920210326e-25,0
SITE_008_S0294,SITE_008,279.7068939208984,279.1286010742188,280.6235046386719,2223,-83459.25,-3.902614116668701e-05,-1.459312625229359e-05,2.115819368814912,-7.345364722995101e-24,-7.345364920210326e-25,0
SITE_008_S0295,SITE_008,282.1465454101562,279.6583099365234,282.5597534179688,23864,-158563.25,9.760260581970217e-07,9.755603969097135e-07,0.7822383412118447,-7.345364722995101e-24,-7.345364920210326e-25,0
SITE_008_S0296,SITE_008,278.8116760253906,278.4933776855469,280.5346069335937,18730,-25053.5,-8.982978761196136e-05,-4.417356103658676e-05,2.602164604300378,-7.345364722995101e-24,-7.345364920210326e-25,0
SITE_008_S0297,SITE_008,282.7028503417969,282.4354553222656,284.7346038818359,74045,-91773,-1.912005245685577e-05,-1.901620998978615e-05,1.212351779905006,-7.345364722995101e-24,-7.345364920210326e-25,0
SITE_008_S0298,SITE_008,287.3737335205078,286.6697692871094,288.33447265625,91509,-139124.5,-8.743256330490112e-05,-3.249570727348328e-05,4.218323858653225,-7.345364722995101e-24,-7.345364920210326e-25,0
SITE_008_S0299,SITE_008,288.0106353759766,284.3182678222656,287.7638092041016,7118,-188634,-7.295981049537659e-06,-2.566725015640259e-06,1.920785782838611,-7.345364722995101e-24,-7.345364920210326e-25,0
SITE_008_S0300,SITE_008,293.9281005859375,290.4745788574219,293.5217590332031,61,-143506.75,-5.768612027168274e-06,-2.222601324319839e-06,1.071795623293213,-7.345364722995101e-24,-7.345364920210326e-25,0
SITE_008_S0301,SITE_008,286.5848388671875,283.3439483642578,287.0105895996094,0,-175891.75,6.07222318649292e-07,6.083864718675613e-07,1.136406686988259,-7.345364722995101e-24,-7.345364920210326e-25,0
SITE_008_S0302,SITE_008,285.9660949707031,282.570556640625,286.3547515869141,0,-185770.75,2.76416540145874e-06,2.762302756309509e-06,0.7386487649000015,-7.345364722995101e-24,-7.345364920210326e-25,0
SITE_008_S0303,SITE_008,283.6199951171875,279.4178619384766,283.5240020751953,0,-206273.5,1.642853021621704e-06,1.650536432862282e-06,1.652981752745105,-7.345364722995101e-24,-7.345364920210326e-25,0
SITE_008_S0304,SITE_008,283.8785095214844,280.3027496337891,284.2361602783203,0,-185534.5,-5.308538675308228e-06,-2.322485670447349e-06,1.873796160618945,-7.345364722995101e-24,-7.345364920210326e-25,0
SITE_008_S0305,SITE_008,280.9581298828125,280.7231750488281,283.5842895507812,0,-134477.5,-3.771483898162842e-05,-8.308794349431992e-06,1.807487297968653,-7.345364722995101e-24,-7.345364920210326e-25,0
SITE_008_S0306,SITE_008,281.8684539794922,281.4958343505859,281.8672943115234,0,-5396,-1.036003232002258e-05,-1.035514287650585e-05,2.744301073213148,-7.345364722995101e-24,-7.345364920210326e-25,0
SITE_008_S0307,SITE_008,284.5964813232422,284.2290802001953,283.7577362060547,0,14460.5,-6.444752216339111e-07,-1.278240233659745e-07,0.8523284772464828,-7.345364722995101e-24,-7.345364920210326e-25,0
SITE_008_S0308,SITE_008,272.1640014648437,271.5513305664062,274.3780059814453,0,-219803.25,-8.45007598400116e-05,-5.058478564023972e-06,3.989578031810504,0.0009765625,0.0001850128173828125,1
SITE_008_S0309,SITE_008,276.6191253662109,275.8580627441406,276.0989990234375,0,10375.5,3.576278686523438e-07,3.604218363761902e-07,0.8084246906746558,0.0361328125,0.0058612823486328,0
SITE_008_S0310,SITE_008,277.2030944824219,276.2258453369141,275.592041015625,0,26407.75,-2.918951213359833e-05,-1.21723860502243e-05,3.243295776811431,0.0009765625,0.0002069473266601562,0
SITE_008_S0311,SITE_008,275.4050903320312,274.5032348632812,275.9199066162109,0,-83802,-1.567043364048004e-05,-5.725538358092308e-06,1.950073068645631,-7.345364722995101e-24,2.86102294921875e-06,0
SITE_008_S0312,SITE_008,265.3759918212891,260.9358520507812,272.9485321044922,0,-197100.75,-7.00727105140686e-06,1.029577106237411e-06,1.832227783613934,0.064453125,0.0098371505737304,1
SITE_008_S0313,SITE_008,276.4635620117188,275.1856536865234,276.3015289306641,0,-221182.75,5.856156349182129e-06,7.132533937692642e-06,2.892701952307084,0.0009765625,0.0002193450927734375,0
SITE_008_S0314,SITE_008,274.1311645507812,271.2234344482422,274.9376068115234,0,-171984.75,5.885958671569824e-07,6.132759153842926e-07,1.768377433822209,-7.345364722995101e-24,-7.345364920210326e-25,1
SITE_008_S0315,SITE_008,277.4268951416016,276.9447937011719,278.4305572509766,0,-143895.25,-9.529292583465576e-06,-8.200295269489288e-07,2.445014333866101,-7.345364722995101e-24,1.71661376953125e-05,0
SITE_008_S0316,SITE_008,276.1385650634766,275.5739135742188,276.8965148925781,0,-38127,-8.93082469701767e-05,-4.832795821130276e-05,3.803667080776958,0.0068359375,0.001173973083496,0
SITE_008_S0317,SITE_008,276.6897430419922,275.0895843505859,276.6038360595703,0,-190692.5,5.573034286499024e-06,8.136732503771782e-06,2.694983265471001,0.0576171875,0.0110387802124023,0
SITE_008_S0318,SITE_008,273.7803344726562,271.3821258544922,275.7415466308594,0,-268422,-3.095716238021851e-06,-1.413282006978989e-07,1.664819687084175,0.0009765625,0.0001468658447265625,1
SITE_008_S0319,SITE_008,278.6163024902344,275.5070343017578,279.1453857421875,0,-260213,-1.114979386329651e-05,-2.905726432800293e-07,1.926788282907832,-7.345364722995101e-24,-7.345364920210326e-25,0
SITE_008_S0320,SITE_008,274.1651458740234,273.6613159179688,277.4843139648437,97,-212428.5,-3.075972199440002e-05,-1.004780642688274e-05,2.790127787349255,0.005859375,0.0009632110595703124,0
SITE_008_S0321,SITE_008,281.95751953125,279.0858764648437,280.3606719970703,7880,-36752.75,4.675239324569702e-07,4.693865776062012e-07,0.693876710494148,-7.345364722995101e-24,6.67572021484375e-06,0
SITE_008_S0322,SITE_008,283.3393249511719,277.6591949462891,281.4524841308594,45813,-187480.75,-6.295740604400635e-07,-5.010515451431274e-07,0.8742018625413357,-7.345364722995101e-24,-7.345364920210326e-25,0
SITE_008_S0323,SITE_008,279.0729370117188,278.2532653808594,281.0516052246094,78311,-155774.75,-3.533437848091125e-06,-3.533437848091125e-06,1.266519301374822,-7.345364722995101e-24,-7.345364920210326e-25,0
SITE_008_S0324,SITE_008,282.3584594726562,281.0930938720703,283.6532745361328,94796,-142078.5,1.270323991775513e-06,1.269392669200897e-06,0.9936016304218132,-7.345364722995101e-24,-7.345364920210326e-25,0
SITE_008_S0325,SITE_008,285.9856109619141,282.3732757568359,284.8835906982422,109001,-169134.5,7.934868335723877e-07,7.925555109977722e-07,0.4869869324737272,-7.345364722995101e-24,-7.345364920210326e-25,0
SITE_008_S0326,SITE_008,289.2998657226562,285.9921875,289.0252227783203,98271,-183183,5.420297384262085e-07,5.41098415851593e-07,1.409346374817792,-7.345364722995101e-24,-7.345364920210326e-25,0
SITE_008_S0327,SITE_008,288.7276153564453,287.6988983154297,289.7137298583984,58837,-146477,2.693384885787964e-06,2.691289409995079e-06,1.381112920094595,-7.345364722995101e-24,-7.345364920210326e-25,0
SITE_008_S0328,SITE_008,287.4758758544922,286.8626861572266,289.1001434326172,35028,-227916.5,-9.098462760448456e-05,-1.289742067456245e-05,3.452370032768369,-7.345364722995101e-24,-7.345364920210326e-25,0
SITE_008_S0329,SITE_008,288.5398254394531,287.8765563964844,290.7344055175781,13188,-219294.5,-9.763985872268675e-05,-7.600057870149612e-06,3.123781559158108,-7.345364722995101e-24,-7.345364920210326e-25,0
SITE_008_S0330,SITE_008,289.9065551757812,288.6800537109375,290.8781127929688,1398,-153093.5,-3.338605165481567e-05,-2.239039167761803e-05,2.226182407428534,-7.345364722995101e-24,-7.345364920210326e-25,0
SITE_008_S0331,SITE_008,291.0922393798828,285.5363311767578,288.6535949707031,0,-150749.5,1.657754182815552e-06,1.656357198953628e-06,0.843009618649219,-7.345364722995101e-24,-7.345364920210326e-25,0
SITE_008_S0332,SITE_008,285.0668640136719,284.2133026123047,286.4285278320312,0,-109604.25,-9.848922491073608e-05,-3.62663995474577e-05,3.79919517412162,-7.345364722995101e-24,-7.345364920210326e-25,0
SITE_008_S0333,SITE_008,284.9223327636719,284.3112335205078,285.6153259277344,0,-61083.5,-1.34781002998352e-05,-2.4368055164814e-06,1.742162530286038,-7.345364722995101e-24,-7.345364920210326e-25,0
SITE_008_S0334,SITE_008,281.4335632324219,281.0784912109375,283.5307312011719,0,-128474.75,-7.865205407142639e-05,-6.896909326314926e-06,4.005577578564958,-7.345364722995101e-24,-7.345364920210326e-25,0
SITE_008_S0335,SITE_008,285.5323791503906,283.7880401611328,285.34912109375,0,-92539,2.123415470123291e-06,2.122251316905022e-06,0.9302962203913134,-7.345364722995101e-24,-7.345364920210326e-25,0
SITE_008_S0336,SITE_008,283.9275817871094,284.0064697265625,284.85791015625,0,-17980.5,-5.191192030906677e-06,-5.1925890147686e-06,0.8526349319659491,-7.345364722995101e-24,-7.345364920210326e-25,0
SITE_008_S0337,SITE_008,274.8053894042969,274.1749877929688,274.3097686767578,0,-29737.5,-1.024454832077026e-07,1.913402229547501e-06,1.565316210071096,0.05078125,0.0077848434448242,0
SITE_008_S0338,SITE_008,271.8504943847656,268.9380035400391,273.8256683349609,0,-206357.5,2.533197402954102e-07,4.530884325504303e-07,1.374770098280362,0.0234375,0.0039958953857421,1
SITE_009_S0001,SITE_009,280.09765625,279.8069305419922,279.4956665039062,0,-103075.5,-2.810359001159668e-05,-2.804957330226899e-05,3.63438472381166,-7.345364722995101e-24,-7.345364920210326e-25,0
SITE_009_S0002,SITE_009,282.7444458007812,282.2566375732422,281.7579193115234,0,-31569.5,-0.000150635838508606,-2.323626540601253e-05,6.389759594066896,-7.345364722995101e-24,-7.345364920210326e-25,0
SITE_009_S0003,SITE_009,275.1296691894531,274.1705474853516,276.4895324707031,0,-284965.5,1.853331923484802e-05,1.853471621870995e-05,3.181471427466275,-7.345364722995101e-24,4.76837158203125e-06,0
SITE_009_S0004,SITE_009,277.0050811767578,276.2727355957031,277.5184478759766,0,-78103.5,-3.246217966079712e-05,-3.245705738663673e-05,3.611448665476416,-7.345364722995101e-24,-7.345364920210326e-25,0
SITE_009_S0005,SITE_009,280.9784088134766,280.0582885742188,279.9297180175781,0,-110114.5,-9.906664490699768e-05,-8.959555998444557e-06,4.153317234471838,-7.345364722995101e-24,-7.345364920210326e-25,0
SITE_009_S0006,SITE_009,274.6577301025391,273.6368408203125,276.2475280761719,0,-293065,-6.394647061824799e-05,-5.831476300954819e-06,3.486945221518989,-7.345364722995101e-24,-7.345364920210326e-25,0
SITE_009_S0007,SITE_009,281.0471649169922,280.6755218505859,280.4358673095703,0,-3367.75,-1.137331128120422e-05,-1.770677044987678e-06,2.215116278257198,-7.345364722995101e-24,-7.345364920210326e-25,0
SITE_009_S0008,SITE_009,279.9208831787109,278.4381408691406,280.2962951660156,0,-111472,2.402812242507935e-06,2.401880919933319e-06,1.326132313428981,-7.345364722995101e-24,-7.345364920210326e-25,0
SITE_009_S0009,SITE_009,276.7744750976562,276.0930633544922,277.8841247558594,0,-177579.75,-6.332993507385254e-08,1.350417733192444e-07,2.759718600162376,-7.345364722995101e-24,-7.345364920210326e-25,0
SITE_009_S0010,SITE_009,280.9644775390625,279.9589233398437,281.4445495605469,0,-148842.25,7.022172212600708e-06,7.021939381957054e-06,1.712491186255899,-7.345364722995101e-24,-7.345364920210326e-25,0
SITE_009_S0011,SITE_009,285.6436462402344,284.4757843017578,284.4617919921875,0,-156252.25,9.220093488693236e-06,9.216368198394775e-06,2.69024656434489,-7.345364722995101e-24,-7.345364920210326e-25,0
SITE_009_S0012,SITE_009,285.4740905761719,284.3508605957031,285.3886871337891,5589,-216397,2.577900886535645e-06,1.659849658608437e-06,3.082500476738989,-7.345364722995101e-24,-7.345364920210326e-25,0
SITE_009_S0013,SITE_009,274.8604583740234,273.6456909179688,277.3046264648437,19297,-265910,-1.348555088043213e-06,-1.301756128668785e-06,2.145530348309113,-7.345364722995101e-24,-7.345364920210326e-25,0
SITE_009_S0014,SITE_009,275.9111480712891,275.0558471679688,277.37109375,42016,-165808.75,-1.349672675132752e-05,-5.685724318027496e-06,2.35665852499624,-7.345364722995101e-24,-7.345364920210326e-25,0
SITE_009_S0015,SITE_009,284.27001953125,283.1054077148437,284.2766876220703,62781,-142830.5,-6.016343832015991e-06,-3.442168235778809e-06,1.68200796451056,-7.345364722995101e-24,-7.345364920210326e-25,0
SITE_009_S0016,SITE_009,282.9842071533203,282.239990234375,284.1637573242188,77761,-171049,-2.836436033248901e-05,-1.509231515228748e-05,1.95555215900627,-7.345364722995101e-24,-7.345364920210326e-25,0
SITE_009_S0017,SITE_009,285.0432281494141,284.0479431152344,286.2268829345703,180920,-153142,-4.477798938751221e-06,-4.202825948596001e-06,1.159093240474975,-7.345364722995101e-24,-7.345364920210326e-25,0
SITE_009_S0018,SITE_009,284.5612182617188,283.4661560058594,285.5867614746094,183053,-145952.75,1.359730958938599e-07,1.35740265250206e-07,1.04117126468869,-7.345364722995101e-24,-7.345364920210326e-25,0
SITE_009_S0019,SITE_009,284.6416320800781,284.1567535400391,286.0140380859375,191297,-188134.5,-1.184828579425812e-05,-1.149647869169712e-05,1.450478935121698,-7.345364722995101e-24,-7.345364920210326e-25,0
SITE_009_S0020,SITE_009,286.1943969726562,285.6614532470703,287.2196807861328,39698,-29118,-7.409416139125824e-05,-6.579444743692875e-05,2.832952225006728,-7.345364722995101e-24,-7.345364920210326e-25,0
SITE_009_S0021,SITE_009,282.3539886474609,282.0098419189453,283.8245391845703,196559,-135294,-4.141218960285187e-05,-2.933363430202008e-05,2.27015543600615,-7.345364722995101e-24,-7.345364920210326e-25,0
SITE_009_S0022,SITE_009,286.5500640869141,285.8303070068359,286.5808563232422,244973,-148474,-2.782791852951049e-05,-2.782931551337242e-05,1.944311374722787,-7.345364722995101e-24,-7.345364920210326e-25,0
SITE_009_S0023,SITE_009,286.7963562011719,287.2214050292969,288.3636016845703,212682,-66226.5,-2.285465598106384e-06,-2.28523276746273e-06,0.7038323463765784,-7.345364722995101e-24,-7.345364920210326e-25,0
SITE_009_S0024,SITE_009,286.6260375976562,285.5703125,288.0056915283203,235296,-148459.5,-5.032867193222046e-06,-4.907138645648956e-06,0.9613507830929736,-7.345364722995101e-24,-7.345364920210326e-25,0
SITE_009_S0025,SITE_009,289.9516296386719,288.4860992431641,288.6582489013672,232917,-213449,-0.0001215264201164246,-5.490262992680073e-05,4.242304323193331,-7.345364722995101e-24,-7.345364920210326e-25,0
SITE_009_S0026,SITE_009,289.6924591064453,288.2770233154297,289.9051361083984,80382,-60051,-6.921589374542236e-06,-6.926944479346275e-06,1.957808710564481,-7.345364722995101e-24,-7.345364920210326e-25,0
SITE_009_S0027,SITE_009,287.7873687744141,285.4147338867188,287.7949523925781,182704,-163649,1.166015863418579e-06,1.166248694062233e-06,0.5056999520999048,-7.345364722995101e-24,-7.345364920210326e-25,0
SITE_009_S0028,SITE_009,291.5735321044922,291.0560455322266,291.9790496826172,53236,-35436.25,-0.0001175273209810257,-4.075258038938046e-05,3.190836397141162,-7.345364722995101e-24,-7.345364920210326e-25,0
SITE_009_S0029,SITE_009,289.7099304199219,288.3627471923828,290.224853515625,105298,-175038.5,-2.152100205421448e-05,-1.178891398012638e-05,1.661656548765776,-7.345364722995101e-24,-7.345364920210326e-25,0
SITE_009_S0030,SITE_009,290.3113098144531,289.9781188964844,291.2773742675781,41658,-52688.5,-3.26111912727356e-05,-2.344977110624313e-05,2.321943488529245,-7.345364722995101e-24,-7.345364920210326e-25,0
SITE_009_S0031,SITE_009,290.7478485107422,290.0948181152344,291.2693328857422,30638,-91515,-8.663162589073181e-06,-5.491077899932861e-06,1.049084518975607,-7.345364722995101e-24,-7.345364920210326e-25,0
SITE_009_S0032,SITE_009,292.4592895507812,291.7874755859375,292.7179565429688,16741,-57972.5,-0.0001645591109991074,-2.483092248439789e-05,3.374540485893681,-7.345364722995101e-24,-7.345364920210326e-25,0
SITE_009_S0033,SITE_009,291.6183624267578,290.6451263427734,291.3269805908203,12455,-194493.25,-0.0002759397029876709,-3.266963176429272e-05,4.644191590813668,-7.345364722995101e-24,-7.345364920210326e-25,0
SITE_009_S0034,SITE_009,288.1781768798828,286.1261749267578,288.5871887207031,6555,-204910,-2.524256706237793e-05,-7.560010999441147e-06,2.171594640784664,-7.345364722995101e-24,-7.345364920210326e-25,0
SITE_009_S0035,SITE_009,290.646728515625,290.1332092285156,291.8933258056641,493,-139392.25,8.497387170791626e-06,8.497387170791626e-06,1.121727092475086,-7.345364722995101e-24,-7.345364920210326e-25,0
SITE_009_S0036,SITE_009,288.1567077636719,286.7308807373047,289.3211059570312,0,-99180,-6.342306733131409e-06,-3.369990736246109e-06,1.696901633149563,-7.345364722995101e-24,-7.345364920210326e-25,0
SITE_009_S0037,SITE_009,284.5970458984375,283.6245269775391,285.7628021240234,0,-192984.75,9.590759873390198e-06,9.48621891438961e-06,1.365885785698822,-7.345364722995101e-24,-7.345364920210326e-25,0
SITE_009_S0038,SITE_009,286.6703796386719,285.2877960205078,287.4864196777344,0,-226421.5,-2.418830990791321e-05,-3.690598532557488e-06,2.309680538692482,-7.345364722995101e-24,-7.345364920210326e-25,0
SITE_009_S0039,SITE_009,282.0786895751953,281.026611328125,284.0130157470703,0,-275918,-4.481151700019837e-05,-2.191681414842606e-05,3.054149664914189,-7.345364722995101e-24,-7.345364920210326e-25,0
SITE_009_S0040,SITE_009,281.2929382324219,280.4925537109375,282.6596374511719,0,-132836,-3.521144390106201e-05,-5.158595740795136e-06,2.706198338237537,-7.345364722995101e-24,-7.345364920210326e-25,0
SITE_009_S0041,SITE_009,285.5420989990234,285.1692199707031,286.1588439941406,0,-68512.75,-2.07703560590744e-05,-2.076919190585613e-05,3.854172467701134,-7.345364722995101e-24,-7.345364920210326e-25,0
SITE_009_S0042,SITE_009,278.2179260253906,276.5497589111328,279.39208984375,0,-262310.25,1.614540815353394e-05,1.614587381482124e-05,2.661867796384,-7.345364722995101e-24,-7.345364920210326e-25,0
SITE_009_S0043,SITE_009,283.8427429199219,283.3226165771484,284.9085540771484,0,-73621.5,-2.31228768825531e-05,-2.233870327472687e-05,2.441924365236491,-7.345364722995101e-24,-7.345364920210326e-25,0
SITE_009_S0044,SITE_009,284.8182067871094,284.1705322265625,285.15478515625,0,-4493.25,-7.06501305103302e-06,-7.067574188113213e-06,2.044003877424984,-7.345364722995101e-24,-7.345364920210326e-25,0
SITE_009_S0045,SITE_009,276.1188354492188,275.0858764648437,278.8383941650391,0,-159301.5,-2.60770320892334e-07,-2.132728695869446e-07,1.331807380001023,-7.345364722995101e-24,-7.345364920210326e-25,0
SITE_009_S0046,SITE_009,276.7799224853516,275.8998413085937,278.2288970947266,0,-197104.5,8.344650268554688e-07,1.063337549567223e-06,2.656179185451042,-7.345364722995101e-24,-7.345364920210326e-25,0
SITE_009_S0047,SITE_009,279.1515960693359,278.3171691894531,280.2150726318359,0,-160060,9.961426258087158e-06,9.96328890323639e-06,1.757093708181049,-7.345364722995101e-24,-7.345364920210326e-25,0
SITE_009_S0048,SITE_009,274.7607879638672,273.8331604003906,276.0454864501953,0,-163991.25,-6.332993507385254e-07,-6.298068910837173e-07,3.77114881827168,0.0068359375,0.0010433197021484,0
SITE_009_S0049,SITE_009,278.3333129882812,277.5367279052734,279.1005096435547,0,-73458.25,5.088746547698975e-06,5.083391442894936e-06,2.081551264111685,-7.345364722995101e-24,-7.345364920210326e-25,0
SITE_009_S0050,SITE_009,282.1894073486328,281.6333618164062,280.5467376708984,0,-26069,-1.410394906997681e-05,-9.892741218209268e-06,4.166197327292098,-7.345364722995101e-24,-7.345364920210326e-25,0
SITE_009_S0051,SITE_009,273.5007019042969,273.3507690429688,274.9054718017578,0,-81332.5,-2.755038440227509e-05,-6.079208105802536e-06,2.530308797704302,0.0009765625,0.0001440048217773438,0
SITE_009_S0052,SITE_009,279.3856811523437,279.0764770507812,279.1955718994141,0,-17850.5,-6.268545985221863e-05,-2.328120172023773e-05,4.835290240900487,-7.345364722995101e-24,-7.345364920210326e-25,0
SITE_009_S0053,SITE_009,270.8600006103516,269.2946014404297,272.7653350830078,0,-174561.5,-1.679174602031708e-05,-7.536029443144798e-06,2.672207982417753,0.0234375,0.0035991668701171,1
SITE_009_S0054,SITE_009,269.7841796875,267.8902130126953,272.7376098632812,0,-188754,3.047287464141846e-06,3.048451617360115e-06,1.554886881543776,0.0068359375,0.0010061264038085,1
SITE_009_S0055,SITE_009,275.8150482177734,275.7388305664062,276.7796478271484,0,-37558,-1.397356390953064e-05,-1.397402957081795e-05,2.661824606095416,-7.345364722995101e-24,1.621246337890625e-05,0
SITE_009_S0056,SITE_009,274.5813903808594,273.7506713867188,275.4749603271484,0,-88035.5,-2.920627593994141e-06,-2.920627593994141e-06,2.430422692079369,-7.345364722995101e-24,-7.345364920210326e-25,0
SITE_009_S0057,SITE_009,275.3371429443359,275.2466430664062,275.9205474853516,0,-59117,-6.245449185371399e-05,-7.291091606020927e-06,4.953932333972679,-7.345364722995101e-24,-7.345364920210326e-25,0
SITE_009_S0058,SITE_009,283.2044219970703,282.4186248779297,281.6036529541016,0,-96327.5,-0.0001360177993774414,-1.049693673849106e-05,4.746490640433501,-7.345364722995101e-24,-7.345364920210326e-25,0
SITE_009_S0059,SITE_009,269.7919769287109,268.1612396240234,273.0109405517578,0,-198494.5,2.410262823104858e-06,2.409331500530243e-06,1.643006233599736,-7.345364722995101e-24,2.86102294921875e-06,1
SITE_009_S0060,SITE_009,274.9444274902344,272.8695373535156,276.2454528808594,0,-204555.5,5.075708031654358e-06,5.07524237036705e-06,1.893846517940788,-7.345364722995101e-24,-7.345364920210326e-25,1
SITE_009_S0061,SITE_009,273.6251831054688,273.1229095458984,274.5239562988281,0,-93265,-2.647750079631805e-05,-3.295484930276871e-06,2.767199875712976,-7.345364722995101e-24,9.5367431640625e-07,1
SITE_009_S0062,SITE_009,277.8323669433594,276.0592041015625,277.2275695800781,0,-187709,-2.179667353630066e-05,-2.726446837186813e-06,2.493267324089535,-7.345364722995101e-24,-7.345364920210326e-25,0
SITE_009_S0063,SITE_009,276.3472595214844,273.8708190917969,276.8411254882812,0,-157037.25,8.922070264816284e-07,8.924398571252823e-07,0.3430333182316378,-7.345364722995101e-24,-7.345364920210326e-25,0
SITE_009_S0064,SITE_009,276.0392456054688,274.9781341552734,277.4829864501953,0,-185813.75,9.28342342376709e-06,9.28528606891632e-06,1.950626670617977,-7.345364722995101e-24,-7.345364920210326e-25,0
SITE_009_S0065,SITE_009,274.6575317382812,273.3681793212891,276.7094879150391,344,-259973.25,-4.693865776062012e-07,-3.513414412736893e-07,1.932857546249126,-7.345364722995101e-24,-7.345364920210326e-25,0
SITE_009_S0066,SITE_009,286.0773162841797,285.2036895751953,285.6421356201172,3522,-140252.5,-8.420273661613464e-05,-1.788628287613392e-05,4.006335804136822,-7.345364722995101e-24,-7.345364920210326e-25,0
SITE_009_S0067,SITE_009,277.6619567871094,276.8945922851562,279.6758270263672,21056,-167151,2.494081854820251e-06,2.546468749642372e-06,1.434810383236407,-7.345364722995101e-24,-7.345364920210326e-25,0
SITE_009_S0068,SITE_009,279.0997009277344,278.4332427978516,280.8640747070312,48099,-233852.75,1.119449734687805e-05,1.11912377178669e-05,2.162945326709931,-7.345364722995101e-24,-7.345364920210326e-25,0
SITE_009_S0069,SITE_009,283.7330932617188,282.1954956054688,284.9080657958984,86123,-209815,6.183981895446777e-07,8.039642125368118e-07,1.599090564814926,-7.345364722995101e-24,-7.345364920210326e-25,0
SITE_009_S0070,SITE_009,286.4997406005859,284.6456604003906,286.7532653808594,70255,-172154.75,-1.315772533416748e-05,-7.434748113155365e-06,1.856808664105151,-7.345364722995101e-24,-7.345364920210326e-25,0
SITE_009_S0071,SITE_009,280.0451812744141,279.5920867919922,281.7465362548828,82238,-169280,-1.704879105091095e-05,-4.303408786654472e-06,1.542702805258922,-7.345364722995101e-24,-7.345364920210326e-25,0
SITE_009_S0072,SITE_009,283.7072448730469,282.5170745849609,285.0745697021484,177768,-316536.5,-0.0001634359359741211,-2.650963142514229e-05,2.755533902507571,-7.345364722995101e-24,-7.345364920210326e-25,0
SITE_009_S0073,SITE_009,282.8079528808594,281.568115234375,284.3179321289062,175626,-255412.5,-2.80626118183136e-05,-8.010072633624077e-06,1.907812179703152,-7.345364722995101e-24,-7.345364920210326e-25,0
SITE_009_S0074,SITE_009,280.6243438720703,279.9796905517578,282.6794128417969,205949,-245965,4.76837158203125e-07,4.773028194904327e-07,1.094594559656868,-7.345364722995101e-24,-7.345364920210326e-25,0
SITE_009_S0075,SITE_009,287.0348663330078,286.5995330810547,286.3363800048828,39497,-17096.25,-3.979355096817017e-05,-3.978796303272247e-05,4.669908207723839,-7.345364722995101e-24,-7.345364920210326e-25,0
SITE_009_S0076,SITE_009,284.9890747070312,283.8533782958984,285.0623931884766,177600,-170283,-8.467398583889008e-05,-3.761798143386841e-05,3.299005818987604,-7.345364722995101e-24,-7.345364920210326e-25,0
SITE_009_S0077,SITE_009,287.06982421875,285.0497741699219,286.5594024658203,228268,-158896.5,6.631016731262207e-07,6.631016731262207e-07,0.4184750209117655,-7.345364722995101e-24,-7.345364920210326e-25,0
SITE_009_S0078,SITE_009,286.8265533447266,286.1964569091797,287.3328094482422,61997,-50565.5,-0.0001019816845655441,-9.779166430234908e-05,5.336618364262646,-7.345364722995101e-24,-7.345364920210326e-25,0
SITE_009_S0079,SITE_009,286.2665557861328,285.3895111083984,286.8728179931641,169934,-138220,-0.0001098886132240295,-5.940929986536503e-05,3.174957573500345,-7.345364722995101e-24,-7.345364920210326e-25,0
SITE_009_S0080,SITE_009,285.2178955078125,284.3714447021484,286.0498352050781,280202,-257020,-9.951181709766388e-05,-3.208708949387074e-05,2.946981544419916,-7.345364722995101e-24,-7.345364920210326e-25,0
SITE_009_S0081,SITE_009,287.6603088378906,286.4062347412109,288.5073089599609,255940,-200289.5,-1.637265086174011e-06,-1.637265086174011e-06,0.8571175772418735,-7.345364722995101e-24,-7.345364920210326e-25,0
SITE_009_S0082,SITE_009,286.8064117431641,285.9539184570312,288.3675384521484,273065,-209714.5,-6.582587957382202e-06,-6.243819370865822e-06,1.480381394771392,-7.345364722995101e-24,-7.345364920210326e-25,0
SITE_009_S0083,SITE_009,288.5932464599609,288.1504821777344,289.7124176025391,232170,-226104.5,-0.0002303048968315125,-3.894418478012085e-05,3.401573940146224,-7.345364722995101e-24,-7.345364920210326e-25,0
SITE_009_S0084,SITE_009,288.3553771972656,287.626220703125,289.9904632568359,261377,-239208,-6.937608122825623e-05,-2.506980672478676e-05,1.841939432226288,-7.345364722995101e-24,-7.345364920210326e-25,0
SITE_009_S0085,SITE_009,291.8042602539062,290.4364929199219,291.9540557861328,260675,-212707.5,-0.0001224465668201447,-4.372093826532364e-05,1.849922156561356,-7.345364722995101e-24,-7.345364920210326e-25,0
SITE_009_S0086,SITE_009,290.8227081298828,290.6024932861328,291.4794311523437,88699,-61660,-0.0001450367271900177,-2.987380139529705e-05,3.018882234217876,-7.345364722995101e-24,-7.345364920210326e-25,0
SITE_009_S0087,SITE_009,288.1822052001953,287.9776611328125,289.2254638671875,149820,-136663,-3.524310886859894e-05,-1.229951158165932e-05,1.803867642809524,-7.345364722995101e-24,-7.345364920210326e-25,0
SITE_009_S0088,SITE_009,288.7928466796875,288.3578948974609,289.8893585205078,113772,-91847,-4.783272743225098e-06,-4.781642928719521e-06,0.8736278920234428,-7.345364722995101e-24,-7.345364920210326e-25,0
SITE_009_S0089,SITE_009,287.2180023193359,285.7889556884766,287.8425903320312,166879,-143301.5,8.791685104370117e-07,8.782371878623962e-07,0.6246995108558612,-7.345364722995101e-24,-7.345364920210326e-25,0
SITE_009_S0090,SITE_009,287.6763305664062,287.0326385498047,289.0376892089844,111144,-175247.5,1.657754182815552e-06,1.656590029597282e-06,1.202840400798928,-7.345364722995101e-24,-7.345364920210326e-25,0
SITE_009_S0091,SITE_009,289.7047119140625,289.1192169189453,290.2928466796875,86563,-46359,-1.505017280578613e-06,-1.50362029671669e-06,1.253217652251495,-7.345364722995101e-24,-7.345364920210326e-25,0
SITE_009_S0092,SITE_009,285.9467315673828,284.6262664794922,287.1931610107422,109473,-222626,-1.517683267593384e-05,-7.499475032091141e-06,2.091800771577196,-7.345364722995101e-24,-7.345364920210326e-25,0
SITE_009_S0093,SITE_009,288.3959655761719,287.4290161132812,289.5106506347656,69870,-203082,-5.260854959487915e-05,-3.521773032844067e-05,2.478893460527184,-7.345364722995101e-24,-7.345364920210326e-25,0
SITE_009_S0094,SITE_009,286.3338623046875,285.2673645019531,287.5717010498047,73569,-227609,-3.841891884803772e-05,-1.145736314356327e-05,2.548212286075948,-7.345364722995101e-24,-7.345364920210326e-25,0
SITE_009_S0095,SITE_009,287.3400421142578,286.6984710693359,289.1245880126953,20800,-109324.5,-6.422214210033417e-05,-1.032790169119835e-05,1.72298748570023,-7.345364722995101e-24,-7.345364920210326e-25,0
SITE_009_S0096,SITE_009,289.0214080810547,288.5436706542969,289.9331512451172,14604,-82085,-2.815946936607361e-05,-7.129274308681488e-06,1.489039356671904,-7.345364722995101e-24,-7.345364920210326e-25,0
SITE_009_S0097,SITE_009,286.8077545166016,286.5155334472656,288.0545654296875,4920,-68290,-6.458163261413574e-05,-1.087458804249764e-05,1.663957363389795,-7.345364722995101e-24,-7.345364920210326e-25,0
SITE_009_S0098,SITE_009,287.3392944335937,285.4386138916016,287.7720794677734,5276,-197883.25,-1.572072505950928e-06,-1.529930159449577e-06,2.399926474446525,-7.345364722995101e-24,-7.345364920210326e-25,0
SITE_009_S0099,SITE_009,287.8706817626953,287.1708221435547,288.8258361816406,2996,-102106.25,-3.311410546302795e-05,-5.841022357344627e-06,2.718660431001284,-7.345364722995101e-24,-7.345364920210326e-25,0
SITE_009_S0100,SITE_009,290.4444427490234,289.7772827148437,290.6712341308594,326,-75511,-7.894635200500488e-05,-3.191269934177399e-05,3.664190852955278,-7.345364722995101e-24,-7.345364920210326e-25,0
SITE_009_S0101,SITE_009,281.3732604980469,280.4601898193359,284.1782989501953,0,-130220.5,2.02283263206482e-06,2.024928107857704e-06,1.255977226563866,-7.345364722995101e-24,-7.345364920210326e-25,0
SITE_009_S0102,SITE_009,288.3573608398437,287.2529907226562,288.181396484375,0,-16239.5,-9.483098983764648e-05,-5.908915773034096e-05,4.274038194145322,-7.345364722995101e-24,-7.345364920210326e-25,0
SITE_009_S0103,SITE_009,286.4843139648437,285.8536071777344,287.55908203125,0,-131912.5,-0.0001760683953762054,-6.134086288511753e-05,6.615132699711034,-7.345364722995101e-24,-7.345364920210326e-25,0
SITE_009_S0104,SITE_009,282.7079620361328,281.4197082519531,284.5419006347656,0,-216078,-2.299994230270386e-05,-3.404449671506882e-06,2.50599612843487,-7.345364722995101e-24,-7.345364920210326e-25,0
SITE_009_S0105,SITE_009,280.6550750732422,279.5089111328125,282.7254791259766,0,-112087,-1.672655344009399e-06,-1.415610313415527e-06,1.434483518126944,-7.345364722995101e-24,-7.345364920210326e-25,0
SITE_009_S0106,SITE_009,282.0386352539062,280.7967834472656,283.6982727050781,0,-198521.75,8.556991815567017e-06,8.560949936509132e-06,1.492874680767016,-7.345364722995101e-24,-7.345364920210326e-25,0
SITE_009_S0107,SITE_009,288.1572418212891,287.2023315429688,286.4672241210937,0,6110,-5.584582686424256e-05,-5.584931932389736e-05,7.126927998298617,-7.345364722995101e-24,-7.345364920210326e-25,0
SITE_009_S0108,SITE_009,283.1570892333984,282.2996978759766,283.8556518554688,0,-84539.75,-0.0001008734107017517,-8.006254211068153e-05,6.096857446963634,-7.345364722995101e-24,-7.345364920210326e-25,0
SITE_009_S0109,SITE_009,285.34423828125,284.6903839111328,285.7298583984375,0,-131046.75,-2.730637788772583e-06,-4.221219569444656e-07,2.414928854202766,-7.345364722995101e-24,-7.345364920210326e-25,0
SITE_009_S0110,SITE_009,283.3103637695312,282.6697845458984,284.2999420166016,0,-97100,-6.439164280891418e-06,-3.063352778553963e-06,1.952086370638755,-7.345364722995101e-24,-7.345364920210326e-25,0
SITE_009_S0111,SITE_009,282.6652374267578,281.8782348632812,283.5431213378906,0,-135804.75,9.190291166305542e-06,9.18773002922535e-06,1.855979714120773,-7.345364722995101e-24,-7.345364920210326e-25,0
SITE_009_S0112,SITE_009,284.9644012451172,284.3820190429688,285.0656127929688,0,-71014.25,-1.529604196548462e-05,-1.326599158346653e-05,3.234233763026604,-7.345364722995101e-24,-7.345364920210326e-25,0
SITE_009_S0113,SITE_009,280.8588562011719,279.9870452880859,281.2598419189453,0,-129225,-3.522634506225586e-05,-2.364069223403931e-05,4.312837914195506,-7.345364722995101e-24,-7.345364920210326e-25,0
SITE_009_S0114,SITE_009,282.5562286376953,281.5567932128906,282.3720703125,0,-186942,1.052767038345337e-05,1.053046435117722e-05,3.798202168424788,-7.345364722995101e-24,-7.345364920210326e-25,0
SITE_009_S0115,SITE_009,280.1485137939453,279.4268493652344,281.4954833984375,0,-196292,5.662441253662109e-07,5.294568836688995e-07,3.315577293315408,-7.345364722995101e-24,-7.345364920210326e-25,0
SITE_009_S0116,SITE_009,283.0316467285156,282.5048065185547,283.0760040283203,0,-53579.75,1.315027475357056e-06,1.31712295114994e-06,1.536633941859112,-7.345364722995101e-24,-7.345364920210326e-25,0
SITE_009_S0117,SITE_009,279.4275970458984,278.5816955566406,280.5144958496094,0,-138963.5,7.878988981246948e-06,7.876893505454063e-06,2.098858840237356,-7.345364722995101e-24,-7.345364920210326e-25,0
SITE_009_S0118,SITE_009,271.6966400146484,270.4523315429688,273.8572082519531,0,-171816,4.332512617111206e-06,4.33274544775486e-06,1.677194711547845,-7.345364722995101e-24,9.5367431640625e-07,1
SITE_009_S0119,SITE_009,272.4600219726562,271.5440673828125,273.6466064453125,0,-188863,5.252659320831299e-07,9.62056219577789e-07,2.91044721978682,0.0009765625,0.0001888275146484375,1
SITE_009_S0120,SITE_009,275.3224487304688,274.5614166259766,276.1142272949219,0,-213176.5,-2.430006861686707e-05,-3.92599031329155e-06,3.817789290480335,0.0029296875,0.0005025863647460938,0
SITE_009_S0121,SITE_009,279.6408538818359,278.9820861816406,279.384033203125,0,-53348,-6.709247827529907e-06,-5.611684173345566e-06,2.008392441914145,-7.345364722995101e-24,-7.345364920210326e-25,0
SITE_009_S0122,SITE_009,278.6871490478516,278.22998046875,279.0883026123047,0,-62463.5,-1.113489270210266e-05,-1.094047911465168e-05,2.39182969845547,-7.345364722995101e-24,-7.345364920210326e-25,0
SITE_009_S0123,SITE_009,284.5735473632812,283.9698791503906,283.6221466064453,0,-114279,-1.048296689987183e-05,-8.411472663283348e-06,3.231295952417441,-7.345364722995101e-24,-7.345364920210326e-25,0
SITE_009_S0124,SITE_009,278.8030242919922,277.9980926513672,279.1714324951172,0,-184904,-2.201274037361145e-05,-4.976987838745117e-06,3.642818469397165,-7.345364722995101e-24,-7.345364920210326e-25,0
SITE_009_S0125,SITE_009,279.9299774169922,278.4316253662109,279.3408966064453,0,-238027.5,-7.347017526626587e-05,-7.705064490437508e-06,3.109860958605208,-7.345364722995101e-24,-7.345364920210326e-25,0
SITE_009_S0126,SITE_009,280.3168029785156,279.5504913330078,279.923828125,0,-96784,-6.277114152908325e-06,-2.803746610879898e-06,2.029911040456866,-7.345364722995101e-24,-7.345364920210326e-25,0
SITE_009_S0127,SITE_009,270.7188873291016,269.3073120117188,272.3738555908203,0,-186346.5,-3.290548920631409e-05,-2.669636160135269e-06,2.027073894858785,-7.345364722995101e-24,1.9073486328125e-06,1
SITE_009_S0128,SITE_009,273.0732116699219,272.4718017578125,273.2352142333984,0,-51233.5,6.081536412239075e-06,6.080605089664459e-06,1.51529339114925,-7.345364722995101e-24,2.86102294921875e-06,1
SITE_010_S0001,SITE_010,282.6475524902344,282.6228332519531,283.8467102050781,0,-62511,-4.567205905914307e-06,-4.566274583339691e-06,0.6587057962181899,-7.345364722995101e-24,-7.345364920210326e-25,0
SITE_010_S0002,SITE_010,275.579345703125,275.7826385498047,277.3437194824219,0,-161082,-4.711002111434937e-05,-4.343641921877861e-05,1.467096842282721,0.015625,0.002685546875,0
SITE_010_S0003,SITE_010,276.7392425537109,276.5399322509766,277.1070251464844,0,-14066,-7.743388414382935e-05,-6.003119051456451e-05,3.655927246630521,0.0205078125,0.0035324096679687,0
SITE_010_S0004,SITE_010,272.2091827392578,271.8591613769531,277.3893127441406,0,-32279,-3.814697265625e-06,-4.562549293041229e-06,1.080298401736036,0.4599609375,0.090240478515625,1
SITE_010_S0005,SITE_010,279.1485900878906,278.6791687011719,278.0635223388672,0,20312,-2.725422382354736e-05,-2.28583812713623e-05,2.530310774275977,0.0830078125,0.0208711624145507,0
SITE_010_S0006,SITE_010,280.0433807373047,279.7069702148437,279.6111602783203,0,24154,1.773238182067871e-06,1.778826117515564e-06,2.063741310645828,0.01171875,0.0020656585693359,0
SITE_010_S0007,SITE_010,277.5022125244141,277.5873718261719,277.6200408935547,0,-13283,-0.000112045556306839,-7.656868547201157e-05,6.26979068051438,0.0302734375,0.005375862121582,0
SITE_010_S0008,SITE_010,275.5760955810547,274.8417053222656,277.1721496582031,1322,-184968,-1.30385160446167e-05,-1.349765807390213e-05,1.622958687711569,-7.345364722995101e-24,1.049041748046875e-05,0
SITE_010_S0009,SITE_010,277.30615234375,277.4573211669922,278.5066528320312,65214,-103192,-1.808255910873413e-05,-1.789256930351257e-05,0.5596992011783326,0.0009765625,0.0001621246337890625,0
SITE_010_S0010,SITE_010,280.1018829345703,280.0070495605469,280.5845642089844,254346,-139242,-1.846253871917725e-05,-1.846160739660263e-05,0.3147484424786307,-7.345364722995101e-24,-7.345364920210326e-25,0
SITE_010_S0011,SITE_010,278.4993438720703,279.2811889648437,280.5425872802734,223472,-175403,-5.834177136421204e-05,-5.834735929965973e-05,1.190001804057957,0.0009765625,0.000213623046875,0
SITE_010_S0012,SITE_010,283.8497619628906,284.2282409667969,284.6910552978516,66470,-21438,-8.401647210121155e-05,-8.401833474636078e-05,1.639963541771393,-7.345364722995101e-24,-7.345364920210326e-25,0
SITE_010_S0013,SITE_010,283.4895172119141,283.4889678955078,284.8122253417969,150282,-138722,-3.604963421821594e-05,-3.60468402504921e-05,0.4546318536721796,-7.345364722995101e-24,-7.345364920210326e-25,0
SITE_010_S0014,SITE_010,285.7453155517578,285.9267883300781,287.8574523925781,35260,-244030,-0.0002506449818611145,-5.195476114749909e-05,1.685409145002044,-7.345364722995101e-24,-7.345364920210326e-25,0
SITE_010_S0015,SITE_010,280.4529724121094,280.4201354980469,282.9258422851562,576,-250328,-9.219720959663392e-05,-4.32189553976059e-05,1.656264866371957,-7.345364722995101e-24,-7.345364920210326e-25,0
SITE_010_S0016,SITE_010,279.9053497314453,280.2837371826172,282.4832153320312,0,-176426,-2.239271998405457e-05,-2.23945826292038e-05,0.9682292016910746,-7.345364722995101e-24,-7.345364920210326e-25,0
SITE_010_S0017,SITE_010,280.7516937255859,281.0585021972656,281.8481292724609,0,-96160,-4.708021879196167e-05,-4.707742482423782e-05,2.721899315445411,-7.345364722995101e-24,-7.345364920210326e-25,0
SITE_010_S0018,SITE_010,276.4261779785156,275.8962860107422,278.4151000976562,0,-229141,-6.195530295372009e-05,-4.053395241498947e-05,1.72363951235958,-7.345364722995101e-24,-7.345364920210326e-25,0
SITE_010_S0019,SITE_010,280.4482421875,280.5530242919922,280.9504241943359,0,-12156,-1.088529825210571e-05,-1.088762655854225e-05,0.8503688314555801,-7.345364722995101e-24,-7.345364920210326e-25,0
SITE_010_S0020,SITE_010,283.3437957763672,283.1390075683594,283.0308837890625,0,13462,-1.601874828338623e-06,-1.610256731510162e-06,0.939516957487164,-7.345364722995101e-24,1.9073486328125e-06,0
SITE_010_S0021,SITE_010,277.0400543212891,277.0994262695312,277.904052734375,0,10532,-4.176050424575806e-06,1.929141581058503e-05,1.890206964759762,0.0927734375,0.016693115234375,0
SITE_010_S0022,SITE_010,274.2224578857422,272.9364318847656,276.5696258544922,0,-117157,-2.931803464889526e-06,-2.930872142314911e-06,1.049725308854917,0.07421875,0.0133819580078125,1
SITE_010_S0023,SITE_010,273.4134826660156,273.8119201660156,276.9350128173828,0,-895,-1.328438520431519e-05,-8.285976946353912e-06,0.4817740931056977,0.3681640625,0.0729513168334961,0
SITE_010_S0024,SITE_010,275.5162506103516,274.7509155273437,274.3669738769531,0,25271,-3.099441528320312e-06,-3.09385359287262e-06,2.109222429021002,0.283203125,0.0817346572875976,0
SITE_010_S0025,SITE_010,276.5941925048828,276.4926452636719,275.3173370361328,0,44169,6.005167961120605e-06,6.007030606269836e-06,1.377376882129719,0.4580078125,0.1106119155883789,0
SITE_010_S0026,SITE_010,284.0700988769531,283.5125427246094,284.3158111572266,272880,-194432,-6.445497274398804e-05,-2.012774348258972e-05,1.072941312277309,-7.345364722995101e-24,1.9073486328125e-06,0
SITE_010_S0027,SITE_010,281.5428314208984,282.3576812744141,282.7587127685547,176938,-107280,-3.357604146003723e-05,-3.152620047330856e-05,0.797053967339705,-7.345364722995101e-24,-7.345364920210326e-25,0
SITE_010_S0028,SITE_010,281.09375,281.506103515625,282.0180358886719,46248,-20199,-8.691102266311646e-05,-8.691567927598953e-05,2.60238109416959,-7.345364722995101e-24,-7.345364920210326e-25,0
SITE_010_S0029,SITE_010,284.2634735107422,285.4867706298828,286.3471527099609,201786,-100099,-3.400072455406189e-05,-3.323052078485489e-05,0.6637103437261983,-7.345364722995101e-24,-7.345364920210326e-25,0
SITE_010_S0030,SITE_010,286.4798583984375,286.8655090332031,286.9490661621094,204004,-18107,-3.828480839729309e-05,-3.638584166765213e-05,0.6488638467987277,-7.345364722995101e-24,-7.345364920210326e-25,0
SITE_010_S0031,SITE_010,283.6990356445312,283.1336822509766,284.0529937744141,191212,-144755,-2.502650022506714e-05,-2.502743154764176e-05,0.4483014820187134,-7.345364722995101e-24,-7.345364920210326e-25,0
SITE_010_S0032,SITE_010,281.5490264892578,281.6662750244141,283.9505310058594,64210,-210136,-4.454702138900757e-05,-4.449766129255295e-05,0.7578601737671368,-7.345364722995101e-24,-7.345364920210326e-25,0
SITE_010_S0033,SITE_010,283.2304382324219,282.4286651611328,284.446533203125,30484,-192047,-3.782287240028381e-05,-3.459025174379349e-05,1.407042586301053,-7.345364722995101e-24,-7.345364920210326e-25,0
SITE_010_S0034,SITE_010,288.6202239990234,288.9037170410156,290.400634765625,2558,-76676,-2.954155206680298e-05,-2.606678754091263e-05,0.2576567263227227,-7.345364722995101e-24,-7.345364920210326e-25,0
SITE_010_S0035,SITE_010,280.4943389892578,281.1559600830078,282.2305755615234,0,-83614,-2.314895391464233e-05,-2.314988523721695e-05,0.2145949078121885,-7.345364722995101e-24,-7.345364920210326e-25,0
SITE_010_S0036,SITE_010,277.7860412597656,278.5158843994141,280.8587646484375,0,-220160,-2.33277678489685e-05,-2.333149313926697e-05,0.9983150913547392,-7.345364722995101e-24,-7.345364920210326e-25,0
SITE_010_S0037,SITE_010,277.2304229736328,277.0519866943359,278.2444152832031,0,-57814,-3.740936517715454e-05,-3.730971366167068e-05,1.898652936797673,0.009765625,0.0016698837280273,0
SITE_010_S0038,SITE_010,279.5259246826172,278.0965576171875,280.0486602783203,0,-76474,-2.93925404548645e-06,-2.938322722911835e-06,1.260343299516016,-7.345364722995101e-24,6.008148193359375e-05,0
SITE_010_S0039,SITE_010,270.3390197753906,269.5690612792969,276.8433074951172,0,-140043,-1.668557524681091e-05,-1.809373497962952e-05,1.478059150865493,0.1279296875,0.0195560455322265,1
SITE_010_S0040,SITE_010,275.2966156005859,274.4624481201172,276.9848175048828,0,-38101,-9.462237358093262e-07,-9.480863809585572e-07,1.082642900463213,0.0888671875,0.0155820846557617,0
SITE_010_S0041,SITE_010,276.4424591064453,276.0318298339844,277.0204467773437,0,-20118,-1.283362507820129e-05,-1.283641904592514e-05,1.68693802744808,0.03515625,0.0058097839355468,0
SITE_010_S0042,SITE_010,275.7937927246094,274.1218872070312,275.3393707275391,0,-2054,-6.511807441711426e-06,-4.120171070098877e-06,1.445571479281694,0.009765625,0.0016183853149414,0
SITE_010_S0043,SITE_010,271.0575714111328,269.9437713623047,272.7423706054688,0,-31147,-0.0001144632697105408,-2.761557698249817e-05,1.529424257228876,0.0537109375,0.008636474609375,1
SITE_010_S0044,SITE_010,279.5301666259766,278.7830810546875,278.3541259765625,0,21036,-4.842877388000488e-06,-4.849396646022797e-06,1.747304806373779,0.009765625,0.0016002655029296,0
SITE_010_S0045,SITE_010,277.5349884033203,277.3314056396484,277.9665985107422,0,-7593,-4.9639493227005e-05,-4.424434155225754e-05,2.699960632197264,0.0087890625,0.0015878677368164,0
SITE_010_S0046,SITE_010,278.250732421875,277.6243743896484,276.6786804199219,0,40886,1.711025834083557e-05,1.711305230855942e-05,1.907254834195685,0.248046875,0.0438623428344726,0
SITE_010_S0047,SITE_010,270.8627624511719,269.1496887207031,273.6867065429688,0,-170618,-9.387731552124023e-06,-9.389594197273254e-06,1.121673472491412,0.025390625,0.0055322647094726,1
SITE_010_S0048,SITE_010,268.0738983154297,260.8843841552734,272.825927734375,0,-192952,-8.787959814071655e-06,-8.786097168922424e-06,1.252305667233561,0.1435546875,0.0223588943481445,1
SITE_010_S0049,SITE_010,270.2662963867188,266.4795837402344,273.9245758056641,0,-195263,-5.651265382766724e-06,-5.655921995639801e-06,1.477469385420913,0.3017578125,0.0625343322753906,1
SITE_010_S0050,SITE_010,272.9500579833984,271.8527526855469,273.9808807373047,-1.292953491210938,-150057,-4.649162292480469e-06,-4.650093615055084e-06,1.190500428336956,0.0263671875,0.0062055587768554,1
SITE_010_S0051,SITE_010,277.06982421875,276.6348266601562,276.8464965820312,0,-13234,-2.291053533554077e-06,-1.54692679643631e-06,0.9586048473830748,0.0166015625,0.0028085708618164,0
SITE_010_S0052,SITE_010,277.2014617919922,277.4071655273437,278.2017364501953,3704,-6344,-3.692135214805603e-05,-3.426242619752884e-05,2.788469767705833,0.0146484375,0.002821922302246,0
SITE_010_S0053,SITE_010,274.1623840332031,273.7163391113281,276.0764007568359,88508,-255565,-5.805864930152893e-05,-3.085006028413773e-05,1.584948532046542,0.0048828125,0.0008287429809570312,0
SITE_010_S0054,SITE_010,278.7607574462891,278.8245086669922,279.7553253173828,156142,-133508,-4.626810550689697e-05,-2.301670610904694e-05,0.8942381721507764,-7.345364722995101e-24,-7.345364920210326e-25,0
SITE_010_S0055,SITE_010,281.7832794189453,282.8956909179688,283.4531707763672,181700,-126828,-3.010034561157227e-05,-2.86465510725975e-05,0.4686777001989593,-7.345364722995101e-24,-7.345364920210326e-25,0
SITE_010_S0056,SITE_010,280.5667419433594,281.1363372802734,282.0717163085937,159972,-105865,-8.398294448852539e-05,-4.748627543449402e-05,1.459379390813398,-7.345364722995101e-24,-7.345364920210326e-25,0
SITE_010_S0057,SITE_010,278.7244567871094,279.4984588623047,280.3594360351562,261928,-170778,-2.431869506835937e-05,-2.429727464914322e-05,0.8660498088070212,-7.345364722995101e-24,-7.345364920210326e-25,0
SITE_010_S0058,SITE_010,284.0806884765625,284.7209014892578,285.6780700683594,213750,-153657,-0.0001130849123001099,-4.278682172298432e-05,1.293251303853088,-7.345364722995101e-24,-7.345364920210326e-25,0
SITE_010_S0059,SITE_010,285.9188995361328,285.0851440429688,285.2990875244141,304318,-203168,-0.0002551525831222534,-7.590651512145996e-05,1.801609589932766,-7.345364722995101e-24,-7.345364920210326e-25,0
SITE_010_S0060,SITE_010,289.0915679931641,287.5996856689453,288.922607421875,286806,-218244,-4.016607999801636e-05,-3.888271749019623e-05,0.8536084773329571,-7.345364722995101e-24,-7.345364920210326e-25,0
SITE_010_S0061,SITE_010,286.9192657470703,287.0576934814453,288.3056793212891,128432,-128304,-2.969801425933838e-05,-2.939440310001373e-05,0.3205001953681176,-7.345364722995101e-24,-7.345364920210326e-25,0
SITE_010_S0062,SITE_010,288.6788787841797,287.8315277099609,289.6213684082031,81970,-172121,-3.359094262123108e-05,-3.261025995016098e-05,0.4188986101440071,-7.345364722995101e-24,-7.345364920210326e-25,0
SITE_010_S0063,SITE_010,287.1346435546875,287.3413543701172,288.6803283691406,52570,-235438,-0.0002867095172405243,-7.638242095708847e-05,1.847336112559313,-7.345364722995101e-24,-7.345364920210326e-25,0
SITE_010_S0064,SITE_010,280.1110076904297,279.3493957519531,282.027099609375,13634,-206358,-2.65464186668396e-05,-2.652779221534729e-05,1.13369626582183,-7.345364722995101e-24,-7.345364920210326e-25,0
SITE_010_S0065,SITE_010,279.6148071289062,279.2442779541016,281.2079925537109,348,-164346,-1.70096755027771e-05,-1.700688153505325e-05,0.984805273377051,-7.345364722995101e-24,-7.345364920210326e-25,0
SITE_010_S0066,SITE_010,279.3852386474609,279.0571899414062,281.5991973876953,-0.2079410552978515,-203978,-4.612654447555542e-05,-2.333056181669235e-05,1.289639497714707,-7.345364722995101e-24,-7.345364920210326e-25,0
SITE_010_S0067,SITE_010,281.9207000732422,281.9384307861328,282.0902557373047,0,2210,-4.991888999938965e-06,-4.939734935760498e-06,0.4979724163118327,-7.345364722995101e-24,4.57763671875e-05,0
SITE_010_S0068,SITE_010,276.7527923583984,275.4026336669922,278.7521057128906,0,-222010,-3.277137875556946e-05,-2.981070429086685e-05,1.826026525233655,-7.345364722995101e-24,-7.345364920210326e-25,0
SITE_010_S0069,SITE_010,283.5082702636719,283.3307189941406,283.2255401611328,0,21520,1.7508864402771e-07,1.676380634307861e-07,0.6100433916301778,-7.345364722995101e-24,4.76837158203125e-06,0
SITE_010_S0070,SITE_010,277.0438995361328,274.2729644775391,276.9759826660156,0,-222429,-2.050027251243592e-05,-1.608114689588547e-05,1.653723728632742,-7.345364722995101e-24,-7.345364920210326e-25,0
SITE_010_S0071,SITE_010,271.0189819335937,268.64794921875,272.77978515625,0,-194375,-3.002583980560303e-05,-2.242065966129303e-05,1.934199646763774,0.009765625,0.0014371871948242,1
SITE_010_S0072,SITE_010,276.9892120361328,276.465087890625,277.4141082763672,0,-28750,-2.339482307434082e-06,-2.338550984859467e-06,1.70233734870898,0.0390625,0.0069770812988281,0
SITE_010_S0073,SITE_010,277.711669921875,274.0005645751953,276.3703155517578,0,-192005,-2.286210656166077e-05,-1.551024615764618e-05,1.911399482368838,0.0087890625,0.001500129699707,0
SITE_010_S0074,SITE_010,268.6388397216797,267.2636108398437,272.8403930664062,0,-144938,-3.67090106010437e-05,-1.482106745243072e-05,0.4640787129227134,0.0361328125,0.0055103302001953,1
SITE_010_S0075,SITE_010,267.4146423339844,267.6526947021484,273.5019989013672,0,-196098,-2.380833029747009e-05,-2.693664282560349e-05,1.455235305239701,0.376953125,0.0693607330322265,1
SITE_010_S0076,SITE_010,266.6679382324219,265.2801818847656,274.0497741699219,0,-192829,-1.148134469985962e-05,-1.148227602243424e-05,1.64211179973535,0.4091796875,0.0923528671264648,1
SITE_010_S0077,SITE_010,272.9760589599609,271.7872467041016,274.3224792480469,0,-34447,5.885958671569824e-07,5.913898348808289e-07,0.8714471733409195,0.3955078125,0.0974102020263671,1
SITE_010_S0078,SITE_010,277.3584289550781,275.7355041503906,276.5981140136719,0,-198848,-6.733089685440063e-05,-1.72983855009079e-05,2.422571265172868,0.009765625,0.0028400421142578,0
SITE_010_S0079,SITE_010,276.7140350341797,277.0950775146484,277.9356689453125,352,-6159,-9.489059448242188e-05,-8.945632725954056e-05,4.001095872098322,0.017578125,0.0034313201904296,0
SITE_010_S0080,SITE_010,275.5818176269531,275.3059844970703,277.3326568603516,147412,-290701,-0.0001311004161834717,-5.763210356235504e-05,1.694399113527877,-7.345364722995101e-24,2.574920654296875e-05,0
SITE_010_S0081,SITE_010,281.8997802734375,282.7273101806641,283.9096069335937,122758,-69310,-2.831220626831055e-05,-2.752337604761124e-05,0.8711975224548244,-7.345364722995101e-24,-7.345364920210326e-25,0
SITE_010_S0082,SITE_010,281.7213439941406,282.1543579101562,283.2292785644531,276056,-209365,-3.309547901153564e-05,-3.274716436862946e-05,1.78696319446029,-7.345364722995101e-24,-7.345364920210326e-25,0
SITE_010_S0083,SITE_010,281.9809112548828,282.8504791259766,283.4411010742188,87030,-50645,-4.263967275619507e-05,-3.56016680598259e-05,0.6557753869334385,-7.345364722995101e-24,-7.345364920210326e-25,0
SITE_010_S0084,SITE_010,284.9919891357422,285.1367797851562,285.5828857421875,308586,-152736,-2.995505928993225e-05,-2.973154187202454e-05,0.7976852294008259,-7.345364722995101e-24,-7.345364920210326e-25,0
SITE_010_S0085,SITE_010,282.5885009765625,282.5307464599609,283.1812438964844,282704,-179830,-2.672895789146424e-05,-2.672616392374039e-05,0.5712243169791825,-7.345364722995101e-24,-7.345364920210326e-25,0
SITE_010_S0086,SITE_010,285.8543243408203,286.1249084472656,286.2261352539062,115070,-13964,-3.745034337043762e-05,-3.530364483594894e-05,0.6131604960077356,-7.345364722995101e-24,-7.345364920210326e-25,0
SITE_010_S0087,SITE_010,285.5491943359375,285.6929779052734,286.5011138916016,188740,-124176,-2.030283212661743e-05,-2.030190080404282e-05,0.5519652346459558,-7.345364722995101e-24,-7.345364920210326e-25,0
SITE_010_S0088,SITE_010,284.6595611572266,284.2191467285156,286.2117767333984,152648,-223511,-4.753097891807556e-05,-4.194676876068115e-05,1.1946486968527,-7.345364722995101e-24,-7.345364920210326e-25,0
SITE_010_S0089,SITE_010,286.0597229003906,286.4089813232422,287.5254669189453,43090,-134008,-4.701316356658936e-05,-3.138650208711624e-05,1.040507957263576,-7.345364722995101e-24,-7.345364920210326e-25,0
SITE_010_S0090,SITE_010,286.9182739257812,286.4770812988281,288.4842529296875,27880,-237350,-0.0001514032483100891,-3.99341806769371e-05,1.63775776037102,-7.345364722995101e-24,-7.345364920210326e-25,0
SITE_010_S0091,SITE_010,285.1793365478516,285.6800231933594,286.2664794921875,696,-17056,-5.464255809783936e-05,-5.462579429149628e-05,0.3821826937173249,-7.345364722995101e-24,-7.345364920210326e-25,0
SITE_010_S0092,SITE_010,283.6683502197266,283.6356201171875,284.6957092285156,0,-67352,-8.337199687957764e-06,-8.337199687957764e-06,0.4134605334782905,-7.345364722995101e-24,-7.345364920210326e-25,0
SITE_010_S0093,SITE_010,278.5897216796875,279.0383453369141,280.4708099365234,0,-149420,-1.795962452888489e-05,-1.796334981918335e-05,0.9286250499417268,-7.345364722995101e-24,2.002716064453125e-05,0
SITE_010_S0094,SITE_010,281.2106475830078,279.8128356933594,280.6308898925781,0,-55933,-4.190206527709961e-05,-2.275127917528152e-05,1.522686131214113,-7.345364722995101e-24,1.430511474609375e-05,0
SITE_010_S0095,SITE_010,273.7260589599609,272.9055480957031,276.0357208251953,0,-280924,-4.201382398605347e-05,-3.37427482008934e-05,1.699270900561999,-7.345364722995101e-24,1.33514404296875e-05,1
SITE_010_S0096,SITE_010,278.3780670166016,275.4992523193359,277.9001312255859,0,-175344,-3.399699926376343e-05,-2.24672257900238e-05,1.919116421950078,-7.345364722995101e-24,-7.345364920210326e-25,0
SITE_010_S0097,SITE_010,277.1816864013672,276.5495758056641,278.1038818359375,0,-61004,-1.923739910125732e-05,-1.318380236625671e-05,1.146317708908209,-7.345364722995101e-24,-7.345364920210326e-25,0
SITE_010_S0098,SITE_010,274.1173553466797,272.5644378662109,274.1923065185547,0,-122998,5.200505256652832e-06,5.200505256652832e-06,1.492197085472721,0.0166015625,0.0025224685668945,1
SITE_010_S0099,SITE_010,271.610595703125,271.1082458496094,274.1045684814453,0,-97481,-7.055699825286865e-06,-7.020309567451477e-06,1.12285797043825,0.03125,0.0051240921020507,1
SITE_010_S0100,SITE_010,270.3233337402344,267.6362915039062,273.2109985351562,0,-195130,-6.925314664840698e-06,-6.928108632564545e-06,1.332868299638478,0.033203125,0.0051231384277343,1
SITE_010_S0101,SITE_010,278.764892578125,278.3354797363281,277.5559997558594,0,28893,1.391768455505371e-05,3.936141729354858e-05,2.727186361936528,0.0830078125,0.0129499435424804,0
SITE_010_S0102,SITE_010,276.9233703613281,276.3543548583984,276.5073852539062,0,27097,1.218169927597046e-05,1.2177973985672e-05,1.973575870369586,0.5595703125,0.104893684387207,0
SITE_010_S0103,SITE_010,278.08544921875,276.7288055419922,277.2758026123047,0,68004,5.573034286499024e-06,5.572102963924408e-06,1.510014435481483,0.2080078125,0.0465612411499023,0
SITE_010_S0104,SITE_010,273.6400299072266,272.3118286132812,274.3360748291016,0,-62230,-7.450580596923828e-07,-7.441267371177673e-07,0.7703361019231432,0.0947265625,0.022684097290039,1
SITE_010_S0105,SITE_010,272.3338775634766,272.1037445068359,274.3005981445312,0,-132133,-2.462044358253479e-05,-2.18292698264122e-05,1.295430464177387,0.1630859375,0.033604621887207,1
SITE_010_S0106,SITE_010,270.9804840087891,270.4012908935547,273.8954772949219,0,-100747,-1.008063554763794e-05,-1.008249819278717e-05,0.739798216352617,0.130859375,0.027989387512207,1
SITE_010_S0107,SITE_010,271.1351318359375,269.9361114501953,273.6985015869141,0.51611328125,-178061,-7.368624210357666e-06,-7.361173629760742e-06,1.29817611327675,0.0556640625,0.0156574249267578,1
SITE_010_S0108,SITE_010,273.1875152587891,271.0267028808594,274.2107238769531,8,-42413,-8.73953104019165e-06,-8.740462362766266e-06,0.1571611459362072,0.1279296875,0.0222501754760742,1
SITE_010_S0109,SITE_010,273.3785858154297,272.5848388671875,275.5062713623047,22174,-236716,-1.63838267326355e-05,-1.638662070035934e-05,1.194588619063652,0.0009765625,0.0001735687255859375,1
SITE_010_S0110,SITE_010,277.7605895996094,277.660400390625,278.4627227783203,34856,-63960,-2.090632915496827e-05,-1.897569745779037e-05,1.192570937060358,0.001953125,0.0003175735473632812,0
SITE_010_S0111,SITE_010,277.5030364990234,277.6896667480469,279.0523986816406,98148,-58911,-6.097555160522461e-05,-6.097834557294846e-05,1.77931543759536,0.0068359375,0.0012226104736328,0
SITE_010_S0112,SITE_010,279.5763244628906,279.3753814697266,280.4806976318359,260558,-196201,-2.915412187576294e-05,-2.892687916755676e-05,0.8699637715064943,-7.345364722995101e-24,-7.345364920210326e-25,0
SITE_010_S0113,SITE_010,283.3919525146484,283.8509826660156,283.3815307617188,88384,-14872,-5.09992241859436e-06,-5.080364644527435e-06,0.2389494894509819,-7.345364722995101e-24,-7.345364920210326e-25,0
SITE_010_S0114,SITE_010,287.6448059082031,287.0265045166016,286.7411499023437,358462,-141202,-7.361173629760742e-06,-7.361173629760742e-06,0.52040843770958,-7.345364722995101e-24,-7.345364920210326e-25,0
SITE_010_S0115,SITE_010,282.5077209472656,281.9292144775391,282.6323699951172,233036,-159889,-1.804903149604797e-05,-1.804344356060028e-05,0.3450642308460103,-7.345364722995101e-24,-7.345364920210326e-25,0
SITE_010_S0116,SITE_010,284.8775329589844,285.3319244384766,286.4165344238281,154402,-122973,-0.0002531930804252625,-5.423463881015778e-05,2.039724980735553,-7.345364722995101e-24,-7.345364920210326e-25,0
SITE_010_S0117,SITE_010,284.4173889160156,284.1313629150391,286.0752716064453,184616,-212565,-3.199279308319092e-05,-3.199279308319092e-05,0.8358404602803334,-7.345364722995101e-24,-7.345364920210326e-25,0
SITE_010_S0118,SITE_010,285.0671997070312,284.58154296875,286.0123596191406,91190,-150089,-2.843886613845825e-05,-2.675782889127732e-05,1.073875782943756,-7.345364722995101e-24,-7.345364920210326e-25,0
SITE_010_S0119,SITE_010,281.3085327148437,281.1100769042969,283.4240417480469,44298,-234536,-3.087520599365234e-05,-3.087427467107773e-05,1.150238960243274,-7.345364722995101e-24,-7.345364920210326e-25,0
SITE_010_S0120,SITE_010,283.7265014648437,282.6776733398437,285.1276092529297,10938,-183568,-2.170354127883911e-05,-2.161972224712372e-05,1.252360467925757,-7.345364722995101e-24,-7.345364920210326e-25,0
SITE_010_S0121,SITE_010,286.9198303222656,287.1544342041016,287.6403350830078,36,-17230,-1.76355242729187e-05,-1.764204353094101e-05,1.028861866532645,-7.345364722995101e-24,-7.345364920210326e-25,0
SITE_010_S0122,SITE_010,279.2454376220703,278.9724273681641,280.8467407226562,0.415283203125,-98050,-2.937018871307373e-05,-2.936460077762604e-05,1.202055101718494,-7.345364722995101e-24,-7.345364920210326e-25,0
SITE_010_S0123,SITE_010,283.9863739013672,284.4201812744141,285.3283386230469,0,-37485,-7.500872015953064e-05,-1.875031739473343e-05,1.042388031611243,-7.345364722995101e-24,-7.345364920210326e-25,0
SITE_010_S0124,SITE_010,277.3640899658203,277.5924072265625,279.5037384033203,0,-202805,-7.494539022445679e-05,-3.914674744009972e-05,1.98235428664366,-7.345364722995101e-24,1.049041748046875e-05,0
SITE_010_S0125,SITE_010,276.9404602050781,274.2660217285156,277.2824859619141,0,-216716,-1.653283834457397e-05,-1.539383083581924e-05,1.633223187452358,-7.345364722995101e-24,1.9073486328125e-06,0
SITE_010_S0126,SITE_010,274.4080810546875,273.9697418212891,276.4013824462891,0,-158152,-4.854053258895874e-06,-3.01748514175415e-07,0.6383805211947535,0.1376953125,0.0234127044677734,0
SITE_010_S0127,SITE_010,275.0433502197266,271.9046173095703,275.6428527832031,0,-141981,-3.539025783538819e-07,-3.566965460777283e-07,0.6729338052250378,0.068359375,0.0116071701049804,1
SITE_010_S0128,SITE_010,281.305419921875,280.2578125,280.1732025146484,0,34303,8.791685104370117e-07,8.800998330116272e-07,0.2074015495162227,0.0029296875,0.0005054473876953125,0
SITE_010_S0129,SITE_010,276.9993743896484,276.6506805419922,277.2840423583984,0,-133790,1.4524906873703e-05,2.632848918437958e-05,1.453038843683918,0.091796875,0.0157089233398437,0
SITE_010_S0130,SITE_010,277.7757415771484,277.403564453125,276.8404083251953,0,33473,1.680105924606323e-05,1.680012792348862e-05,2.235070992833874,0.146484375,0.0253791809082031,0
SITE_010_S0131,SITE_010,274.9491271972656,274.6803741455078,276.4600524902344,0,-221165,-0.0001648738980293274,-6.460677832365036e-05,2.683470618311532,0.1044921875,0.0216236114501953,0
SITE_010_S0132,SITE_010,275.4648895263672,274.9696044921875,275.8744049072266,0,5370,-5.934387445449829e-06,7.664784789085388e-07,1.435748691061498,0.1357421875,0.0265522003173828,0
SITE_010_S0133,SITE_010,275.0766296386719,274.0133056640625,274.4193878173828,0,-45094,-9.923428297042848e-05,-2.994854003190994e-05,1.950117024402795,0.3330078125,0.065220832824707,0
SITE_010_S0134,SITE_010,273.7571258544922,271.5726318359375,275.0475616455078,0,-68665,-1.348555088043213e-06,-1.344829797744751e-06,1.136573367842048,0.2724609375,0.062753677368164,1
SITE_010_S0135,SITE_010,275.7894744873047,275.5551605224609,275.8038024902344,-0.875,-13983,-5.957484245300293e-05,-9.765848517417908e-06,2.734633355409826,0.1748046875,0.0485897064208984,0
SITE_010_S0136,SITE_010,274.0544128417969,270.2954864501953,274.0724945068359,0,-50384,-3.296881914138794e-06,-3.295019268989563e-06,0.6822610961169027,0.1748046875,0.045257568359375,1
SITE_010_S0137,SITE_010,274.8799743652344,274.6503753662109,275.5112457275391,2292,-33463,-9.644776582717896e-06,-9.346753358840942e-06,0.7765439307664219,0.0771484375,0.0262670516967773,0
SITE_010_S0138,SITE_010,276.6933746337891,276.0330047607422,278.1670227050781,50866,-82135,-1.114979386329651e-05,-1.114793121814728e-05,0.8340017779788047,0.0107421875,0.0039968490600585,0
SITE_010_S0139,SITE_010,277.6101226806641,277.8790893554688,279.1499481201172,135332,-180255,-5.286931991577149e-05,-2.653803676366806e-05,1.017612316784479,-7.345364722995101e-24,1.621246337890625e-05,0
SITE_010_S0140,SITE_010,280.3149108886719,279.9170837402344,281.0148010253906,194776,-154324,-1.138448715209961e-05,-1.138355582952499e-05,0.7765144353957694,-7.345364722995101e-24,1.9073486328125e-06,0
SITE_010_S0141,SITE_010,280.481689453125,280.7285461425781,281.1167449951172,112934,-9051,-7.966160774230957e-05,-6.512925028800964e-05,0.4041036504605808,-7.345364722995101e-24,6.67572021484375e-06,0
SITE_010_S0142,SITE_010,278.6489410400391,279.9239196777344,280.6725311279297,136194,-102338,-3.853067755699158e-05,-3.838445991277695e-05,0.5900694513182185,-7.345364722995101e-24,-7.345364920210326e-25,0
SITE_010_S0143,SITE_010,285.5015411376953,285.6071624755859,286.7438049316406,255884,-180983,-3.919750452041626e-05,-3.794394433498383e-05,0.6575217757040838,-7.345364722995101e-24,-7.345364920210326e-25,0
SITE_010_S0144,SITE_010,285.6660461425781,285.4498443603516,286.4170684814453,184128,-161807,-2.293661236763e-05,-2.271682024002075e-05,0.7215260731270645,-7.345364722995101e-24,-7.345364920210326e-25,0
SITE_010_S0145,SITE_010,285.9072113037109,285.4455871582031,286.8855743408203,207302,-201715,-2.837926149368286e-05,-2.732221037149429e-05,1.004833369643967,-7.345364722995101e-24,-7.345364920210326e-25,0
SITE_010_S0146,SITE_010,288.3436279296875,288.2160491943359,289.5087890625,103228,-134810,-5.792081356048584e-05,-3.78098338842392e-05,1.137781566514119,-7.345364722995101e-24,-7.345364920210326e-25,0
SITE_010_S0147,SITE_010,287.2222595214844,287.9877777099609,289.1610717773437,27784,-21541,-0.0001118481159210205,-3.196485340595245e-05,0.996455965558155,-7.345364722995101e-24,-7.345364920210326e-25,0
SITE_010_S0148,SITE_010,283.9850616455078,284.695068359375,286.1748962402344,42750,-129512,-0.0001083984971046448,-4.60231676697731e-05,0.5929999892457215,-7.345364722995101e-24,-7.345364920210326e-25,0
SITE_010_S0149,SITE_010,283.0166320800781,281.9906463623047,284.2249755859375,22176,-164718,-2.5186687707901e-05,-2.479832619428634e-05,1.361586520305242,-7.345364722995101e-24,-7.345364920210326e-25,0
SITE_010_S0150,SITE_010,285.8597259521484,286.1573944091797,287.1239318847656,968,-62100,-0.0001057423651218414,-1.895986497402191e-05,0.9049079927950406,-7.345364722995101e-24,-7.345364920210326e-25,0
SITE_010_S0151,SITE_010,284.1676177978516,283.5811309814453,284.9242095947266,0,-88022,-2.781301736831665e-05,-1.88928097486496e-05,1.382773537292306,-7.345364722995101e-24,-7.345364920210326e-25,0
SITE_010_S0152,SITE_010,278.2505187988281,277.6861724853516,280.3023834228516,0,-203068,-1.960620284080505e-05,-1.961831003427505e-05,1.053175917765771,-7.345364722995101e-24,-7.345364920210326e-25,0
SITE_010_S0153,SITE_010,282.1293487548828,281.9748992919922,281.9790191650391,0,7132,-8.258968591690063e-06,-8.257105946540833e-06,2.433470042677597,0.0009765625,0.0002374649047851562,0
SITE_010_S0154,SITE_010,283.2338714599609,282.8138885498047,281.6086883544922,0,36006,3.318116068840027e-05,3.318209201097488e-05,2.989369976211564,0.00390625,0.0007476806640625,0
SITE_010_S0155,SITE_010,275.1726684570312,275.2177276611328,276.0066375732422,434,-40134,-2.09510326385498e-05,-1.751165837049484e-05,1.784754199066164,0.017578125,0.0031518936157226,0
SITE_010_S0156,SITE_010,269.0861053466797,266.5709838867188,274.6673736572266,22568,-148099,-1.867115497589112e-05,-1.866836100816727e-05,1.248059944125878,0.138671875,0.0220918655395507,1
SITE_010_S0157,SITE_010,272.7537689208984,271.8531036376953,273.8393859863281,96838,-149328,-1.793727278709412e-05,-1.793727278709412e-05,0.7007095401294041,0.0146484375,0.002547264099121,1
SITE_010_S0158,SITE_010,274.5079956054688,273.6455688476562,275.0890502929688,168230,-109473,-1.911073923110962e-05,-1.910235732793808e-05,0.465361275009182,0.0244140625,0.0042781829833984,0
SITE_010_S0159,SITE_010,276.5497589111328,275.9680786132812,277.1145477294922,319272,-201964,-1.887232065200806e-05,-1.886487007141113e-05,0.8270296286768491,0.0048828125,0.0007448196411132812,0
SITE_010_S0160,SITE_010,283.4413299560547,283.0748901367188,283.2496795654297,319712,-163780,-4.047900438308716e-05,-3.140419721603394e-05,0.6921709715826692,-7.345364722995101e-24,-7.345364920210326e-25,0
SITE_010_S0161,SITE_010,279.0990600585937,279.4871673583984,279.9843292236328,274602,-107253,-5.227327346801758e-05,-5.157012492418289e-05,1.580045037610568,-7.345364722995101e-24,3.24249267578125e-05,0
SITE_010_S0162,SITE_010,287.2409973144531,286.6518707275391,287.372802734375,386104,-242864,-4.411116242408752e-05,-3.188475966453552e-05,0.9568432249777492,-7.345364722995101e-24,-7.345364920210326e-25,0
SITE_010_S0163,SITE_010,284.0807800292969,284.2017059326172,284.5284729003906,221138,-69352,-2.098456025123596e-05,-2.098269760608673e-05,0.23107308875159,-7.345364722995101e-24,-7.345364920210326e-25,0
SITE_010_S0164,SITE_010,286.3290557861328,285.6942596435547,286.3292846679688,162020,-57692,-1.293793320655823e-05,-1.293793320655823e-05,0.2578906501643178,-7.345364722995101e-24,-7.345364920210326e-25,0
SITE_010_S0165,SITE_010,288.3755645751953,287.8264617919922,289.2165985107422,120502,-111775,-4.523247480392456e-05,-4.2719766497612e-05,0.597387255255696,-7.345364722995101e-24,-7.345364920210326e-25,0
SITE_010_S0166,SITE_010,285.1316680908203,285.6718902587891,286.7204132080078,22984,-30742,-5.56260347366333e-05,-3.794766962528229e-05,1.024036461974497,-7.345364722995101e-24,-7.345364920210326e-25,0
SITE_010_S0167,SITE_010,288.1326751708984,286.9197692871094,288.3990325927734,26504,-118681,-3.013759851455688e-05,-2.970173954963684e-05,0.9443886091549442,-7.345364722995101e-24,-7.345364920210326e-25,0
SITE_010_S0168,SITE_010,281.8947143554688,281.0214538574219,283.5656585693359,6904,-194461,-3.693252801895142e-05,-3.633555024862289e-05,1.277955187142021,-7.345364722995101e-24,-7.345364920210326e-25,0
SITE_010_S0169,SITE_010,282.0599212646484,281.3686065673828,282.9903106689453,0,-106711,-3.518909215927124e-05,-3.173202276229858e-05,1.244311863068034,-7.345364722995101e-24,-7.345364920210326e-25,0
SITE_010_S0170,SITE_010,281.2012023925781,280.6240844726562,282.8665161132812,-0.244293212890625,-161697,-1.889839768409729e-05,-1.889467239379883e-05,0.9649266256302956,-7.345364722995101e-24,-7.345364920210326e-25,0
SITE_010_S0171,SITE_010,280.0587005615234,279.1595611572266,281.6245880126953,0,-197448,-3.127381205558777e-05,-3.123283386230469e-05,1.458210160215326,-7.345364722995101e-24,-7.345364920210326e-25,0
SITE_010_S0172,SITE_010,279.8861694335937,279.907958984375,280.4512023925781,0,15476,-1.036003232002258e-05,-1.036282628774643e-05,1.091219160289826,0.0126953125,0.0023069381713867,0
SITE_010_S0173,SITE_010,274.8454895019531,275.2244110107422,277.5076599121094,0,-193605,-9.17688012123108e-05,-6.5656378865242e-05,3.235135621788636,0.017578125,0.0030679702758789,0
SITE_010_S0174,SITE_010,271.800048828125,269.4217987060547,273.68994140625,0,-224828,-3.08603048324585e-05,-2.144835889339447e-05,1.843269491638167,0.01171875,0.0020065307617187,1
SITE_010_S0175,SITE_010,268.9038848876953,267.7482757568359,272.8728790283203,0,-61070,-2.416595816612244e-05,-1.44466757774353e-05,1.197399539024671,0.0498046875,0.0084457397460937,1
SITE_010_S0176,SITE_010,274.0858917236328,272.2722625732422,277.5608062744141,0,-79526,2.37300992012024e-06,2.370215952396393e-06,1.227832785022528,0.5732421875,0.1115036010742187,1
SITE_010_S0177,SITE_010,275.0920257568359,274.6646270751953,276.7324066162109,0,-71239,-4.029273986816406e-05,5.695037543773651e-06,2.085844713826978,0.244140625,0.0607948303222656,0
SITE_010_S0178,SITE_010,275.6827392578125,275.7258605957031,276.8586120605469,0,-27157,-5.397945642471313e-06,3.724358975887299e-06,1.556119650006713,0.099609375,0.0207605361938476,0
SITE_010_S0179,SITE_010,275.4468841552734,273.8225555419922,275.7837524414062,0,-56694,-1.40070915222168e-06,-1.406297087669373e-06,0.0662617021810381,0.0517578125,0.0117998123168945,0
SITE_010_S0180,SITE_010,275.87646484375,276.0875091552734,275.9174346923828,0,160,-7.950142025947571e-05,-1.947302371263504e-05,1.795246227012708,0.1044921875,0.0195178985595703,0
SITE_010_S0181,SITE_010,273.1144866943359,273.3753967285156,274.9281921386719,0,-114860,-2.91094183921814e-05,-2.446211874485016e-05,3.476509746383326,0.0830078125,0.0151691436767578,0
SITE_010_S0182,SITE_010,270.8086853027344,270.7836608886719,274.0600280761719,0,-187347,-8.56444239616394e-06,-1.966487616300583e-05,1.478300198081268,0.484375,0.0885381698608398,1
SITE_010_S0183,SITE_010,272.7700653076172,268.9112091064453,274.8821411132812,-0.2177734375,-205579,-1.149624586105347e-05,-1.149438321590424e-05,1.729573261648238,0.4423828125,0.1079444885253906,1
SITE_010_S0184,SITE_010,274.8378295898437,274.4856414794922,275.4070281982422,1960,-25597,-4.194676876068115e-06,-4.190951585769653e-06,0.747827306574749,0.1083984375,0.027048110961914,0
SITE_010_S0185,SITE_010,276.3182525634766,275.6452484130859,275.6353302001953,10602,37962,-3.390014171600342e-06,-3.392808139324188e-06,1.089237192286907,0.1865234375,0.0387468338012695,0
SITE_010_S0186,SITE_010,280.3502960205078,280.6714935302734,281.5064697265625,87142,-62096,-8.729472756385803e-05,-2.385210245847702e-05,0.6690406565662524,-7.345364722995101e-24,1.430511474609375e-05,0
SITE_010_S0187,SITE_010,285.2669677734375,285.325927734375,286.3800964355469,162154,-98017,-1.314282417297363e-05,-1.314561814069748e-05,0.5075706612157256,-7.345364722995101e-24,-7.345364920210326e-25,0
SITE_010_S0188,SITE_010,281.8091430664062,282.3569183349609,283.1276092529297,274680,-129560,-3.522634506225586e-05,-3.478489816188812e-05,0.7687694979161005,-7.345364722995101e-24,-7.345364920210326e-25,0
SITE_010_S0189,SITE_010,283.3952026367188,283.9127044677734,285.1139678955078,62610,-52618,-4.955381155014038e-05,-4.796683788299561e-05,0.5890013773843563,-7.345364722995101e-24,-7.345364920210326e-25,0
SITE_010_S0190,SITE_010,281.0349578857422,281.3549346923828,281.6463470458984,336854,-166706,-4.096329212188721e-05,-3.358907997608185e-05,0.6976124789490974,-7.345364722995101e-24,-7.345364920210326e-25,0
SITE_010_S0191,SITE_010,284.1796722412109,283.5365142822266,284.8010101318359,367174,-243375,-4.177168011665344e-05,-3.982521593570709e-05,0.6575995532179012,-7.345364722995101e-24,-7.345364920210326e-25,0
SITE_010_S0192,SITE_010,286.5276947021484,285.8865356445312,286.9028015136719,267058,-173729,-3.252923488616943e-05,-3.182981163263321e-05,0.7264772867283908,-7.345364722995101e-24,-7.345364920210326e-25,0
SITE_010_S0193,SITE_010,284.1818237304688,283.9177398681641,285.2110900878906,166214,-188043,-2.291798591613769e-05,-2.291984856128693e-05,0.582166366179036,-7.345364722995101e-24,-7.345364920210326e-25,0
SITE_010_S0194,SITE_010,282.9256134033203,283.4713134765625,284.9700164794922,14144,-141935,-4.154443740844727e-05,-3.683939576148987e-05,1.0151583746587,-7.345364722995101e-24,-7.345364920210326e-25,0
SITE_010_S0195,SITE_010,283.8029327392578,284.2435607910156,285.1134796142578,600,-41548,-3.807991743087769e-05,-1.984182745218277e-05,0.8625596538012844,-7.345364722995101e-24,-7.345364920210326e-25,0
SITE_010_S0196,SITE_010,283.8414154052734,284.0205993652344,284.2595367431641,-0.10546875,-24203,-5.200877785682678e-05,-5.200505256652832e-05,2.746872149986581,-7.345364722995101e-24,-7.345364920210326e-25,0
SITE_010_S0197,SITE_010,283.7340698242188,280.9267730712891,283.7547302246094,0,-193064,-2.072751522064209e-05,-1.851655542850494e-05,1.84665478047056,-7.345364722995101e-24,-7.345364920210326e-25,0
SITE_010_S0198,SITE_010,283.2428894042969,280.1791076660156,281.7332153320312,0,-98760,-3.501772880554199e-07,-3.511086106300354e-07,0.874727288206708,-7.345364722995101e-24,-7.345364920210326e-25,0
SITE_010_S0199,SITE_010,274.8568420410156,273.1818542480469,275.9807281494141,0,-127917,-3.424286842346191e-05,-2.808589488267899e-05,1.553884389627187,0.009765625,0.001683235168457,0
SITE_010_S0200,SITE_010,279.6985473632812,279.419921875,279.9051361083984,0,-26760,-1.65402889251709e-05,-1.644808799028397e-05,1.893300451366138,-7.345364722995101e-24,8.58306884765625e-05,0
SITE_010_S0201,SITE_010,272.3904724121094,271.4832458496094,275.929443359375,0,-203571,-9.44174826145172e-05,-2.580694854259491e-05,3.313503157239615,0.1796875,0.0314359664916992,1
SITE_010_S0202,SITE_010,277.9207153320312,276.6099243164062,277.2529907226562,0,38727,-5.923211574554443e-07,-5.997717380523682e-07,0.1652579973113213,0.0615234375,0.0120697021484375,0
SITE_010_S0203,SITE_010,272.4324798583984,271.525146484375,274.1973724365234,0,-185432,-8.590519428253174e-06,-8.608214557170868e-06,1.198833460542152,0.0087890625,0.001479148864746,1
SITE_010_S0204,SITE_010,271.1675567626953,265.8773803710937,275.1129913330078,0,-187190,-2.088770270347595e-05,-2.088863402605057e-05,2.507403254772262,0.1171875,0.0186109542846679,1
SITE_010_S0205,SITE_010,277.6124267578125,277.2991180419922,275.6047515869141,0,21053,8.58306884765625e-06,4.513002932071686e-05,3.569488188887444,0.11328125,0.0184602737426757,0
SITE_010_S0206,SITE_010,274.2093505859375,274.3428192138672,276.0135345458984,0,-125130,-4.32133674621582e-06,-4.323199391365051e-06,1.471142981713813,0.0126953125,0.0029706954956054,0
SITE_010_S0207,SITE_010,272.0817260742188,270.4524078369141,273.9434661865234,2314,-236840,-1.919269561767578e-05,-1.919083297252655e-05,1.384226503387121,0.01171875,0.0018644332885742,1
SITE_010_S0208,SITE_010,276.3251037597656,276.5767822265625,277.5925903320312,29222,-29733,-1.974031329154968e-05,-1.974496990442276e-05,1.187613775600937,0.0126953125,0.0022497177124023,0
SITE_010_S0209,SITE_010,281.7193145751953,280.9490814208984,282.1836700439453,237604,-206320,-4.293397068977356e-05,-1.855194568634033e-05,1.119047844932104,0.0009765625,8.96453857421875e-05,0
SITE_010_S0210,SITE_010,277.9644317626953,278.1302642822266,279.0715026855469,175620,-151107,-0.0001071244478225708,-6.317067891359329e-05,2.366236275771908,0.0048828125,0.00083160400390625,0
SITE_010_S0211,SITE_010,278.6576690673828,279.1766510009766,280.36572265625,131726,-55804,-8.921325206756592e-05,-8.881837129592896e-05,2.44697901391003,0.0009765625,0.0001688003540039062,0
SITE_010_S0212,SITE_010,278.7705383300781,279.4548645019531,280.6697387695312,225788,-104677,-6.911531090736389e-05,-6.909389048814774e-05,0.9368241277889658,-7.345364722995101e-24,7.82012939453125e-05,0
SITE_010_S0213,SITE_010,282.515380859375,282.9590454101562,283.5885620117188,79474,-32824,-5.632638931274414e-05,-5.564093589782715e-05,1.207499919354944,-7.345364722995101e-24,-7.345364920210326e-25,0
SITE_010_S0214,SITE_010,288.7809143066406,287.8411407470703,289.0398101806641,329204,-228814,-3.724545240402222e-05,-3.633322194218636e-05,0.992700152067505,-7.345364722995101e-24,-7.345364920210326e-25,0
SITE_010_S0215,SITE_010,287.8873748779297,288.0594482421875,288.8307647705078,184594,-106510,-4.203617572784424e-05,-3.762543201446533e-05,1.329940727534215,-7.345364722995101e-24,-7.345364920210326e-25,0
SITE_010_S0216,SITE_010,289.5792541503906,289.6725158691406,290.3878936767578,103188,-71949,-1.908093690872192e-05,-8.819624781608582e-06,0.1414727126267105,-7.345364722995101e-24,-7.345364920210326e-25,0
SITE_010_S0217,SITE_010,284.0119018554688,284.3830261230469,285.1757659912109,47632,-91698,-2.575665712356568e-05,-2.575526013970375e-05,0.7729317285989173,-7.345364722995101e-24,-7.345364920210326e-25,0
SITE_010_S0218,SITE_010,282.3871307373047,281.7971649169922,283.7683868408203,28196,-186498,-1.94944441318512e-05,-1.949537545442581e-05,1.092103493363936,-7.345364722995101e-24,-7.345364920210326e-25,0
SITE_010_S0219,SITE_010,288.1549682617188,286.4590759277344,288.8270568847656,4864,-154039,-1.555681228637695e-05,-1.547671854496002e-05,1.032341209292306,-7.345364722995101e-24,-7.345364920210326e-25,0
SITE_010_S0220,SITE_010,283.1292877197266,283.6488952636719,284.7722625732422,0,-52838,-4.053860902786255e-05,-1.681409776210785e-05,0.5551399250412363,-7.345364722995101e-24,-7.345364920210326e-25,0
SITE_010_S0221,SITE_010,279.0183868408203,277.9277496337891,280.6226806640625,0,-190995,-3.473460674285889e-05,-3.269128501415253e-05,1.40860174429244,-7.345364722995101e-24,-7.345364920210326e-25,0
SITE_010_S0222,SITE_010,278.0969848632812,276.3615264892578,278.0750732421875,0,-165994,-5.179271101951599e-05,-3.597792237997055e-05,1.951572448989627,-7.345364722995101e-24,9.5367431640625e-06,0
SITE_010_S0223,SITE_010,277.4765777587891,277.3620147705078,278.4284820556641,0,-77268,-1.896172761917114e-05,-7.2503462433815e-06,0.8092254025021863,0.0048828125,0.0009374618530273438,0
SITE_010_S0224,SITE_010,272.3509368896484,271.5236968994141,275.3069610595703,0,-149842,-1.158565282821655e-05,-1.158751547336578e-05,1.429629465476291,0.072265625,0.0115394592285156,1
SITE_010_S0225,SITE_010,274.3988494873047,274.2463836669922,275.6411437988281,0,4331,-3.095716238021851e-05,-7.362104952335358e-06,0.8678945901181196,0.060546875,0.0109214782714843,0
SITE_010_S0226,SITE_010,276.4827117919922,275.87890625,276.6620941162109,0,7288,-6.95250928401947e-05,-1.273583620786667e-05,1.587010813478021,0.0234375,0.0040416717529296,0
SITE_010_S0227,SITE_010,276.9942016601562,276.9633636474609,277.8612365722656,0,-47486,-2.168864011764526e-05,-2.024788409471512e-05,1.265954737496034,0.0087890625,0.0016298294067382,0
SITE_010_S0228,SITE_010,277.9128112792969,276.5855712890625,277.1909332275391,0,42271,2.983957529067993e-06,2.981163561344147e-06,0.9440256341716152,0.087890625,0.0157527923583984,0
SITE_010_S0229,SITE_010,271.1788635253906,270.3504943847656,273.2201385498047,0,-114775,-7.815659046173096e-06,-7.821246981620789e-06,0.9918879570489152,0.0068359375,0.0012550354003906,1
SITE_010_S0230,SITE_010,268.7325439453125,265.0551910400391,274.2442932128906,0,-102872,-4.116445779800415e-06,-4.118308424949646e-06,1.000594177727421,0.283203125,0.047987937927246,1
SITE_010_S0231,SITE_010,271.0664978027344,268.5203704833984,273.5124206542969,0,-213085,-9.860843420028688e-06,-9.855255484580994e-06,1.464447891788692,0.0244140625,0.004185676574707,1
SITE_010_S0232,SITE_010,269.8785247802734,265.4110565185547,273.4410247802734,0.05126953125,-170629,-9.49949026107788e-06,-9.494833648204803e-06,0.991136224519486,0.0927734375,0.0152492523193359,1
SITE_010_S0233,SITE_010,275.2740173339844,272.2751617431641,275.0188598632812,0,-129142,-1.912564039230347e-05,-1.834612339735031e-05,1.886906610662128,0.0322265625,0.0057001113891601,1
SITE_010_S0234,SITE_010,274.1467132568359,274.3307647705078,276.2875671386719,14880,-170237,-1.130625605583191e-05,-1.12997367978096e-05,0.946219021559258,0.015625,0.0026941299438476,0
SITE_010_S0235,SITE_010,273.9782257080078,273.9570770263672,276.1917572021484,89348,-235670,-3.593415021896362e-05,-2.768915146589279e-05,1.26574497781927,-7.345364722995101e-24,2.956390380859375e-05,0
SITE_010_S0236,SITE_010,276.2349700927734,276.004150390625,277.7569732666016,189260,-225156,-3.843754529953003e-05,-3.429781645536423e-05,0.9990684728921922,-7.345364722995101e-24,2.288818359375e-05,0
SITE_010_S0237,SITE_010,280.8857879638672,281.0392913818359,280.8222808837891,89770,-17576,-2.600997686386108e-05,-2.600904554128647e-05,1.168845431562906,-7.345364722995101e-24,-7.345364920210326e-25,0
SITE_010_S0238,SITE_010,282.6670532226562,282.9965972900391,284.0108337402344,39762,-644,-5.030632019042969e-05,-5.030352622270584e-05,1.050710992166028,-7.345364722995101e-24,-7.345364920210326e-25,0
SITE_010_S0239,SITE_010,285.0678100585937,284.8583526611328,285.9935607910156,394858,-207234,-3.646686673164368e-05,-3.571994602680206e-05,0.2828813566508446,-7.345364722995101e-24,-7.345364920210326e-25,0
SITE_010_S0240,SITE_010,282.3218994140625,282.5362548828125,282.8021850585937,193942,-115055,-1.5992671251297e-05,-1.598801463842392e-05,0.4190245225762948,-7.345364722995101e-24,-7.345364920210326e-25,0
SITE_010_S0241,SITE_010,282.6894683837891,282.6857299804688,283.7759704589844,249364,-168401,-3.281235694885254e-05,-3.281515091657639e-05,0.5617959717028596,-7.345364722995101e-24,-7.345364920210326e-25,0
SITE_010_S0242,SITE_010,288.3542938232422,287.5291137695312,288.5643310546875,280012,-186546,-3.797188401222229e-05,-3.450736403465271e-05,0.9129586054505842,-7.345364722995101e-24,-7.345364920210326e-25,0
SITE_010_S0243,SITE_010,282.0596313476562,281.5011444091797,283.2056884765625,195036,-216805,-3.29725444316864e-05,-3.296881914138794e-05,0.7245262220707281,-7.345364722995101e-24,-7.345364920210326e-25,0
SITE_010_S0244,SITE_010,284.2373809814453,283.7413635253906,285.2677154541016,85382,-149590,-2.858415246009827e-05,-2.816598862409592e-05,1.026858353123262,-7.345364722995101e-24,-7.345364920210326e-25,0
SITE_010_S0245,SITE_010,281.667724609375,281.0301818847656,283.7913513183594,51912,-225405,-3.6582350730896e-05,-3.650691360235214e-05,1.101540661761914,-7.345364722995101e-24,-7.345364920210326e-25,0
SITE_010_S0246,SITE_010,285.3695068359375,284.8188781738281,286.5767211914062,11008,-183497,-2.502277493476868e-05,-2.530962228775024e-05,1.03062605495902,-7.345364722995101e-24,-7.345364920210326e-25,0
SITE_010_S0247,SITE_010,285.7248840332031,286.1661224365234,286.8997039794922,104,-19235,-3.971904516220093e-05,-3.97171825170517e-05,0.9725964760749714,-7.345364722995101e-24,-7.345364920210326e-25,0
SITE_010_S0248,SITE_010,280.5513763427734,280.2363128662109,282.1260528564453,-0.000244140625,-108201,-2.547353506088257e-05,-2.547446638345718e-05,0.9642529227867032,-7.345364722995101e-24,-7.345364920210326e-25,0
SITE_010_S0249,SITE_010,278.8498229980469,278.1779479980469,281.2607116699219,0,-211599,-2.25752592086792e-05,-2.253428101539612e-05,1.142036598411008,-7.345364722995101e-24,-7.345364920210326e-25,0
SITE_010_S0250,SITE_010,276.2827453613281,275.4005432128906,277.8257598876953,0,-165874,-7.934868335723877e-06,-7.933937013149261e-06,0.8880123957793425,-7.345364722995101e-24,1.621246337890625e-05,0
SITE_010_S0251,SITE_010,282.6938323974609,282.3207092285156,281.8963012695312,0,19835,8.940696716308594e-06,8.950009942054749e-06,2.920058464639959,0.0009765625,0.0001974105834960937,0
SITE_010_S0252,SITE_010,282.6875305175781,282.3626708984375,282.1170959472656,0,12365,-3.572553396224976e-06,-3.578141331672668e-06,1.181750926745924,-7.345364722995101e-24,3.719329833984375e-05,0
SITE_010_S0253,SITE_010,275.1927795410156,274.8749694824219,275.9672546386719,0,-52088,-4.995241761207581e-05,-2.722349017858505e-05,1.637348853454115,0.009765625,0.0016508102416992,0
SITE_010_S0254,SITE_010,278.3084716796875,278.1824493408203,278.5317687988281,0,13950,-2.622604370117188e-06,-2.625398337841034e-06,1.397346854218315,0.0029296875,0.0005636215209960938,0
SITE_010_S0255,SITE_010,272.2525329589844,271.6168670654297,275.9610290527344,0,-100932,-1.194700598716736e-05,-1.194886863231659e-05,1.227860311096133,0.0888671875,0.0147361755371093,1
SITE_011_S0001,SITE_011,274.3056182861328,272.9767761230469,274.9973602294922,0,-246945.5,1.535564661026001e-05,1.535448245704174e-05,2.685346653887195,-7.345364722995101e-24,-7.345364920210326e-25,1
SITE_011_S0002,SITE_011,283.7332458496094,283.0379638671875,282.1911926269531,0,-14530.75,-4.816055297851562e-05,-4.816171713173389e-05,7.546084566130636,-7.345364722995101e-24,-7.345364920210326e-25,0
SITE_011_S0003,SITE_011,272.2407531738281,269.6597442626953,273.7528381347656,0,-178641.25,2.095475792884827e-06,2.097804099321365e-06,1.29210790381223,-7.345364722995101e-24,-7.345364920210326e-25,1
SITE_011_S0004,SITE_011,276.6838836669922,275.7700958251953,276.3028259277344,0,-171909,9.117648005485536e-06,8.762581273913383e-06,2.655851237478089,-7.345364722995101e-24,5.7220458984375e-06,0
SITE_011_S0005,SITE_011,274.8388519287109,274.1052703857422,274.2472991943359,0,10016,4.507601261138916e-07,4.505272954702377e-07,1.298781594360768,-7.345364722995101e-24,2.86102294921875e-06,0
SITE_011_S0006,SITE_011,276.43505859375,275.1527862548828,275.8759155273437,0,-145585,-6.2527135014534e-05,-2.747704274952412e-05,6.311796540078622,0.001953125,0.0003175735473632812,0
SITE_011_S0007,SITE_011,278.7085418701172,277.6930999755859,277.7772216796875,0,-8690.25,-6.103329360485077e-05,-6.103003397583961e-05,7.100739342311612,-7.345364722995101e-24,9.5367431640625e-07,0
SITE_011_S0008,SITE_011,277.1626281738281,275.183349609375,276.800048828125,0,-275013.5,-3.946758806705475e-05,-5.694571882486343e-06,3.740810225768475,-7.345364722995101e-24,-7.345364920210326e-25,0
SITE_011_S0009,SITE_011,273.2361297607422,271.7049560546875,274.3806762695312,0,-262829.75,1.021474599838257e-05,1.021521165966988e-05,2.937111466831358,-7.345364722995101e-24,-7.345364920210326e-25,1
SITE_011_S0010,SITE_011,277.2098083496094,276.6825866699219,277.6125946044922,0,-22923.75,-1.659058034420013e-05,-1.659081317484379e-05,2.819722469566587,-7.345364722995101e-24,-7.345364920210326e-25,0
SITE_011_S0011,SITE_011,275.8135070800781,274.1644439697266,277.2470092773437,14790,-255817.5,1.111626625061035e-05,1.111859455704689e-05,2.48873473475767,-7.345364722995101e-24,-7.345364920210326e-25,0
SITE_011_S0012,SITE_011,282.6178436279297,281.9613189697266,282.7490081787109,11829,-47845.5,-1.464039087295532e-05,-1.46389938890934e-05,2.851793632097197,-7.345364722995101e-24,-7.345364920210326e-25,0
SITE_011_S0013,SITE_011,278.283447265625,277.11083984375,279.0315246582031,64282,-266114.25,9.5367431640625e-06,9.536044672131538e-06,3.136451226710929,-7.345364722995101e-24,-7.345364920210326e-25,0
SITE_011_S0014,SITE_011,282.6778869628906,282.2018432617188,283.3365478515625,63289,-110258.5,-0.000105932354927063,-3.027077764272689e-05,6.029114989638766,-7.345364722995101e-24,-7.345364920210326e-25,0
SITE_011_S0015,SITE_011,284.9044647216797,284.0239868164062,285.3172149658203,69189,-83159.75,-4.868954420089722e-06,-4.17511910200119e-06,1.358829169830829,-7.345364722995101e-24,-7.345364920210326e-25,0
SITE_011_S0016,SITE_011,279.0037994384766,276.7650299072266,280.0317230224609,225230,-236752,-2.160668373107911e-07,-2.167653292417527e-07,0.8671199201980095,-7.345364722995101e-24,-7.345364920210326e-25,0
SITE_011_S0017,SITE_011,281.973388671875,280.0261535644531,281.5006561279297,125966,-87167.5,-2.972036600112915e-05,-2.484442666172981e-05,3.238411404551671,-7.345364722995101e-24,-7.345364920210326e-25,0
SITE_011_S0018,SITE_011,286.6309051513672,284.9066467285156,285.9101257324219,260263,-219792,-6.360746920108795e-05,-2.963165752589702e-05,2.990826707159384,-7.345364722995101e-24,-7.345364920210326e-25,0
SITE_011_S0019,SITE_011,286.0659790039062,284.5950775146484,286.1748352050781,277883,-242502,-6.391480565071106e-05,-2.494268119335175e-05,2.418768998434713,-7.345364722995101e-24,-7.345364920210326e-25,0
SITE_011_S0020,SITE_011,280.8828735351562,279.3004455566406,281.5274047851562,269567,-189918.5,-1.650303602218628e-06,-1.64983794093132e-06,1.91639721871113,-7.345364722995101e-24,-7.345364920210326e-25,0
SITE_011_S0021,SITE_011,284.8045501708984,284.4969329833984,285.2386779785156,96687,-66230,-5.102530121803284e-05,-1.800572499632835e-05,2.57230689005827,-7.345364722995101e-24,-7.345364920210326e-25,0
SITE_011_S0022,SITE_011,287.0348968505859,286.1305999755859,287.3755187988281,232529,-193139.5,-7.618218660354614e-06,-6.637535989284515e-06,1.473178508572847,-7.345364722995101e-24,-7.345364920210326e-25,0
SITE_011_S0023,SITE_011,288.5617218017578,287.4642944335937,289.9424133300781,236126,-265553,-5.952268838882446e-05,-3.386475145816803e-05,3.138463612503093,-7.345364722995101e-24,-7.345364920210326e-25,0
SITE_011_S0024,SITE_011,287.2420806884766,285.5988616943359,287.2226409912109,121774,-95521.25,-4.377402365207672e-05,-2.109305933117867e-05,2.353756900346806,-7.345364722995101e-24,-7.345364920210326e-25,0
SITE_011_S0025,SITE_011,275.7620697021484,274.2304382324219,277.3548278808594,0,-186470,8.791685104370117e-06,8.79005528986454e-06,2.100018056634515,-7.345364722995101e-24,-7.345364920210326e-25,0
SITE_011_S0026,SITE_011,285.9371337890625,285.1970672607422,284.2106323242188,0,-6199.5,-3.480724990367889e-05,-3.480818122625351e-05,7.843119649943707,-7.345364722995101e-24,-7.345364920210326e-25,0
SITE_011_S0027,SITE_011,280.0652313232422,278.7845611572266,281.0094451904297,0,-249760,-2.769380807876587e-05,-2.580392174422741e-05,4.6163861080537,-7.345364722995101e-24,-7.345364920210326e-25,0
SITE_011_S0028,SITE_011,275.2020874023437,274.0705413818359,275.8860015869141,0,-185382.75,1.159124076366425e-05,1.159310340881348e-05,3.223880497173252,-7.345364722995101e-24,7.62939453125e-06,0
SITE_011_S0029,SITE_011,280.9694976806641,279.8990478515625,280.8828887939453,0,-102737,-3.675371408462525e-05,-2.712570130825043e-05,4.159142652488002,-7.345364722995101e-24,-7.345364920210326e-25,0
SITE_011_S0030,SITE_011,278.4972381591797,278.0245513916016,278.4817352294922,0,4882.5,-1.159682869911194e-05,-6.133224815130234e-06,1.8134398725371,-7.345364722995101e-24,-7.345364920210326e-25,0
SITE_011_S0031,SITE_011,282.5938415527344,281.5887603759766,282.4666290283203,0,-180597,-2.594292163848877e-05,-2.0159175619483e-05,4.983073165541102,-7.345364722995101e-24,-7.345364920210326e-25,0
SITE_011_S0032,SITE_011,274.4326782226562,273.8641815185547,274.8294525146484,0,-43297,-2.600252628326416e-06,-1.987908035516739e-06,3.04298522689047,-7.345364722995101e-24,6.961822509765625e-05,0
SITE_011_S0033,SITE_011,274.3151550292969,273.2618408203125,275.1236877441406,0,-182115,5.774199962615967e-06,5.774898454546928e-06,3.979655618090815,-7.345364722995101e-24,-7.345364920210326e-25,0
SITE_011_S0034,SITE_011,281.7094421386719,281.1486511230469,280.6204681396484,0,-146116.25,-1.991726458072662e-05,-2.653803676366806e-06,4.028161059034882,-7.345364722995101e-24,1.9073486328125e-06,0
SITE_011_S0035,SITE_011,274.2524108886719,273.7626495361328,273.8586730957031,0,-8071.5,1.283362507820129e-06,1.290813088417053e-06,1.81465399847204,0.03125,0.0053634643554687,0
SITE_011_S0036,SITE_011,273.444580078125,272.6310272216797,274.7852630615234,0,-195225,-1.959875226020813e-05,-3.533437848091125e-06,2.976029994848132,-7.345364722995101e-24,2.002716064453125e-05,1
SITE_011_S0037,SITE_011,277.5279083251953,277.2730102539062,277.5889587402344,0,-21675.25,-6.387010216712952e-06,-1.732492819428444e-06,2.019878557963771,-7.345364722995101e-24,-7.345364920210326e-25,0
SITE_011_S0038,SITE_011,277.6597747802734,276.3995056152344,278.5560302734375,21,-204583.75,-2.558156847953796e-05,-1.725787296891212e-05,4.545008807719204,-7.345364722995101e-24,-7.345364920210326e-25,0
SITE_011_S0039,SITE_011,280.0310363769531,278.8397827148437,280.7647094726562,2591,-164631.75,8.046627044677734e-07,1.939479261636734e-07,2.237545276447076,-7.345364722995101e-24,-7.345364920210326e-25,0
SITE_011_S0040,SITE_011,276.0523834228516,274.6944427490234,277.2205505371094,71229,-195500.25,-3.36766242980957e-06,-2.964632585644722e-06,2.40427275221408,-7.345364722995101e-24,-7.345364920210326e-25,0
SITE_011_S0041,SITE_011,282.4735717773437,280.6984252929688,282.1343078613281,115609,-240403,-1.025758683681488e-05,-4.097120836377144e-06,2.906748329175989,-7.345364722995101e-24,-7.345364920210326e-25,0
SITE_011_S0042,SITE_011,285.9572448730469,284.7233276367188,286.6418914794922,152660,-226341.5,-0.0001178998500108719,-3.462028689682484e-05,3.34175326736482,-7.345364722995101e-24,-7.345364920210326e-25,0
SITE_011_S0043,SITE_011,282.0101776123047,280.4212799072266,282.1333923339844,162692,-230290.5,-3.982335329055786e-06,-3.980472683906555e-06,2.67386420315637,-7.345364722995101e-24,-7.345364920210326e-25,0
SITE_011_S0044,SITE_011,283.5491485595703,283.3807525634766,284.153076171875,74199,-38772.75,-3.354623913764954e-05,-1.411070115864277e-05,1.938700045956081,-7.345364722995101e-24,-7.345364920210326e-25,0
SITE_011_S0045,SITE_011,288.125244140625,287.75927734375,288.2128753662109,152776,-124176.5,-2.312473952770233e-05,-1.740618608891964e-05,3.926848992347144,-7.345364722995101e-24,-7.345364920210326e-25,0
SITE_011_S0046,SITE_011,285.4792938232422,284.8482818603516,287.56591796875,262130,-246450.5,-1.502037048339844e-05,-1.501734368503094e-05,2.404532175145754,-7.345364722995101e-24,-7.345364920210326e-25,0
SITE_011_S0047,SITE_011,285.0255279541016,284.8464508056641,286.6898193359375,83170,-81045,-5.488470196723938e-05,-2.044858410954476e-05,2.035780367494057,-7.345364722995101e-24,-7.345364920210326e-25,0
SITE_011_S0048,SITE_011,287.8259582519531,286.8359375,287.9130859375,27533,-36046.5,-5.913898348808289e-05,-4.713633097708225e-05,4.033878763317147,-7.345364722995101e-24,-7.345364920210326e-25,0
SITE_011_S0049,SITE_011,287.8614959716797,286.6596527099609,287.9487762451172,211760,-203157.5,-2.670474350452423e-05,-2.413452602922916e-05,3.070064520406882,-7.345364722995101e-24,-7.345364920210326e-25,0
SITE_011_S0050,SITE_011,290.2783203125,289.7318267822266,289.9728088378906,94516,-63432.5,-1.616030931472778e-05,-1.356611028313637e-05,2.749887949493939,-7.345364722995101e-24,-7.345364920210326e-25,0
SITE_011_S0051,SITE_011,290.0561676025391,290.3112335205078,291.4544219970703,86749,-36245.5,-2.473592758178711e-06,-2.472428604960442e-06,1.062242185863673,-7.345364722995101e-24,-7.345364920210326e-25,0
SITE_011_S0052,SITE_011,286.8599243164062,285.6807861328125,287.6609954833984,69217,-194295.5,4.356727004051208e-06,4.354864358901978e-06,2.822099585097594,-7.345364722995101e-24,-7.345364920210326e-25,0
SITE_011_S0053,SITE_011,283.5722198486328,283.0552673339844,285.742431640625,28815,-138389,-1.113861799240112e-05,-1.114094629883766e-05,1.906540883483593,-7.345364722995101e-24,-7.345364920210326e-25,0
SITE_011_S0054,SITE_011,284.9169464111328,283.5080413818359,286.0617065429688,30299,-255530,1.127645373344421e-05,1.12724956125021e-05,2.507299953564285,-7.345364722995101e-24,-7.345364920210326e-25,0
SITE_011_S0055,SITE_011,287.3183898925781,286.60205078125,288.0723114013672,6873,-78623.25,-1.527369022369385e-05,-1.349044032394886e-05,3.673260454951466,-7.345364722995101e-24,-7.345364920210326e-25,0
SITE_011_S0056,SITE_011,289.9306182861328,289.6028900146484,291.3558502197266,1875,-91835,-3.623589873313904e-05,-1.086550764739513e-05,3.213216530436543,-7.345364722995101e-24,-7.345364920210326e-25,0
SITE_011_S0057,SITE_011,288.8364868164062,288.1768341064453,289.3476104736328,260,-27841.5,-2.202764153480529e-05,-1.754472032189369e-05,3.115234296720001,-7.345364722995101e-24,-7.345364920210326e-25,0
SITE_011_S0058,SITE_011,284.6177368164062,282.4645385742188,286.0625,0,-197171.5,3.878027200698853e-06,3.875698894262314e-06,1.808349348070536,-7.345364722995101e-24,-7.345364920210326e-25,0
SITE_011_S0059,SITE_011,292.4601593017578,290.4568481445312,291.9976959228516,0,-236939.75,-9.72505658864975e-05,-1.096352934837341e-05,3.627259001225774,-7.345364722995101e-24,-7.345364920210326e-25,0
SITE_011_S0060,SITE_011,281.9253387451172,280.1066436767578,283.3720703125,0,-157586,-1.30385160446167e-08,1.636799424886704e-07,2.000353861087596,-7.345364722995101e-24,-7.345364920210326e-25,0
SITE_011_S0061,SITE_011,283.7038116455078,279.7245178222656,283.0727844238281,0,-162461,1.883134245872498e-06,1.880573108792305e-06,0.391742188753282,-7.345364722995101e-24,-7.345364920210326e-25,0
SITE_011_S0062,SITE_011,290.2077026367188,289.6736907958984,289.6600189208984,0,-49426.5,-0.0001864880323410034,-8.716946467757225e-06,5.291403996692313,-7.345364722995101e-24,-7.345364920210326e-25,0
SITE_011_S0063,SITE_011,281.9722747802734,280.6892242431641,283.1234588623047,0,-210644.5,1.730769872665405e-05,1.730793155729771e-05,2.182131067601676,-7.345364722995101e-24,-7.345364920210326e-25,0
SITE_011_S0064,SITE_011,283.0889282226562,281.7898864746094,283.6966247558594,0,-237325.75,2.060085535049438e-05,2.060364931821823e-05,3.574394893474986,-7.345364722995101e-24,-7.345364920210326e-25,0
SITE_011_S0065,SITE_011,276.0277862548828,274.5534362792969,278.3844299316406,0,-218177,4.382804036140442e-06,4.384433850646019e-06,1.790013803284589,-7.345364722995101e-24,-7.345364920210326e-25,0
SITE_011_S0066,SITE_011,276.3834075927734,277.5172271728516,279.8998870849609,0,-23704.5,-1.391768455505371e-05,-7.287133485078812e-06,0.7287922992505098,-7.345364722995101e-24,-7.345364920210326e-25,0
SITE_011_S0067,SITE_011,281.2885284423828,280.4923095703125,281.8482971191406,0,-66230.75,-1.439079642295837e-05,-1.429417170584202e-05,2.758992284404347,-7.345364722995101e-24,-7.345364920210326e-25,0
SITE_011_S0068,SITE_011,280.1514129638672,278.8175048828125,280.6688232421875,0,-181723,1.23586505651474e-05,1.235678791999817e-05,2.729551094737381,-7.345364722995101e-24,-7.345364920210326e-25,0
SITE_011_S0069,SITE_011,278.3958892822266,278.6207427978516,280.2389373779297,0,-17593.25,-6.42240047454834e-06,-6.414251402020454e-06,1.585651231316985,-7.345364722995101e-24,-7.345364920210326e-25,0
SITE_011_S0070,SITE_011,283.4666748046875,282.6494903564453,282.8765258789062,0,-95486,5.219131708145142e-06,1.178588718175888e-06,2.9026592409347,-7.345364722995101e-24,-7.345364920210326e-25,0
SITE_011_S0071,SITE_011,279.6782684326172,278.0234375,279.8049926757812,0,-193519.5,-1.709908246994019e-05,-6.00120984017849e-06,3.793020070847958,-7.345364722995101e-24,-7.345364920210326e-25,0
SITE_011_S0072,SITE_011,272.2704315185547,271.7472686767578,275.1951446533203,0,-216563.5,5.695968866348267e-06,5.695736035704613e-06,1.779787560082647,-7.345364722995101e-24,9.5367431640625e-07,1
SITE_011_S0073,SITE_011,274.1732635498047,273.50439453125,275.5857086181641,0,-194556,7.174909114837647e-06,7.174676284193993e-06,2.597680821069513,-7.345364722995101e-24,6.961822509765625e-05,0
SITE_011_S0074,SITE_011,271.029296875,269.1500244140625,273.3944091796875,0,-219006.5,6.563961505889893e-06,6.560003384947777e-06,2.573124340424356,-7.345364722995101e-24,2.86102294921875e-05,1
SITE_011_S0075,SITE_011,280.5667572021484,279.940185546875,278.6252746582031,0,11748.5,5.051493644714356e-06,5.050329491496086e-06,3.905297439929025,-7.345364722995101e-24,8.58306884765625e-06,0
SITE_011_S0076,SITE_011,272.1508941650391,271.2227935791016,274.1974334716797,0,-205102.5,6.612390279769897e-06,6.592134013772011e-06,2.129652562697971,-7.345364722995101e-24,-7.345364920210326e-25,1
SITE_011_S0077,SITE_011,281.2608947753906,280.5284271240234,279.6550140380859,0,-25283.5,-2.988614141941071e-05,-1.336797140538692e-05,4.277207006053549,-7.345364722995101e-24,-7.345364920210326e-25,0
SITE_011_S0078,SITE_011,274.0279541015625,272.6057586669922,275.2740631103516,0,-201900,2.309679985046387e-06,2.178596332669258e-06,1.837154400250667,-7.345364722995101e-24,-7.345364920210326e-25,1
SITE_011_S0079,SITE_011,278.6087799072266,276.8254699707031,276.1336059570312,0,-177153,-5.981326103210449e-05,-8.341856300830841e-06,4.483318191922358,-7.345364722995101e-24,1.9073486328125e-06,0
SITE_011_S0080,SITE_011,282.6547546386719,282.0967864990234,280.3563842773437,0,-12802.5,7.078051567077637e-07,8.989591151475906e-07,4.016358576207584,-7.345364722995101e-24,-7.345364920210326e-25,0
SITE_011_S0081,SITE_011,280.6433258056641,280.1884155273437,279.7513580322266,0,7813,-2.294778823852539e-06,-1.664506271481514e-06,2.09753403433028,-7.345364722995101e-24,-7.345364920210326e-25,0
SITE_011_S0082,SITE_011,278.6047515869141,277.9618988037109,278.9327697753906,0,-137278,7.133930921554565e-06,7.134862244129181e-06,2.84017980672436,-7.345364722995101e-24,-7.345364920210326e-25,0
SITE_011_S0083,SITE_011,272.1925964355469,270.8821716308594,274.1290435791016,0,-252000.5,1.176632940769196e-05,1.176493242383003e-05,2.258785590120905,-7.345364722995101e-24,-7.345364920210326e-25,1
SITE_011_S0084,SITE_011,283.8123474121094,283.1107025146484,282.1975555419922,0,-27412.25,-6.556138396263123e-05,-2.547097392380238e-05,6.718314242180188,-7.345364722995101e-24,-7.345364920210326e-25,0
SITE_011_S0085,SITE_011,279.6015472412109,278.1394653320312,278.8861694335937,0,-169029.75,-8.353032171726227e-05,-1.370953395962715e-05,4.81240338263445,-7.345364722995101e-24,-7.345364920210326e-25,0
SITE_011_S0086,SITE_011,274.0061492919922,273.9809722900391,274.5702362060547,0,-8235,-1.187250018119812e-05,-9.80752520263195e-06,4.168881772654649,-7.345364722995101e-24,5.054473876953125e-05,0
SITE_011_S0087,SITE_011,275.6825561523437,274.0663146972656,274.8110198974609,0,-156294.5,-3.281980752944946e-06,-3.281980752944946e-06,3.489292813279548,0.0068359375,0.0010461807250976,0
SITE_011_S0088,SITE_011,271.2822113037109,271.3490295410156,272.3057403564453,0,-8179,-5.945935845375061e-05,-6.030779331922531e-06,4.070168732756441,0.0087890625,0.0015821456909179,1
SITE_011_S0089,SITE_011,274.9441070556641,273.6988830566406,273.1702423095703,0,-87681.25,1.037120819091797e-05,1.036887988448143e-05,2.500469374204155,0.015625,0.0022592544555664,0
SITE_011_S0090,SITE_011,274.8450317382812,273.94482421875,275.5399017333984,0,-19062,-2.729147672653198e-05,-2.245116047561169e-05,7.85070329391813,0.0927734375,0.0160112380981445,0
SITE_011_S0091,SITE_011,269.7031707763672,268.0596313476562,271.7508087158203,0,-74313,-5.923211574554443e-07,-7.869675755500793e-08,1.069067652409791,0.0576171875,0.0101146697998046,1
SITE_011_S0092,SITE_011,267.1686706542969,263.9524688720703,271.4024353027344,0,-134775.5,1.40070915222168e-06,1.576263457536697e-06,1.891313697427216,0.056640625,0.0100049972534179,1
SITE_011_S0093,SITE_011,269.5270843505859,266.5378265380859,272.2726135253906,0,-153266.5,2.823770046234131e-06,2.824468538165092e-06,1.459061550213442,0.0458984375,0.0082111358642578,1
SITE_011_S0094,SITE_011,265.0473022460937,264.5176696777344,271.6288909912109,0,-174818.25,3.689900040626526e-06,4.039378836750984e-06,2.733045183464822,0.044921875,0.0081510543823242,1
SITE_011_S0095,SITE_011,274.9325408935547,274.284912109375,274.1532592773437,0,-22845.25,-8.307397365570068e-07,-6.614718586206436e-07,1.753449537980431,0.0029296875,0.0005750656127929688,0
SITE_011_S0096,SITE_011,273.0739593505859,271.9780120849609,273.6680603027344,0,-252481.75,1.493096351623535e-05,1.492933370172977e-05,3.261918807211857,0.0029296875,0.0004472732543945313,1
SITE_011_S0097,SITE_011,272.2739715576172,271.8811340332031,273.2332763671875,0,-24027,-5.010515451431274e-05,-2.746377140283585e-05,4.717253924208306,0.0517578125,0.0085945129394531,1
SITE_011_S0098,SITE_011,271.4888916015625,270.0667572021484,273.0661773681641,0,-253563.75,8.020550012588501e-06,8.163508027791977e-06,4.45457799953411,0.04296875,0.007028579711914,1
SITE_011_S0099,SITE_011,276.8091278076172,276.3670654296875,276.8572692871094,0,-33071.5,3.445893526077271e-06,3.451248630881309e-06,1.356691580532914,0.0009765625,0.0001020431518554688,0
SITE_011_S0100,SITE_011,276.4339141845703,274.8594055175781,275.8778533935547,0,-237434,1.03432685136795e-05,1.030461862683296e-05,4.028481741762904,-7.345364722995101e-24,5.245208740234375e-05,0
SITE_011_S0101,SITE_011,278.246826171875,277.6613159179688,278.1084747314453,0,-43014.5,-6.488896906375885e-05,-6.488733924925327e-05,9.694024896464114,-7.345364722995101e-24,-7.345364920210326e-25,0
SITE_011_S0102,SITE_011,274.5269622802734,273.0154876708984,275.3192901611328,0,-254066.75,7.612630724906921e-06,7.550232112407684e-06,2.98333115139169,-7.345364722995101e-24,-7.345364920210326e-25,1
SITE_011_S0103,SITE_011,275.9541778564453,274.7297973632812,276.1202545166016,0,-121512,1.078471541404724e-05,1.07823871076107e-05,3.323690094610831,-7.345364722995101e-24,-7.345364920210326e-25,0
SITE_011_S0104,SITE_011,277.5634765625,276.3612823486328,277.6091766357422,0,-33114.25,-1.056864857673645e-05,-9.384239092469215e-06,2.619859901018624,-7.345364722995101e-24,-7.345364920210326e-25,0
SITE_011_S0105,SITE_011,279.7939910888672,278.7483062744141,279.6307525634766,0,-116944,2.17929482460022e-06,2.181157469749451e-06,2.438980574647808,-7.345364722995101e-24,-7.345364920210326e-25,0
SITE_011_S0106,SITE_011,283.1189117431641,282.4724273681641,282.0932159423828,0,-8023.75,-2.428144216537476e-05,-2.344232052564621e-05,4.57583573318642,-7.345364722995101e-24,-7.345364920210326e-25,0
SITE_011_S0107,SITE_011,279.720703125,278.7636108398437,280.1294097900391,0,-157591,5.181878805160522e-06,5.182577297091484e-06,3.32623358892968,-7.345364722995101e-24,-7.345364920210326e-25,0
SITE_011_S0108,SITE_011,275.6710357666016,274.4861145019531,276.9675903320312,0,-217483,1.049228012561798e-05,1.049600541591644e-05,2.569495377854885,-7.345364722995101e-24,-7.345364920210326e-25,0
SITE_011_S0109,SITE_011,274.7970123291016,273.0138397216797,276.3294677734375,0,-228296,5.260109901428223e-06,5.258945748209953e-06,2.203138917957638,-7.345364722995101e-24,-7.345364920210326e-25,1
SITE_011_S0110,SITE_011,280.8180847167969,279.258056640625,281.7528076171875,0,-155364.75,8.333474397659302e-06,8.333474397659302e-06,1.88612916430213,-7.345364722995101e-24,-7.345364920210326e-25,0
SITE_011_S0111,SITE_011,279.3952484130859,277.8542938232422,280.6232299804688,0,-243979.25,1.300126314163208e-05,1.300382427871227e-05,2.161153673647912,-7.345364722995101e-24,-7.345364920210326e-25,0
SITE_011_S0112,SITE_011,279.698486328125,278.7699890136719,279.7399291992188,0,-89990,-2.284906804561615e-05,-4.003290086984634e-06,2.988151784429095,-7.345364722995101e-24,-7.345364920210326e-25,0
SITE_011_S0113,SITE_011,279.6156005859375,279.4939727783203,280.6623382568359,32,-48400.5,7.450580596923828e-08,1.32247805595398e-07,1.517722159980821,-7.345364722995101e-24,-7.345364920210326e-25,0
SITE_011_S0114,SITE_011,279.7129669189453,278.5925598144531,280.1226348876953,3595,-200383,5.733221769332886e-06,5.733920261263847e-06,2.976604891438645,-7.345364722995101e-24,-7.345364920210326e-25,0
SITE_011_S0115,SITE_011,277.7854309082031,276.441162109375,278.5279846191406,4211,-106693.25,2.235174179077148e-08,2.165324985980988e-08,2.442961868448221,-7.345364722995101e-24,-7.345364920210326e-25,0
SITE_011_S0116,SITE_011,271.1425933837891,269.4530029296875,274.1447296142578,20534,-277721.25,-2.440065145492554e-06,-1.487322151660919e-06,2.169602084802136,-7.345364722995101e-24,-7.345364920210326e-25,1
SITE_011_S0117,SITE_011,271.8502197265625,268.9186553955078,273.6060943603516,21088,-186120.75,3.352761268615723e-08,3.67872416973114e-08,1.074083079202002,-7.345364722995101e-24,-7.345364920210326e-25,1
SITE_011_S0118,SITE_011,277.3235473632812,276.4401245117188,278.6725616455078,36280,-209738.75,-2.689473330974579e-05,-2.688379026949406e-05,4.168937524990208,-7.345364722995101e-24,-7.345364920210326e-25,0
SITE_011_S0119,SITE_011,274.5078582763672,273.3545379638672,276.4296569824219,44447,-222720.25,1.253560185432434e-06,1.126900315284729e-06,1.897236022071297,-7.345364722995101e-24,-7.345364920210326e-25,0
SITE_011_S0120,SITE_011,281.8827514648437,280.7715759277344,281.7873840332031,61483,-208737,-0.0001156646758317947,-2.457876689732075e-05,4.106640317428002,-7.345364722995101e-24,-7.345364920210326e-25,0
SITE_011_S0121,SITE_011,281.0758666992188,280.4246978759766,281.1696624755859,29825,-24979,-5.086883902549744e-06,-5.089212208986282e-06,1.882207941911919,-7.345364722995101e-24,-7.345364920210326e-25,0
SITE_011_S0122,SITE_011,282.7657318115234,281.8100128173828,282.6855316162109,80316,-161488.5,2.292916178703308e-06,2.292916178703308e-06,2.259752139480521,-7.345364722995101e-24,-7.345364920210326e-25,0
SITE_011_S0123,SITE_011,280.7998809814453,280.7534484863281,282.0840911865234,42004,-54309,-6.43022358417511e-05,-1.608347520232201e-05,2.382486417416509,-7.345364722995101e-24,-7.345364920210326e-25,0
SITE_011_S0124,SITE_011,285.1348724365234,283.9334869384766,284.8986968994141,135994,-183390.75,4.990026354789734e-06,4.985369741916656e-06,2.158139137383285,-7.345364722995101e-24,-7.345364920210326e-25,0
SITE_011_S0125,SITE_011,283.1884613037109,281.7305297851562,283.7742614746094,166594,-233111,6.450340151786804e-06,6.447313353419304e-06,2.039354391200033,-7.345364722995101e-24,-7.345364920210326e-25,0
SITE_011_S0126,SITE_011,289.0996551513672,287.8921661376953,288.2837982177734,146975,-153279.5,-1.950189471244812e-05,-1.95035245269537e-05,3.827202959346377,-7.345364722995101e-24,-7.345364920210326e-25,0
SITE_011_S0127,SITE_011,281.8842010498047,280.9678344726562,283.3601684570312,197454,-263626,1.993030309677124e-07,2.00001522898674e-07,2.320201937623405,-7.345364722995101e-24,-7.345364920210326e-25,0
SITE_011_S0128,SITE_011,283.0507965087891,282.159912109375,284.4801025390625,218445,-205752.75,3.613531589508057e-07,3.594905138015747e-07,1.525164338452075,-7.345364722995101e-24,-7.345364920210326e-25,0
SITE_011_S0129,SITE_011,283.9848022460937,283.3419647216797,285.4196929931641,224539,-199080.5,-3.544613718986511e-06,-3.542052581906319e-06,1.216710147595082,-7.345364722995101e-24,-7.345364920210326e-25,0
SITE_011_S0130,SITE_011,287.8506622314453,286.9362030029297,288.5583801269531,221822,-206305.5,-3.437325358390808e-05,-1.352187246084213e-05,2.378334165516955,-7.345364722995101e-24,-7.345364920210326e-25,0
SITE_011_S0131,SITE_011,282.0233764648437,281.2714996337891,284.4389190673828,261511,-249754.5,-5.494803190231323e-06,-4.52832318842411e-06,1.223078553160978,-7.345364722995101e-24,-7.345364920210326e-25,0
SITE_011_S0132,SITE_011,289.4633026123047,287.9892730712891,288.7681732177734,208702,-227669,-0.0002390649169683456,-4.545995034277439e-05,5.447900454112683,-7.345364722995101e-24,-7.345364920210326e-25,0
SITE_011_S0133,SITE_011,285.0647583007812,284.5728149414062,286.1715545654297,194366,-179911.5,-0.0001956485211849213,-3.96212562918663e-05,6.083469311911417,-7.345364722995101e-24,-7.345364920210326e-25,0
SITE_011_S0134,SITE_011,287.4996490478516,286.5636138916016,288.6066436767578,260322,-274526.5,-8.947774767875671e-05,-3.703613765537739e-05,4.260706591042138,-7.345364722995101e-24,-7.345364920210326e-25,0
SITE_011_S0135,SITE_011,286.9246063232422,286.0737609863281,287.5895843505859,239733,-202542.5,-4.865787923336029e-05,-2.179411239922047e-05,2.480323311341612,-7.345364722995101e-24,-7.345364920210326e-25,0
SITE_011_S0136,SITE_011,286.69970703125,286.7057647705078,287.6807861328125,180920,-40416.5,-1.333653926849365e-06,-1.334119588136673e-06,0.4093681813993506,-7.345364722995101e-24,-7.345364920210326e-25,0
SITE_011_S0137,SITE_011,290.5079498291016,289.3217620849609,290.4286193847656,239324,-152451,-1.514703035354614e-05,-1.107295975089073e-05,1.571294687627346,-7.345364722995101e-24,-7.345364920210326e-25,0
SITE_011_S0138,SITE_011,290.4173278808594,290.0315856933594,291.0816955566406,46307,-39695,-0.0001330412924289703,-3.471714444458485e-05,4.746057265440095,-7.345364722995101e-24,-7.345364920210326e-25,0
SITE_011_S0139,SITE_011,290.1788482666016,289.8443756103516,290.4812469482422,27570,-32528,-7.441267371177673e-05,-2.141110599040985e-05,4.67126517039516,-7.345364722995101e-24,-7.345364920210326e-25,0
SITE_011_S0140,SITE_011,288.0267944335937,287.3500213623047,288.6632537841797,106591,-117468,-1.49160623550415e-05,-1.331674866378307e-05,2.21649265559776,-7.345364722995101e-24,-7.345364920210326e-25,0
SITE_011_S0141,SITE_011,287.2535705566406,286.9021148681641,288.3516693115234,18080,-29633,-2.353638410568237e-05,-2.353382296860218e-05,2.784246825395841,-7.345364722995101e-24,-7.345364920210326e-25,0
SITE_011_S0142,SITE_011,286.6446380615234,285.8736267089844,288.0419464111328,217373,-203524.5,-1.487508416175842e-05,-1.442106440663338e-05,1.68801746461804,-7.345364722995101e-24,-7.345364920210326e-25,0
SITE_011_S0143,SITE_011,288.5998077392578,288.3655242919922,289.9092864990234,18337,-47891.5,-1.171231269836426e-05,-1.171277835965157e-05,1.049824162901386,-7.345364722995101e-24,-7.345364920210326e-25,0
SITE_011_S0144,SITE_011,284.5471954345703,283.5320434570312,286.164306640625,174776,-167820,-4.205852746963501e-06,-3.916677087545395e-06,1.048375012288037,-7.345364722995101e-24,-7.345364920210326e-25,0
SITE_011_S0145,SITE_011,286.1299896240234,285.0421142578125,287.6621551513672,177645,-223758.5,-5.230307579040527e-06,-4.952074959874153e-06,1.925435739965933,-7.345364722995101e-24,-7.345364920210326e-25,0
SITE_011_S0146,SITE_011,290.5168609619141,289.0379638671875,290.2527618408203,158520,-152499,-8.401647210121155e-05,-3.617443144321442e-05,3.514453702422351,-7.345364722995101e-24,-7.345364920210326e-25,0
SITE_011_S0147,SITE_011,287.0258178710937,286.5934448242188,288.6012878417969,57248,-72712.75,-1.679360866546631e-05,-1.6793143004179e-05,1.627849431443083,-7.345364722995101e-24,-7.345364920210326e-25,0
SITE_011_S0148,SITE_011,287.2687377929688,286.6744995117188,288.3432464599609,57364,-83319.25,-1.582317054271698e-05,-1.58241018652916e-05,3.011494169144648,-7.345364722995101e-24,-7.345364920210326e-25,0
SITE_011_S0149,SITE_011,292.4774627685547,290.8966064453125,291.0240173339844,85136,-127147.5,-3.585591912269592e-05,-3.313552588224411e-05,3.908538971125972,-7.345364722995101e-24,-7.345364920210326e-25,0
SITE_011_S0150,SITE_011,287.72705078125,286.21923828125,288.4327850341797,94207,-161556,-1.947209239006042e-05,-1.105992123484612e-05,2.260639831476196,-7.345364722995101e-24,-7.345364920210326e-25,0
SITE_011_S0151,SITE_011,287.7067718505859,286.6847839355469,288.5138549804688,41173,-120246.5,-2.437084913253784e-05,-9.680865332484244e-06,2.344348998068341,-7.345364722995101e-24,-7.345364920210326e-25,0
SITE_011_S0152,SITE_011,284.9373626708984,283.5927276611328,286.1919403076172,72541,-225002,-3.043562173843384e-06,-2.660322934389114e-06,2.628855367378182,-7.345364722995101e-24,-7.345364920210326e-25,0
SITE_011_S0153,SITE_011,286.6131744384766,286.1398620605469,287.9637145996094,12449,-75017,-1.348927617073059e-05,-1.348461955785751e-05,1.469531946588323,-7.345364722995101e-24,-7.345364920210326e-25,0
SITE_011_S0154,SITE_011,287.7481842041016,286.9425354003906,288.1694946289062,26012,-65054,-1.881271600723266e-05,-6.654532626271248e-06,3.520298410977476,-7.345364722995101e-24,-7.345364920210326e-25,0
SITE_011_S0155,SITE_011,287.9601135253906,286.2917785644531,288.4918975830078,25547,-141457,1.594424247741699e-06,1.524575054645538e-06,2.233896869125163,-7.345364722995101e-24,-7.345364920210326e-25,0
SITE_011_S0156,SITE_011,288.5459442138672,287.6693878173828,289.1059417724609,13404,-100451,-9.927898645401e-06,-9.868759661912918e-06,2.886234196905596,-7.345364722995101e-24,-7.345364920210326e-25,0
SITE_011_S0157,SITE_011,284.8909606933594,283.4631042480469,286.1784210205078,13872,-210498.75,-2.017244696617126e-05,-5.967915058135986e-06,2.735308431847454,-7.345364722995101e-24,-7.345364920210326e-25,0
SITE_011_S0158,SITE_011,290.9209747314453,290.5496368408203,290.82080078125,6503,-28988.25,-3.348290920257568e-05,-8.224742487072945e-06,3.54854585114006,-7.345364722995101e-24,-7.345364920210326e-25,0
SITE_011_S0159,SITE_011,286.9570159912109,285.07373046875,287.6905822753906,4306,-159527,6.627291440963745e-06,6.624497473239899e-06,2.131810656898733,-7.345364722995101e-24,-7.345364920210326e-25,0
SITE_011_S0160,SITE_011,289.8108520507812,288.3363952636719,290.1999969482422,2646,-120251,2.223998308181763e-06,2.226559445261956e-06,1.351992402395505,-7.345364722995101e-24,-7.345364920210326e-25,0
SITE_011_S0161,SITE_011,281.8059844970703,279.9861907958984,283.4515075683594,347,-184774.5,3.091990947723389e-06,3.092223778367043e-06,1.977748242488217,-7.345364722995101e-24,-7.345364920210326e-25,0
SITE_011_S0162,SITE_011,288.9573669433594,288.2299041748047,288.6181945800781,31,-2446.25,-2.891756594181061e-05,-7.36769288778305e-06,2.49522795519964,-7.345364722995101e-24,-7.345364920210326e-25,0
SITE_011_S0163,SITE_011,282.3259429931641,280.9684753417969,283.9483337402344,0,-253357,2.100318670272827e-05,2.100272104144096e-05,2.688888113564637,-7.345364722995101e-24,-7.345364920210326e-25,0
SITE_011_S0164,SITE_011,286.7422485351562,285.951171875,286.9622802734375,0,-163164,-7.15404748916626e-05,-2.720183692872524e-05,5.311633396750742,-7.345364722995101e-24,-7.345364920210326e-25,0
SITE_011_S0165,SITE_011,279.1568603515625,279.4245910644531,281.976806640625,0,-62983,-1.501291990280151e-06,-1.498963683843613e-06,0.6818740501067209,-7.345364722995101e-24,-7.345364920210326e-25,0
SITE_011_S0166,SITE_011,282.5977478027344,281.2395172119141,283.7911987304688,0,-187245.25,3.7364661693573e-06,3.453809767961502e-06,1.966449095779169,-7.345364722995101e-24,-7.345364920210326e-25,0
SITE_011_S0167,SITE_011,282.3283996582031,281.2019958496094,283.9374542236328,0,-186417.25,1.157447695732117e-05,1.157587394118309e-05,1.828286642497155,-7.345364722995101e-24,-7.345364920210326e-25,0
SITE_011_S0168,SITE_011,286.0520172119141,285.0477294921875,285.9241027832031,0,-49266,-1.163408160209656e-05,-6.673391908407211e-06,2.588147716077796,-7.345364722995101e-24,-7.345364920210326e-25,0
SITE_011_S0169,SITE_011,286.1104125976562,285.0727081298828,286.2932891845703,0,-128187.75,1.378729939460754e-05,1.378683373332024e-05,1.898655815589543,-7.345364722995101e-24,-7.345364920210326e-25,0
SITE_011_S0170,SITE_011,284.9571838378906,283.9832763671875,285.1730194091797,0,-106981.5,-9.687989950180054e-05,-2.288282848894596e-05,4.381601872137385,-7.345364722995101e-24,-7.345364920210326e-25,0
SITE_011_S0171,SITE_011,285.4022216796875,284.6412658691406,285.4384918212891,0,-12989.25,-5.347281694412232e-05,-5.347421392798424e-05,7.113317529212958,-7.345364722995101e-24,-7.345364920210326e-25,0
SITE_011_S0172,SITE_011,284.8901214599609,284.2811737060547,284.7098388671875,0,-24723,-4.96208667755127e-06,-4.952540621161461e-06,2.816802617507805,-7.345364722995101e-24,-7.345364920210326e-25,0
SITE_011_S0173,SITE_011,287.2853851318359,286.5875244140625,286.4686584472656,0,-29096.75,-6.496161222457886e-05,-2.365419641137123e-05,5.682250492222082,-7.345364722995101e-24,-7.345364920210326e-25,0
SITE_011_S0174,SITE_011,286.6653747558594,285.1827850341797,286.2743377685547,0,-183597,1.460686326026916e-05,1.460406929254532e-05,2.933737949893737,-7.345364722995101e-24,-7.345364920210326e-25,0
SITE_011_S0175,SITE_011,287.0518341064453,285.5266265869141,287.0229034423828,0,-233659.75,-2.480670809745789e-05,-5.227047950029373e-06,3.554920754829613,-7.345364722995101e-24,-7.345364920210326e-25,0
SITE_011_S0176,SITE_011,283.3405914306641,282.5242767333984,284.2625122070312,0,-45381.25,-0.0001059621572494507,-6.834743544459343e-05,6.215916695225854,-7.345364722995101e-24,-7.345364920210326e-25,0
SITE_011_S0177,SITE_011,283.7105407714844,282.8660278320312,283.8982238769531,0,-71195,-3.968551754951477e-05,-3.541423939168453e-05,4.978219486520822,-7.345364722995101e-24,-7.345364920210326e-25,0
SITE_011_S0178,SITE_011,283.5552673339844,282.6545104980469,283.74755859375,0,-158988.75,-9.729713201522829e-05,-1.29123218357563e-05,5.240869767400625,-7.345364722995101e-24,-7.345364920210326e-25,0
SITE_011_S0179,SITE_011,284.4772644042969,283.6920166015625,284.4712066650391,0,-131126.5,-0.0003232136368751526,-7.489090785384178e-05,9.09461887032688,-7.345364722995101e-24,-7.345364920210326e-25,0
SITE_011_S0180,SITE_011,275.9943389892578,275.0170288085937,278.594482421875,0,-146633,3.63960862159729e-06,3.638211637735367e-06,1.514422071196706,-7.345364722995101e-24,-7.345364920210326e-25,0
SITE_011_S0181,SITE_011,279.6844940185547,278.7263641357422,280.2813720703125,0,-109199,1.288950443267822e-06,1.327833160758018e-06,2.420913693404009,-7.345364722995101e-24,-7.345364920210326e-25,0
SITE_011_S0182,SITE_011,278.9364166259766,278.3611145019531,279.5475463867188,0,-49647.25,1.385807991027832e-06,1.383479684591293e-06,1.72405370680792,-7.345364722995101e-24,-7.345364920210326e-25,0
SITE_011_S0183,SITE_011,281.9803619384766,281.4338073730469,281.7075042724609,0,-79711.25,-6.549060344696045e-06,-1.055188477039337e-06,4.200636914691261,-7.345364722995101e-24,-7.345364920210326e-25,0
SITE_011_S0184,SITE_011,281.4577178955078,280.9953918457031,280.8510131835937,0,-27745.75,-1.34594738483429e-05,-2.754619345068932e-06,2.94743320878642,-7.345364722995101e-24,-7.345364920210326e-25,0
SITE_011_S0185,SITE_011,282.0295562744141,281.7662200927734,281.8094177246094,0,-12173.25,-9.831041097640991e-06,-4.370696842670441e-06,2.905884186016762,-7.345364722995101e-24,-7.345364920210326e-25,0
SITE_011_S0186,SITE_011,283.015625,282.2358093261719,281.5238952636719,0,-27806,-1.370534300804138e-05,-1.353654079139233e-05,3.609119372300227,-7.345364722995101e-24,-7.345364920210326e-25,0
SITE_011_S0187,SITE_011,284.0085906982422,282.7772979736328,282.58203125,0,-10643,-7.414445281028748e-05,-7.097655907273293e-05,6.495199155261605,-7.345364722995101e-24,-7.345364920210326e-25,0
SITE_011_S0188,SITE_011,276.6869659423828,275.764892578125,276.9085540771484,0,-110344.75,-1.784041523933411e-05,-1.267367042601109e-05,5.372266158092892,-7.345364722995101e-24,-7.345364920210326e-25,0
SITE_011_S0189,SITE_011,277.4409332275391,275.9470672607422,277.4983825683594,0,-236326.5,-2.153217792510986e-05,-1.658289693295956e-05,4.943578731640145,-7.345364722995101e-24,-7.345364920210326e-25,0
SITE_011_S0190,SITE_011,273.4775085449219,273.3313140869141,274.0893249511719,0,-1213,-1.101382076740265e-05,-1.086993142962456e-05,3.832359016833337,0.009765625,0.0014925003051757,0
SITE_011_S0191,SITE_011,278.8299560546875,277.4874114990234,277.2409820556641,0,-104494,3.691762685775757e-06,3.691297024488449e-06,4.09213785824062,0.00390625,0.000591278076171875,0
SITE_011_S0192,SITE_011,275.2007141113281,274.1191711425781,275.4037780761719,0,-91878,-3.720074892044067e-05,-3.676582127809525e-05,5.986425873991369,0.0068359375,0.00128173828125,0
SITE_011_S0193,SITE_011,271.7469024658203,270.8705291748047,273.8084411621094,0,-254839,1.128017902374268e-05,1.122104004025459e-05,3.698464892316096,0.0107421875,0.0019102096557617,1
SITE_011_S0194,SITE_011,280.7952880859375,280.1744232177734,279.6475982666016,0,2041.5,4.161149263381958e-06,4.162313416600227e-06,3.033236320613939,0.0048828125,0.0008153915405273438,0
SITE_011_S0195,SITE_011,280.4662933349609,280.1194458007812,279.9498901367188,0,-212.5,1.758337020874023e-06,1.756707206368446e-06,0.8300465938245379,0.001953125,0.000293731689453125,0
SITE_011_S0196,SITE_011,277.8766174316406,276.8200531005859,277.7914123535156,0,-74879.5,-6.943568587303162e-05,-5.985936149954796e-05,6.023384488045048,-7.345364722995101e-24,-7.345364920210326e-25,0
SITE_011_S0197,SITE_011,275.5355529785156,273.9887084960937,275.9298248291016,0,-183830.5,-7.838010787963867e-06,-7.256167009472847e-06,3.614162441297673,-7.345364722995101e-24,-7.345364920210326e-25,0
SITE_011_S0198,SITE_011,271.4968719482422,270.4454040527344,273.5204925537109,0,-258220,-4.392489790916443e-05,-5.265930667519569e-06,5.00081788320135,-7.345364722995101e-24,-7.345364920210326e-25,1
SITE_011_S0199,SITE_011,274.163818359375,273.1089630126953,274.1084594726562,0,-135847.5,-3.150850534439087e-05,-3.795837983489037e-06,4.382856749398994,-7.345364722995101e-24,-7.345364920210326e-25,1
SITE_011_S0200,SITE_011,273.6489105224609,272.7352905273437,274.9158477783203,0,-190384.5,-1.693516969680786e-05,-4.188623279333115e-06,3.733737785758968,-7.345364722995101e-24,-7.345364920210326e-25,1
SITE_011_S0201,SITE_011,276.152587890625,275.2552795410156,275.5295715332031,0,-55713,-3.601983189582825e-05,-4.226574674248695e-06,4.682336498315878,-7.345364722995101e-24,9.5367431640625e-07,0
SITE_011_S0202,SITE_011,273.5233001708984,272.4171752929688,273.949462890625,0,-201192,1.041591167449951e-05,1.041777431964874e-05,3.612921387981687,0.0087890625,0.0015630722045898,1
SITE_011_S0203,SITE_011,273.1867828369141,271.3215789794922,273.7338104248047,0,-237431,1.245737075805664e-05,1.245876774191856e-05,3.085331627246938,0.0078125,0.0013856887817382,1
SITE_011_S0204,SITE_011,275.6770324707031,274.4046936035156,276.7298736572266,0,-214281.25,1.212768256664276e-05,1.212861388921738e-05,2.054620892939537,-7.345364722995101e-24,-7.345364920210326e-25,0
SITE_011_S0205,SITE_011,277.3197631835937,276.5621185302734,277.4874114990234,0,-87075.5,3.900378942489624e-06,3.899447619915009e-06,1.818483236019679,-7.345364722995101e-24,-7.345364920210326e-25,0
SITE_011_S0206,SITE_011,273.9345397949219,272.4800720214844,274.9921264648437,0,-275970,1.523643732070923e-06,1.069158315658569e-06,4.083464403278254,-7.345364722995101e-24,-7.345364920210326e-25,1
SITE_011_S0207,SITE_011,267.7073364257812,265.9514312744141,272.2646636962891,0,-292412,-1.624226570129394e-06,-6.118789315223694e-07,2.347222904717471,0.00390625,0.0006608963012695312,1
SITE_011_S0208,SITE_011,269.2601318359375,264.9944152832031,271.6104583740234,0,-218310.25,-2.272427082061768e-07,-2.239830791950226e-07,0.5849123532190984,0.00390625,0.0006542205810546875,1
SITE_011_S0209,SITE_011,271.1655120849609,269.7040100097656,273.0730590820312,0,-253831.5,6.258487701416016e-06,6.269896402955055e-06,3.522566400382985,0.015625,0.0025367736816406,1
SITE_011_S0210,SITE_011,270.6669006347656,268.2161560058594,272.7943878173828,0,-292853.5,-1.408159732818604e-05,-7.21542164683342e-07,3.111538611477354,0.0126953125,0.0020132064819335,1
SITE_011_S0211,SITE_011,271.8061676025391,270.3232116699219,272.8849334716797,0,-173530.25,5.144625902175903e-06,5.142996087670326e-06,2.550771947733492,0.005859375,0.0010795593261718,1
SITE_011_S0212,SITE_011,269.6845550537109,267.6254425048828,272.4155578613281,0,-212167,3.257766366004944e-06,3.256136551499367e-06,2.047127897406486,0.0048828125,0.0008411407470703125,1
SITE_011_S0213,SITE_011,268.7514038085937,267.5960388183594,272.4223785400391,0,-324970.75,-6.044656038284302e-05,-3.437744453549385e-06,3.835245181972876,0.001953125,0.0003643035888671875,1
SITE_011_S0214,SITE_011,267.6392669677734,266.7496643066406,271.972412109375,0,-293433.75,-1.869536936283112e-05,-8.922070264816284e-07,3.69166768637933,0.001953125,0.000339508056640625,1
SITE_011_S0215,SITE_011,275.8229217529297,274.6710510253906,275.079833984375,0,-168228.25,5.822628736495972e-06,5.460809916257858e-06,3.926867955832521,-7.345364722995101e-24,3.814697265625e-06,0
SITE_011_S0216,SITE_011,280.0701599121094,279.1829833984375,278.1803741455078,0,-1625.75,-9.685754776000977e-08,-9.685754776000977e-08,2.644638196002633,-7.345364722995101e-24,9.5367431640625e-07,0
SITE_011_S0217,SITE_011,274.7895202636719,273.3204650878906,275.5279541015625,0,-292203.5,-2.494454383850098e-05,-2.89594754576683e-06,5.314042796480059,-7.345364722995101e-24,-7.345364920210326e-25,0
SITE_011_S0218,SITE_011,285.5384216308594,284.0339050292969,283.5162200927734,0,-91805.25,-0.0001270659267902374,-1.803156919777393e-05,5.528368632145518,-7.345364722995101e-24,-7.345364920210326e-25,0
SITE_011_S0219,SITE_011,284.1548919677734,283.1123504638672,283.4784698486328,0,-63207,-3.641471266746521e-05,-3.633135929703712e-05,5.548247477133902,-7.345364722995101e-24,-7.345364920210326e-25,0
SITE_011_S0220,SITE_011,273.9318695068359,272.1788940429688,275.7043762207031,0,-256150.5,1.312792301177978e-05,1.31288543343544e-05,2.424547962489862,-7.345364722995101e-24,-7.345364920210326e-25,1
SITE_011_S0221,SITE_011,275.0335235595703,273.4705047607422,275.9843139648437,0,-266409.5,1.118704676628113e-05,1.118844375014305e-05,3.371079526215932,-7.345364722995101e-24,-7.345364920210326e-25,0
SITE_011_S0222,SITE_011,274.36181640625,273.5621795654297,275.1991119384766,0,-116727.75,-2.225115895271301e-05,-3.684544935822487e-06,2.835693202139841,0.001953125,0.0002899169921875,0
SITE_011_S0223,SITE_011,273.2183227539062,272.0728454589844,274.2957305908203,0,-131000.25,3.740191459655762e-06,3.738794475793839e-06,2.120721010667865,0.0009765625,0.0002422332763671875,1
SITE_011_S0224,SITE_011,275.5146942138672,274.6454010009766,275.8384552001953,0,-117140.75,-4.769116640090942e-05,-4.727626219391823e-06,4.407236931318676,-7.345364722995101e-24,2.002716064453125e-05,0
SITE_011_S0225,SITE_011,282.7886199951172,281.7460784912109,280.4133758544922,0,-8134.5,-3.119930624961853e-05,-2.760137431323528e-05,4.936459355947713,-7.345364722995101e-24,1.9073486328125e-06,0
SITE_011_S0226,SITE_011,278.5350799560547,277.1678924560547,279.610107421875,0,-213732.25,-2.183020114898682e-06,-1.799780875444412e-06,2.88486747983194,-7.345364722995101e-24,-7.345364920210326e-25,0
SITE_011_S0227,SITE_011,273.2341003417969,271.4344024658203,274.8752593994141,0,-218416.5,8.828938007354736e-06,8.828472346067429e-06,2.255550160260533,-7.345364722995101e-24,-7.345364920210326e-25,1
SITE_011_S0228,SITE_011,277.5039672851562,276.0956268310547,277.5322723388672,0,-215691.5,-2.975761890411377e-05,-1.18620228022337e-05,3.901148599849745,-7.345364722995101e-24,-7.345364920210326e-25,0
SITE_011_S0229,SITE_011,272.4621124267578,272.2561950683594,273.5552520751953,0,-46523.5,-5.007535219192505e-05,-8.514849469065666e-06,4.442724640369406,0.0126953125,0.0024099349975585,1
SITE_011_S0230,SITE_011,275.45654296875,275.2327575683594,275.7175445556641,0,-13694.5,-1.458451151847839e-06,9.282957762479782e-07,2.981461699448287,0.0126953125,0.0019426345825195,0
SITE_011_S0231,SITE_011,281.0639495849609,280.4642028808594,280.4166564941406,0,-25061,-7.381662726402283e-06,-7.383991032838821e-06,1.882028889835207,-7.345364722995101e-24,-7.345364920210326e-25,0
SITE_011_S0232,SITE_011,278.9882202148437,278.1046905517578,279.0084686279297,0,-131429,3.870576620101929e-06,3.870576620101929e-06,3.699038972012034,-7.345364722995101e-24,-7.345364920210326e-25,0
SITE_011_S0233,SITE_011,272.3913421630859,271.4020538330078,273.8332824707031,0,-84714.5,5.550682544708252e-07,5.587935447692871e-07,1.74078130432673,-7.345364722995101e-24,-7.345364920210326e-25,1
SITE_011_S0234,SITE_011,279.8862762451172,279.2557220458984,278.4661560058594,0,7459.5,1.065433025360107e-06,1.151580363512039e-06,3.170430945341923,-7.345364722995101e-24,-7.345364920210326e-25,0
SITE_011_S0235,SITE_011,275.6281127929688,274.4221954345703,275.9729919433594,0,-108676.5,-1.393258571624756e-06,-6.793998181819916e-07,2.351944212485827,-7.345364722995101e-24,-7.345364920210326e-25,0
SITE_011_S0236,SITE_011,276.7981414794922,275.3973693847656,276.1315612792969,0,-30761.5,1.8291175365448e-06,1.833774149417877e-06,2.782112603668146,-7.345364722995101e-24,-7.345364920210326e-25,0
SITE_011_S0237,SITE_011,276.7821197509766,275.4591979980469,276.9904327392578,0,-229129.5,-2.757273614406586e-05,-1.546158455312252e-05,4.812475607366252,-7.345364722995101e-24,-7.345364920210326e-25,0
SITE_011_S0238,SITE_011,273.8476715087891,272.8778381347656,274.9846954345703,0,-133161,-4.731118679046631e-06,-1.492910087108612e-06,1.828120360638568,-7.345364722995101e-24,-7.345364920210326e-25,1
SITE_011_S0239,SITE_011,275.8206939697266,274.2205505371094,275.5695495605469,0,-120430.5,-3.761425614356995e-05,-1.015421003103256e-05,4.908457322953514,-7.345364722995101e-24,-7.345364920210326e-25,0
SITE_011_S0240,SITE_011,280.3652801513672,279.9287261962891,279.3729095458984,0,-25187.5,-6.01988285779953e-05,-7.781898602843285e-06,5.409910644562211,-7.345364722995101e-24,-7.345364920210326e-25,0
SITE_011_S0241,SITE_011,267.5969390869141,265.1791839599609,271.5127410888672,0,-251792,8.307397365570068e-07,8.312053978443146e-07,1.378227845240774,0.0009765625,0.0001440048217773438,1
SITE_011_S0242,SITE_011,279.4790649414062,278.6204376220703,276.1696929931641,0,-3777,-1.877173781394958e-05,-1.870701089501381e-05,5.37999846588511,0.0009765625,0.0001192092895507812,0
SITE_011_S0243,SITE_011,275.8779602050781,274.9803771972656,275.2145843505859,0,-91208.25,4.392117261886597e-06,4.391651600599289e-06,3.01434548571571,-7.345364722995101e-24,3.147125244140625e-05,0
SITE_011_S0244,SITE_011,273.2522583007812,272.3136291503906,273.2842407226562,0,-53584,-7.227063179016113e-07,-7.147900760173798e-07,2.697930131956145,0.013671875,0.0020627975463867,1
SITE_011_S0245,SITE_011,271.7153167724609,268.2064361572266,272.8539733886719,0,-207551.25,1.14738941192627e-05,1.147622242569923e-05,2.807595441029129,0.025390625,0.0038881301879882,1
SITE_011_S0246,SITE_011,277.7502746582031,276.4905548095703,277.1284637451172,0,-122987,-1.839548349380493e-05,-1.325737684965134e-05,4.988572586178011,-7.345364722995101e-24,6.67572021484375e-06,0
SITE_011_S0247,SITE_011,279.6303405761719,278.5190124511719,278.7045745849609,0,-233370.75,-3.331154584884644e-05,-2.95697245746851e-05,7.309226906088867,-7.345364722995101e-24,-7.345364920210326e-25,0
SITE_011_S0248,SITE_011,274.9297637939453,273.6808776855469,275.6987609863281,0,-182431,3.479421138763428e-06,3.2852403819561e-06,2.448995637323282,-7.345364722995101e-24,-7.345364920210326e-25,0
SITE_011_S0249,SITE_011,277.8153991699219,276.9021148681641,277.6444244384766,0,-87452.5,4.544854164123535e-07,4.535540938377381e-07,3.185472713008616,-7.345364722995101e-24,-7.345364920210326e-25,0
SITE_011_S0250,SITE_011,277.7393188476562,276.1890106201172,277.6214447021484,0,-282802.25,1.644343137741089e-05,1.243920996785164e-05,3.22450138495718,-7.345364722995101e-24,-7.345364920210326e-25,0
SITE_011_S0251,SITE_011,276.3821411132812,269.6159973144531,273.6984558105469,0,-168360,9.313225746154785e-08,9.755603969097137e-08,1.028889881882204,-7.345364722995101e-24,-7.345364920210326e-25,1
SITE_011_S0252,SITE_011,272.7035980224609,270.2032165527344,273.8513793945312,0,-186840,2.240762114524841e-06,2.238433808088302e-06,2.25221243550844,-7.345364722995101e-24,-7.345364920210326e-25,1
SITE_011_S0253,SITE_011,283.9462280273437,283.1999053955078,282.4229431152344,0,-32722.25,-0.0001216679811477661,-4.729512147605419e-05,8.544008862010235,-7.345364722995101e-24,-7.345364920210326e-25,0
SITE_011_S0254,SITE_011,277.7168884277344,276.9201965332031,278.4778442382812,0,-102876.25,-6.218254566192627e-05,-4.295678809285164e-05,6.377114461990193,-7.345364722995101e-24,-7.345364920210326e-25,0
SITE_011_S0255,SITE_011,278.2209930419922,277.4320373535156,278.6026763916016,0,-68260.75,-2.017617225646973e-05,-1.095235347747803e-05,2.568818270414243,-7.345364722995101e-24,-7.345364920210326e-25,0
SITE_011_S0256,SITE_011,276.7619018554688,275.6249389648437,278.2392425537109,0,-138447,5.934387445449829e-06,5.932524800300598e-06,1.653647595615956,-7.345364722995101e-24,-7.345364920210326e-25,0
SITE_011_S0257,SITE_011,279.2338562011719,279.2332153320312,280.4193420410156,0,-31812.75,-3.729015588760376e-06,-1.352280378341675e-06,1.613306816942792,-7.345364722995101e-24,-7.345364920210326e-25,0
SITE_011_S0258,SITE_011,279.4832763671875,278.9606170654297,279.6700592041016,0,-46270.25,-1.862645149230957e-08,4.470348358154298e-08,1.528723368421154,-7.345364722995101e-24,-7.345364920210326e-25,0
SITE_011_S0259,SITE_011,277.6859741210937,276.2152557373047,278.6038970947266,0,-194324.25,5.284324288368225e-06,5.284789949655533e-06,1.90728328922494,-7.345364722995101e-24,-7.345364920210326e-25,0
SITE_011_S0260,SITE_011,277.8168182373047,277.1867523193359,279.2997436523437,0,-117097,2.520158886909485e-06,2.520624548196793e-06,1.6892395876844,-7.345364722995101e-24,-7.345364920210326e-25,0
SITE_011_S0261,SITE_011,274.6834106445312,273.2046356201172,276.7689056396484,0,-254756.25,7.82310962677002e-06,7.82078132033348e-06,2.009646455389271,-7.345364722995101e-24,-7.345364920210326e-25,0
SITE_011_S0262,SITE_011,278.1843719482422,277.3491668701172,280.1430969238281,185,-224143.25,-6.38328492641449e-05,-8.904142305254936e-06,4.315513427800894,-7.345364722995101e-24,-7.345364920210326e-25,0
SITE_011_S0263,SITE_011,274.2652130126953,273.2556762695312,277.0720672607422,711,-307073.75,-5.258992314338684e-05,-7.334398105740547e-06,3.993632820780334,-7.345364722995101e-24,-7.345364920210326e-25,0
SITE_011_S0264,SITE_011,277.1061248779297,276.0113830566406,277.4138488769531,4726,-103402.75,-1.735985279083252e-06,-4.020985215902329e-07,2.734953772751765,-7.345364722995101e-24,-7.345364920210326e-25,0
SITE_011_S0265,SITE_011,277.6592559814453,276.1619110107422,278.4545135498047,9363,-270002.75,-5.996599793434143e-05,-9.384239092469215e-06,3.877110805625983,-7.345364722995101e-24,-7.345364920210326e-25,0
SITE_011_S0266,SITE_011,282.2941131591797,279.785400390625,282.2137298583984,29931,-258023.25,-4.365667700767517e-05,-1.019518822431564e-05,3.189186983659304,-7.345364722995101e-24,-7.345364920210326e-25,0
SITE_011_S0267,SITE_011,281.4121551513672,279.7991638183594,281.9147491455078,48559,-239824.25,-2.402439713478088e-05,-7.516006007790565e-06,3.447823692259076,-7.345364722995101e-24,-7.345364920210326e-25,0
SITE_011_S0268,SITE_011,278.184326171875,276.7220611572266,279.5902709960937,55520,-249044.25,-5.012378096580505e-06,-2.549029886722565e-06,2.783646986728576,-7.345364722995101e-24,-7.345364920210326e-25,0
SITE_011_S0269,SITE_011,278.7203674316406,277.5548400878906,280.2892303466797,78635,-213777,-1.869164407253265e-05,-9.381910786032677e-06,2.254736510489364,-7.345364722995101e-24,-7.345364920210326e-25,0
SITE_011_S0270,SITE_011,277.0037231445312,275.9832153320312,278.9067077636719,84819,-226818.25,-2.621486783027649e-05,-1.737568527460098e-05,3.28329410620976,-7.345364722995101e-24,-7.345364920210326e-25,0
SITE_011_S0271,SITE_011,281.1827239990234,280.1959991455078,281.3411254882812,116625,-245202.5,5.418434739112854e-06,5.419133231043816e-06,3.137911440894484,-7.345364722995101e-24,-7.345364920210326e-25,0
SITE_011_S0272,SITE_011,282.2427520751953,282.1078948974609,283.0484619140625,30645,-33467.25,-1.844391226768494e-05,-1.844530925154686e-05,2.891561761098716,-7.345364722995101e-24,-7.345364920210326e-25,0
SITE_011_S0273,SITE_011,278.4625701904297,277.0006866455078,279.8230895996094,173716,-259226.25,-2.067908644676208e-05,-1.089554280042648e-05,2.211325563041457,-7.345364722995101e-24,-7.345364920210326e-25,0
SITE_011_S0274,SITE_011,279.4685516357422,277.9581756591797,280.5455474853516,167545,-247296.5,-9.435787796974182e-05,-3.079534508287907e-05,3.473814701642109,-7.345364722995101e-24,-7.345364920210326e-25,0
SITE_011_S0275,SITE_011,284.9119720458984,285.1921997070312,286.2375946044922,61700,-20885.5,-4.552118480205536e-05,-1.407158561050892e-05,5.184119790085126,-7.345364722995101e-24,-7.345364920210326e-25,0
SITE_011_S0276,SITE_011,283.4462738037109,283.6860198974609,284.7912902832031,74190,-46315,-7.588230073451996e-05,-1.708627678453922e-05,4.108981899047582,-7.345364722995101e-24,-7.345364920210326e-25,0
SITE_011_S0277,SITE_011,285.1791687011719,284.5228576660156,286.0744934082031,197541,-219675.25,-3.003329038619995e-05,-2.912618219852448e-05,2.512782901354066,-7.345364722995101e-24,-7.345364920210326e-25,0
SITE_011_S0278,SITE_011,282.7083129882812,282.0294952392578,283.8899536132812,109896,-85777.75,-1.091510057449341e-06,-1.088948920369148e-06,1.445684276429338,-7.345364722995101e-24,-7.345364920210326e-25,0
SITE_011_S0279,SITE_011,289.7938842773437,288.8245239257812,290.0070953369141,152858,-80962.5,-3.536418080329895e-05,-2.095848321914673e-05,1.322047492570144,-7.345364722995101e-24,-7.345364920210326e-25,0
SITE_011_S0280,SITE_011,287.6774444580078,287.3540191650391,288.2702484130859,52784,-74848.5,-0.0003859717398881912,-4.292349331080914e-05,8.334968349143981,-7.345364722995101e-24,-7.345364920210326e-25,0
SITE_011_S0281,SITE_011,284.1993560791016,283.2322235107422,285.2786407470703,250449,-247474.5,-7.143616676330566e-05,-2.585025504231453e-05,2.902423465143929,-7.345364722995101e-24,-7.345364920210326e-25,0
SITE_011_S0282,SITE_011,287.1239318847656,285.9527282714844,287.1736450195312,201021,-181080,-2.836808562278748e-05,-1.842854544520378e-05,2.272236193416152,-7.345364722995101e-24,-7.345364920210326e-25,0
SITE_011_S0283,SITE_011,288.8658905029297,288.0838165283203,289.0708923339844,74168,-60776,-1.163780689239502e-05,-1.143733970820904e-05,1.65411968108944,-7.345364722995101e-24,-7.345364920210326e-25,0
SITE_011_S0284,SITE_011,289.2449493408203,289.4628601074219,290.823974609375,153526,-65454.5,-5.690380930900574e-05,-2.694781869649887e-05,2.758904760734079,-7.345364722995101e-24,-7.345364920210326e-25,0
SITE_011_S0285,SITE_011,285.8130340576172,284.7595367431641,287.3063812255859,227589,-245033,-2.04816460609436e-05,-1.793866977095604e-05,2.277025804042373,-7.345364722995101e-24,-7.345364920210326e-25,0
SITE_011_S0286,SITE_011,292.7594909667969,292.4367065429688,294.0087280273437,251714,-211973,-6.694160401821136e-05,-2.449937164783477e-05,2.737285843648908,-7.345364722995101e-24,-7.345364920210326e-25,0
SITE_011_S0287,SITE_011,286.29248046875,286.4063568115234,289.3574981689453,214397,-222584,-0.0001241918653249741,-2.826517447829247e-05,3.679074450214396,-7.345364722995101e-24,-7.345364920210326e-25,0
SITE_011_S0288,SITE_011,287.6633453369141,287.2620086669922,289.0487976074219,191615,-190661.5,-9.424425661563872e-05,-1.939828507602215e-05,3.145491459985192,-7.345364722995101e-24,-7.345364920210326e-25,0
SITE_011_S0289,SITE_011,284.2125091552734,283.2060089111328,285.6053009033203,220052,-200760.5,-1.96695327758789e-06,-1.965789124369621e-06,1.41762773233054,-7.345364722995101e-24,-7.345364920210326e-25,0
SITE_011_S0290,SITE_011,285.3012237548828,284.5018463134766,286.1873474121094,137445,-123983.5,-5.624629557132721e-05,-1.400010660290718e-05,2.69122144819169,-7.345364722995101e-24,-7.345364920210326e-25,0
SITE_011_S0291,SITE_011,284.355712890625,283.3636474609375,285.1360321044922,163322,-143391.5,-2.094730734825134e-05,-7.336493581533432e-06,1.74301799220934,-7.345364722995101e-24,-7.345364920210326e-25,0
SITE_011_S0292,SITE_011,286.7447357177734,286.6473236083984,288.1972503662109,93006,-86965,-7.464736700057983e-05,-2.163276076316833e-05,2.438404164138248,-7.345364722995101e-24,-7.345364920210326e-25,0
SITE_011_S0293,SITE_011,286.8526916503906,286.7227935791016,287.9591522216797,76927,-46023.5,-4.967115819454193e-05,-1.925206743180752e-05,1.881515254518817,-7.345364722995101e-24,-7.345364920210326e-25,0
SITE_011_S0294,SITE_011,291.8809814453125,290.4694366455078,291.0636596679688,90040,-78195,-0.0001314617693424225,-3.833789378404617e-05,3.579056699504243,-7.345364722995101e-24,-7.345364920210326e-25,0
SITE_011_S0295,SITE_011,288.7770385742188,287.8585510253906,289.5494537353516,152880,-203105,-1.308321952819824e-05,-1.209462061524391e-05,2.81194038725207,-7.345364722995101e-24,-7.345364920210326e-25,0
SITE_011_S0296,SITE_011,297.5351715087891,295.0852966308594,296.1323852539062,137803,-220067.75,-0.0001983419060707092,-4.193698987364769e-05,3.396763765127459,-7.345364722995101e-24,-7.345364920210326e-25,0
SITE_011_S0297,SITE_011,295.5375671386719,294.5063018798828,296.135986328125,135433,-254889,-0.0002522636204957962,-3.175763413310051e-05,4.109512958783784,-7.345364722995101e-24,-7.345364920210326e-25,0
SITE_011_S0298,SITE_011,288.4717102050781,286.8770751953125,289.4736175537109,95800,-188265,-4.764273762702942e-05,-2.344604581594467e-05,2.884440261820869,-7.345364722995101e-24,-7.345364920210326e-25,0
SITE_011_S0299,SITE_011,287.6313323974609,286.7326049804688,289.1056213378906,91663,-200531,6.778165698051453e-06,6.779562681913376e-06,1.673498970432489,-7.345364722995101e-24,-7.345364920210326e-25,0
SITE_011_S0300,SITE_011,289.3296203613281,288.1984710693359,290.1986694335937,51690,-179996.5,-3.286451101303101e-05,-2.787820994853973e-05,3.61247915467066,-7.345364722995101e-24,-7.345364920210326e-25,0
SITE_011_S0301,SITE_011,288.6028137207031,287.6451110839844,289.5317230224609,59812,-203780,-4.373863339424133e-05,-8.952803909778595e-06,3.719814121803672,-7.345364722995101e-24,-7.345364920210326e-25,0
SITE_011_S0302,SITE_011,285.7388305664062,285.2514190673828,287.7190093994141,28508,-112480.5,-2.04090029001236e-05,-2.03792005777359e-05,3.000946186477069,-7.345364722995101e-24,-7.345364920210326e-25,0
SITE_011_S0303,SITE_011,283.6277008056641,282.2099609375,285.2187957763672,40340,-224442.5,2.827495336532593e-06,2.851942554116249e-06,2.511323961258414,-7.345364722995101e-24,-7.345364920210326e-25,0
SITE_011_S0304,SITE_011,286.9230346679688,285.9004211425781,287.6502075195312,20515,-139806.25,-4.361756145954132e-05,-1.083128154277802e-05,4.302918219881134,-7.345364722995101e-24,-7.345364920210326e-25,0
SITE_011_S0305,SITE_011,285.8367156982422,284.6276092529297,286.9177398681641,21137,-216476.25,-9.324401617050173e-06,-3.418652340769768e-06,3.051379135161467,-7.345364722995101e-24,-7.345364920210326e-25,0
SITE_011_S0306,SITE_011,287.0667114257812,284.8381500244141,287.8881225585937,11320,-187281.5,-2.279877662658691e-06,-1.389533281326294e-06,2.152285418654644,-7.345364722995101e-24,-7.345364920210326e-25,0
SITE_011_S0307,SITE_011,289.3884124755859,287.571044921875,290.0800628662109,9334,-181210,1.983717083930969e-06,2.730172127485276e-06,2.178658410827976,-7.345364722995101e-24,-7.345364920210326e-25,0
SITE_011_S0308,SITE_011,285.2637329101562,283.0345001220703,286.6189575195312,2906,-180675.5,-1.169741153717041e-06,-1.01863406598568e-06,2.137573386891547,-7.345364722995101e-24,-7.345364920210326e-25,0
SITE_011_S0309,SITE_011,289.1155242919922,288.2584838867188,290.4181213378906,1660,-196678,-1.975893974304199e-05,-9.575160220265388e-06,2.671216306870881,-7.345364722995101e-24,-7.345364920210326e-25,0
SITE_011_S0310,SITE_011,284.2481689453125,283.0440673828125,284.9798278808594,31,-116846.25,-7.68117606639862e-05,-9.919749572873116e-06,3.73254493689773,-7.345364722995101e-24,-7.345364920210326e-25,0
SITE_011_S0311,SITE_011,284.5779113769531,283.8975067138672,285.9346160888672,0,-163486,1.113861799240112e-05,1.106667332351208e-05,1.936383182122764,-7.345364722995101e-24,-7.345364920210326e-25,0
SITE_011_S0312,SITE_011,287.2967681884766,286.5803833007812,287.3447418212891,0,-107596.75,1.64620578289032e-05,1.64620578289032e-05,2.099358645760527,-7.345364722995101e-24,-7.345364920210326e-25,0
SITE_011_S0313,SITE_011,290.8537902832031,290.3028564453125,290.350830078125,0,-24527.5,-5.036965012550354e-05,-1.566717401146889e-05,3.854719664277745,-7.345364722995101e-24,-7.345364920210326e-25,0
SITE_011_S0314,SITE_011,280.7927856445312,278.9467468261719,282.1991119384766,0,-163557.25,-2.030283212661743e-07,7.450580596923828e-08,2.00152933037082,-7.345364722995101e-24,-7.345364920210326e-25,0
SITE_011_S0315,SITE_011,281.0560607910156,279.6465759277344,282.3227844238281,0,-150242.75,3.01748514175415e-07,-1.816079020500183e-08,1.533755894963946,-7.345364722995101e-24,-7.345364920210326e-25,0
SITE_011_S0316,SITE_011,286.5277557373047,285.1766204833984,286.7073974609375,0,-106895.5,-2.515129745006561e-05,-5.382578819990158e-06,3.18277839682379,-7.345364722995101e-24,-7.345364920210326e-25,0
SITE_011_S0317,SITE_011,286.5100860595703,285.8038940429688,287.1011657714844,0,-128211.5,4.064291715621948e-06,4.067784175276756e-06,3.241004104435449,-7.345364722995101e-24,-7.345364920210326e-25,0
SITE_011_S0318,SITE_011,285.860107421875,284.79345703125,286.3448028564453,0,-134039.5,-5.673617124557495e-05,-5.409074947237968e-05,5.476937469294152,-7.345364722995101e-24,-7.345364920210326e-25,0
SITE_011_S0319,SITE_011,287.677001953125,286.5926971435547,287.0222015380859,0,-5993.25,-5.815550684928894e-05,-5.815434269607067e-05,6.231718203796414,-7.345364722995101e-24,-7.345364920210326e-25,0
SITE_011_S0320,SITE_011,281.5873565673828,280.7499542236328,282.4984283447266,0,-128448,-7.942691445350647e-05,-1.24187208712101e-05,3.926469821616293,-7.345364722995101e-24,-7.345364920210326e-25,0
SITE_011_S0321,SITE_011,278.4616241455078,277.2103118896484,280.1991271972656,0,-254407.75,-1.816079020500183e-05,-1.061405055224896e-05,3.250961091754458,-7.345364722995101e-24,-7.345364920210326e-25,0
SITE_011_S0322,SITE_011,288.0126342773437,287.071044921875,286.9131164550781,0,-21309,-5.991384387016296e-05,-3.603752702474594e-05,4.004917341128567,-7.345364722995101e-24,-7.345364920210326e-25,0
SITE_011_S0323,SITE_011,287.5014495849609,285.676025390625,285.7637786865234,0,-94360,2.880021929740906e-05,2.880021929740906e-05,3.63468051962068,-7.345364722995101e-24,-7.345364920210326e-25,0
SITE_011_S0324,SITE_011,285.9320678710937,285.2466278076172,285.8717041015625,0,-15074.5,-3.109686076641083e-05,-3.069476224482059e-05,4.244445127376678,-7.345364722995101e-24,-7.345364920210326e-25,0
SITE_011_S0325,SITE_011,284.3752746582031,283.3173828125,284.4771881103516,0,-115045,-7.210299372673035e-05,-1.201336272060871e-05,4.296646854456047,-7.345364722995101e-24,-7.345364920210326e-25,0
SITE_011_S0326,SITE_011,284.3891448974609,283.3486328125,284.5079498291016,0,-84532.25,3.065913915634156e-06,3.065913915634156e-06,3.046196064514237,-7.345364722995101e-24,-7.345364920210326e-25,0
SITE_011_S0327,SITE_011,285.3959655761719,284.6742095947266,285.7016296386719,0,-201834.75,-3.224238753318787e-05,-5.940208211541176e-06,4.374639094157078,-7.345364722995101e-24,-7.345364920210326e-25,0
SITE_011_S0328,SITE_011,277.5382080078125,276.5177154541016,278.9868316650391,0,-189725.5,-8.106231689453125e-06,-2.167420461773872e-06,2.528008098965965,-7.345364722995101e-24,-7.345364920210326e-25,0
SITE_011_S0329,SITE_011,273.8106384277344,272.2475280761719,276.1397094726562,0,-274851,8.568167686462402e-06,8.566537871956825e-06,2.491824049311104,-7.345364722995101e-24,-7.345364920210326e-25,1
SITE_011_S0330,SITE_011,280.1809387207031,279.1152038574219,280.9438323974609,0,-143736.75,9.819865226745604e-06,9.822659194469452e-06,2.529595570151162,-7.345364722995101e-24,-7.345364920210326e-25,0
SITE_011_S0331,SITE_011,281.0992431640625,280.9568634033203,281.7392578125,0,-29519,-6.271526217460632e-06,-6.275251507759094e-06,1.775537022111596,-7.345364722995101e-24,-7.345364920210326e-25,0
SITE_011_S0332,SITE_011,274.9212493896484,273.6212310791016,275.5911254882812,0,-158090.5,1.258403062820435e-05,1.258077099919319e-05,3.678663463763422,-7.345364722995101e-24,-7.345364920210326e-25,0
SITE_011_S0333,SITE_011,276.7581634521484,275.9494323730469,277.5839080810547,0,-219657,3.065913915634156e-06,2.723187208175659e-06,4.96851668828328,-7.345364722995101e-24,-7.345364920210326e-25,0
SITE_011_S0334,SITE_011,275.6791839599609,274.6353454589844,276.5462646484375,0,-227458.5,7.37607479095459e-06,2.102227881550789e-06,2.241860774726133,-7.345364722995101e-24,-7.345364920210326e-25,0
SITE_011_S0335,SITE_011,278.3538055419922,277.3898620605469,278.042724609375,0,-58455.5,-2.98619270324707e-05,-2.986355684697628e-05,4.594821414617081,-7.345364722995101e-24,-7.345364920210326e-25,0
SITE_011_S0336,SITE_011,276.9942932128906,275.6973266601562,276.8690032958984,0,-118926.5,-1.266226172447205e-05,-8.271075785160065e-06,4.003638266283005,-7.345364722995101e-24,-7.345364920210326e-25,0
SITE_011_S0337,SITE_011,276.5365905761719,275.3849487304688,277.0116577148437,0,-222068,1.597404479980469e-05,1.597567461431026e-05,2.656600998513958,-7.345364722995101e-24,-7.345364920210326e-25,0
SITE_011_S0338,SITE_011,278.7601165771484,277.2601928710937,279.0297241210937,0,-191977,-5.178526043891907e-05,-3.050174564123154e-05,3.947656115763921,-7.345364722995101e-24,-7.345364920210326e-25,0
SITE_011_S0339,SITE_011,274.2318572998047,272.5554962158203,275.5062866210937,0,-223100.5,8.378177881240845e-06,8.377712219953537e-06,2.330124414766374,-7.345364722995101e-24,-7.345364920210326e-25,1
SITE_011_S0340,SITE_011,271.2394714355469,269.8401184082031,273.5004272460937,0,-160945.5,5.766749382019043e-06,5.765585228800774e-06,2.089927142698705,-7.345364722995101e-24,9.5367431640625e-07,1
SITE_011_S0341,SITE_011,278.2865447998047,277.7402191162109,277.269775390625,0,4662,-5.99883496761322e-05,-2.082926221191883e-05,6.911958011717854,-7.345364722995101e-24,1.9073486328125e-06,0
SITE_011_S0342,SITE_011,280.1782073974609,279.5956878662109,279.3735809326172,0,-26681,-6.72265887260437e-05,-3.153621219098568e-05,4.871199633393747,-7.345364722995101e-24,-7.345364920210326e-25,0
SITE_011_S0343,SITE_011,277.5856781005859,277.1744995117188,278.0145111083984,0,-15911,-2.015009522438049e-05,-1.901807263493538e-05,3.942752698709228,-7.345364722995101e-24,-7.345364920210326e-25,0
SITE_011_S0344,SITE_011,282.4027404785156,280.7068634033203,279.9951934814453,0,-108007,-1.854822039604187e-05,-1.813052222132683e-05,4.656291586777274,-7.345364722995101e-24,-7.345364920210326e-25,0
SITE_011_S0345,SITE_011,278.5753631591797,277.5653076171875,279.1927795410156,0,-143070,2.987682819366455e-06,2.993037924170494e-06,3.016298468853555,-7.345364722995101e-24,-7.345364920210326e-25,0
SITE_011_S0346,SITE_011,279.2099304199219,278.3777770996094,279.3287353515625,0,-162343,2.788379788398743e-06,2.601183950901031e-06,3.842473139366797,-7.345364722995101e-24,-7.345364920210326e-25,0
SITE_011_S0347,SITE_011,278.0725708007812,277.0239105224609,278.2929382324219,0,-182780,1.291558146476746e-05,1.291511580348015e-05,3.934702668416064,-7.345364722995101e-24,-7.345364920210326e-25,0
SITE_011_S0348,SITE_011,271.3565673828125,270.0369873046875,273.27294921875,0,-174304.5,3.155320882797241e-06,3.154156729578972e-06,2.467578980896421,-7.345364722995101e-24,-7.345364920210326e-25,1
SITE_011_S0349,SITE_011,273.9970092773437,272.0791931152344,273.766845703125,0,-220766.5,-5.405023694038391e-05,-1.285201869904995e-05,3.859439202385887,-7.345364722995101e-24,-7.345364920210326e-25,1
SITE_011_S0350,SITE_011,278.5025024414062,277.3744354248047,277.7427825927734,0,-113215.5,-1.446902751922607e-05,-1.013278961181641e-05,4.746849737009294,-7.345364722995101e-24,9.5367431640625e-07,0
SITE_011_S0351,SITE_011,278.8072509765625,277.9313507080078,277.9429168701172,0,-1446,3.851950168609619e-06,3.848224878311157e-06,2.185989691346714,-7.345364722995101e-24,-7.345364920210326e-25,0
SITE_011_S0352,SITE_011,280.9266967773437,279.812255859375,280.9035949707031,0,-215426.25,-3.054738044738769e-06,-3.057066351175308e-06,3.220930528427388,-7.345364722995101e-24,-7.345364920210326e-25,0
SITE_011_S0353,SITE_011,277.1782684326172,276.0123138427734,277.6485900878906,0,-153097.5,-3.712251782417298e-06,-1.438427716493607e-06,3.275692863045809,-7.345364722995101e-24,-7.345364920210326e-25,0
SITE_011_S0354,SITE_011,277.1192016601562,275.8468933105469,278.0540466308594,0,-277783,1.814216375350952e-05,1.814332790672779e-05,3.515492578544082,-7.345364722995101e-24,-7.345364920210326e-25,0
SITE_011_S0355,SITE_011,280.1248321533203,278.4297637939453,279.0409851074219,0,-255266,-3.366544842720032e-05,-7.841037586331367e-06,4.304950167813719,-7.345364722995101e-24,-7.345364920210326e-25,0
SITE_011_S0356,SITE_011,275.6587829589844,275.5894775390625,276.2330017089844,0,-13736.5,-8.791685104370117e-06,-2.239365130662918e-06,2.366669400457821,-7.345364722995101e-24,-7.345364920210326e-25,0
SITE_011_S0357,SITE_011,277.5341186523437,277.61865234375,277.9143218994141,0,-10282.75,-2.693384885787964e-06,-1.000473275780678e-06,1.716958798469086,-7.345364722995101e-24,-7.345364920210326e-25,0
SITE_011_S0358,SITE_011,279.1138916015625,278.4236145019531,278.644775390625,0,-25998.5,-4.13060188293457e-05,-3.980263136327267e-05,5.555870055901228,-7.345364722995101e-24,-7.345364920210326e-25,0
SITE_011_S0359,SITE_011,276.7710418701172,275.5168609619141,276.4673614501953,0,-126414,-2.187490463256836e-05,-2.177106216549873e-05,5.686344513005886,-7.345364722995101e-24,2.09808349609375e-05,0
SITE_011_S0360,SITE_011,281.6580505371094,280.7522277832031,280.5959167480469,0,-52430,-4.259869456291199e-05,-3.905594348907471e-05,6.350894161137591,-7.345364722995101e-24,-7.345364920210326e-25,0
SITE_011_S0361,SITE_011,277.3570404052734,275.8525390625,277.8270721435547,0,-175959.5,-4.372745752334595e-05,-3.903149627149105e-05,5.37514069721835,-7.345364722995101e-24,-7.345364920210326e-25,0
SITE_011_S0362,SITE_011,280.0011291503906,278.7442474365234,278.9059295654297,0,-139064.25,-2.251379191875458e-05,-2.184463664889336e-05,6.978058761345508,-7.345364722995101e-24,-7.345364920210326e-25,0
SITE_011_S0363,SITE_011,280.0212707519531,279.2408599853516,279.8375854492188,0,-86722.5,-9.88990068435669e-05,-5.946564488112927e-05,9.235932781995707,-7.345364722995101e-24,-7.345364920210326e-25,0
SITE_011_S0364,SITE_011,279.6225891113281,278.4746398925781,278.6421813964844,0,-154709.5,-3.328174352645874e-05,-3.962777554988861e-06,4.801411697612929,-7.345364722995101e-24,-7.345364920210326e-25,0
SITE_011_S0365,SITE_011,285.1192626953125,283.8930206298828,282.7658843994141,0,-72005.25,-0.0001249723136425018,-7.493048906326294e-05,8.8975446404238,-7.345364722995101e-24,-7.345364920210326e-25,0
SITE_011_S0366,SITE_011,277.0823516845703,275.6584320068359,277.4381866455078,0,-253096.75,-6.446987390518188e-05,-2.277130261063576e-05,5.265685594935326,-7.345364722995101e-24,-7.345364920210326e-25,0
SITE_011_S0367,SITE_011,280.57421875,279.8388519287109,279.9120178222656,0,-175829.5,-0.0001350529491901398,-1.176167279481888e-05,7.880462429818117,-7.345364722995101e-24,-7.345364920210326e-25,0
SITE_011_S0368,SITE_011,274.9305419921875,273.841064453125,275.8624877929688,0,-160788.5,9.484589099884032e-06,9.489944204688072e-06,2.723710743564872,-7.345364722995101e-24,9.5367431640625e-07,0
SITE_011_S0369,SITE_011,276.0075988769531,275.1171417236328,276.3556213378906,0,-48125,1.043081283569336e-07,1.066364347934723e-07,2.288750470772684,-7.345364722995101e-24,-7.345364920210326e-25,0
SITE_011_S0370,SITE_011,279.6252136230469,278.8191833496094,279.1712646484375,0,-10133.25,-3.427639603614807e-05,-3.427616320550442e-05,6.652176412860113,-7.345364722995101e-24,-7.345364920210326e-25,0
SITE_011_S0371,SITE_011,281.5288543701172,280.7558746337891,280.9521789550781,0,-72538,-7.510185241699219e-06,-7.12578184902668e-06,2.953572549821303,-7.345364722995101e-24,-7.345364920210326e-25,0
SITE_011_S0372,SITE_011,279.9613342285156,278.8717651367188,280.0024108886719,0,-136127,-1.944601535797119e-06,-5.224719643592834e-07,2.162475137228708,-7.345364722995101e-24,-7.345364920210326e-25,0
SITE_011_S0373,SITE_011,275.8523864746094,273.8418273925781,277.0371856689453,0,-235561.75,1.375749707221985e-05,1.375749707221985e-05,2.755865841230394,-7.345364722995101e-24,-7.345364920210326e-25,0
SITE_011_S0374,SITE_011,272.9621429443359,271.3954162597656,274.6072540283203,0,-324396.75,-4.689581692218781e-05,-6.795627996325493e-06,4.065405365925908,-7.345364722995101e-24,-7.345364920210326e-25,1
SITE_011_S0375,SITE_011,271.8201141357422,270.1515350341797,273.85791015625,0,-325989.75,-5.150213837623596e-05,-7.991213351488113e-06,3.40705351320456,-7.345364722995101e-24,-7.345364920210326e-25,1
SITE_011_S0376,SITE_011,276.1796875,274.7783355712891,277.1025238037109,0,-260940.25,-3.567710518836975e-05,-5.172798410058022e-06,3.696494415410507,-7.345364722995101e-24,-7.345364920210326e-25,0
SITE_011_S0377,SITE_011,275.9556884765625,274.3192291259766,276.7568969726562,0,-314119.5,-5.833245813846588e-05,-7.06920400261879e-06,4.437212224508674,-7.345364722995101e-24,-7.345364920210326e-25,0
SITE_011_S0378,SITE_011,276.5318298339844,275.5920562744141,277.1736755371094,0,-126618.5,1.318752765655518e-06,9.83476638793945e-07,1.667807947692002,-7.345364722995101e-24,-7.345364920210326e-25,0
SITE_011_S0379,SITE_011,272.2345733642578,270.4459686279297,273.8804626464844,0,-136696.25,1.292675733566284e-06,1.295004040002823e-06,2.012701180064067,-7.345364722995101e-24,-7.345364920210326e-25,1
SITE_011_S0380,SITE_011,279.6532135009766,277.8067169189453,280.7870788574219,526,-222093.75,-8.363276720046997e-06,-2.919929102063179e-06,2.230371909612534,-7.345364722995101e-24,-7.345364920210326e-25,0
SITE_011_S0381,SITE_011,276.5068664550781,275.3058166503906,278.9674072265625,1195,-262471.75,-7.711350917816162e-06,-1.887092366814613e-06,2.730940029646212,-7.345364722995101e-24,-7.345364920210326e-25,0
SITE_011_S0382,SITE_011,272.8373260498047,271.0228271484375,274.8914031982422,8513,-195787,1.927837729454041e-06,1.929467543959618e-06,1.966624292685465,-7.345364722995101e-24,-7.345364920210326e-25,1
SITE_011_S0383,SITE_011,275.4794006347656,273.8194732666016,277.0393524169922,10778,-177094,3.438442945480347e-06,3.43681313097477e-06,2.134248470252035,-7.345364722995101e-24,-7.345364920210326e-25,0
SITE_011_S0384,SITE_011,280.8395385742188,279.3560485839844,281.3226165771484,29640,-326206,-0.0001789219677448273,-1.485203392803669e-05,5.403485545230852,-7.345364722995101e-24,-7.345364920210326e-25,0
SITE_011_S0385,SITE_011,281.9967956542969,280.4095153808594,282.2211151123047,33811,-319124,-0.0001620687544345856,-1.470441929996014e-05,4.647063177599912,-7.345364722995101e-24,-7.345364920210326e-25,0
SITE_011_S0386,SITE_011,275.8841094970703,274.1563262939453,277.7009582519531,59499,-210531.75,3.725290298461914e-07,5.252659320831299e-07,2.04681232509772,-7.345364722995101e-24,-7.345364920210326e-25,0
SITE_011_S0387,SITE_011,280.3078918457031,279.6660766601562,281.7440948486328,52426,-170225.25,6.308779120445252e-06,6.309011951088905e-06,2.206018689735215,-7.345364722995101e-24,-7.345364920210326e-25,0
SITE_011_S0388,SITE_011,279.5212097167969,278.4017791748047,280.5148468017578,74182,-177733.25,-2.60770320892334e-08,-2.840533852577209e-08,2.097917666648536,-7.345364722995101e-24,-7.345364920210326e-25,0
SITE_011_S0389,SITE_011,280.2112731933594,279.8297729492188,281.63330078125,39150,-121486.25,-9.0915709733963e-06,-7.400056347250938e-06,2.806489733808356,-7.345364722995101e-24,-7.345364920210326e-25,0
SITE_011_S0390,SITE_011,281.4616394042969,279.6677093505859,282.3305053710937,132870,-197075,-9.113922715187073e-06,-5.793292075395584e-06,1.93826404753068,-7.345364722995101e-24,-7.345364920210326e-25,0
SITE_011_S0391,SITE_011,283.8250274658203,282.5910186767578,284.6852874755859,113624,-153462.5,-1.347251236438751e-05,-7.335562258958816e-06,1.572201771653835,-7.345364722995101e-24,-7.345364920210326e-25,0
SITE_011_S0392,SITE_011,275.0021362304688,273.1320648193359,276.6559448242188,184923,-250122.25,-2.129003405570984e-06,-1.880107447504997e-06,1.089995556516624,-7.345364722995101e-24,-7.345364920210326e-25,1
SITE_011_S0393,SITE_011,279.1524047851562,277.6246795654297,279.4737396240234,123468,-105538.25,-1.441314816474915e-05,-1.323572359979153e-05,2.169386002883399,-7.345364722995101e-24,-7.345364920210326e-25,0
SITE_011_S0394,SITE_011,283.2510681152344,282.0516510009766,283.6981658935547,205077,-178075.75,-1.817941665649414e-06,-1.815147697925568e-06,1.455716076875138,-7.345364722995101e-24,-7.345364920210326e-25,0
SITE_011_S0395,SITE_011,289.8741912841797,287.9821472167969,288.4513549804688,88147,-66188,-5.375780165195465e-05,-1.344527117908001e-05,2.452854318763867,-7.345364722995101e-24,-7.345364920210326e-25,0
SITE_011_S0396,SITE_011,283.6479187011719,282.3150939941406,284.2124328613281,205822,-163572.5,-9.5367431640625e-07,-9.529758244752884e-07,0.9938966995432056,-7.345364722995101e-24,-7.345364920210326e-25,0
SITE_011_S0397,SITE_011,281.8898162841797,280.7429504394531,283.2347412109375,248208,-273221.5,-2.471357583999633e-05,-1.506996341049671e-05,2.377774749860237,-7.345364722995101e-24,-7.345364920210326e-25,0
SITE_011_S0398,SITE_011,287.5177459716797,286.0567779541016,287.52197265625,232009,-231675.5,-8.831918239593506e-05,-1.870631240308285e-05,2.294272171133599,-7.345364722995101e-24,-7.345364920210326e-25,0
SITE_011_S0399,SITE_011,286.6199035644531,286.3293609619141,288.1670227050781,221001,-223302,-5.170702934265137e-05,-7.98073597252369e-06,2.805033167883725,-7.345364722995101e-24,-7.345364920210326e-25,0
SITE_011_S0400,SITE_011,284.2825317382812,283.7337799072266,284.9622192382812,148352,-85996.5,-3.30749899148941e-05,-2.321368083357811e-05,1.916220099117868,-7.345364722995101e-24,-7.345364920210326e-25,0
SITE_011_S0401,SITE_011,283.5288238525391,283.1941528320312,284.5997009277344,84764,-36086.5,-7.25332647562027e-05,-2.42176465690136e-05,2.425207646758225,-7.345364722995101e-24,-7.345364920210326e-25,0
SITE_011_S0402,SITE_011,290.8678436279297,290.9975433349609,291.5901031494141,96624,-32295.5,-8.17328691482544e-06,-8.172355592250824e-06,1.656289545874214,-7.345364722995101e-24,-7.345364920210326e-25,0
SITE_011_S0403,SITE_011,288.1093902587891,288.3772583007812,289.6623229980469,126141,-18468,-3.410317003726959e-05,-3.271340392529964e-05,2.673120069832589,-7.345364722995101e-24,-7.345364920210326e-25,0
SITE_011_S0404,SITE_011,286.3027496337891,285.2617034912109,287.2827606201172,257451,-228008.5,-2.57883220911026e-05,-2.325442619621754e-05,2.291168681159821,-7.345364722995101e-24,-7.345364920210326e-25,0
SITE_011_S0405,SITE_011,285.8687133789062,284.6283416748047,286.5738830566406,270825,-192180.5,-3.941357135772705e-06,-3.941822797060013e-06,1.681722397538472,-7.345364722995101e-24,-7.345364920210326e-25,0
SITE_011_S0406,SITE_011,291.8255462646484,290.5093994140625,291.8724975585937,261876,-234987.5,-9.834952652454376e-05,-2.883956767618656e-05,2.730493305681525,-7.345364722995101e-24,-7.345364920210326e-25,0
SITE_011_S0407,SITE_011,293.376708984375,292.6297454833984,293.5559387207031,209223,-120552.5,-3.016740083694458e-05,-2.090795896947384e-05,2.208215789013787,-7.345364722995101e-24,-7.345364920210326e-25,0
SITE_011_S0408,SITE_011,288.3543548583984,287.8250122070312,288.8092193603516,126634,-80197.5,-6.493553519248962e-05,-1.545343548059464e-05,2.92313907435475,-7.345364722995101e-24,-7.345364920210326e-25,0
SITE_011_S0409,SITE_011,286.9813842773437,286.3106079101562,287.8121795654297,171589,-111061.5,-2.350285649299622e-05,-2.252869307994843e-05,2.763317645262786,-7.345364722995101e-24,-7.345364920210326e-25,0
SITE_011_S0410,SITE_011,285.9691009521484,285.7690887451172,287.0821075439453,19911,-36701,-1.09989196062088e-05,-1.099985092878342e-05,1.290724980935087,-7.345364722995101e-24,-7.345364920210326e-25,0
SITE_011_S0411,SITE_011,287.8462066650391,287.6705322265625,288.0293884277344,10632,-5818.5,-1.253560185432434e-06,-1.252861693501472e-06,1.990899428694841,-7.345364722995101e-24,-7.345364920210326e-25,0
SITE_011_S0412,SITE_011,287.0058288574219,285.1484832763672,287.0194091796875,146955,-116915.5,-1.462921500205994e-05,-1.07944943010807e-05,2.423247155517789,-7.345364722995101e-24,-7.345364920210326e-25,0
SITE_011_S0413,SITE_011,284.1672058105469,283.2896118164062,285.5930480957031,179793,-218846,-1.32434070110321e-06,-1.322245225310326e-06,1.692843250329556,-7.345364722995101e-24,-7.345364920210326e-25,0
SITE_011_S0414,SITE_011,286.5593566894531,285.9726715087891,288.5350036621094,150792,-211368,-2.041272819042205e-05,-1.913867890834808e-05,2.219817422349016,-7.345364722995101e-24,-7.345364920210326e-25,0
SITE_011_S0415,SITE_011,283.8970947265625,282.6189422607422,285.5359649658203,157549,-219115,7.636845111846924e-07,7.636845111846924e-07,1.768277722104269,-7.345364722995101e-24,-7.345364920210326e-25,0
SITE_011_S0416,SITE_011,289.31591796875,288.9613037109375,289.7626495361328,31830,-60849,-3.23168933391571e-05,-3.231735900044441e-05,4.077854328406938,-7.345364722995101e-24,-7.345364920210326e-25,0
SITE_011_S0417,SITE_011,288.0037536621094,286.6031036376953,288.1902008056641,70433,-134923,-2.690404653549194e-05,-9.640352800488472e-06,2.924916048190719,-7.345364722995101e-24,-7.345364920210326e-25,0
SITE_011_S0418,SITE_011,293.1916656494141,291.3686676025391,292.1406860351562,71455,-119828.5,-8.266419172286987e-05,-2.589821815490723e-05,2.568924303711368,-7.345364722995101e-24,-7.345364920210326e-25,0
SITE_011_S0419,SITE_011,287.7190704345703,286.1468658447266,288.8728637695312,81067,-175050.5,3.233551979064941e-06,3.235181793570518e-06,2.07172204996198,-7.345364722995101e-24,-7.345364920210326e-25,0
SITE_011_S0420,SITE_011,289.6179351806641,287.73095703125,290.0767364501953,69016,-168895,-1.074559986591339e-05,-5.724374204874039e-06,1.926543562946637,-7.345364722995101e-24,-7.345364920210326e-25,0
SITE_011_S0421,SITE_011,290.0156707763672,287.8240356445312,290.5598297119141,66165,-184838,-7.573515176773071e-06,-4.322733730077744e-06,1.750675776032288,-7.345364722995101e-24,-7.345364920210326e-25,0
SITE_011_S0422,SITE_011,294.6910095214844,293.671142578125,295.1996612548828,39852,-158864,-3.556534647941589e-05,-5.753478035330772e-06,2.426644441433682,-7.345364722995101e-24,-7.345364920210326e-25,0
SITE_011_S0423,SITE_011,293.3683624267578,292.7517242431641,294.5449523925781,16104,-93898.5,-1.639127731323242e-07,-1.566950231790543e-07,0.8289113326370783,-7.345364722995101e-24,-7.345364920210326e-25,0
SITE_011_S0424,SITE_011,292.9106750488281,291.5775909423828,292.4115295410156,9399,-64764,-7.89836049079895e-05,-4.305527545511723e-05,3.276280299404693,-7.345364722995101e-24,-7.345364920210326e-25,0
SITE_011_S0425,SITE_011,285.4976806640625,284.2775421142578,286.9066467285156,7777,-118106.25,3.810971975326538e-06,3.816094249486923e-06,2.057931741977459,-7.345364722995101e-24,-7.345364920210326e-25,0
SITE_011_S0426,SITE_011,288.7076416015625,287.5347595214844,289.1109619140625,700,-18358.5,-0.0001342222094535828,-0.0001342224422842264,8.942946749418466,-7.345364722995101e-24,-7.345364920210326e-25,0
SITE_011_S0427,SITE_011,285.6277770996094,284.7207794189453,287.02685546875,1893,-177804,-1.525506377220154e-05,-4.707137122750282e-06,2.214969589438323,-7.345364722995101e-24,-7.345364920210326e-25,0
SITE_011_S0428,SITE_011,283.9766540527344,280.1143341064453,283.8495941162109,1324,-188575.25,1.803040504455566e-06,1.80024653673172e-06,0.8972495541484284,-7.345364722995101e-24,-7.345364920210326e-25,0
SITE_011_S0429,SITE_011,283.5472412109375,282.3240356445312,285.1092987060547,0,-196025,-4.097819328308106e-07,-6.468035280704498e-07,2.443186929675643,-7.345364722995101e-24,-7.345364920210326e-25,0
SITE_011_S0430,SITE_011,283.2282257080078,282.2883911132812,284.8952331542969,0,-137521.5,1.060590147972107e-05,1.060590147972107e-05,1.755780035049414,-7.345364722995101e-24,-7.345364920210326e-25,0
SITE_011_S0431,SITE_011,284.2879943847656,281.7698364257812,284.3262939453125,0,-168138.25,9.667128324508669e-06,9.666429832577704e-06,2.998492574562101,-7.345364722995101e-24,-7.345364920210326e-25,0
SITE_011_S0432,SITE_011,286.1287994384766,284.6272125244141,286.0531311035156,0,-198251.5,1.278147101402283e-05,1.277914270758629e-05,3.162340377030022,-7.345364722995101e-24,-7.345364920210326e-25,0
SITE_011_S0433,SITE_011,281.9310455322266,280.2020874023437,283.6545562744141,0,-289171,-4.197657108306885e-05,-5.945097655057907e-06,3.219044350444788,-7.345364722995101e-24,-7.345364920210326e-25,0
SITE_011_S0434,SITE_011,282.9300842285156,281.0607604980469,283.9380493164062,0,-282661,-7.496774196624756e-05,-9.12463292479515e-06,3.236450820112457,-7.345364722995101e-24,-7.345364920210326e-25,0
SITE_011_S0435,SITE_011,285.3663177490234,284.3024139404297,286.4741973876953,0,-285958.5,-5.781091749668121e-05,-4.161521792411804e-05,5.678393162768579,-7.345364722995101e-24,-7.345364920210326e-25,0
SITE_011_S0436,SITE_011,282.8637390136719,281.8810424804688,284.7176971435547,0,-267440.25,-3.08305025100708e-05,-2.582836896181107e-05,4.270988713397973,-7.345364722995101e-24,-7.345364920210326e-25,0
SITE_011_S0437,SITE_011,285.5762634277344,284.6925964355469,285.5610656738281,0,-123339,1.801922917366028e-05,1.801829785108566e-05,2.053666827945299,-7.345364722995101e-24,-7.345364920210326e-25,0
SITE_011_S0438,SITE_011,286.6774139404297,285.6214141845703,286.5991973876953,0,-88444.5,-3.40193510055542e-05,-2.824305556714535e-05,3.850213528102601,-7.345364722995101e-24,-7.345364920210326e-25,0
SITE_011_S0439,SITE_011,285.2359619140625,284.4849090576172,285.0287780761719,0,-58241,-4.582107067108154e-05,-4.476495087146759e-05,5.83359486156705,-7.345364722995101e-24,-7.345364920210326e-25,0
SITE_011_S0440,SITE_011,283.8794097900391,283.3049163818359,284.4192199707031,0,-104478.5,-2.119690179824829e-06,-2.103392034769058e-06,3.665137398299108,-7.345364722995101e-24,-7.345364920210326e-25,0
SITE_011_S0441,SITE_011,281.5811920166016,280.6924743652344,281.9944610595703,0,-116249.25,9.113922715187073e-06,9.11066308617592e-06,2.087831231890343,-7.345364722995101e-24,-7.345364920210326e-25,0
SITE_011_S0442,SITE_011,280.6689453125,279.5397033691406,281.530029296875,0,-176816,2.771615982055664e-06,5.706679075956345e-07,2.563040454371265,-7.345364722995101e-24,-7.345364920210326e-25,0
SITE_011_S0443,SITE_011,278.0991973876953,276.9183807373047,279.3050994873047,0,-104861.5,9.6932053565979e-06,9.69134271144867e-06,2.13727162476841,-7.345364722995101e-24,-7.345364920210326e-25,0
SITE_011_S0444,SITE_011,279.7232055664062,278.8322601318359,280.4441680908203,0,-129197,7.495284080505371e-06,7.491558790206909e-06,1.95927153111654,-7.345364722995101e-24,-7.345364920210326e-25,0
SITE_011_S0445,SITE_011,284.9638366699219,284.3126831054688,285.0028533935547,0,-93043.5,-3.080815076828003e-05,-1.436122693121433e-05,4.552033451658786,-7.345364722995101e-24,-7.345364920210326e-25,0
SITE_011_S0446,SITE_011,287.8366851806641,286.7087097167969,286.6630706787109,0,-37578.25,-0.0001596473157405853,-7.12401233613491e-05,6.93575083541757,-7.345364722995101e-24,-7.345364920210326e-25,0
SITE_011_S0447,SITE_011,286.8463745117188,285.9255065917969,285.1786346435547,0,-12631.5,-4.871562123298645e-05,-3.643683157861233e-05,5.787028990408029,-7.345364722995101e-24,-7.345364920210326e-25,0
SITE_011_S0448,SITE_011,286.8850402832031,286.0879669189453,285.9368133544922,0,-18669.5,-3.293156623840332e-05,-2.219132147729397e-05,2.96134600539754,-7.345364722995101e-24,-7.345364920210326e-25,0
SITE_011_S0449,SITE_011,275.8449554443359,274.1081085205078,277.8267669677734,0,-226806,7.912516593933105e-06,7.911352440714836e-06,2.181092779063276,-7.345364722995101e-24,-7.345364920210326e-25,0
SITE_011_S0450,SITE_011,279.1652526855469,278.6373901367188,280.0655517578125,0,-52553,-6.332993507385254e-07,-5.699694156646729e-07,1.162418002431186,-7.345364722995101e-24,-7.345364920210326e-25,0
SITE_011_S0451,SITE_011,283.7916870117188,283.6741333007812,283.6009521484375,0,-19704.5,2.184882760047913e-06,2.184184268116951e-06,1.490362561969702,-7.345364722995101e-24,-7.345364920210326e-25,0
SITE_011_S0452,SITE_011,283.0039367675781,282.1680145263672,282.970947265625,0,-111918,-2.886354923248291e-05,-1.084175892174244e-05,4.964538982144044,-7.345364722995101e-24,-7.345364920210326e-25,0
SITE_011_S0453,SITE_011,284.4701538085937,283.5207672119141,283.4044799804688,0,-11797.5,-7.060915231704712e-05,-3.317138180136681e-05,5.762523155010498,-7.345364722995101e-24,-7.345364920210326e-25,0
SITE_011_S0454,SITE_011,283.2201995849609,282.4488372802734,283.3208160400391,0,-195407.5,-2.880021929740906e-05,-4.965579137206078e-06,3.937726159301735,-7.345364722995101e-24,-7.345364920210326e-25,0
SITE_011_S0455,SITE_011,278.5499420166016,277.2061309814453,279.2794036865234,0,-177113.5,-1.550093293190002e-05,-4.102941602468491e-06,2.962622434748741,-7.345364722995101e-24,-7.345364920210326e-25,0
SITE_011_S0456,SITE_011,280.1175994873047,279.1379852294922,279.7812805175781,0,-124546.5,8.363276720046997e-06,8.363276720046997e-06,3.536026783895446,-7.345364722995101e-24,-7.345364920210326e-25,0
SITE_011_S0457,SITE_011,274.2737121582031,273.6920318603516,276.4287414550781,0,-193540.5,-1.969188451766968e-05,-5.617272108793259e-06,2.641045562178065,-7.345364722995101e-24,-7.345364920210326e-25,0
SITE_011_S0458,SITE_011,270.594970703125,269.3968505859375,273.4733428955078,0,-168758,1.143664121627808e-06,1.14203430712223e-06,1.649722463601883,-7.345364722995101e-24,2.86102294921875e-06,1
SITE_011_S0459,SITE_011,274.8414154052734,272.1732940673828,275.0869140625,0,-109288,1.190230250358582e-06,1.188367605209351e-06,0.6710855026577432,-7.345364722995101e-24,-7.345364920210326e-25,1
SITE_011_S0460,SITE_011,271.7010955810547,270.1893615722656,273.6166687011719,0,-200308,6.40377402305603e-06,6.40074722468853e-06,2.145024832786922,-7.345364722995101e-24,-7.345364920210326e-25,1
SITE_011_S0461,SITE_011,272.8807373046875,271.7974700927734,273.8328552246094,0,-209272.5,-2.168118953704834e-06,-6.863847374916077e-07,3.692474824012029,-7.345364722995101e-24,3.814697265625e-06,1
SITE_011_S0462,SITE_011,277.1569366455078,276.7181854248047,276.6694793701172,0,4189.25,-6.999820470809937e-06,-6.489455699920654e-06,2.188590140844591,-7.345364722995101e-24,1.9073486328125e-06,0
SITE_011_S0463,SITE_011,282.9534606933594,281.9842681884766,281.0832824707031,0,-24022,-1.913681626319885e-05,-1.913774758577347e-05,4.304267668328542,-7.345364722995101e-24,-7.345364920210326e-25,0
SITE_011_S0464,SITE_011,279.3832855224609,278.1059265136719,279.1734008789062,0,-236766,1.302920281887054e-05,1.28971878439188e-05,3.969869317881514,-7.345364722995101e-24,-7.345364920210326e-25,0
SITE_011_S0465,SITE_011,282.0702972412109,281.6671447753906,281.5894165039062,0,1194.5,1.788139343261719e-07,1.797452569007874e-07,2.300061659872795,-7.345364722995101e-24,-7.345364920210326e-25,0
SITE_011_S0466,SITE_011,274.4451293945312,273.8616180419922,275.6144409179688,0,-81908.5,8.028000593185425e-07,8.016359061002731e-07,1.467939419446792,-7.345364722995101e-24,-7.345364920210326e-25,0
SITE_011_S0467,SITE_011,275.3826751708984,274.82861328125,276.0479278564453,0,-96558.25,-4.384666681289673e-06,-3.852415829896927e-06,3.853697619512552,0.0009765625,0.000118255615234375,0
SITE_012_S0001,SITE_012,276.9008483886719,276.9317474365234,278.3689880371094,0,-63349.25,-1.147016882896423e-05,-1.147226430475712e-05,3.479290953904553,-7.345364722995101e-24,-7.345364920210326e-25,0
SITE_012_S0002,SITE_012,275.2015228271484,274.5341949462891,276.6551666259766,0,-158398,-1.098215579986572e-05,-8.525094017386436e-06,2.326817648281643,-7.345364722995101e-24,-7.345364920210326e-25,0
SITE_012_S0003,SITE_012,274.798583984375,273.3308258056641,276.2512512207031,0,-247039,1.217052340507507e-05,1.216726377606392e-05,2.059270330518802,-7.345364722995101e-24,-7.345364920210326e-25,0
SITE_012_S0004,SITE_012,276.378173828125,274.9812774658203,276.9359893798828,0,-206918,-5.024299025535584e-05,-5.978625267744064e-06,2.677890450713419,-7.345364722995101e-24,-7.345364920210326e-25,0
SITE_012_S0005,SITE_012,280.4837799072266,278.0956878662109,279.3362884521484,0,-137118,-1.016631722450256e-05,-2.778368070721626e-06,2.431637382086254,-7.345364722995101e-24,-7.345364920210326e-25,0
SITE_012_S0006,SITE_012,275.3734893798828,273.0395202636719,276.8122406005859,0,-176384.25,5.29363751411438e-06,5.295500159263611e-06,1.978477464949962,-7.345364722995101e-24,-7.345364920210326e-25,1
SITE_012_S0007,SITE_012,275.2314910888672,273.4729919433594,276.9566040039062,0,-220466.75,2.093613147735596e-06,2.00304202735424e-06,1.76079907522288,0.001953125,0.000255584716796875,0
SITE_012_S0008,SITE_012,276.8369140625,275.3449401855469,278.1598052978516,95,-131707.75,-7.37607479095459e-06,-3.177439793944359e-06,1.764070449061303,-7.345364722995101e-24,-7.345364920210326e-25,0
SITE_012_S0009,SITE_012,284.4850311279297,281.8952331542969,284.0944671630859,3728,-207667.5,-1.092255115509033e-05,-4.511559382081032e-06,1.887424084233776,-7.345364722995101e-24,-7.345364920210326e-25,0
SITE_012_S0010,SITE_012,283.9453277587891,283.3643951416016,284.5440216064453,10880,-52587.5,-2.083927392959595e-05,-1.700385473668575e-05,2.392595816566298,-7.345364722995101e-24,-7.345364920210326e-25,0
SITE_012_S0011,SITE_012,274.5761566162109,274.5891265869141,276.8174438476562,23664,-76116.5,-1.930259168148041e-05,-1.9121915102005e-05,3.616498144572314,0.001953125,0.000370025634765625,0
SITE_012_S0012,SITE_012,274.6444549560547,272.8575744628906,276.1893463134766,81026,-201072.5,2.618879079818726e-06,2.619810402393341e-06,1.60624633684757,0.0009765625,9.918212890625e-05,1
SITE_012_S0013,SITE_012,282.0395050048828,280.6634368896484,283.4092864990234,105971,-183210.25,-1.743435859680176e-06,-1.654960215091705e-06,1.371740709708962,-7.345364722995101e-24,-7.345364920210326e-25,0
SITE_012_S0014,SITE_012,282.2387390136719,281.6875305175781,282.703369140625,71092,-92077.75,-3.645382821559906e-05,-2.021901309490204e-05,1.725021327481752,-7.345364722995101e-24,-7.345364920210326e-25,0
SITE_012_S0015,SITE_012,283.3613739013672,281.6337890625,284.0058135986328,193216,-209956.5,2.02283263206482e-06,2.025160938501358e-06,1.914140153849662,-7.345364722995101e-24,-7.345364920210326e-25,0
SITE_012_S0016,SITE_012,285.8983154296875,284.6812744140625,285.84912109375,193730,-187559,-1.918524503707886e-05,-1.070811413228512e-05,1.83937792318738,-7.345364722995101e-24,-7.345364920210326e-25,0
SITE_012_S0017,SITE_012,282.5860137939453,281.4826202392578,283.4808197021484,224218,-178226.5,8.381903171539308e-08,8.498318493366241e-08,0.8316773958630591,-7.345364722995101e-24,-7.345364920210326e-25,0
SITE_012_S0018,SITE_012,285.0454406738281,285.0897521972656,285.1135559082031,57427,-3069,-9.823590517044067e-06,-9.824056178331377e-06,1.361772722632374,-7.345364722995101e-24,-7.345364920210326e-25,0
SITE_012_S0019,SITE_012,286.1513977050781,285.7091217041016,286.7102508544922,229559,-124873,-1.668930053710938e-06,-1.669628545641899e-06,0.6441120961249454,-7.345364722995101e-24,-7.345364920210326e-25,0
SITE_012_S0020,SITE_012,284.1977081298828,283.2691497802734,284.55908203125,105608,-78710.5,-2.930499613285065e-05,-1.45849771797657e-05,1.59155034012101,-7.345364722995101e-24,-7.345364920210326e-25,0
SITE_012_S0021,SITE_012,291.0308380126953,288.9202575683594,289.1280212402344,207875,-72823,-8.735805749893188e-07,-8.747447282075882e-07,0.3823610156537205,-7.345364722995101e-24,-7.345364920210326e-25,0
SITE_012_S0022,SITE_012,289.9654693603516,288.6094665527344,289.6239318847656,261922,-149640.5,-2.559274435043335e-06,-2.559507265686989e-06,0.4956500416241284,-7.345364722995101e-24,-7.345364920210326e-25,0
SITE_012_S0023,SITE_012,287.3479309082031,287.2050628662109,289.1131286621094,148249,-69886.5,-6.430596113204956e-05,-4.213117063045502e-05,1.474293078753904,-7.345364722995101e-24,-7.345364920210326e-25,0
SITE_012_S0024,SITE_012,284.7418060302734,283.6650390625,285.7143402099609,237407,-189118,5.587935447692872e-08,5.634501576423646e-08,0.9519625748858564,-7.345364722995101e-24,-7.345364920210326e-25,0
SITE_012_S0025,SITE_012,286.5205688476562,286.6546020507812,289.1265258789062,152907,-139458,-3.446266055107117e-05,-3.235973417758942e-05,1.413379732382997,-7.345364722995101e-24,-7.345364920210326e-25,0
SITE_012_S0026,SITE_012,290.2176055908203,289.4734802246094,290.9836883544922,173755,-137276.5,-2.358108758926392e-06,-2.323649823665619e-06,0.9326767607830287,-7.345364722995101e-24,-7.345364920210326e-25,0
SITE_012_S0027,SITE_012,285.9701538085937,284.5832214355469,287.4497833251953,144963,-182708,-1.626089215278626e-06,-1.616310328245163e-06,0.9212164983149664,-7.345364722995101e-24,-7.345364920210326e-25,0
SITE_012_S0028,SITE_012,292.0126647949219,289.5116577148437,291.7544708251953,115779,-153730.5,7.487833499908447e-07,7.480848580598831e-07,0.6178046028086401,-7.345364722995101e-24,-7.345364920210326e-25,0
SITE_012_S0029,SITE_012,291.61572265625,289.9667510986328,292.2774200439453,60091,-144166,1.700595021247864e-06,1.702457666397095e-06,1.300122130795829,-7.345364722995101e-24,-7.345364920210326e-25,0
SITE_012_S0030,SITE_012,291.1377258300781,290.5670318603516,292.3871459960937,23626,-89109,-4.077330231666565e-06,-3.252644091844559e-06,1.183064684399082,-7.345364722995101e-24,-7.345364920210326e-25,0
SITE_012_S0031,SITE_012,290.2259826660156,290.5148773193359,292.1609344482422,7659,-70003,-0.0001250877976417542,-3.165262751281261e-05,4.733525245493339,-7.345364722995101e-24,-7.345364920210326e-25,0
SITE_012_S0032,SITE_012,290.6715087890625,287.0495300292969,290.1230163574219,10973,-163866.5,1.922249794006348e-06,1.922482624650001e-06,1.26227140078038,-7.345364722995101e-24,-7.345364920210326e-25,0
SITE_012_S0033,SITE_012,288.8799133300781,288.42041015625,290.8269500732422,1339,-48767.25,-2.79061496257782e-05,-2.570310607552528e-05,1.004875734756575,-7.345364722995101e-24,-7.345364920210326e-25,0
SITE_012_S0034,SITE_012,285.2897796630859,284.6438903808594,286.6251068115234,95,-67246.25,-0.0001425072550773621,-1.677917316555977e-05,3.664213699920587,-7.345364722995101e-24,-7.345364920210326e-25,0
SITE_012_S0035,SITE_012,284.593505859375,283.3594360351562,284.6011199951172,0,-234935,4.202127456665039e-06,2.998625859618187e-06,3.569232447474062,-7.345364722995101e-24,-7.345364920210326e-25,0
SITE_012_S0036,SITE_012,285.2852630615234,284.6223297119141,286.3096466064453,0,-59600,1.974403858184814e-07,2.086162567138672e-07,1.149715533484857,-7.345364722995101e-24,-7.345364920210326e-25,0
SITE_012_S0037,SITE_012,279.6402282714844,279.0590667724609,281.5400695800781,0,-81988.5,-6.34416937828064e-05,-1.645134761929512e-05,2.052987950559981,-7.345364722995101e-24,-7.345364920210326e-25,0
SITE_012_S0038,SITE_012,280.4327850341797,280.544677734375,282.0001983642578,0,-23186,-9.90554690361023e-06,-9.905314072966576e-06,1.602892805069623,-7.345364722995101e-24,-7.345364920210326e-25,0
SITE_012_S0039,SITE_012,277.7613372802734,276.0328369140625,279.546630859375,0,-266822.75,1.199916005134582e-05,1.199985854327679e-05,2.852754550801377,-7.345364722995101e-24,-7.345364920210326e-25,0
SITE_012_S0040,SITE_012,283.7945709228516,282.861572265625,283.9116058349609,0,-14778.25,-4.76837158203125e-07,-4.756730049848557e-07,1.509756075341129,-7.345364722995101e-24,-7.345364920210326e-25,0
SITE_012_S0041,SITE_012,283.0634613037109,282.8987579345703,283.6354370117188,0,-2725.25,-1.211836934089661e-05,-9.228009730577467e-06,1.553014924003772,-7.345364722995101e-24,-7.345364920210326e-25,0
SITE_012_S0042,SITE_012,279.6528167724609,278.1810150146484,280.9432067871094,0,-125700,4.746019840240479e-06,4.749977961182594e-06,1.472836505943572,-7.345364722995101e-24,-7.345364920210326e-25,0
SITE_012_S0043,SITE_012,274.6479034423828,274.0604400634766,277.2974853515625,0,-145775.5,5.558133125305176e-06,5.555339157581329e-06,1.699907955141898,-7.345364722995101e-24,-7.345364920210326e-25,0
SITE_012_S0044,SITE_012,275.7135467529297,276.3022613525391,278.2863006591797,0,-38972.5,-1.106411218643188e-05,-2.728775143623352e-06,0.6591571862804613,-7.345364722995101e-24,-7.345364920210326e-25,0
SITE_012_S0045,SITE_012,272.6549987792969,270.3528137207031,273.9014739990234,0,-215571.5,1.118332147598267e-05,1.118378713726997e-05,2.265926235876286,0.0009765625,9.5367431640625e-05,1
SITE_012_S0046,SITE_012,269.7356567382812,268.1078948974609,274.8650360107422,0,-279470.75,-8.56444239616394e-06,-2.454034984111786e-07,3.313945648978892,0.0712890625,0.0112028121948242,1
SITE_012_S0047,SITE_012,275.0584411621094,274.7621459960937,276.4166259765625,0,-62952.5,-2.719461917877197e-06,-1.073814928531647e-06,0.8089507382916105,0.001953125,0.0002603530883789062,0
SITE_012_S0048,SITE_012,273.2476806640625,272.9530487060547,275.0744781494141,0,-45586.25,-8.940696716308595e-08,-9.150244295597076e-08,0.6752087321619176,-7.345364722995101e-24,4.9591064453125e-05,1
SITE_012_S0049,SITE_012,272.6617126464844,272.1510620117188,274.1748657226562,0,-133275.75,-3.125518560409546e-06,-3.00118699669838e-07,2.151144287949228,0.00390625,0.0006504058837890625,1
SITE_012_S0050,SITE_012,277.6549835205078,276.9796752929688,276.1511077880859,0,-7727.5,-3.135949373245239e-05,-8.449424058198929e-06,4.135527961127647,0.0107421875,0.0016298294067382,0
SITE_012_S0051,SITE_012,272.3397216796875,271.9460144042969,273.9739685058594,0,-71857,-2.48979777097702e-05,-1.312629319727421e-05,2.415750017547837,0.0078125,0.0014829635620117,1
SITE_012_S0052,SITE_012,278.4611358642578,277.0084686279297,275.9935760498047,0,-221185,-6.105750799179077e-06,1.271325163543224e-05,3.748385517421845,0.0478515625,0.0071926116943359,0
SITE_012_S0053,SITE_012,276.1331939697266,275.2035827636719,275.8796997070312,0,-40577.75,-9.443610906600952e-06,-9.432202205061913e-06,1.839177838584688,0.001953125,0.0002346038818359375,0
SITE_012_S0054,SITE_012,270.20654296875,270.0114593505859,273.6559906005859,0,-116591.75,-4.014000296592712e-06,-8.319038897752762e-07,2.175450801689192,0.0390625,0.0059413909912109,1
SITE_012_S0055,SITE_012,276.0522003173828,275.0967559814453,276.509765625,0,-68903.75,-5.23589551448822e-05,-4.077702760696411e-05,3.947964587514196,0.0009765625,8.20159912109375e-05,0
SITE_012_S0056,SITE_012,271.5078430175781,267.7073211669922,273.099365234375,0,-220830.5,1.370906829833984e-06,1.368578523397446e-06,1.552387011633251,0.0029296875,0.0003681182861328125,1
SITE_012_S0057,SITE_012,273.8202514648437,271.3556976318359,274.3434295654297,0,-126339.75,1.288950443267822e-06,1.290114596486092e-06,1.710723269195533,-7.345364722995101e-24,9.5367431640625e-06,1
SITE_012_S0058,SITE_012,269.7822723388672,268.0579681396484,273.5702209472656,0,-264831,2.246350049972534e-06,2.221670001745224e-06,1.759277523010588,0.0009765625,6.29425048828125e-05,1
SITE_012_S0059,SITE_012,278.2451324462891,277.4205017089844,278.6593475341797,0,-124842.75,-3.629550337791443e-05,-4.927627742290497e-06,1.836756862322947,-7.345364722995101e-24,1.9073486328125e-06,0
SITE_012_S0060,SITE_012,278.6284637451172,277.8763427734375,278.9429779052734,0,-53181.75,-1.097284257411957e-05,-1.097284257411957e-05,1.702687677176763,-7.345364722995101e-24,-7.345364920210326e-25,0
SITE_012_S0061,SITE_012,278.8164520263672,277.7367858886719,279.1508331298828,95,-274024.25,-7.24010169506073e-05,-6.505753844976425e-06,3.552995924086876,-7.345364722995101e-24,-7.345364920210326e-25,0
SITE_012_S0062,SITE_012,273.6300964355469,271.5464630126953,275.2044067382812,6460,-183476,7.599592208862305e-07,7.767230272293091e-07,1.572427969337591,-7.345364722995101e-24,-7.345364920210326e-25,1
SITE_012_S0063,SITE_012,280.7864532470703,279.7460632324219,281.6315002441406,18604,-202571.5,8.579343557357788e-06,8.575618267059326e-06,1.276403153408437,-7.345364722995101e-24,-7.345364920210326e-25,0
SITE_012_S0064,SITE_012,279.2662353515625,278.3505859375,280.3931274414062,35281,-121990.5,-7.562339305877686e-07,-7.122289389371872e-07,1.458877431331284,-7.345364722995101e-24,-7.345364920210326e-25,0
SITE_012_S0065,SITE_012,279.9408416748047,278.7355499267578,280.4989929199219,74823,-254707.25,-7.529556751251221e-05,-1.439731568098068e-05,3.050431387600441,-7.345364722995101e-24,-7.345364920210326e-25,0
SITE_012_S0066,SITE_012,286.1085357666016,283.5162506103516,285.2090301513672,99475,-100548.25,-1.005083322525024e-05,-6.735557690262794e-06,2.232200974837114,-7.345364722995101e-24,-7.345364920210326e-25,0
SITE_012_S0067,SITE_012,283.3538665771484,283.6299743652344,285.3409881591797,16117,-34901.25,-2.455338835716248e-05,-2.455222420394421e-05,1.836435136913885,-7.345364722995101e-24,-7.345364920210326e-25,0
SITE_012_S0068,SITE_012,277.5721435546875,276.3819122314453,279.4613952636719,164611,-283775.75,-8.331611752510071e-05,-2.700136974453926e-05,2.601144826749553,-7.345364722995101e-24,-7.345364920210326e-25,0
SITE_012_S0069,SITE_012,277.2559814453125,275.6528167724609,279.0950012207031,177126,-276045.5,-1.31465494632721e-05,-8.93929973244667e-06,1.789918251612104,-7.345364722995101e-24,-7.345364920210326e-25,0
SITE_012_S0070,SITE_012,282.2820281982422,280.3203277587891,282.6132354736328,147737,-163018,-2.193078398704529e-05,-1.189764589071274e-05,2.317045515384565,-7.345364722995101e-24,-7.345364920210326e-25,0
SITE_012_S0071,SITE_012,277.7308654785156,276.0329895019531,279.7351837158203,210474,-239600,-3.773719072341919e-06,-3.248453140258789e-06,1.147255159347999,-7.345364722995101e-24,-7.345364920210326e-25,0
SITE_012_S0072,SITE_012,283.6088714599609,282.5032196044922,284.2323913574219,177626,-171153.25,-3.466382622718811e-06,-2.942746505141258e-06,1.038116940187314,-7.345364722995101e-24,-7.345364920210326e-25,0
SITE_012_S0073,SITE_012,282.3583068847656,281.9939727783203,284.1097259521484,186388,-181599.25,-3.085844218730927e-05,-3.085820935666561e-05,2.292789929905246,-7.345364722995101e-24,-7.345364920210326e-25,0
SITE_012_S0074,SITE_012,281.9645538330078,281.0884399414062,282.6615753173828,168132,-115245.5,-3.572553396224976e-06,-3.134831786155701e-06,1.018337336859808,-7.345364722995101e-24,-7.345364920210326e-25,0
SITE_012_S0075,SITE_012,287.9826812744141,287.9696655273437,288.7784118652344,53223,-15686,-2.110376954078674e-05,-2.110330387949944e-05,1.655105630816843,-7.345364722995101e-24,-7.345364920210326e-25,0
SITE_012_S0076,SITE_012,285.2169189453125,284.8268737792969,286.4533386230469,156126,-138154.25,2.793967723846436e-08,2.747401595115662e-08,0.7549843560333408,-7.345364722995101e-24,-7.345364920210326e-25,0
SITE_012_S0077,SITE_012,286.5401000976562,285.8115539550781,286.9477233886719,207008,-177878,-0.0001242905855178833,-4.441570490598679e-05,4.382361269956284,-7.345364722995101e-24,-7.345364920210326e-25,0
SITE_012_S0078,SITE_012,281.0056457519531,280.1984558105469,283.1028289794922,293917,-260267.5,-3.572553396224976e-06,-3.427034243941307e-06,0.9876788780332566,-7.345364722995101e-24,-7.345364920210326e-25,0
SITE_012_S0079,SITE_012,288.2993774414062,287.2231750488281,288.9813385009766,286545,-244965,-8.552148938179016e-05,-3.914441913366318e-05,1.929933510091167,-7.345364722995101e-24,-7.345364920210326e-25,0
SITE_012_S0080,SITE_012,290.5926055908203,288.771484375,289.9623870849609,279984,-163715.5,4.358589649200441e-07,4.363246262073517e-07,1.070329753345815,-7.345364722995101e-24,-7.345364920210326e-25,0
SITE_012_S0081,SITE_012,287.4333953857422,286.5601806640625,288.8606414794922,286055,-254838,-7.822737097740173e-05,-3.824220038950443e-05,1.698768970824008,-7.345364722995101e-24,-7.345364920210326e-25,0
SITE_012_S0082,SITE_012,287.2846069335937,285.6106414794922,288.0949554443359,282652,-261505.5,-7.159262895584106e-05,-3.789039328694344e-05,2.153643247226547,-7.345364722995101e-24,-7.345364920210326e-25,0
SITE_012_S0083,SITE_012,291.5738372802734,290.5193481445312,291.5944976806641,207912,-107829,-7.670372724533081e-06,-6.624963134527206e-06,1.186635683288025,-7.345364722995101e-24,-7.345364920210326e-25,0
SITE_012_S0084,SITE_012,291.1482086181641,290.5841827392578,291.5262298583984,87144,-56642,-9.157136082649232e-05,-2.741068601608276e-05,2.167471874975831,-7.345364722995101e-24,-7.345364920210326e-25,0
SITE_012_S0085,SITE_012,293.0102233886719,291.1299438476562,292.8848876953125,258729,-171567,-3.391876816749573e-06,-3.389548510313034e-06,0.6102199756397637,-7.345364722995101e-24,-7.345364920210326e-25,0
SITE_012_S0086,SITE_012,293.9915618896484,292.5411224365234,293.8604431152344,248333,-175215.5,-0.0001270119100809097,-3.987271338701248e-05,3.209446373822176,-7.345364722995101e-24,-7.345364920210326e-25,0
SITE_012_S0087,SITE_012,283.8472137451172,283.504638671875,287.1460266113281,50155,-64073.5,-8.80993902683258e-05,-8.77263955771923e-05,3.884706166306542,-7.345364722995101e-24,-7.345364920210326e-25,0
SITE_012_S0088,SITE_012,283.4410705566406,282.9676513671875,285.7279052734375,201681,-208630.5,-2.831406891345977e-05,-2.450263127684593e-05,1.904749509657592,-7.345364722995101e-24,-7.345364920210326e-25,0
SITE_012_S0089,SITE_012,291.3526916503906,290.0006408691406,290.8421783447266,196358,-200433.5,-7.942691445350647e-05,-2.362113445997238e-05,2.462657669163852,-7.345364722995101e-24,-7.345364920210326e-25,0
SITE_012_S0090,SITE_012,289.0689697265625,288.01611328125,289.4418334960937,130656,-93136.5,-8.707866072654724e-06,-8.55536200106144e-06,1.668058998203572,-7.345364722995101e-24,-7.345364920210326e-25,0
SITE_012_S0091,SITE_012,289.1129760742188,287.8306579589844,289.9081420898437,180699,-165267.75,8.493661880493164e-07,8.507631719112396e-07,0.6611659891827574,-7.345364722995101e-24,-7.345364920210326e-25,0
SITE_012_S0092,SITE_012,290.5524291992188,290.4318084716797,291.9552459716797,80384,-113485,-1.184642314910889e-06,-1.185107976198196e-06,0.5370877305053312,-7.345364722995101e-24,-7.345364920210326e-25,0
SITE_012_S0093,SITE_012,286.1436767578125,285.5361480712891,287.7713012695312,87376,-158244.5,1.627951860427856e-06,1.628883183002472e-06,1.029046177645211,-7.345364722995101e-24,-7.345364920210326e-25,0
SITE_012_S0094,SITE_012,287.8027038574219,287.4471893310547,288.7022399902344,98855,-128480.5,-5.124136805534363e-06,-5.12576662003994e-06,1.298661092544058,-7.345364722995101e-24,-7.345364920210326e-25,0
SITE_012_S0095,SITE_012,286.8246459960937,286.3129425048828,287.6540985107422,51410,-92119,-1.839548349380493e-05,-1.661758869886398e-05,1.919090589333622,-7.345364722995101e-24,-7.345364920210326e-25,0
SITE_012_S0096,SITE_012,285.9646606445312,286.0239715576172,287.4129486083984,13836,-9108,-1.208111643791199e-05,-1.208297908306122e-05,1.207020784324192,-7.345364722995101e-24,-7.345364920210326e-25,0
SITE_012_S0097,SITE_012,285.0508117675781,283.3459930419922,286.3708343505859,87544,-172678.5,7.860362529754639e-07,7.848720997571945e-07,1.33206733645293,-7.345364722995101e-24,-7.345364920210326e-25,0
SITE_012_S0098,SITE_012,290.2120513916016,288.4369812011719,290.7516784667969,63158,-162045,3.870576620101929e-06,3.864523023366928e-06,1.636601244755841,-7.345364722995101e-24,-7.345364920210326e-25,0
SITE_012_S0099,SITE_012,292.8224334716797,287.8354187011719,290.7568054199219,59631,-173339.5,-1.512467861175537e-06,-1.133419573307037e-06,0.9429981793267171,-7.345364722995101e-24,-7.345364920210326e-25,0
SITE_012_S0100,SITE_012,284.5740051269531,282.6194152832031,286.832275390625,41784,-218207,3.352761268615723e-08,7.776543498039247e-08,1.595093038878167,-7.345364722995101e-24,-7.345364920210326e-25,0
SITE_012_S0101,SITE_012,288.2546997070312,285.7252807617188,288.6538391113281,32356,-141772,-8.158385753631592e-07,-5.709007382392883e-07,1.085195564296972,-7.345364722995101e-24,-7.345364920210326e-25,0
SITE_012_S0102,SITE_012,283.9972534179688,278.4928741455078,283.0778045654297,23492,-220797.25,-2.60770320892334e-07,-2.027954906225204e-07,0.3263181958532772,-7.345364722995101e-24,-7.345364920210326e-25,0
SITE_012_S0103,SITE_012,283.4842834472656,280.0046539306641,284.1710510253906,20353,-198812.25,-3.155320882797241e-06,-1.913169398903847e-06,1.293892555780765,-7.345364722995101e-24,-7.345364920210326e-25,0
SITE_012_S0104,SITE_012,283.1843414306641,281.5205688476562,285.3205718994141,9536,-217451.75,5.465000867843628e-06,5.459878593683243e-06,1.764649488355478,-7.345364722995101e-24,-7.345364920210326e-25,0
SITE_012_S0105,SITE_012,284.9693450927734,283.8852996826172,286.8011322021484,7697,-182937.75,-9.052455425262452e-07,-9.052455425262452e-07,1.335161968689882,-7.345364722995101e-24,-7.345364920210326e-25,0
SITE_012_S0106,SITE_012,281.5382232666016,279.0760955810547,283.4378814697266,2780,-199136,3.445893526077271e-06,3.449385985732079e-06,1.250197771658026,-7.345364722995101e-24,-7.345364920210326e-25,0
SITE_012_S0107,SITE_012,284.0290832519531,282.5450744628906,285.3703308105469,2069,-260464.25,-7.513910531997681e-06,-1.484761014580727e-06,2.343239210815182,-7.345364722995101e-24,-7.345364920210326e-25,0
SITE_012_S0108,SITE_012,284.5640106201172,283.8451995849609,285.5821228027344,47,-52797,-2.363696694374084e-05,-1.685461029410362e-05,1.92579771246446,-7.345364722995101e-24,-7.345364920210326e-25,0
SITE_012_S0109,SITE_012,281.8636322021484,280.4705200195312,283.5547180175781,0,-124495.5,2.194195985794068e-06,2.196291461586952e-06,1.740398528818448,-7.345364722995101e-24,-7.345364920210326e-25,0
SITE_012_S0110,SITE_012,281.7219696044922,279.7861480712891,283.1854705810547,0,-180823.5,1.337379217147827e-06,1.36345624923706e-06,1.799603299983953,-7.345364722995101e-24,-7.345364920210326e-25,0
SITE_012_S0111,SITE_012,281.1945495605469,279.1674499511719,283.1645965576172,0,-199574.75,2.76416540145874e-06,2.764631062746048e-06,1.645029412888434,-7.345364722995101e-24,-7.345364920210326e-25,0
SITE_012_S0112,SITE_012,282.0485076904297,281.3887023925781,283.2616119384766,0,-40391.25,-8.3189457654953e-05,-5.640368908643723e-05,4.03634488538868,-7.345364722995101e-24,-7.345364920210326e-25,0
SITE_012_S0113,SITE_012,281.9072875976562,281.9509124755859,283.162841796875,0,-19951,-1.015514135360718e-05,-1.015560701489448e-05,1.308554980816424,-7.345364722995101e-24,-7.345364920210326e-25,0
SITE_012_S0114,SITE_012,281.832763671875,281.3262329101562,283.1208953857422,0,-80054.5,8.791685104370117e-07,8.782371878623962e-07,1.050297518285994,-7.345364722995101e-24,-7.345364920210326e-25,0
SITE_012_S0115,SITE_012,279.3043365478516,278.8736267089844,280.7358551025391,0,-26816.5,-4.534795880317688e-05,-4.194676876068115e-05,3.510600312812241,-7.345364722995101e-24,-7.345364920210326e-25,0
SITE_012_S0116,SITE_012,281.7207183837891,281.4156646728516,281.9536285400391,0,-9949,-1.228600740432739e-05,-9.956303983926771e-06,1.63302827994725,-7.345364722995101e-24,-7.345364920210326e-25,0
SITE_012_S0117,SITE_012,282.5318298339844,282.01171875,283.1761627197266,0,-74058,3.160908818244934e-06,3.162072971463203e-06,1.261303956482354,-7.345364722995101e-24,-7.345364920210326e-25,0
SITE_012_S0118,SITE_012,279.6931762695312,278.6916351318359,281.4265289306641,0,-88567,3.427267074584961e-07,3.399327397346497e-07,1.144368930363171,-7.345364722995101e-24,-7.345364920210326e-25,0
SITE_012_S0119,SITE_012,277.7966918945312,275.5601806640625,279.2746887207031,0,-197576.5,2.80141830444336e-06,2.800719812512398e-06,1.233691714210596,-7.345364722995101e-24,-7.345364920210326e-25,0
SITE_012_S0120,SITE_012,276.9690246582031,276.1815795898437,278.9586944580078,0,-190622.5,-5.524605512619019e-06,-9.066425263881684e-07,2.370682019619266,-7.345364722995101e-24,-7.345364920210326e-25,0
SITE_012_S0121,SITE_012,277.6805419921875,276.6367950439453,279.9917144775391,0,-171434.25,-0.0001082867383956909,-9.578512981534004e-05,5.924633288320892,-7.345364722995101e-24,-7.345364920210326e-25,0
SITE_012_S0122,SITE_012,278.8280334472656,278.0071105957031,279.7857513427734,0,-97346,-4.942715167999268e-05,-4.942831583321095e-05,4.120393288126712,-7.345364722995101e-24,-7.345364920210326e-25,0
SITE_012_S0123,SITE_012,283.1615600585937,281.9687957763672,282.2643280029297,0,-18044.5,-0.0001076869666576386,-0.0001076860353350639,5.333471733527607,-7.345364722995101e-24,9.5367431640625e-07,0
SITE_012_S0124,SITE_012,275.5047912597656,273.4431915283203,277.2503509521484,0,-241113,1.059100031852722e-05,1.059193164110184e-05,1.932655797250313,-7.345364722995101e-24,-7.345364920210326e-25,0
SITE_012_S0125,SITE_012,273.6626739501953,271.9399871826172,276.1663055419922,0,-205582.75,2.615153789520264e-06,2.614222466945648e-06,1.689206418452965,-7.345364722995101e-24,-7.345364920210326e-25,1
SITE_012_S0126,SITE_012,273.8987121582031,273.5734252929688,276.6534423828125,0,-71832,-7.115304470062256e-07,-7.115304470062256e-07,1.36839635581844,-7.345364722995101e-24,-7.345364920210326e-25,0
SITE_012_S0127,SITE_012,279.9365539550781,278.6018676757812,278.7135467529297,0,1396.5,-3.928318619728088e-05,-9.300652891397476e-06,2.423985826603404,-7.345364722995101e-24,-7.345364920210326e-25,0
SITE_012_S0128,SITE_012,274.1008453369141,271.9947814941406,275.6089172363281,0,-180346,5.133450031280518e-06,5.131587386131287e-06,1.831995521242258,-7.345364722995101e-24,-7.345364920210326e-25,1
SITE_012_S0129,SITE_012,272.1609191894531,271.5417785644531,275.2893981933594,0,-209450,-1.508742570877075e-07,3.026798367500305e-09,1.21443763160838,0.0029296875,0.00040435791015625,1
SITE_012_S0130,SITE_012,276.5485992431641,275.8418884277344,275.1303558349609,0,20647.75,-6.381422281265259e-06,-8.405186235904694e-07,1.977331787419937,0.0322265625,0.0049400329589843,0
SITE_012_S0131,SITE_012,273.0052642822266,272.3119506835937,273.7287139892578,0,-40622,3.203749656677246e-07,3.222376108169556e-07,1.103307844218322,0.0078125,0.0011873245239257,1
SITE_012_S0132,SITE_012,272.1334686279297,271.1254272460937,273.7614440917969,0,-160178,5.491077899932861e-06,5.4903794080019e-06,1.995474778712886,0.005859375,0.0010299682617187,1
SITE_012_S0133,SITE_012,278.4940032958984,277.7636108398437,278.5066680908203,0,-136296,9.885057806968687e-06,9.884824976325037e-06,1.429143344137522,-7.345364722995101e-24,7.62939453125e-06,0
SITE_012_S0134,SITE_012,272.9824676513672,271.2855834960937,273.6046142578125,0,-98561,-2.626329660415649e-07,-1.923181116580963e-07,1.922914536182593,-7.345364722995101e-24,9.5367431640625e-07,1
SITE_012_S0135,SITE_012,271.9695434570312,270.1493072509766,273.6627502441406,0,-172719.5,4.280358552932739e-06,4.280591383576393e-06,1.757862957256721,-7.345364722995101e-24,9.5367431640625e-07,1
SITE_012_S0136,SITE_012,272.5352935791016,272.406982421875,273.6978759765625,0,-34092.75,-6.489455699920654e-06,-6.281537935137749e-06,2.514706449118011,-7.345364722995101e-24,7.62939453125e-06,1
