sample_id,site_id,precip_1h,precip_3h,precip_6h,precip_24h,precip_3d,precip_7d,hours_since_rain
SITE_001_S0001,SITE_001,0,0,0,0.5349999843165278,41.40999936405569,43.1299992678687,12.18333333333333
SITE_001_S0002,SITE_001,0,0.1799999913200736,0.3999999882653355,0.3999999882653355,1.969999943859875,39.24999937508255,1.333333333333333
SITE_001_S0003,SITE_001,0,0,0,0,0.1549999946728348,20.54999946523458,99.18333333333334
SITE_001_S0004,SITE_001,0,0,0,0,0.0350000001490116,14.65999968722463,84.18333333333334
SITE_001_S0005,SITE_001,0,0,0,0,2.214999994263053,9.839999791234732,30.68333333333333
SITE_001_S0006,SITE_001,0,0,0,0,0,0.4459999948740005,150.8166666666667
SITE_001_S0007,SITE_001,0,0,0,0,0,0,168
SITE_001_S0008,SITE_001,0,0,0,0,0,0.6399999903514981,74.31666666666666
SITE_001_S0009,SITE_001,0,0,0,9.544999986886978,26.81999937444925,38.73999915271997,20.18333333333333
SITE_001_S0010,SITE_001,0,0,0,0,0,4.034999936819077,107.6833333333333
SITE_001_S0011,SITE_001,0,0,0,0,0.5899999737739563,4.919999837875366,71.81666666666666
SITE_001_S0012,SITE_001,0,0,6.179999887943268,6.359999880194664,6.359999880194664,6.70499986410141,3.816666666666667
SITE_001_S0013,SITE_001,0,0,0.0255000013858079,3.230499865487218,37.50049917586148,49.70549883879721,12.18333333333333
SITE_001_S0014,SITE_001,0,0,0,0,0,0.0149999996647238,168
SITE_001_S0015,SITE_001,0,0,0,0,0,0,168
SITE_001_S0016,SITE_001,1.02499994635582,2.294999916106462,2.754999896511436,2.874999893829226,2.874999893829226,2.874999893829226,0.1833333333333333
SITE_001_S0017,SITE_001,0,0,0,0,0.9649999663233756,24.85999933257699,61.31666666666667
SITE_001_S0018,SITE_001,0,0,0,0.125,16.81999953091145,36.20049907732755,14.18333333333333
SITE_001_S0019,SITE_001,0,0,0,0,0,1.689999956637621,102.8166666666667
SITE_001_S0020,SITE_001,0,0,0,0,0.2599999960511923,1.179999983869493,61.81666666666667
SITE_001_S0021,SITE_001,0,0.0399999991059303,0.1299999970942735,0.1849999967962503,2.309999943710864,2.964999911375344,31.68333333333333
SITE_001_S0022,SITE_001,0,0,0,0,0,8.668499737977982,73.31666666666666
SITE_001_S0023,SITE_001,0,0,0,0,0.0399999991059303,5.58999977260828,150.6833333333333
SITE_001_S0024,SITE_001,0,0,0,0.0950000006705522,18.10499969124794,20.87999964319169,34.18333333333333
SITE_001_S0025,SITE_001,0,0,0,1.089999981224537,10.54999982565641,23.95999961718917,10.83333333333333
SITE_001_S0026,SITE_001,0,0,0,6.474999807775021,7.364999771118164,7.421999773010612,7.683333333333334
SITE_001_S0027,SITE_001,0,0,0.0949999988079071,0.0949999988079071,0.0949999988079071,7.854999755509198,80.83333333333333
SITE_001_S0028,SITE_001,0,0,0.0799999982118606,0.0799999982118606,2.304999977350235,22.60499946773052,30.18333333333333
SITE_001_S0029,SITE_001,0,0,0,0.9799999743700027,2.584999993443489,19.37499943375587,17.18333333333333
SITE_001_S0030,SITE_001,0,0,0,0.684999980032444,0.8749999776482582,74.98499819636345,14.68333333333333
SITE_001_S0031,SITE_001,0,0,0,0,0,18.83999942149967,127.1833333333333
SITE_001_S0032,SITE_001,0,0,0.0549999997019767,0.1299999989569187,17.21999952569604,20.26749956607818,36.68333333333333
SITE_001_S0033,SITE_001,0,1.709999926388264,3.029999870806932,4.239999823272228,10.45499966200441,18.5949994539842,1.683333333333333
SITE_001_S0034,SITE_001,0,0,0,0,0.0830000042915344,0.4979999903589487,123.6833333333333
SITE_001_S0035,SITE_001,0,0.5199999883770943,5.464999862015247,7.779999835416675,8.0899998228997,15.25999952666462,2.683333333333333
SITE_001_S0036,SITE_001,0,0,0.0249999985098838,21.35999958496541,22.21999958343804,47.42999906092882,11.33333333333333
SITE_001_S0037,SITE_001,0,0,0,0,2.344999968074262,2.359999967738986,60.68333333333333
SITE_001_S0038,SITE_001,0,0,0,0.0749999973922967,35.72249940037727,42.92749914340675,24.31666666666666
SITE_001_S0039,SITE_001,0,0,0,4.789999961853027,4.944999956525862,12.76499980501831,7.183333333333334
SITE_001_S0040,SITE_001,0,0.4449999928474426,6.084999814629555,8.7849997356534,9.379999720491467,18.80999951530248,2.683333333333333
SITE_001_S0041,SITE_001,0,0,0,1.71999997086823,2.139999965205789,16.7149995630607,9.316666666666666
SITE_001_S0042,SITE_001,0,0,0,0,0,29.65649915486574,73.83333333333333
SITE_001_S0043,SITE_001,0,0,0,0.9649999737739564,4.754999846220016,21.99499937798828,18.18333333333333
SITE_001_S0044,SITE_001,0,0,0,0,0,1.039999971166253,138.3166666666667
SITE_001_S0045,SITE_001,0,0,0.2399999946355819,0.7549999915063381,2.864999989978969,11.69999992381781,4.183333333333334
SITE_001_S0046,SITE_001,0,0,0,18.61499934643507,22.58499929588288,50.00999854318798,12.81666666666667
SITE_001_S0047,SITE_001,0.2449999880045652,0.7799999620765448,0.7799999620765448,0.7799999620765448,4.059999818913639,16.27149950619787,0.6833333333333333
SITE_001_S0048,SITE_001,0,0,0,0,14.59499979764223,20.91999964322895,61.81666666666667
SITE_001_S0049,SITE_001,0,0,0,0,0.2299999892711639,0.4449999909847975,41.68333333333333
SITE_001_S0050,SITE_001,0,0,0,0,6.129999924451113,25.47499953117222,27.81666666666666
SITE_001_S0051,SITE_001,0,0,0,10.9099998883903,10.95449988916516,11.15449987724423,13.18333333333333
SITE_001_S0052,SITE_001,0,0,0,0,13.20499959215522,25.45449943840504,64.81666666666666
SITE_001_S0053,SITE_001,0,0,0,0,0,0,168
SITE_001_S0054,SITE_001,0,0,0,0,0,0,168
SITE_001_S0055,SITE_001,0,0,0,10.53999979048967,15.55499967001378,15.55499967001378,18.68333333333333
SITE_001_S0056,SITE_001,0.044999998062849,0.2349999882280826,0.6199999675154686,2.669999927282333,8.314999766647816,32.32999925408512,5.816666666666666
SITE_001_S0057,SITE_001,0,0,0,2.869999870657921,2.869999870657921,7.324999799951911,6.816666666666666
SITE_001_S0058,SITE_001,0,0,0,0,0,30.87999941408635,98.68333333333334
SITE_001_S0059,SITE_001,0,0,0,0,1.484999977052212,1.484999977052212,24.81666666666666
SITE_001_S0060,SITE_001,0,0,0,0,0,8.650499772280455,74.31666666666666
SITE_001_S0061,SITE_001,0,0,0,0,4.594999898225069,4.834999896585941,29.68333333333333
SITE_001_S0062,SITE_001,0,0,0,0,0,0.7549999952316284,149.8166666666667
SITE_001_S0063,SITE_001,0,0,0.1550000011920929,0.5799999907612801,15.64999956637621,20.2599993608892,5.683333333333334
SITE_001_S0064,SITE_001,3.779999971389771,16.26499974727631,17.45499972254038,20.41499964147806,24.86999952793121,29.9249994456768,0.3333333333333333
SITE_001_S0065,SITE_001,0,0,0,3.209999889135361,3.369999884627759,65.80849853064865,8.683333333333334
SITE_001_S0066,SITE_001,0,0,0.3549999892711639,1.544999927282333,1.544999927282333,23.08499938715249,4.833333333333333
SITE_001_S0067,SITE_001,0,0.4199999868869781,1.264999970793724,5.494999849237502,10.32999973837286,57.67999834101647,2.183333333333333
SITE_001_S0068,SITE_001,0,0,0,0,4.364999890327454,21.43949946574867,40.33333333333334
SITE_001_S0069,SITE_001,0,0,0,0,1.959999948740005,25.96499925479293,28.33333333333333
SITE_001_S0070,SITE_001,0,0,0,1.449999928474426,1.454999928362668,4.044999842531979,12.68333333333333
SITE_001_S0071,SITE_001,0,0,0,0.324999988079071,26.50999952107668,40.33749917894602,20.18333333333333
SITE_001_S0072,SITE_001,0.9999999701976776,2.369999930262566,2.449999928474426,2.584999926388264,2.584999926388264,24.02999959141016,0.3333333333333333
SITE_001_S0073,SITE_001,0,0,0,0,0,9.20499984268099,123.1833333333333
SITE_001_S0074,SITE_001,0.1649999991059303,0.5749999806284904,0.6299999803304672,1.164999954402447,5.969999827444553,5.969999827444553,0.3333333333333333
SITE_001_S0075,SITE_001,0,0,0,0,3.274999901652336,3.334999899379909,30.18333333333333
SITE_001_S0076,SITE_001,0,0,0,0.4949999861419201,0.5084999864920974,3.783499888144433,12.33333333333333
SITE_001_S0077,SITE_001,0,0,0,0,0,7.744999870657921,139.6833333333333
SITE_001_S0078,SITE_001,0,0,0,0,0,0,168
SITE_001_S0079,SITE_001,0,0,0,0,0,10.20499971788377,103.6833333333333
SITE_001_S0080,SITE_001,0,0.1349999904632568,0.1349999904632568,0.1349999904632568,0.1349999904632568,0.154999990016222,2.833333333333333
SITE_001_S0081,SITE_001,0,0,0,0,0.1349999904632568,0.154999990016222,26.68333333333333
SITE_001_S0082,SITE_001,0,0,0,0,2.484999957494438,2.774999947287142,35.81666666666667
SITE_001_S0083,SITE_001,0,0,0,0,1.070000007748604,2.639999956823885,59.68333333333333
SITE_001_S0084,SITE_001,0,0,0,0,0,0,168
SITE_001_S0085,SITE_001,0,0,0,0,0,0,168
SITE_001_S0086,SITE_001,0,0,0.5599999763071537,11.1999998325482,11.64999981597066,12.00499980896711,5.316666666666666
SITE_001_S0087,SITE_001,0,0,0,0.5649999864399433,12.2149998024106,12.56999979540706,21.18333333333333
SITE_001_S0088,SITE_001,0,0,0,11.33999980986118,22.404999461025,34.4649992743507,14.83333333333333
SITE_001_S0089,SITE_001,0,0,0,0.9249999783933164,15.6699997112155,24.18999942019581,12.18333333333333
SITE_001_S0090,SITE_001,0,0,0,0,11.21999972127378,24.35499949846417,58.31666666666667
SITE_001_S0091,SITE_001,0,0,0,0,0,13.01499968860298,82.18333333333334
SITE_001_S0092,SITE_001,0,0,0,0.044999998062849,1.903999969363213,1.903999969363213,30.33333333333333
SITE_001_S0093,SITE_001,0,0,0,0,0,6.744999844580889,76.31666666666666
SITE_001_S0094,SITE_001,0,0,0,0,0,6.69999984651804,100.1833333333333
SITE_001_S0095,SITE_001,0,0,0,0,0.0949999988079071,16.25499975401908,81.83333333333333
SITE_001_S0096,SITE_001,0,0,0,1.209999959915876,1.304999958723783,17.46499971393496,12.16666666666667
SITE_001_S0097,SITE_001,0,0,0,0,9.409999825060368,34.91999917849898,37.31666666666667
SITE_001_S0098,SITE_001,0,0,0.044999998062849,5.020000011660159,5.925000012852252,39.93999919015914,22.18333333333333
SITE_001_S0099,SITE_001,0,0,0,0,4.784999856725335,26.35999952163548,44.83333333333334
SITE_001_S0100,SITE_001,0,0,0,0,0.0175000000745058,0.0175000000745058,168
SITE_001_S0101,SITE_001,0,0,0,2.139999952167273,2.174999951384962,2.174999951384962,15.83333333333333
SITE_001_S0102,SITE_001,0,0,0,0,2.174999951384962,2.174999951384962,39.66666666666666
SITE_001_S0103,SITE_001,0,0,0.5949999690055847,1.199999958276749,1.529999942518771,5.329999849200249,5.316666666666666
SITE_001_S0104,SITE_001,0,0,0,0,1.199999958276749,3.189999897032976,29.18333333333333
SITE_001_S0105,SITE_001,0,0,0,0,0,1.199999958276749,149.3333333333333
SITE_001_S0106,SITE_001,0,0,0,0.4249999821186065,4.324999842792749,20.24999947845936,18.81666666666666
SITE_001_S0107,SITE_001,0,0,0,0.4599999785423279,4.249999839812517,20.70999945700169,19.68333333333333
SITE_001_S0108,SITE_001,0,0,0.0400000028312206,0.0400000028312206,0.0400000028312206,0.9249999634921552,139.8333333333333
SITE_001_S0109,SITE_001,0,0.7849999666213989,0.7849999666213989,1.364999949932098,1.404999952763319,1.864999931305647,1.183333333333333
SITE_001_S0110,SITE_001,0,0,0,0,0.044999998062849,4.934999845921993,77.81666666666666
SITE_001_S0111,SITE_001,0,0,0,3.82999989297241,3.82999989297241,8.724999736063182,8.183333333333334
SITE_001_S0112,SITE_001,0.2449999898672104,3.339999839663506,3.339999839663506,21.15499983727932,21.1799998357892,30.24499960336835,0.8333333333333334
SITE_001_S0113,SITE_001,0,0,0,0.0199999995529651,21.19999983534217,30.26499960292131,24.68333333333333
SITE_001_S0114,SITE_001,0,0,0,0,0,21.17499983683228,144.8166666666667
SITE_001_S0115,SITE_001,0,0,0,0,0,0.0199999995529651,168
SITE_001_S0116,SITE_001,0,0,0,0,13.16999972332269,26.54399934783578,36.83333333333334
SITE_001_S0117,SITE_001,0,0,0,0,11.50499976426363,26.54399934783578,60.68333333333333
SITE_001_S0118,SITE_001,0,0,0,1.084999918937683,1.214999914169312,2.959999868646264,14.81666666666667
SITE_001_S0119,SITE_001,0,0,0,0.0149999996647238,1.229999913834035,2.974999868310988,38.68333333333333
SITE_001_S0120,SITE_001,0,0,0,0,0,1.099999918602407,158.8333333333333
SITE_001_S0121,SITE_001,0,0,0,0,0,0.0149999996647238,168
SITE_001_S0122,SITE_001,0,0,0,0.9799999967217444,17.83999964408576,21.89499955251813,14.31666666666667
SITE_001_S0123,SITE_001,0,0,0,0,16.94999967329204,21.89499955251813,38.18333333333333
SITE_001_S0124,SITE_001,0,0,0,0,5.231499962508678,31.14649925008416,34.68333333333333
SITE_001_S0125,SITE_001,0,0,0,0.089999996125698,6.439999721944332,24.56499944627285,60.81666666666667
SITE_001_S0126,SITE_001,0,0,0,22.55499961972237,22.64499961584806,44.8299991004169,15.18333333333333
SITE_001_S0127,SITE_001,0,0,0,0,0.0749999955296516,22.83999960869551,119.8333333333333
SITE_001_S0128,SITE_001,0,0,0,0,0,22.74999961256981,143.6833333333333
SITE_001_S0129,SITE_001,0,0,0.0749999955296516,0.7649999931454659,20.34499956667423,20.34499956667423,22.81666666666666
SITE_001_S0130,SITE_001,0,0.089999996125698,0.1699999943375587,0.1699999943375587,12.40999975800514,20.51499956101179,46.68333333333333
SITE_001_S0131,SITE_001,0,0,0,0,0,0.9349999874830246,166.8333333333333
SITE_001_S0132,SITE_001,0,0,0,0,0,0.1699999943375587,168
SITE_001_S0133,SITE_001,0,0,0.0170000009238719,0.8169999830424786,0.8719999827444553,0.8719999827444553,8.816666666666666
SITE_001_S0134,SITE_001,0,0.2299999892711639,0.2299999892711639,5.644999824464321,6.4619998075068,6.516999807208776,2.683333333333333
SITE_001_S0135,SITE_001,0,0,0,0,0,6.4619998075068,122.8333333333333
SITE_001_S0136,SITE_001,0,0,0,0,0,5.644999824464321,146.6833333333333
SITE_001_S0137,SITE_001,0,0,0,0.5699999928474426,0.949999988079071,0.949999988079071,18.81666666666666
SITE_001_S0138,SITE_001,0,0,0,0,0.949999988079071,0.949999988079071,42.68333333333333
SITE_001_S0139,SITE_001,0,0,0,0,0.2399999862536788,1.88999994751066,50.83333333333334
SITE_001_S0140,SITE_001,0,0,0,0,0,1.319999954663217,74.68333333333334
SITE_001_S0141,SITE_001,0,0.0700000002980232,1.945000000298023,1.945000000298023,1.945000000298023,2.234999991953373,3.316666666666667
SITE_001_S0142,SITE_001,0,0,0,0,1.945000000298023,2.234999991953373,27.18333333333333
SITE_001_S0143,SITE_001,0.9349999725818634,2.189999960362911,2.584499957039952,2.584499957039952,2.584499957039952,4.529499957337976,0.3333333333333333
SITE_001_S0144,SITE_001,0,0,0,2.479999938979745,5.064499896019697,5.064499896019697,20.18333333333333
SITE_001_S0145,SITE_001,0,0,0,0.0399999991059303,0.0399999991059303,11.45449976436794,79.31666666666666
SITE_001_S0146,SITE_001,0,0,0,0,0.0399999991059303,8.869999807327986,103.1833333333333
SITE_001_S0147,SITE_001,0,0,0.3049999848008156,3.189999960362911,6.694999920204282,6.78499991632998,5.333333333333333
SITE_001_S0148,SITE_001,0,0,0,0.2649999931454658,6.959999913349748,7.009999910369515,12.18333333333333
SITE_001_S0149,SITE_001,0,0.1949999965727329,0.9049999751150608,5.614999882876873,6.984999881125987,10.6749998293817,2.316666666666667
SITE_001_S0150,SITE_001,0,0,0,7.109999768435955,13.98999964911491,14.59499963745475,13.68333333333333
SITE_001_S0151,SITE_001,0,0,0,0,0,12.86499965190888,86.81666666666666
SITE_001_S0152,SITE_001,0,0,0,0,0,7.249999769032001,110.6833333333333
SITE_001_S0153,SITE_001,0,0,0,0.3549999892711639,6.39999983087182,11.22999977413565,19.81666666666666
SITE_001_S0154,SITE_001,0,0,0.0360000021755695,0.0360000021755695,2.270999986678362,11.26599977631122,43.68333333333333
SITE_001_S0155,SITE_001,2.034999936819077,2.649999931454659,2.649999931454659,2.649999931454659,20.53499966859817,24.50599954370409,0.3333333333333333
SITE_001_S0156,SITE_001,0,0,0,2.699999928474426,5.859999850392342,26.85099948290735,20.68333333333333
SITE_001_S0157,SITE_001,0,0,0,2.18499993532896,14.78999959677458,22.85499942302704,11.31666666666667
SITE_001_S0158,SITE_001,0,0,0,0,2.18499993532896,20.20499949157238,35.18333333333333
SITE_001_S0159,SITE_001,0,0,0,0,1.969999983906746,4.154999919235706,62.83333333333334
SITE_001_S0160,SITE_001,0,0,0,0,0,1.969999983906746,86.68333333333334
SITE_001_S0161,SITE_001,0,0,0,0,0,0,168
SITE_001_S0162,SITE_001,0,0,0.0549999997019767,0.0549999997019767,0.0549999997019767,0.0549999997019767,168
SITE_001_S0163,SITE_001,0,0,0,0,5.014999903738499,5.069999903440476,42.33333333333334
SITE_001_S0164,SITE_001,0.8899999856948853,3.614999949932098,7.748999893665314,8.303999871015549,9.73399981856346,13.37399977445602,0.1833333333333333
SITE_001_S0165,SITE_001,0,0,0,0,0,10.21899981796742,111.8166666666667
SITE_001_S0166,SITE_001,0,2.869999870657921,6.974999681115151,8.689999651163816,14.54499952867627,20.42999932169914,1.833333333333333
SITE_001_S0167,SITE_001,0,0,0,0,1.419999968260527,20.0549995303154,54.81666666666667
SITE_001_S0168,SITE_001,0,0,0,0,0.1099999994039535,11.36499987915158,78.68333333333334
SITE_001_S0169,SITE_001,0.2849999964237213,3.780000001192093,6.734999924898148,6.809999920427799,24.84499936178326,49.00999838486314,0.3333333333333333
SITE_001_S0170,SITE_001,0.0149999996647238,1.299999951384962,1.634999944828451,5.879999778233469,30.72499914001673,54.88999816309661,1.183333333333333
SITE_001_S0171,SITE_001,0,0,0,0.5649999976158142,3.959999896585941,25.59999944921583,6.316666666666666
SITE_001_S0172,SITE_001,0,0,0,0,3.664999894797802,18.78999952878803,30.18333333333333
SITE_001_S0173,SITE_001,0.7349999994039536,1.179999981075525,1.474999967962503,1.474999967962503,18.69499938935041,20.75549934245646,0.3333333333333333
SITE_001_S0174,SITE_001,0,0,0,0,4.969999759458005,22.90499935951084,35.33333333333334
SITE_001_S0175,SITE_001,0,2.344999983906746,2.429999984800816,4.414999936707318,9.384999696165323,9.929999686777592,1.183333333333333
SITE_001_S0176,SITE_001,0,0,0,0.0399999991059303,0.4399999864399433,8.999999822117388,55.31666666666667
SITE_001_S0177,SITE_001,0,0.0499999970197677,0.0499999970197677,0.0499999970197677,0.1349999941885471,9.049999819137156,79.18333333333334
SITE_001_S0178,SITE_001,0,0,0,0,0,0.1049999957904219,168
SITE_001_S0179,SITE_001,0,0,0,0,0,0.0649999966844916,168
SITE_001_S0180,SITE_001,0.2699999883770942,0.3599999845027923,0.3599999845027923,0.3599999845027923,0.444999985396862,19.04499957710505,0.3333333333333333
SITE_001_S0181,SITE_001,0,0,0,0.2549999877810478,0.6149999722838402,19.29999956488609,20.68333333333333
SITE_001_S0182,SITE_001,0,0,0,0.5349999740719795,8.14499969035387,8.75999966263771,9.316666666666666
SITE_001_S0183,SITE_001,0,0,0,0,8.14499969035387,8.399999678134918,33.18333333333333
SITE_001_S0184,SITE_001,0,0,0,0.73499995470047,28.17999921366572,56.63999846018851,10.33333333333333
SITE_001_S0185,SITE_001,0,0,0,0,28.17999921366572,56.10499848611653,34.18333333333333
SITE_001_S0186,SITE_001,0,0,0.2800000011920929,0.2800000011920929,1.694999977946281,3.59999991953373,4.316666666666666
SITE_001_S0187,SITE_001,0,0,2.109999924898148,7.364999788813293,8.74499977659434,10.22999975364655,4.183333333333334
SITE_001_S0188,SITE_001,0.6849999651312828,0.6849999651312828,2.689999885857105,5.604999795556068,5.67999979108572,13.32499958109111,0.3333333333333333
SITE_001_S0189,SITE_001,0,0,0,2.014999970793724,7.694999761879444,15.05999955069274,11.18333333333333
SITE_001_S0190,SITE_001,0,0,0,4.744999833405018,40.10849931836128,56.00849879533053,7.816666666666666
SITE_001_S0191,SITE_001,0,13.71499951928854,21.47999950498343,27.25999938696623,43.35349899530411,77.66349838674068,1.683333333333333
SITE_001_S0192,SITE_001,0,0,0,0,0.20499999076128,44.61499906145036,90.33333333333331
SITE_001_S0193,SITE_001,0,0.0199999995529651,0.0199999995529651,0.0199999995529651,0.2249999903142452,39.88999922759831,114.1833333333333
SITE_001_S0194,SITE_001,0,0,0,0,0,0.7649999670684338,87.81666666666666
SITE_001_S0195,SITE_001,0,0,0,0,0,0.7649999670684338,111.6833333333333
SITE_001_S0196,SITE_001,0,0,0,0,3.604999952018261,20.81499974057078,31.33333333333333
SITE_001_S0197,SITE_001,0,0,0,0.5499999895691872,2.574999958276749,21.36499973013997,10.18333333333333
SITE_001_S0198,SITE_001,0.0350000001490116,0.0350000001490116,0.0350000001490116,8.799999833106995,9.954999807290733,13.24499978404492,6.316666666666666
SITE_001_S0199,SITE_001,0,0,0,0,9.239999822340906,13.24499978404492,30.18333333333333
SITE_001_S0200,SITE_001,0,0,0.0175000000745058,16.12749972753227,16.52749970369041,27.26249950937927,12.83333333333333
SITE_001_S0201,SITE_001,0,0,0,0,16.52749970369041,18.46249967627228,36.68333333333333
SITE_001_S0202,SITE_001,0,0,0,0,0,16.12749972753227,156.8166666666667
SITE_001_S0203,SITE_001,0,0,0,0,0,0,168
SITE_001_S0204,SITE_001,0,0,0,0,1.115000009536743,1.115000009536743,50.33333333333334
SITE_001_S0205,SITE_001,0,0,0,0,0,1.115000009536743,74.18333333333334
SITE_001_S0206,SITE_001,0,0,0,0,0.6649999618530273,9.05999987386167,40.81666666666667
SITE_001_S0207,SITE_001,0,0,0,0,0.6649999618530273,9.05999987386167,64.68333333333334
SITE_001_S0208,SITE_001,0,0,0,0,0,0,168
SITE_001_S0209,SITE_001,0,0,0,0,0,0,168
SITE_001_S0210,SITE_001,0,0,0,0,0.3449999839067459,0.6374999769032001,40.68333333333333
SITE_001_S0211,SITE_001,0,0,0,2.679999940097332,3.089999936521053,6.824999857693911,14.83333333333333
SITE_001_S0212,SITE_001,0,0.1299999952316284,0.1299999952316284,1.249999966472387,1.379999965429306,22.4999991953373,2.833333333333333
SITE_001_S0213,SITE_001,0,1.459999978542328,2.989999909885228,4.184999880380929,5.519999847747386,26.68499907571822,1.683333333333333
SITE_001_S0214,SITE_001,0,0,0,0,0,5.484999843873084,121.8166666666667
SITE_001_S0215,SITE_001,0,0,0,0,0,4.234999877400696,145.6833333333333
SITE_001_S0216,SITE_001,0,0,0,0,0.199999988079071,3.414999976754189,25.33333333333333
SITE_001_S0217,SITE_001,0,0,0,0,0.199999988079071,3.414999976754189,49.18333333333333
SITE_001_S0218,SITE_001,0,0,0,0,32.05999952554703,33.60999948531389,29.31666666666666
SITE_001_S0219,SITE_001,0,0,0,0.5349999964237213,1.834999971091748,34.14499948173761,6.183333333333334
SITE_001_S0220,SITE_001,0,0,0,0,0,0.5349999964237213,126.3333333333333
SITE_001_S0221,SITE_001,0,0,0,0,0,0.5349999964237213,150.1833333333333
SITE_001_S0222,SITE_001,0,0,1.449999937787652,10.83499972335994,14.54499969445169,15.68999965675175,5.816666666666666
SITE_001_S0223,SITE_001,0,0,0,0,14.54499969445169,15.68999965675175,29.68333333333333
SITE_001_S0224,SITE_001,0,0,0,0,0,16.00999952666461,84.83333333333333
SITE_001_S0225,SITE_001,0.0249999985098838,0.2499999888241291,0.2499999888241291,0.4549999833106994,0.4549999833106994,5.629999786615372,14.18333333333333
SITE_001_S0226,SITE_001,0,0,0,0,2.349999916739762,26.77499925997108,33.31666666666667
SITE_001_S0227,SITE_001,0,0,0,0,0.764999988488853,26.77499925997108,57.18333333333333
SITE_001_S0228,SITE_001,4.079999923706055,6.639999870210886,6.666499871760607,6.991499863564968,9.781499810516834,17.72649972140789,0.3333333333333333
SITE_001_S0229,SITE_001,0,0,0,9.15499985218048,16.14649971574545,26.88149957358837,16.68333333333333
SITE_001_S0230,SITE_001,0,0,0,0,0,16.14649971574545,136.8166666666667
SITE_001_S0231,SITE_001,0.2049999982118606,0.444999985396862,1.024999966844916,6.524999825283885,6.524999825283885,15.67999967746437,0.6833333333333333
SITE_001_S0232,SITE_001,0,0,0,4.579999951645732,6.999999858438969,16.56499957107008,15.33333333333333
SITE_001_S0233,SITE_001,0,0,0,0,6.119999907910824,16.56499957107008,39.18333333333333
SITE_001_S0234,SITE_001,0,0,0,0,0.8249999824911356,9.514999847859144,41.81666666666667
SITE_001_S0235,SITE_001,0,0,0,0,0.8249999824911356,4.934999896213412,65.68333333333334
SITE_001_S0236,SITE_001,0,0,0,0.1499999910593032,0.4799999771639704,0.4799999771639704,22.33333333333333
SITE_001_S0237,SITE_001,0,0,0,0,0.4799999771639704,0.4799999771639704,46.18333333333333
SITE_001_S0238,SITE_001,0,0,0.0075000002980232,0.0075000002980232,0.0075000002980232,0.217499990016222,166.3166666666667
SITE_001_S0239,SITE_001,0,0,0,0,0.0075000002980232,0.0674999989569187,168
SITE_001_S0240,SITE_001,0,0,0,0,0,0.0075000002980232,168
SITE_001_S0241,SITE_001,0,0,0,0,0,0,168
SITE_001_S0242,SITE_001,0,0,0,0,0.625,0.7599999904632568,36.81666666666667
SITE_001_S0243,SITE_001,0,0,0,0,0.625,0.7599999904632568,60.68333333333333
SITE_001_S0244,SITE_001,0,0,0,0,0,6.394999843090773,98.33333333333331
SITE_001_S0245,SITE_001,0,0,0,0.0049999998882412,0.0049999998882412,6.2099998453632,122.1833333333333
SITE_001_S0246,SITE_001,0,0,0.9749999940395356,10.31999979075044,15.53499974217266,15.54499974194914,3.816666666666667
SITE_001_S0247,SITE_001,0,0,0,0,0.2549999915063381,5.059999849647284,132.6833333333333
SITE_001_S0248,SITE_001,0,0,0,0,0,0,168
SITE_001_S0249,SITE_001,0,0,0,0,0,0,168
SITE_001_S0250,SITE_001,0,0,0.0399999991059303,1.834999956190586,1.856499956920743,1.856499956920743,10.81666666666667
SITE_001_S0251,SITE_001,0,0,0,0.0599999986588954,1.894999954849482,1.916499955579638,34.68333333333333
SITE_001_S0252,SITE_001,0,0,0,2.209999948740005,2.209999948740005,4.67999988142401,13.83333333333333
SITE_001_S0253,SITE_001,0,0,0,0,2.209999948740005,2.844999925233424,37.68333333333333
SITE_001_S0254,SITE_001,0,0,0,0,0,2.209999948740005,157.8166666666667
SITE_001_S0255,SITE_001,0,0,0,0,0,0,168
SITE_001_S0256,SITE_001,0,0,0,0,0,0.1849999967962503,168
SITE_001_S0257,SITE_001,0,0,0,0,0,0.1849999967962503,168
SITE_001_S0258,SITE_001,0,0,0.0049999998882412,0.0249999994412064,25.55999941937625,25.73499941360205,32.81666666666667
SITE_001_S0259,SITE_001,0,0,0,0.724999999627471,16.1949997022748,26.45999941322953,14.7
SITE_001_S0260,SITE_001,0,0,0,2.614999949932098,2.650999952107668,3.400999951176345,13.33333333333333
SITE_001_S0261,SITE_001,0,0.6299999728798866,6.894999869167805,6.984999866224825,9.599999816156924,10.36099981795996,2.183333333333333
SITE_001_S0262,SITE_001,0,0,0.089999996125698,11.84499970078468,12.7149996869266,23.31499946583062,12.81666666666667
SITE_001_S0263,SITE_001,0,0,0,0,0,19.13999949768186,98.83333333333331
SITE_001_S0264,SITE_001,0,0,0,0,0,7.294999796897173,122.6833333333333
SITE_001_S0265,SITE_001,0,0,0.0199999995529651,1.120000028051436,11.48499992582947,11.85999991558492,6.816666666666666
SITE_001_S0266,SITE_001,0,0,0,5.314999811351299,14.68999976385385,17.17499972693622,11.7
SITE_001_S0267,SITE_001,0,0,0.0850000008940696,0.1449999995529651,0.1449999995529651,6.584999838843942,131.8333333333333
SITE_001_S0268,SITE_001,0,0,0,0.5449999906122684,0.6899999901652336,6.009999801404774,15.18333333333333
SITE_001_S0269,SITE_001,0,0,0,1.304999962449074,14.01999972760677,27.83499930240214,12.83333333333333
SITE_001_S0270,SITE_001,0,0,0,0.125,1.429999962449074,27.95999930240214,14.18333333333333
SITE_001_S0271,SITE_001,0,0,0,1.129999965429306,8.56499981507659,15.76499965786934,8.316666666666666
SITE_001_S0272,SITE_001,0.879999965429306,5.049999833106995,8.644999757409096,9.479999750852585,17.37499958276749,23.93999944627285,0.2
SITE_001_S0273,SITE_001,0,0,0,13.83000003546476,13.83000003546476,24.43999975174665,6.833333333333333
SITE_001_S0274,SITE_001,0,0,0,0.125,13.95500003546476,23.43499978631735,16.68333333333333
SITE_001_S0275,SITE_001,0,0,0,0,0,13.95500003546476,136.8166666666667
SITE_001_S0276,SITE_001,0,0,0,0,0,0.125,160.7
SITE_001_S0277,SITE_001,0,0,0,0,0.0990000013262033,0.0990000013262033,168
SITE_001_S0278,SITE_001,0,0,0,0,0.0990000013262033,0.0990000013262033,168
SITE_001_S0279,SITE_001,0,0,0,0,1.37999992724508,1.37999992724508,31.81666666666666
SITE_001_S0280,SITE_001,0,0,0,0,1.37999992724508,1.37999992724508,55.7
SITE_001_S0281,SITE_001,0,0,0,0,4.084999978542328,7.104999870061874,36.33333333333334
SITE_001_S0282,SITE_001,0,0,0,0,2.875,7.104999870061874,60.18333333333333
SITE_001_S0283,SITE_001,0,0,0,0.0949999988079071,0.8749999850988388,0.8749999850988388,29.81666666666666
SITE_001_S0284,SITE_001,0,0,0,8.594999961555004,9.469999946653845,9.469999946653845,14.2
SITE_001_S0285,SITE_001,0,0,0,0,0,8.694999960251153,134.3333333333333
SITE_001_S0286,SITE_001,0.199999988079071,2.284999936819077,3.204999908804893,9.179999828338625,9.179999828338625,17.77999978978187,0.6833333333333333
SITE_001_S0287,SITE_001,0,0,0.0470000021159648,0.0470000021159648,0.0870000021532177,25.31699926126748,93.31666666666666
SITE_001_S0288,SITE_001,0,0,0,0,0.0870000021532177,25.31699926126748,117.2
SITE_001_S0289,SITE_001,0,0,0,0,2.604999959468842,3.656999941915274,26.33333333333333
SITE_001_S0290,SITE_001,0,0,0,0.0599999986588954,1.079999979585409,3.669999938458204,50.18333333333333
SITE_001_S0291,SITE_001,0,0,0,9.654999867081642,10.47499984502792,20.11999960616231,7.816666666666666
SITE_001_S0292,SITE_001,0,0,0,1.059999987483025,11.53499983251095,21.17999959364533,14.7
SITE_001_S0293,SITE_001,0,0,0,6.479999899864197,33.44499927014112,46.62499900534749,18.33333333333333
SITE_001_S0294,SITE_001,0,0,0,0,25.34999947249889,36.96999913826585,42.18333333333333
SITE_001_S0295,SITE_001,0,0,0,0,0,6.479999899864197,162.3166666666667
SITE_001_S0296,SITE_001,0,0,0,0,0,0,168
SITE_001_S0297,SITE_001,0,0,0,0,8.959999617189169,9.04499961808324,49.83333333333334
SITE_001_S0298,SITE_001,0,0,0.0420000031590461,0.1419999971985817,0.1419999971985817,9.18699961528182,73.68333333333334
SITE_001_S0299,SITE_001,0,0,0,0,2.559999918565154,3.111999912187457,36.81666666666667
SITE_001_S0300,SITE_001,0,0,0,3.054999958723783,5.614999877288938,6.166999870911241,6.2
SITE_001_S0301,SITE_001,0,0,0,3.414999924600124,3.684999920427799,6.804999876767397,14.83333333333333
SITE_001_S0302,SITE_001,0,0,0,0,3.414999924600124,6.804999876767397,38.68333333333333
SITE_001_S0303,SITE_001,0,0,0,0,2.649999955669045,6.06499988026917,46.31666666666667
SITE_001_S0304,SITE_001,0,0,0,0,1.404999973252416,2.649999955669045,70.2
SITE_001_S0305,SITE_001,0,0,0,0.5299999713897705,19.19499960914255,19.19499960914255,6.333333333333333
SITE_001_S0306,SITE_001,0,0,0,6.434999972581863,25.62999958172441,25.62999958172441,7.683333333333334
SITE_001_S0307,SITE_001,0,0,0,8.499999774619937,13.55499964766204,27.89499944075942,11.31666666666667
SITE_001_S0308,SITE_001,0,0,0.5430000014603138,2.247999981045723,14.47799967415631,29.61299945041537,3.2
SITE_001_S0309,SITE_001,0.1349999904632568,0.2799999853596091,0.2799999853596091,0.2999999849125743,3.48499991837889,31.77299925405532,0.8333333333333334
SITE_001_S0310,SITE_001,0,0,0.2699999958276748,8.92499989643693,11.26499983575195,32.19799937587231,5.183333333333334
SITE_001_S0311,SITE_001,0,0,0,3.444999895989895,6.029999835416675,19.144999592565,15.31666666666667
SITE_001_S0312,SITE_001,1.629999995231628,1.629999995231628,1.629999995231628,1.699999995529652,7.069999856874347,20.54499960318208,0.2
SITE_001_S0313,SITE_001,0.0700000002980232,0.0700000002980232,0.125,0.125,18.98499939031899,26.94499925896525,29.33333333333333
SITE_001_S0314,SITE_001,0.125,0.3500000014901161,0.4699999969452619,2.904999939724803,8.204999823123217,26.40499930270016,0.1833333333333333
SITE_001_S0315,SITE_001,0,0,0,0.0749999955296516,0.7699999734759331,29.48999944329261,27.31666666666666
SITE_001_S0316,SITE_001,0,0,0,0.2199999988079071,0.9899999722838402,29.58499944210052,11.2
SITE_001_S0317,SITE_001,0,0,0,0,0.0399999991059303,7.274999910034239,72.33333333333333
SITE_001_S0318,SITE_001,0,0,0,0,0,7.199999914504588,96.18333333333334
SITE_001_S0319,SITE_001,0,0,0,1.054999966174364,9.074999827891588,31.42799921706319,18.81666666666666
SITE_001_S0320,SITE_001,0.3549999892711639,0.6299999766051769,0.8699999749660492,3.964999910444021,7.529999755322933,35.39299912750721,0.2
SITE_001_S0321,SITE_001,0,0,0,0,0.2149999886751175,10.1049997061491,61.33333333333334
SITE_001_S0322,SITE_001,0,0,0,1.819999907165766,1.819999907165766,10.8699996471405,13.68333333333333
SITE_001_S0323,SITE_001,0,0,0,0,0.2349999882280826,2.054999895393848,53.81666666666667
SITE_001_S0324,SITE_001,0,0,0.739999994635582,8.35499981045723,8.454999808222055,10.40999970585108,4.7
SITE_001_S0325,SITE_001,0,0.1449999958276748,0.1449999958276748,2.029999986290932,2.824999962002039,28.35999960824847,2.833333333333333
SITE_001_S0326,SITE_001,0,0,0,0.3749999925494194,3.199999954551458,28.73499960079789,20.18333333333333
SITE_001_S0327,SITE_001,0,0,0,4.459999903105199,17.80499938782305,21.7349993204698,8.816666666666666
SITE_001_S0328,SITE_001,0,0,0,0,7.049999835900962,19.70499933417886,32.7
SITE_001_S0329,SITE_001,0,0,0,0,0.1399999968707561,4.674499901011586,152.8333333333333
SITE_001_S0330,SITE_001,1.044999957084656,3.049999915063381,3.279999904334545,3.279999904334545,3.364999901503325,3.494499902240932,0.1833333333333333
SITE_001_S0331,SITE_001,0.9599999636411668,0.9949999637901784,1.199999954551458,2.069999925792217,9.424999754875898,20.96999942883849,0.3166666666666666
SITE_001_S0332,SITE_001,0,0,0,6.939999852329493,12.29499970749021,27.90999928116798,18.7
SITE_001_S0333,SITE_001,0,0.5499999821186066,1.704999957233667,7.234999819658697,15.38499972876161,26.17999950423837,1.833333333333333
SITE_001_S0334,SITE_001,0,0,0,14.19499985128641,23.86499968077987,38.30499942973256,7.683333333333334
SITE_001_S0335,SITE_001,0,0,0,7.254999773576856,22.5849994122982,45.02999905776232,10.81666666666667
SITE_001_S0336,SITE_001,0,0,0.044999998062849,0.1099999956786632,13.20999960042536,37.90499923378229,34.7
SITE_001_S0337,SITE_001,0,0,0,0,0.3949999893084168,12.39999964740127,51.83333333333334
SITE_001_S0338,SITE_001,0,0,0,0.0599999986588954,0.0599999986588954,5.204999872483313,75.68333333333334
SITE_001_S0339,SITE_001,0,0,0,0.4749999865889549,0.4749999865889549,0.6689999848604202,18.31666666666666
SITE_001_S0340,SITE_001,0,0,0,0,0.4749999865889549,0.6689999848604202,42.2
SITE_001_S0341,SITE_001,0.5849999785423279,0.5849999785423279,1.699999979697168,16.05999956931919,29.65499928873032,30.29499926697463,0.3333333333333333
SITE_001_S0342,SITE_001,0,0,0,3.039999946951866,30.1549992961809,32.85999922733754,21.18333333333333
SITE_001_S0343,SITE_001,0,0,0,2.594999935477972,5.274999866262078,24.37499938253313,12.81666666666667
SITE_001_S0344,SITE_001,0,0,0,0,3.73999990709126,8.314999813213944,36.7
SITE_001_S0345,SITE_001,0,0,0,0,0,2.969999923370779,113.3333333333333
SITE_001_S0346,SITE_001,0,0,0,0,0,0.3749999878928065,137.1833333333333
SITE_001_S0347,SITE_001,0.3450000062584877,0.8899999856948853,0.8899999856948853,1.914999976754188,4.024999948218465,4.024999948218465,0.3166666666666666
SITE_001_S0348,SITE_001,0,0,0,7.029999900609255,11.05499984882772,11.05499984882772,14.2
SITE_001_S0349,SITE_001,0.0299999993294477,0.0599999986588954,0.0749999983236193,4.639999885112047,42.9189996086061,52.09899948723614,18.83333333333333
SITE_001_S0350,SITE_001,0,0,0,16.53499951772392,50.58499927259982,66.71899902820587,6.683333333333334
SITE_001_S0351,SITE_001,0,0,0,1.989999929443002,1.989999929443002,24.73499927669764,9.816666666666666
SITE_001_S0352,SITE_001,2.329999923706055,2.329999923706055,2.419999919831753,9.814999755471945,11.80499968491495,29.90999914705753,0.2
SITE_001_S0353,SITE_001,0.0299999993294477,0.0299999993294477,0.0299999993294477,0.0499999988824129,7.809999708086252,21.08999936748296,42.33333333333334
SITE_001_S0354,SITE_001,2.694999933242798,15.19499969482422,17.60999962687492,18.52999960444868,26.33999931253493,37.62999904248864,0.1833333333333333
SITE_001_S0355,SITE_001,0,0,0,4.324999880045652,8.669999818317592,40.65999885927886,9.816666666666666
SITE_001_S0356,SITE_001,0,0,0,0.0049999998882412,4.674999870359898,40.61499886028469,33.7
SITE_001_S0357,SITE_001,0,0,0,0.2049999982118606,9.64499981328845,38.3749991459772,16.83333333333333
SITE_001_S0358,SITE_001,0,0,0,2.47499995585531,7.324999920092523,36.52499922178686,13.18333333333333
SITE_001_S0359,SITE_001,0,0,0,0,17.99499926995486,27.43199905753136,33.81666666666667
SITE_001_S0360,SITE_001,0,0,0.1349999904632568,0.1949999881908297,13.48999942280352,27.42199904751033,4.7
SITE_001_S0361,SITE_001,0,1.129999935626984,13.23999959230423,14.29499954730272,14.40499954391271,37.9599989131093,2.333333333333333
SITE_001_S0362,SITE_001,0,0.5299999862909317,2.124999947845936,11.20999976620078,25.61499931011349,49.16999867931008,2.183333333333333
SITE_001_S0363,SITE_001,0,0,0,0,0,25.5049993135035,122.3166666666667
SITE_001_S0364,SITE_001,0,0,0,0,0,11.20999976620078,146.2
SITE_001_S0365,SITE_001,0,0,0,0,0.3099999884143471,0.3099999884143471,33.33333333333334
SITE_001_S0366,SITE_001,0,0,0,0,0.3099999884143471,0.3099999884143471,57.18333333333333
SITE_001_S0367,SITE_001,0,0,0,0,0,0,168
SITE_001_S0368,SITE_001,0,0,0,0,0,0,168
SITE_001_S0369,SITE_001,0,0,0,0,0.0120000001043081,0.0120000001043081,168
SITE_001_S0370,SITE_001,0,0,0,0,0,0.0120000001043081,168
SITE_001_S0371,SITE_001,0,0,0,0,0,0,168
SITE_001_S0372,SITE_001,0,0,0,0,0,0,168
SITE_001_S0373,SITE_001,0,0,0,0,0.1749999932944774,0.1749999932944774,168
SITE_001_S0374,SITE_001,0,0,0,0,0,0.1749999932944774,168
SITE_001_S0375,SITE_001,0,0,0,0,0.8599999900907278,0.8599999900907278,63.81666666666667
SITE_001_S0376,SITE_001,0,0,0,0,0.0850000008940696,0.8599999900907278,87.7
SITE_001_S0377,SITE_001,0,0,0,0,0,0,168
SITE_001_S0378,SITE_001,0,0,0,0,0,0,168
SITE_001_S0379,SITE_001,0,0,0,3.449999812990427,11.59449960291386,22.58449941128492,14.81666666666667
SITE_001_S0380,SITE_001,0,0,0.0799999982118606,0.0799999982118606,6.704999696463346,22.66449940949678,38.7
SITE_001_S0381,SITE_001,0,0,0.6299999952316284,0.6299999952316284,0.6299999952316284,4.159999806433916,3.833333333333333
SITE_001_S0382,SITE_001,0,0,0,0,0.6299999952316284,0.7099999934434891,27.68333333333333
SITE_001_S0383,SITE_001,0,0,0,0,0,3.154999950900674,104.8166666666667
SITE_001_S0384,SITE_001,0,0,0,0,0,2.524999955669045,128.7
SITE_001_S0385,SITE_001,0,0,0,0,0.0749999992549419,0.0899999989196658,168
SITE_001_S0386,SITE_001,0,0,0,0.125,0.125,0.2149999989196658,7.683333333333334
SITE_001_S0387,SITE_001,0,0,0,0,0,4.354999918490648,94.31666666666666
SITE_001_S0388,SITE_001,0,0,0,0,0,4.354999918490648,118.2
SITE_001_S0389,SITE_001,0,0,0,0,0.055000003427267,0.055000003427267,168
SITE_001_S0390,SITE_001,0,0,0,0,0.055000003427267,0.055000003427267,168
SITE_001_S0391,SITE_001,0,0,0,0,3.544999928213656,10.40499983076006,63.31666666666667
SITE_001_S0392,SITE_001,0,0,0,0.0249999985098838,0.0249999985098838,10.42999982926995,87.2
SITE_001_S0393,SITE_001,0,0.6949999928474426,0.7699999883770943,1.944999936968088,24.07499979436398,26.06499976664782,2.333333333333333
SITE_001_S0394,SITE_001,0,0.1099999994039535,0.3799999952316284,0.7749999929219484,23.87499980814755,26.83999975956976,2.683333333333333
SITE_001_S0395,SITE_001,0,0,0,0,17.38499967008829,26.87999942712485,50.31666666666667
SITE_001_S0396,SITE_001,0,0,0,0,0,24.93499949015677,74.2
SITE_001_S0397,SITE_001,0,0,0,0,0,0.8199999630451202,102.8333333333333
SITE_001_S0398,SITE_001,0,0,0,9.394999779760838,9.394999779760838,10.21499974280596,6.683333333333334
SITE_001_S0399,SITE_001,0,0,0,4.209999913349748,11.91949981078506,27.6444994835183,16.31666666666667
SITE_001_S0400,SITE_001,0,0,0,1.184999957680702,13.10449976846576,28.829499441199,14.7
SITE_001_S0401,SITE_001,0.9899999797344208,2.234999969601631,3.264999940991402,3.8499999307096,3.909999929368496,10.84499978460372,0.3333333333333333
SITE_001_S0402,SITE_001,0,0.4099999889731407,1.279999986290932,7.779999762773514,11.68999969214201,14.41499963402748,2.683333333333333
SITE_001_S0403,SITE_001,0,0,0.0599999986588954,0.0599999986588954,0.0599999986588954,12.24499966949224,104.3166666666667
SITE_001_S0404,SITE_001,0,0,0,1.90999994520098,1.969999943859875,10.30499968398362,11.2
SITE_001_S0405,SITE_001,0,0.3100000023841858,0.4099999964237213,0.4099999964237213,0.4099999964237213,3.064999933354557,2.833333333333333
SITE_001_S0406,SITE_001,0,0,0,0,0.4099999964237213,3.004999934695661,26.68333333333333
SITE_001_S0407,SITE_001,0,2.279999956488609,5.459999933838844,11.43999983742833,11.80999983195216,12.25499982852489,1.816666666666667
SITE_001_S0408,SITE_001,0.0099999997764825,0.0099999997764825,0.0099999997764825,0.1799999913200736,11.65499982889742,12.02499982342124,10.7
SITE_001_S0409,SITE_001,0,1.174999982118607,2.447999991476536,2.447999991476536,2.492999989539385,17.21799966786057,1.333333333333333
SITE_001_S0410,SITE_001,0,0,0,0.0749999955296516,2.522999987006187,5.852999825961888,25.18333333333333
SITE_001_S0411,SITE_001,0,0,0,0,0,0.5934999845921993,78.31666666666666
SITE_001_S0412,SITE_001,0,0,0,0,0,0.2084999941289425,102.2
SITE_001_S0413,SITE_001,0,0,0.199999988079071,4.309999942779541,5.439999938011169,7.309999883174896,3.833333333333333
SITE_001_S0414,SITE_001,0,0,0,0,0.1949999928474426,31.36499965935945,30.2
SITE_001_S0415,SITE_001,0,0,0,0,2.579999953508377,2.77499994635582,52.83333333333334
SITE_001_S0416,SITE_001,0,0,0,0,0,2.579999953508377,76.68333333333334
SITE_001_S0417,SITE_001,0,0,0,0,0,0,168
SITE_001_S0418,SITE_001,0,0,0,0,0,0,168
SITE_001_S0419,SITE_001,0,1.374999970197678,2.384999960660934,3.444999942556024,8.124999830499291,22.02499953471124,1.316666666666667
SITE_001_S0420,SITE_001,0.5149999856948853,1.909999936819076,1.909999936819076,4.384999917820096,12.50999974831939,20.68999956920743,0.7
SITE_001_S0421,SITE_001,0,0,0,2.649999961256981,8.719999805092812,24.55999939329923,10.83333333333333
SITE_001_S0422,SITE_001,0,0,0,3.104999981820584,10.6349998190999,24.21999943256378,6.183333333333334
SITE_001_S0423,SITE_001,0.1649999916553497,0.1649999916553497,0.1649999916553497,0.4349999725818634,7.939999774098396,17.31999969109893,0.3166666666666666
SITE_001_S0424,SITE_001,0,0,0.324999988079071,3.294999957084656,3.729999929666519,17.9649996869266,5.7
SITE_001_S0425,SITE_001,0,0,0,3.244999915361404,12.66499961540103,24.94499934837222,18.83333333333333
SITE_001_S0426,SITE_001,0,0,0,0,7.844999745488167,24.50999937579036,42.68333333333333
SITE_001_S0427,SITE_001,0,0,0,1.43999994546175,1.43999994546175,1.670999951660633,12.7
SITE_001_S0428,SITE_001,0,0,0,0,0,12.07999983802438,101.3333333333333
SITE_001_S0429,SITE_001,0,0,0,0,0,12.07999983802438,125.1833333333333
SITE_001_S0430,SITE_001,0,0,0,0,0,0,168
SITE_001_S0431,SITE_001,0,0,0,0,0,0,168
SITE_001_S0432,SITE_001,0,0.1649999916553497,9.334999650716782,17.8199993185699,42.17999910563231,42.17999910563231,2.333333333333333
SITE_001_S0433,SITE_001,0,0.0350000001490116,0.4100000001490116,0.4800000004470348,42.02999912574887,42.65999910607934,5.183333333333334
SITE_001_S0434,SITE_001,0,0.0199999995529651,0.0199999995529651,0.0199999995529651,0.0499999988824129,30.16499917395413,105.3333333333333
SITE_001_S0435,SITE_001,0,0,0,9.644999790936708,9.69499978981912,21.98999964632094,9.2
SITE_001_S0436,SITE_001,0,0.0649999976158142,0.0649999976158142,0.0649999976158142,0.739499993622303,42.72449912689626,56.83333333333334
SITE_001_S0437,SITE_001,0,0,0,0.2549999915063381,2.574999880045652,29.9849990690127,15.83333333333333
SITE_001_S0438,SITE_001,0,0,0,0,0.2549999915063381,29.91999907139689,39.7
SITE_001_S0439,SITE_001,1.099999964237213,2.159999936819077,2.159999936819077,26.13499896973372,57.53499828651547,69.33999782055616,0.3333333333333333
SITE_001_S0440,SITE_001,0.1700000017881393,0.2749999985098839,0.2749999985098839,0.2749999985098839,50.3149985037744,69.35999782755971,0.6833333333333333
SITE_001_S0441,SITE_001,0,0,0,0,0,26.4099989682436,120.8333333333333
SITE_001_S0442,SITE_001,0,0,0,0,0,0.2749999985098839,144.7
SITE_001_S0443,SITE_001,0,0,0,6.894999891519547,29.79499962180853,29.79499962180853,8.333333333333334
SITE_001_S0444,SITE_001,0,0,0,10.39999973773956,23.45999951660633,40.19499935954809,12.68333333333333
SITE_001_S0445,SITE_001,0,0,0,0,0.3125000037252903,18.4724996201694,35.83333333333334
SITE_001_S0446,SITE_001,0,0,3.284999847412109,3.284999847412109,3.5974998511374,14.86249957606196,3.2
SITE_001_S0447,SITE_001,0,0,0,0.8399999886751175,6.314999878406525,11.03999971225858,6.833333333333333
SITE_001_S0448,SITE_001,1.10999995470047,1.534999951720238,1.534999951720238,2.599999904632568,7.644999787211418,13.63999961689115,0.1833333333333333
SITE_001_S0449,SITE_001,0,0,0,0,0,25.08499954640865,98.33333333333331
SITE_001_S0450,SITE_001,0,0,0,0,0,24.24499955773354,122.2
SITE_001_S0451,SITE_001,0,0,0,0,14.47499965131283,24.50499937683344,54.33333333333334
SITE_001_S0452,SITE_001,0,0,0,0,0,24.50499937683344,78.18333333333334
SITE_001_S0453,SITE_001,0,0,0,0,0.4699999988079071,16.35999974608421,29.83333333333333
SITE_001_S0454,SITE_001,0,0,0,1.024999976158142,1.494999974966049,17.38499972224236,11.7
SITE_001_S0455,SITE_001,0,0,0.0225000008940696,0.0225000008940696,3.167499892413616,9.507499642670156,58.83333333333334
SITE_001_S0456,SITE_001,0,0,0,0,0.0225000008940696,9.507499642670156,82.68333333333334
SITE_001_S0457,SITE_001,0,0,0,0.089999996125698,0.089999996125698,0.1124999970197677,168
SITE_001_S0458,SITE_001,0,0,0,0,0.089999996125698,0.089999996125698,168
SITE_001_S0459,SITE_001,0,0,0,0,3.024999906308949,3.26999990362674,57.33333333333334
SITE_001_S0460,SITE_001,0,0,0,0.1400000005960464,0.1400000005960464,3.319999908097088,8.683333333333334
SITE_001_S0461,SITE_001,0,0,0.1850000023841858,0.1850000023841858,0.1850000023841858,16.71499966084957,5.833333333333333
SITE_001_S0462,SITE_001,0,0,0,0,0.1850000023841858,16.71499966084957,29.7
SITE_001_S0463,SITE_001,0,0,0,0,0.3599999919533729,0.7099999934434891,32.33333333333334
SITE_001_S0464,SITE_001,0,0.1400000005960464,0.2749999910593033,0.324999988079071,0.684999980032444,0.8499999791383743,2.683333333333333
SITE_001_S0465,SITE_001,0,0,0.0455000028014183,0.075500002130866,6.630499912425876,12.20549975894392,28.33333333333333
SITE_001_S0466,SITE_001,0,0,0,6.799999877810478,11.85049980692565,19.0054996367544,9.2
SITE_001_S0467,SITE_001,0,0,0,0.9250000026077032,5.704999914392829,38.90549927949905,23.33333333333333
SITE_001_S0468,SITE_001,0,0,0,0,5.679999915882945,38.82999927736819,47.18333333333333
SITE_001_S0469,SITE_001,0,0,0,0.3899999819695949,0.5849999720230699,1.509999974630773,16.83333333333333
SITE_001_S0470,SITE_001,0,0,0,0,0.5849999720230699,0.5849999720230699,40.7
SITE_001_S0471,SITE_001,0,0.5749999731779099,3.864999935030937,5.27499991375953,5.539999903179705,6.079999879002571,2.333333333333333
SITE_001_S0472,SITE_001,0.0049999998882412,0.0049999998882412,0.0049999998882412,0.0750000001862645,5.61499990336597,5.764999897219241,26.18333333333333
SITE_001_S0473,SITE_001,0,0,0,0,0,14.16999969445169,91.33333333333331
SITE_001_S0474,SITE_001,0,0,0,0,0,8.89499978069216,115.2
SITE_001_S0475,SITE_001,0,0,0,3.739999926649034,8.95499977003783,9.06999976374209,18.83333333333333
SITE_001_S0476,SITE_001,0,0,0.0340000018477439,4.86399984639138,13.81899961642921,13.93399961013347,10.68333333333333
SITE_001_S0477,SITE_001,0,0,0,0,6.80499987769872,16.00899964477867,64.33333333333333
SITE_001_S0478,SITE_001,0,0,0,0.0749999955296516,0.0749999955296516,12.34399971365929,88.2
SITE_001_S0479,SITE_001,0,0,0,0,0,0.4899999983608722,75.83333333333333
SITE_001_S0480,SITE_001,0,0,0.4099999964237213,0.4099999964237213,0.4099999964237213,0.8999999947845936,5.183333333333334
SITE_001_S0481,SITE_001,0,0.0599999986588954,0.0599999986588954,0.2599999867379665,0.2599999867379665,1.089999984949827,7.833333333333333
SITE_001_S0482,SITE_001,0,0,0,0.319999985396862,0.5799999721348286,1.409999970346689,20.7
SITE_001_S0483,SITE_001,0,0,0,0,0,0.5799999721348286,140.8333333333333
SITE_001_S0484,SITE_001,0,0,0,0,0,0.319999985396862,164.6833333333333
SITE_001_S0485,SITE_001,0,0,0.3199999928474426,0.6499999761581421,0.6499999761581421,2.099999948404729,3.333333333333333
SITE_001_S0486,SITE_001,0,0.0899999998509883,0.8164999969303608,2.841499925591052,3.491499901749194,4.941499873995781,4.2
SITE_001_S0487,SITE_001,0,0,0.0549999997019767,0.7549999803304672,8.969999872148037,14.89649967942387,9.183333333333334
SITE_001_S0488,SITE_001,0,0.0999999940395355,0.6599999964237213,0.6599999964237213,0.6599999964237213,3.174999952316284,3.333333333333333
SITE_001_S0489,SITE_001,0,0,0.3299999833106994,0.8449999541044235,1.504999950528145,4.019999906420708,5.2
SITE_001_S0490,SITE_001,0,0,0,0,0,2.709999913349748,76.83333333333333
SITE_001_S0491,SITE_001,0,0,0,0,0,2.049999916926026,100.6833333333333
SITE_001_S0492,SITE_001,0,0.6749999895691872,1.229999985545874,7.994999948889017,29.97999964281917,50.46999943628907,1.333333333333333
SITE_001_S0493,SITE_001,0,0,0,0,19.47999943047762,50.66499881073833,37.2
SITE_001_S0494,SITE_001,0,0,0,0,11.41999967396259,14.83499961066991,49.83333333333334
SITE_001_S0495,SITE_001,0,0,0,0,0,0.0949999988079071,168
SITE_001_S0496,SITE_001,0,0,0,0,0,0,168
SITE_001_S0497,SITE_001,0,0,0,0,0.2199999950826168,0.2199999950826168,168
SITE_001_S0498,SITE_001,0,0,0,0.2199999988079071,1.690000001341105,6.964000031352043,18.33333333333333
SITE_001_S0499,SITE_001,0,0,0,1.934999937191606,2.154999935999513,54.22499880380929,8.2
SITE_001_S0500,SITE_001,0.1700000017881393,2.03999999165535,3.68499992787838,19.34499931335449,19.42499931156636,21.68499924428761,0.3333333333333333
SITE_001_S0501,SITE_001,0,0,0,0.0099999997764825,24.86999941058457,35.66499909386039,40.7
SITE_001_S0502,SITE_001,0,0,0,0,0.1749999895691871,2.944999957457185,86.33333333333333
SITE_001_S0503,SITE_001,0,0,0,0,0,0.0450000008568167,168
SITE_001_S0504,SITE_001,0,0,3.319999977014959,3.404999977909029,3.404999977909029,3.404999977909029,4.333333333333333
SITE_001_S0505,SITE_001,0,0,0,0,2.244999906979501,9.354999645613134,49.2
SITE_001_S0506,SITE_001,0,0,0,0,0,0,168
SITE_001_S0507,SITE_001,0,0.3249999955296516,0.3249999955296516,0.3249999955296516,2.094999924302101,2.094999924302101,1.7
SITE_001_S0508,SITE_001,1.949999928474426,6.114999890327454,6.264999881386757,6.5299998736009,6.5299998736009,8.524499802850187,0.3333333333333333
SITE_001_S0509,SITE_001,0,0,0,0,0,16.03999963309616,112.2
SITE_001_S0510,SITE_001,0,0,0,0,0,23.97999919950962,74.33333333333333
SITE_001_S0511,SITE_001,0,0,0,0,0,0.4599999785423279,75.7
SITE_001_S0512,SITE_001,0,0,0,0.0799999982118606,0.0799999982118606,2.894999906420708,82.33333333333333
SITE_001_S0513,SITE_001,0,0,0,0,0,0.0629999991506338,168
SITE_001_S0514,SITE_001,0,0,0.1099999984726309,0.8949999799951911,0.8949999799951911,2.539999927394092,8.833333333333334
SITE_001_S0515,SITE_001,0,0,0,0,2.084999993443489,2.864999994635582,40.7
SITE_001_S0516,SITE_001,0,0,0.3299999972805381,1.724999978207052,15.12999963667244,30.57499936874956,5.333333333333333
SITE_001_S0517,SITE_001,0,0,0,0.1700000017881393,0.1700000017881393,6.649999916553497,15.7
SITE_001_S0518,SITE_001,0,0,0.1749999970197677,0.8849999867379665,0.8849999867379665,2.451999954879284,4.333333333333333
SITE_001_S0519,SITE_001,0,0,0,0,20.58999966084957,33.7899994077161,42.2
SITE_001_S0520,SITE_001,0,0,0,0,0,0.3349999785423279,162.3333333333333
SITE_001_S0521,SITE_001,0,0,0,0,0,14.16999981738627,73.7
SITE_001_S0522,SITE_001,0,0,0,1.429999947547913,10.7599997445941,28.18499935232103,15.83333333333333
SITE_001_S0523,SITE_001,0,0,0,0,0,12.16449968051165,104.7
SITE_001_S0524,SITE_001,0,0,0,0,0,1.964999943971634,74.7
SITE_001_S0525,SITE_001,0,0,0,6.144999787211418,12.51499957498163,12.51499957498163,18.33333333333333
SITE_001_S0526,SITE_001,0.0599999986588954,2.479999985545874,5.039999928325415,5.359999921172857,6.049999918788672,6.369999904185534,1.2
SITE_001_S0527,SITE_001,0,0,0,0,0.345999994315207,6.40099991299212,29.33333333333333
SITE_001_S0528,SITE_001,0,0,0,0,0,6.964999817311764,122.7
SITE_001_S0529,SITE_001,0,0,0,0,0,0,168
SITE_001_S0530,SITE_001,0,0,0,0,4.404999932274222,7.46999984420836,54.7
SITE_001_S0531,SITE_001,0,0,0,1.40999998152256,1.40999998152256,1.40999998152256,13.83333333333333
SITE_001_S0532,SITE_001,0,0,0,0,0.0860000029206276,0.4409999893978238,75.2
SITE_001_S0533,SITE_001,2.059999883174896,8.589999735355377,9.594999715685844,9.98499970138073,30.20999943185598,30.20999943185598,0.3333333333333333
SITE_001_S0534,SITE_001,0,0,0,22.61499931663275,41.444998934865,64.18999808654189,14.2
SITE_001_S0535,SITE_001,0,0,0,0.3199999928474426,7.289999902248383,50.50999871641397,17.83333333333333
SITE_001_S0536,SITE_001,0.0549999997019767,0.0549999997019767,0.0549999997019767,5.789999827742577,7.454999763518572,11.38999966718256,6.2
SITE_001_S0537,SITE_001,0,0.2299999967217445,0.369999997317791,0.4049999974668026,7.296499874442816,17.31649962067604,1.833333333333333
SITE_001_S0538,SITE_001,0,0,0,0,0,0.1799999922513961,168
SITE_001_S0539,SITE_001,0,0,0,2.309999939054251,2.309999939054251,2.324999938718975,15.83333333333333
SITE_001_S0540,SITE_001,0,0,0,4.419999833218753,4.419999833218753,18.15499950852245,6.2
SITE_001_S0541,SITE_001,0,0.0249999985098838,0.1999999955296516,0.1999999955296516,8.789999737404287,15.74499950185418,33.83333333333334
SITE_001_S0542,SITE_001,0,0,0,0,0.737499974668026,1.792499952949584,29.2
SITE_001_S0543,SITE_001,0,0.0399999991059303,0.0399999991059303,7.92999979108572,9.654999732971191,15.88249953370541,13.33333333333333
SITE_001_S0544,SITE_001,0,0,0,0,0,0.4849999919533729,157.7
SITE_001_S0545,SITE_001,0,0,0.1299999952316284,0.1799999922513961,9.739999685436487,26.5749993249774,3.833333333333333
SITE_001_S0546,SITE_001,0,0,0,0,8.009999874979258,12.77499973773956,25.7
SITE_001_S0547,SITE_001,0,0,0.0610000044107437,0.0610000044107437,0.8659999622032046,15.23099954519421,68.33333333333333
SITE_001_S0548,SITE_001,0,0,0,0,2.854999922215939,4.619999902322888,62.2
SITE_001_S0549,SITE_001,0,0,0,0,0,0,168
SITE_001_S0550,SITE_001,0.0249999994412064,1.204999973066151,2.914999946020544,10.66999982018024,28.06499925535172,28.15499925147742,1.2
SITE_001_S0551,SITE_001,0,0,0,0,6.669999880716205,53.81999863497913,40.83333333333334
SITE_001_S0552,SITE_001,0.3349999859929085,0.529999976977706,0.606999984011054,2.9819999281317,9.796999774873257,33.06699930131435,0.2
SITE_001_S0553,SITE_001,0,0,0,0,3.459999932907522,34.78199901338667,50.33333333333334
SITE_001_S0554,SITE_001,0,0,0,21.26999933179468,49.44999896269292,53.49999882280827,10.7
SITE_001_S0555,SITE_001,0,0,0,0,4.089999972842634,69.73499858658761,39.33333333333334
SITE_001_S0556,SITE_001,0,0,0,0,0,6.51499991863966,75.2
SITE_001_S0557,SITE_001,0,0,0,0,0,0,168
SITE_001_S0558,SITE_001,0,0,0,0,0.1499999966472387,0.3279999885708093,168
SITE_001_S0559,SITE_001,0,0,0,0,0,0,168
SITE_001_S0560,SITE_001,0,0,0,0.2899999916553497,2.444999936036766,2.444999936036766,22.7
SITE_001_S0561,SITE_001,0.2599999904632568,1.634999945759773,4.284999862313271,10.46999971568584,10.46999971568584,13.51999963354319,0.8333333333333334
SITE_001_S0562,SITE_001,0,0,0,0,0.0795000046491622,0.0795000046491622,168
SITE_001_S0563,SITE_001,0,0,0,0,0,0.0795000046491622,168
SITE_001_S0564,SITE_001,0,2.389999985694885,2.389999985694885,3.019999980926514,7.339999884366989,28.37999946624041,1.7
SITE_001_S0565,SITE_001,0,0,0.6100000143051147,5.239999748766422,10.86999965086579,19.9399994648993,5.333333333333333
SITE_001_S0566,SITE_001,1.849999964237213,1.849999964237213,1.849999964237213,4.879999905824661,24.91499954089522,47.24999908730388,0.2
SITE_001_S0567,SITE_001,1.749999940395355,2.019999928772449,5.884999752044678,6.799999721348286,12.19999956339598,43.48499887995422,0.3333333333333333
SITE_001_S0568,SITE_001,0,0,0.0099999997764825,5.234999796375632,5.239999796263874,20.018499516882,7.2
SITE_001_S0569,SITE_001,3.120000004768372,6.409999907016754,8.099999889731407,8.91999987512827,15.72499979287386,20.96499958913773,0.3333333333333333
SITE_001_S0570,SITE_001,0,0,0,0,0.0850000008940696,4.510000005364418,83.2
SITE_001_S0571,SITE_001,0.5049999952316284,0.5049999952316284,0.5049999952316284,5.009999848902225,18.32499961927533,20.73499958403409,0.3333333333333333
SITE_001_S0572,SITE_001,0,0,0.0340000018477439,0.0340000018477439,0.0340000018477439,14.11399965174496,76.7
SITE_001_S0573,SITE_001,0,0,0,3.734999924898148,3.734999924898148,6.653999859467149,13.33333333333333
SITE_001_S0574,SITE_001,0,0,0,0.2399999909102916,11.78999973461032,39.60999931767583,26.7
SITE_001_S0575,SITE_001,0,0,0,0,1.779999956488609,14.80499966070056,53.33333333333334
SITE_001_S0576,SITE_001,0,0,0,0,0,1.194999977946281,78.7
SITE_001_S0577,SITE_001,0,0,0,0,0,0,168
SITE_001_S0578,SITE_001,0,0,0,0,0,0.0325000025331974,168
SITE_001_S0579,SITE_001,0,0,0,0,0,0.3049999829381704,91.83333333333331
SITE_001_S0580,SITE_001,0,0,0,0,0,0.3149999976158142,149.2
SITE_001_S0581,SITE_001,0,0,0,24.53999928571284,27.37999921198934,38.74999876786024,8.333333333333334
SITE_001_S0582,SITE_001,0,0,1.134999930858612,1.294999927282333,7.059999823570252,7.059999823570252,5.2
SITE_001_S0583,SITE_001,0,0,1.589999932795763,4.029999852180481,4.029999852180481,6.016499750316143,3.333333333333333
SITE_001_S0584,SITE_001,0,1.824999988079071,4.94999984651804,5.009999845176935,54.26499912515283,55.99999908730388,2.2
SITE_001_S0585,SITE_001,0,0,0.0649999976158142,0.0649999976158142,1.644999980926514,6.654999826103449,35.33333333333334
SITE_001_S0586,SITE_001,0,1.53499998152256,3.444999910891056,7.764999836683273,10.81999976560473,11.22999976202846,1.2
SITE_001_S0587,SITE_001,0,0,1.375,1.375,14.25999971479178,39.31999953463674,4.333333333333333
SITE_001_S0588,SITE_001,0,0,0,0.2649999856948852,10.90499972179532,31.29099913965911,14.7
SITE_001_S0589,SITE_001,0,0,0,0,1.924999952316284,20.99499955773354,33.33333333333334
SITE_001_S0590,SITE_001,0,0,0,0.3499999940395355,0.7299999892711639,54.61999851465225,10.7
SITE_001_S0591,SITE_001,0,0,0,0,10.13499961234629,18.81499954126776,42.83333333333334
SITE_001_S0592,SITE_001,0,0,0,0,0,0,168
SITE_001_S0593,SITE_001,0,0,0,0,11.88000000175089,18.67499989550561,58.33333333333334
SITE_001_S0594,SITE_001,0,0,0,11.76499974634498,12.35499972291291,22.38499939255416,10.7
SITE_001_S0595,SITE_001,0,0,0,0.1799999913200736,0.1799999913200736,15.10999955702573,11.33333333333333
SITE_001_S0596,SITE_001,0,0,0,0.7899999767541885,0.7899999767541885,3.684999917633832,18.2
SITE_001_S0597,SITE_001,0,0,0,0,10.92499972414225,28.7649992723018,52.2
SITE_001_S0598,SITE_001,0,1.139999985694885,3.434999914839864,16.39999950118363,33.15499916765839,33.15499916765839,2.833333333333333
SITE_001_S0599,SITE_001,0,0,0.2899999916553497,3.584999918006361,20.48999952990562,30.8999992730096,5.2
SITE_001_S0600,SITE_001,0.7049999833106995,1.85999995470047,2.254999935626984,4.539999890141189,20.27999958489091,41.4349989593029,0.3333333333333333
SITE_001_S0601,SITE_001,0.7699999772012234,4.229999791830778,8.229999788105488,30.21499910205602,30.66499910503626,45.53499886766076,0.7
SITE_001_S0602,SITE_001,0,0,0,1.804999977350235,12.05499957501888,30.1149991331622,12.7
SITE_001_S0603,SITE_001,0,0,0,0,0.0350000001490116,3.364999923855066,83.83333333333333
SITE_001_S0604,SITE_001,0,0,0,0,0,24.46999944746494,126.2
SITE_001_S0605,SITE_001,0.0049999998882412,2.094999958761036,7.914999681524932,8.459999673999846,8.999999650754035,14.924999573268,1.833333333333333
SITE_001_S0606,SITE_001,0,0,0,0,6.954999907873571,21.53499955032021,44.2
SITE_001_S0607,SITE_001,0,0,0,23.86999931745231,25.2599993031472,26.99499928764999,8.333333333333334
SITE_001_S0608,SITE_001,0,0,0,1.360000014305115,29.06499942578376,50.73499906715006,22.2
SITE_001_S0609,SITE_001,0,0,0.2699999865144491,0.6849999744445086,6.53999980725348,21.88499946705997,4.833333333333333
SITE_001_S0610,SITE_001,0,0,0,0,0.7599999625235796,62.51999919209629,46.7
SITE_001_S0611,SITE_001,0,0,0,0,0,0.749999962747097,166.8333333333333
SITE_001_S0612,SITE_001,0,0,0,0,15.52499975264072,15.52999975252896,51.2
SITE_001_S0613,SITE_001,0,0,0,0,3.629999931901693,6.964999835938215,34.33333333333334
SITE_001_S0614,SITE_001,0,0,5.579999729990959,5.609999729320407,5.759999725967646,7.974999656900764,3.2
SITE_001_S0615,SITE_001,0,0,0,0,0.0299999993294477,5.789999725297093,123.3333333333333
SITE_001_S0616,SITE_001,0,0,0,0,3.299999890848994,26.30999903567136,56.2
SITE_001_S0617,SITE_001,0.3050000071525574,0.8849999904632568,0.8999999901279807,0.8999999901279807,5.799999880604446,9.864999772049488,0.8333333333333334
SITE_001_S0618,SITE_001,0,0,0,0.5599999949336052,5.124999952502549,36.09999919589609,21.7
SITE_001_S0619,SITE_001,0,0,0,0.7099999785423279,0.8449999690055847,7.614999828860164,17.33333333333333
SITE_001_S0620,SITE_001,0,0,0,0,0.2599999979138374,1.954999966546893,117.2
SITE_001_S0621,SITE_001,0,0,0,3.829999893903732,32.17999941296875,32.56999939866364,8.833333333333334
SITE_001_S0622,SITE_001,0,0,0,0,0.5999999828636646,14.19999968260527,49.2
SITE_001_S0623,SITE_001,0,0,0,0,4.304999891668558,5.154999889433384,52.83333333333334
SITE_001_S0624,SITE_001,1.724999964237213,1.799999959766865,1.799999959766865,6.360000014305115,11.59499989636242,25.90999961923808,0.2
SITE_001_S0625,SITE_001,0,0,0.1149999946355819,3.289999892003834,24.8899994622916,40.33499925676733,3.333333333333333
SITE_001_S0626,SITE_001,0,0,1.384999930858612,12.04999957140535,37.66999898571521,46.16499865148216,4.7
SITE_001_S0627,SITE_001,0,0,0,2.159999950788915,2.904999928548932,45.18499886244536,13.33333333333333
SITE_001_S0628,SITE_001,0,0,0,0,0.4399999976158142,0.4399999976158142,55.2
SITE_001_S0629,SITE_001,0,0,0,0,4.674999840557575,4.684999840334058,24.33333333333333
SITE_001_S0630,SITE_001,0,0,0,0,0,0.4750000014901161,79.2
SITE_001_S0631,SITE_001,0.1550000011920929,0.1550000011920929,0.1550000011920929,0.4149999916553497,3.409999970346689,4.489999951794744,0.3333333333333333
SITE_001_S0632,SITE_001,0,0,0,0,0,18.68999955896288,81.7
SITE_001_S0633,SITE_001,0,0,0,0,0,0,168
SITE_001_S0634,SITE_001,0,0,0,0,0,0,168
SITE_001_S0635,SITE_001,0,0,0,0,0,0,168
SITE_001_S0636,SITE_001,0,0,0,0,0.1199999973177909,5.514999879524112,34.2
SITE_001_S0637,SITE_001,0,0,0,0,0,0.1199999973177909,154.3333333333333
SITE_001_S0638,SITE_001,0,0,0,0,0,0,168
SITE_001_S0639,SITE_001,0,1.739999949932098,2.909999937750399,2.909999937750399,2.909999937750399,2.909999937750399,1.833333333333333
SITE_001_S0640,SITE_001,0,0,0,0,7.449999772012234,20.56499942298979,49.7
SITE_001_S0641,SITE_001,0,0,0,12.65499971807003,24.48999948613346,30.76999924145639,7.333333333333333
SITE_001_S0642,SITE_001,0,0,0,0,0,12.65499971807003,151.3166666666667
SITE_001_S0643,SITE_001,0,0,0,0,0,0,168
SITE_001_S0644,SITE_001,0,0,0,0,0,5.969999852590263,84.83333333333333
SITE_001_S0645,SITE_001,0,0,0,0,0,5.969999852590263,108.6833333333333
SITE_001_S0646,SITE_001,0,0,0,0,0,0,168
SITE_001_S0647,SITE_001,0,0,0,0,0,0,168
SITE_001_S0648,SITE_001,0,0,0,0,0,0,168
SITE_001_S0649,SITE_001,0,0,0,0,0,0,168
SITE_001_S0650,SITE_001,0,0.5849999878555536,1.29999995790422,10.44499977491796,10.49499977193773,10.49499977193773,2.316666666666667
SITE_001_S0651,SITE_001,0,0,0,1.354999955743551,11.84999972768128,11.84999972768128,10.7
SITE_001_S0652,SITE_001,0,0,0,0,1.834999935701489,24.42499949783087,45.33333333333334
SITE_001_S0653,SITE_001,0,0,0,12.39999967813492,13.74499963410199,26.37999940104782,8.683333333333334
SITE_001_S0654,SITE_001,0,0,0.4549999833106994,9.0149996727705,9.0149996727705,21.44499935023486,4.316666666666666
SITE_001_S0655,SITE_001,0.5499999970197678,2.489999935030937,2.489999935030937,2.864999927580357,11.87999960035086,24.30999927781522,0.2
SITE_001_S0656,SITE_001,0,0,0,0,0.125,19.75999939441681,102.3333333333333
SITE_001_S0657,SITE_001,0,0,0,0,0.0850000008940696,10.74499972164631,126.1833333333333
SITE_001_S0658,SITE_001,0,0,0,0,0,24.989999525249,72.81666666666666
SITE_001_S0659,SITE_001,0,0,0,0,0,24.989999525249,96.7
SITE_001_S0660,SITE_001,0,0,0,0,0.3499999940395355,0.3499999940395355,38.83333333333334
SITE_001_S0661,SITE_001,0,0,0,1.139999955892563,1.489999949932098,1.489999949932098,16.68333333333333
SITE_001_S0662,SITE_001,0,0,0,0,2.314999938011169,10.21499971766025,71.31666666666666
SITE_001_S0663,SITE_001,0,0,0,0,0,10.21499971766025,95.2
SITE_001_S0664,SITE_001,0,0,0,4.699999868869781,6.834999754093587,35.36999906506389,7.333333333333333
SITE_001_S0665,SITE_001,0,0,0.2599999979138374,10.85999976657331,16.10499960649759,46.2299988316372,3.683333333333333
SITE_001_S0666,SITE_001,0,0,0,0,0,15.70999963115901,117.8166666666667
SITE_001_S0667,SITE_001,0,0,0,0,0,11.00999976228923,141.7
SITE_001_S0668,SITE_001,0,0,0,0,0,1.764999970793724,74.83333333333333
SITE_001_S0669,SITE_001,0,0,0,1.125,1.125,2.889999970793724,21.68333333333333
SITE_001_S0670,SITE_001,0,0,0,0,5.674999916926026,20.55999971367419,33.31666666666667
SITE_001_S0671,SITE_001,0,0,0,0,0.1099999994039535,20.55999971367419,57.2
SITE_001_S0672,SITE_001,0,0,0.6349999755620956,1.654999955557287,1.93999994546175,3.789999887347221,4.333333333333333
SITE_001_S0673,SITE_001,0,0.5349999889731407,0.6149999871850014,0.6149999871850014,2.529999933205545,4.404999874532223,1.183333333333333
SITE_001_S0674,SITE_001,0,0,0.5849999785423279,4.064999957568944,17.79999968409538,29.06999942474067,4.316666666666666
SITE_001_S0675,SITE_001,0,0,0,0,9.669999827630818,27.41499946918339,28.2
SITE_001_S0676,SITE_001,0,0,0,0,0,2.759999869391322,105.1833333333333
SITE_001_S0677,SITE_001,0,0,0,0,0.3299999833106994,0.4899999815970659,65.31666666666666
SITE_001_S0678,SITE_001,0,0,0,0,0,0.4899999815970659,89.2
SITE_001_S0679,SITE_001,0,0,0,0.1049999976530671,0.1049999976530671,0.1049999976530671,168
SITE_001_S0680,SITE_001,0,0,0,0,0.1049999976530671,0.1049999976530671,168
SITE_001_S0681,SITE_001,0,0,0,2.995000004768372,6.364999905228615,6.469999902881682,12.31666666666667
SITE_001_S0682,SITE_001,0,0,0,0.9399999901652336,6.864999920129776,7.304999895393848,14.7
SITE_001_S0683,SITE_001,0,0,0,4.104999959468842,5.299999938346446,24.41999965813011,9.333333333333334
SITE_001_S0684,SITE_001,0,0,0,2.599999945610762,7.164999905973673,24.0249995989725,8.683333333333334
SITE_001_S0685,SITE_001,0,0.0099999997764825,0.0099999997764825,15.15999974496663,61.44999952893704,68.15499943401664,19.81666666666666
SITE_001_S0686,SITE_001,0,0,0,0.5399999804794788,59.5399995772168,64.58999945502728,8.7
SITE_001_S0687,SITE_001,0,0,0,0.1849999949336052,7.849999783560634,27.10499937459826,14.33333333333333
SITE_001_S0688,SITE_001,0,0,0,0.1349999941885471,0.6999999843537807,12.07999962382019,38.18333333333333
SITE_001_S0689,SITE_001,0.4199999868869781,0.4399999864399433,0.4399999864399433,1.684999961405993,8.46999984420836,9.769999800249934,0.8166666666666667
SITE_001_S0690,SITE_001,0,0,0,0.4349999949336052,8.899999839253724,10.01999980024993,10.7
SITE_001_S0691,SITE_001,0,0,0,0,0.5899999784305692,3.774999908171594,32.33333333333334
SITE_001_S0692,SITE_001,0,0,0,0,0.3349999859929085,2.089999946765602,56.18333333333333
SITE_001_S0693,SITE_001,0,0.6450000032782555,2.369999967515469,21.12999948859215,23.65499937534332,23.66499937511981,1.316666666666667
SITE_001_S0694,SITE_001,0,0.1449999958276748,0.1599999954923987,7.664999841712415,31.31999921705573,31.32999921683222,16.7
SITE_001_S0695,SITE_001,0,0,0,0,0.0049999998882412,30.20999930612743,88.83333333333333
SITE_001_S0696,SITE_001,0,0,0,0,0.0049999998882412,9.07999981753528,112.6833333333333
SITE_001_S0697,SITE_001,0,0,0,0,0,0,168
SITE_001_S0698,SITE_001,0,0,0,0,0,0,168
SITE_001_S0699,SITE_001,0,0,0,0.1449999958276748,11.86499971523881,11.87499971501529,24.83333333333333
SITE_001_S0700,SITE_001,0,1.779999971389771,5.639999911189079,6.024999901652336,10.68499977141619,17.89999961666763,2.683333333333333
SITE_001_S0701,SITE_001,0,0,0,0.1799999959766864,4.534999861381948,16.58999961894006,39.7
SITE_001_S0702,SITE_001,0,0,0,1.070000002160668,13.16499979235232,23.25999949965626,14.33333333333333
SITE_001_S0703,SITE_001,0,0,0,0.0949999978765845,12.77999980095774,20.22499960381538,38.18333333333333
SITE_001_S0704,SITE_001,0,0,0,0,0.2299999911338091,2.089999966323376,79.81666666666666
SITE_001_S0705,SITE_001,0,0,0,0,0,1.019999964162707,103.7
SITE_001_S0706,SITE_001,0,2.509999871253968,3.099999845027924,3.389999843202532,13.85999961197376,24.37499943282455,1.183333333333333
SITE_001_S0707,SITE_001,0,0,0,0,0.2899999879300594,4.229999821633101,61.2
SITE_001_S0708,SITE_001,0,0,0,0,2.969999948516488,5.295000007376075,57.33333333333334
SITE_001_S0709,SITE_001,0,0,0.2699999809265136,2.669999941252172,2.669999941252172,7.964999948628247,5.183333333333334
SITE_001_S0710,SITE_001,0,0.0199999995529651,0.1749999988824129,3.614999884739518,10.87999960966408,15.5849995110184,5.816666666666666
SITE_001_S0711,SITE_001,0,0,0,0.0199999995529651,10.89999960921705,15.60499951057136,29.7
SITE_001_S0712,SITE_001,0,0,4.579999774694443,29.19499903265387,50.58499853312969,58.01999833062291,3.333333333333333
SITE_001_S0713,SITE_001,0.9600000083446504,2.369999974966049,4.599999904632568,10.28999971970916,56.73999839834869,64.69499816559255,0.1833333333333333
SITE_001_S0714,SITE_001,0,0,0,0,0,42.05499869864434,117.3166666666667
SITE_001_S0715,SITE_001,0,0.2899999916553497,0.5699999816715717,0.9849999640136956,0.9849999640136956,13.84499963000417,1.7
SITE_001_S0716,SITE_001,0.1050000004470348,0.2399999946355819,0.6149999815970659,2.5799999255687,7.079999813809991,8.794999754056334,1.333333333333333
SITE_001_S0717,SITE_001,0,0,0,0.2999999932944774,3.249999915249646,9.094999747350812,12.68333333333333
SITE_001_S0718,SITE_001,0,0,0,0,0,5.509999757632613,109.8166666666667
SITE_001_S0719,SITE_001,0,0,0,0,0,2.929999832063913,133.7
SITE_002_S0001,SITE_002,0,1.209999978542328,1.209999978542328,1.209999978542328,1.209999978542328,14.16999962925911,1.816666666666667
SITE_002_S0002,SITE_002,0,0,0,0,0.7749999761581421,26.98499925900251,42.68333333333333
SITE_002_S0003,SITE_002,0,0,0,0,0.2750000059604645,1.049999982118607,24.81666666666666
SITE_002_S0004,SITE_002,0,0,0.0365000031888484,0.146500002592802,4.401499927043915,20.68649968504906,18.18333333333333
SITE_002_S0005,SITE_002,0,0,0,0,0,6.89149992633611,73.81666666666666
SITE_002_S0006,SITE_002,0,0,0,0,14.87499966472387,19.58999957889318,29.18333333333333
SITE_002_S0007,SITE_002,0,0,0,0.0999999940395355,3.72499992698431,7.254999851807952,64.81666666666666
SITE_002_S0008,SITE_002,0,0,0,0,0.4149999767541885,32.81049983203411,57.18333333333333
SITE_002_S0009,SITE_002,0,0,0,0.2349999919533729,0.2349999919533729,0.2649999912828207,9.316666666666666
SITE_002_S0010,SITE_002,0.6099999696016312,0.8899999707937241,1.174999952316284,5.794999837875366,10.94499971531332,69.52499810419977,0.1833333333333333
SITE_002_S0011,SITE_002,0,0,0,0,5.769999839365482,27.63349928706884,42.81666666666667
SITE_002_S0012,SITE_002,0,0,0.5249999761581421,0.5999999716877937,3.304999940097332,17.06499975174665,5.816666666666666
SITE_002_S0013,SITE_002,0,0,0,0,26.26999940723181,31.09499923139811,42.18333333333333
SITE_002_S0014,SITE_002,0,0,0,0,3.919999919831753,26.24049933627248,38.68333333333333
SITE_002_S0015,SITE_002,0,0,5.064999803900719,6.239999778568745,6.729999772273004,11.43999969866127,3.316666666666667
SITE_002_S0016,SITE_002,0,0,0,0,0,10.21499973721802,129.1833333333333
SITE_002_S0017,SITE_002,0.4299999922513962,1.204999960958958,1.204999960958958,1.369999952614307,10.78999962750822,10.78999962750822,0.3166666666666666
SITE_002_S0018,SITE_002,0,0,0,0,10.09499984793365,10.79999982286245,29.18333333333333
SITE_002_S0019,SITE_002,0,0,0,7.309999875724316,7.691999856382608,17.78699970431626,6.316666666666666
SITE_002_S0020,SITE_002,0,0,0,0,0,5.359999815933406,141.6833333333333
SITE_002_S0021,SITE_002,0,0,0,0,0,0,168
SITE_002_S0022,SITE_002,0,0,0,0,0,8.969999726861715,110.6833333333333
SITE_002_S0023,SITE_002,0,0,0,0,0,0,168
SITE_002_S0024,SITE_002,0,0,0,0,0,0,168
SITE_002_S0025,SITE_002,0,0,0,3.279999829828739,5.641499754041433,7.696499686688185,14.31666666666667
SITE_002_S0026,SITE_002,0,0,0,0,5.104999765753746,7.696499686688185,38.18333333333333
SITE_002_S0027,SITE_002,0,0,0,0,0,3.279999829828739,158.3166666666667
SITE_002_S0028,SITE_002,0,0,0,0,0,0,168
SITE_002_S0029,SITE_002,0,0,1.544999957084656,10.35499983280897,10.37999983131886,10.37999983131886,4.816666666666666
SITE_002_S0030,SITE_002,0,0,0,0,10.37999983131886,10.37999983131886,28.68333333333333
SITE_002_S0031,SITE_002,0,0,0,6.194999873638153,21.9649996496737,36.41999923065305,14.16666666666667
SITE_002_S0032,SITE_002,0,0,0,0,1.834999933838844,10.02999974787235,61.31666666666667
SITE_002_S0033,SITE_002,0,0,0,0,0.5329999923706055,0.6079999906942248,27.31666666666666
SITE_002_S0034,SITE_002,0,0,0,0.7149999961256981,0.9299999848008156,2.354999925941229,16.31666666666667
SITE_002_S0035,SITE_002,0,0,0,0,0.7149999961256981,2.354999925941229,40.18333333333333
SITE_002_S0036,SITE_002,0,0,0,1.564999986439943,2.059999968856573,7.764999832957983,18.31666666666666
SITE_002_S0037,SITE_002,0,0,0,6.994999945163727,8.984999913722277,14.04499978199601,11.16666666666667
SITE_002_S0038,SITE_002,0,0,0.2699999809265136,11.54499992728233,12.39999988302588,51.78999961167574,3.683333333333333
SITE_002_S0039,SITE_002,0,0,0,0,0.3449999988079071,25.04999971017241,53.31666666666667
SITE_002_S0040,SITE_002,0,0,0,0,0.564499992877245,0.7994999922811985,44.31666666666667
SITE_002_S0041,SITE_002,0,0,0,0,0.564499992877245,0.7994999922811985,68.18333333333334
SITE_002_S0042,SITE_002,0,0,0,2.494999963790178,4.004999902099371,4.004999902099371,10.31666666666667
SITE_002_S0043,SITE_002,0,0,0.0149999996647238,0.8499999847263098,4.854999886825681,4.854999886825681,11.66666666666667
SITE_002_S0044,SITE_002,0,0,0,0,0,14.4999996740371,75.81666666666666
SITE_002_S0045,SITE_002,0,0,0,0,0,12.00499971024692,99.68333333333334
SITE_002_S0046,SITE_002,0,0,0,0,0.0099999997764825,0.0099999997764825,168
SITE_002_S0047,SITE_002,0,0,0,0,6.499999820254743,19.92999958153814,27.31666666666666
SITE_002_S0048,SITE_002,0,0,0,0.514999995008111,5.134999820031226,20.44499957654625,22.68333333333333
SITE_002_S0049,SITE_002,0,0,0.0495000034570694,0.0495000034570694,0.0495000034570694,0.5644999984651804,142.8166666666667
SITE_002_S0050,SITE_002,0,0,3.344999849796295,9.424999728798866,9.474499732255936,9.989499727264048,3.666666666666667
SITE_002_S0051,SITE_002,0,0.9099999666213988,0.9099999666213988,0.9099999666213988,1.679999947547913,11.68949966132641,2.816666666666667
SITE_002_S0052,SITE_002,0,0,0,0.2750000059604645,1.184999972581863,11.9149996638298,21.68333333333333
SITE_002_S0053,SITE_002,0.3149999976158142,6.189999997615814,16.61499971151352,41.66999901086092,41.66999901086092,48.52999888639897,0.8166666666666667
SITE_002_S0054,SITE_002,0,0,0.5649999976158142,0.699999988079071,42.36999899893999,48.31999890785664,5.666666666666667
SITE_002_S0055,SITE_002,0,0,0,0,0,42.99999899417162,116.3166666666667
SITE_002_S0056,SITE_002,0,0,0,0,0,1.3299999833107,140.1833333333333
SITE_002_S0057,SITE_002,0,0,0,0,0,0,168
SITE_002_S0058,SITE_002,0,0,0,0,0,0,168
SITE_002_S0059,SITE_002,0,0,0,1.329999923706055,8.169999808073044,9.694999725557864,23.81666666666666
SITE_002_S0060,SITE_002,0,0,0.0659999996423721,0.0659999996423721,8.235999807715416,9.760999725200236,47.68333333333333
SITE_002_S0061,SITE_002,0,0,0,0,0.0749999973922967,8.425999766215682,73.81666666666666
SITE_002_S0062,SITE_002,0,0,0,0,0.0299999993294477,7.095999842509627,97.66666666666669
SITE_002_S0063,SITE_002,0,0,0.1499999910593032,0.1949999891221523,0.6149999760091305,0.6299999756738544,4.316666666666666
SITE_002_S0064,SITE_002,0,0,0,0.1949999937787652,0.3899999829009175,0.8249999694526196,28.18333333333333
SITE_002_S0065,SITE_002,0,0,0,0,0,0.3899999829009175,148.3166666666667
SITE_002_S0066,SITE_002,0,0,0,0,0,0.1949999937787652,168
SITE_002_S0067,SITE_002,0,0.089999996125698,0.089999996125698,12.14999963529408,40.4949992056936,42.43999918922782,6.816666666666666
SITE_002_S0068,SITE_002,0,0,0,0,31.91499928198755,42.43999918922782,30.68333333333333
SITE_002_S0069,SITE_002,0,0.1499999947845935,0.1649999944493174,0.1649999944493174,12.89899980463088,37.53899897728115,2.816666666666667
SITE_002_S0070,SITE_002,0,0,0,2.149999871850014,5.613999809138477,27.53899921383709,15.66666666666667
SITE_002_S0071,SITE_002,0,0,0,0,0.8599999770522118,21.90999944321811,58.31666666666667
SITE_002_S0072,SITE_002,0,0,0,21.73499924317002,21.73499924317002,43.47999869193882,14.68333333333333
SITE_002_S0073,SITE_002,0,0,0,0.0099999997764825,0.0099999997764825,21.74499924294651,134.8166666666667
SITE_002_S0074,SITE_002,0,0,0,0,0.0099999997764825,21.74499924294651,158.6666666666667
SITE_002_S0075,SITE_002,0,0.2149999886751175,0.2149999886751175,0.3399999886751175,13.26999988779426,13.27999988757074,1.316666666666667
SITE_002_S0076,SITE_002,0,0,0,3.334999959915876,7.174999870359898,16.60499984771013,6.683333333333334
SITE_002_S0077,SITE_002,0,0,0.125,0.125,0.125,3.809999948367477,3.816666666666667
SITE_002_S0078,SITE_002,0,0,0,0,0.125,3.469999959692359,27.66666666666667
SITE_002_S0079,SITE_002,0,0,0.0205000005662441,5.515499886125326,6.825499820522964,7.810499819926917,8.316666666666666
SITE_002_S0080,SITE_002,0,0,0,2.530000030994416,8.060499916784465,10.21549985092133,12.18333333333333
SITE_002_S0081,SITE_002,0,0,0,0,0,8.045499917119741,132.3166666666667
SITE_002_S0082,SITE_002,0,0,0,0,0,2.530000030994416,156.1666666666667
SITE_002_S0083,SITE_002,0,0,0,5.209999976679683,6.949999926611781,6.949999926611781,15.31666666666667
SITE_002_S0084,SITE_002,0,0,0,0,6.949999926611781,6.949999926611781,39.18333333333333
SITE_002_S0085,SITE_002,0,0,0,0,0.2449999898672104,8.544999863952398,41.81666666666667
SITE_002_S0086,SITE_002,0,0,0,0,0.2449999898672104,3.334999887272716,65.66666666666667
SITE_002_S0087,SITE_002,0,0,0,6.114999860525131,6.114999860525131,7.094999849796295,6.816666666666666
SITE_002_S0088,SITE_002,0,0,0,0,6.114999860525131,7.094999849796295,30.68333333333333
SITE_002_S0089,SITE_002,0,0,0.0240000002086162,0.0240000002086162,0.0240000002086162,6.138999860733748,150.8166666666667
SITE_002_S0090,SITE_002,0.1049999967217445,0.1849999949336052,0.919999971985817,5.469999860972166,5.493999861180782,5.493999861180782,3.166666666666667
SITE_002_S0091,SITE_002,0,0,0,0,0.8049999736249447,9.223999744281173,54.81666666666667
SITE_002_S0092,SITE_002,0,0,0,0,0,9.199999744072556,78.68333333333334
SITE_002_S0093,SITE_002,0,0,0,0.5999999716877937,9.609999999403954,9.609999999403954,6.816666666666666
SITE_002_S0094,SITE_002,0,0,0,0.0649999976158142,9.674999997019768,9.674999997019768,30.66666666666667
SITE_002_S0095,SITE_002,0,0,0,2.309999946504832,2.329999946057796,3.514999901875853,13.81666666666667
SITE_002_S0096,SITE_002,0,0,0,5.134999917820096,7.464999863877892,8.049999848008156,11.68333333333333
SITE_002_S0097,SITE_002,0,0,0,0,0,5.134999917820096,155.6666666666667
SITE_002_S0098,SITE_002,0,0,0,0,2.22999990452081,9.044999931938946,27.31666666666666
SITE_002_S0099,SITE_002,0,0,0,3.074999921023846,3.664999894797802,19.27899934351444,8.166666666666666
SITE_002_S0100,SITE_002,0,0,0,1.799999937415123,19.52499929070473,29.08499908912927,13.31666666666667
SITE_002_S0101,SITE_002,0,0,0,0,0.2149999886751175,0.2799999872222543,55.18333333333333
SITE_002_S0102,SITE_002,0,0,0,0,3.809999950230122,3.809999950230122,36.31666666666667
SITE_002_S0103,SITE_002,0,0.7649999856948853,2.319499954581261,18.74949958547949,38.63949904218316,44.93449880555272,1.183333333333333
SITE_002_S0104,SITE_002,0,0,0,0,0.3849999886006117,25.51949941180646,30.81666666666666
SITE_002_S0105,SITE_002,0,0,0,26.69999928027391,55.00499872118235,68.40499835181981,16.68333333333333
SITE_002_S0106,SITE_002,0,0,0,0,0.859999974258244,51.55499881971628,54.81666666666667
SITE_002_S0107,SITE_002,0,0,0.0649999994784593,0.4049999918788671,19.54499963205308,33.28999918978661,18.18333333333333
SITE_002_S0108,SITE_002,0,0,0,0.2699999883770942,2.384999945759773,11.61999972071499,8.316666666666666
SITE_002_S0109,SITE_002,0,0,0,1.014999985694885,1.654999977909028,15.18399954214692,17.68333333333333
SITE_002_S0110,SITE_002,0,0.4050000011920929,6.009999960660934,8.09999992698431,12.80999974999577,14.24999972619116,1.816666666666667
SITE_002_S0111,SITE_002,0,0,0,7.044999971985817,18.23499958030879,20.84999953024089,14.18333333333333
SITE_002_S0112,SITE_002,0,0,0,0,0.0649999976158142,11.97999981604516,88.31666666666666
SITE_002_S0113,SITE_002,0.1649999916553497,0.1649999916553497,0.1649999916553497,0.1649999916553497,0.1649999916553497,0.3449999885633588,0.6833333333333333
SITE_002_S0114,SITE_002,0,0,0,0,1.994999967515469,13.57899953424931,37.81666666666667
SITE_002_S0115,SITE_002,0,0,0,1.049999967217445,38.91999931633472,58.41499861516058,7.183333333333334
SITE_002_S0116,SITE_002,0,0,0,0.1149999983608722,0.4499999918043613,3.864999905228615,64.68333333333334
SITE_002_S0117,SITE_002,0.4799999892711639,0.8849999755620956,1.219999954104424,1.219999954104424,1.219999954104424,1.56499994918704,0.3166666666666666
SITE_002_S0118,SITE_002,1.184999942779541,6.144999861717224,15.22999966144562,18.51499955821782,26.58499943558127,68.6154984747991,0.1833333333333333
SITE_002_S0119,SITE_002,0,0,0,2.054999928921461,16.12499966099858,43.52999905589968,12.31666666666667
SITE_002_S0120,SITE_002,0,0,0,0,0,1.159999959170818,79.68333333333334
SITE_002_S0121,SITE_002,0,2.63999991118908,2.63999991118908,4.24999988079071,10.73999976273626,10.73999976273626,1.316666666666667
SITE_002_S0122,SITE_002,0,0,0,0.0449999999254941,0.619999997317791,1.264999978244305,54.68333333333333
SITE_002_S0123,SITE_002,0,0,0,0,11.18249981850386,11.3374998178333,30.81666666666666
SITE_002_S0124,SITE_002,0,0.1099999994039535,0.1349999979138374,0.2599999979138374,0.2599999979138374,3.294999941252172,2.183333333333333
SITE_002_S0125,SITE_002,0,0,0,0,3.584999915212393,3.904999911785126,30.31666666666666
SITE_002_S0126,SITE_002,0,0.089999996125698,3.019999884068966,16.18999949842691,32.23999924771488,32.61999923083931,4.683333333333334
SITE_002_S0127,SITE_002,0,0,0,0,5.11999992094934,59.22999884746969,52.31666666666667
SITE_002_S0128,SITE_002,0,0,0,0,0.5949999839067459,12.30499967932701,25.18333333333333
SITE_002_S0129,SITE_002,0.3999999761581421,0.3999999761581421,0.3999999761581421,0.3999999761581421,14.08499991893768,16.30499985720962,0.8166666666666667
SITE_002_S0130,SITE_002,0,0,0,0,27.84999914094806,53.75499819591641,39.68333333333333
SITE_002_S0131,SITE_002,0,0.5349999666213989,1.129999935626984,1.129999935626984,4.929999843239784,12.91499969363213,2.816666666666667
SITE_002_S0132,SITE_002,0,0,0,0,3.33999989181757,4.744999874383211,24.68333333333333
SITE_002_S0133,SITE_002,0,0,0,6.294999778270721,48.33949876576662,56.65449853241444,6.316666666666666
SITE_002_S0134,SITE_002,0,0,0,0,0,45.22499970067292,84.18333333333334
SITE_002_S0135,SITE_002,0,0,0,0,0,0.3500000052154064,88.81666666666666
SITE_002_S0136,SITE_002,0,0,0,0,0.089999996125698,15.45499972254038,74.18333333333334
SITE_002_S0137,SITE_002,0,0,0,0.089999996125698,4.734999917447567,6.029999904334545,29.31666666666666
SITE_002_S0138,SITE_002,0,0.0749999955296516,1.17500001937151,1.17500001937151,8.943999730050564,14.01399951428175,5.183333333333334
SITE_002_S0139,SITE_002,0,0,0,0,0,8.943999730050564,125.3166666666667
SITE_002_S0140,SITE_002,0,0,0,0,1.63999992609024,1.989999920129776,47.18333333333333
SITE_002_S0141,SITE_002,0,0,0,0,0,6.124999756924808,97.31666666666666
SITE_002_S0142,SITE_002,0,0,0,0,0,0,168
SITE_002_S0143,SITE_002,0,1.314999938011169,6.269999921321869,9.749999850057064,11.93499982636422,14.51999971922487,2.183333333333333
SITE_002_S0144,SITE_002,0,0,0,0,6.764999818056822,20.50999961979687,37.31666666666667
SITE_002_S0145,SITE_002,0,0,0,0,0,4.774999877437949,125.6833333333333
SITE_002_S0146,SITE_002,0,0,0,0,0,0,168
SITE_002_S0147,SITE_002,0,0,0,2.109999964013696,2.492999956943095,18.80799963790924,8.683333333333334
SITE_002_S0148,SITE_002,0,0,0,0,0,5.52499989233911,78.81666666666666
SITE_002_S0149,SITE_002,0.7949999570846558,2.784999907016754,3.754999905824661,3.754999905824661,6.344999868422747,6.799999870359898,0.1833333333333333
SITE_002_S0150,SITE_002,0,0,0,0,0,5.844999875873327,107.8166666666667
SITE_002_S0151,SITE_002,0,0,0,0,2.704999979585409,14.59499978646636,29.18333333333333
SITE_002_S0152,SITE_002,0,0,0,0.1400000005960464,34.78049903735518,35.24049902334809,27.81666666666666
SITE_002_S0153,SITE_002,0,0,0,0,0,1.264999955892563,151.1833333333333
SITE_002_S0154,SITE_002,0,0,0,0,0,6.816999778151512,128.8166666666667
SITE_002_S0155,SITE_002,0,0,0,0,0,27.88999965135008,97.68333333333334
SITE_002_S0156,SITE_002,0,0,0,0,0.0799999991431832,6.31999984011054,111.3166666666667
SITE_002_S0157,SITE_002,0,0,0,0,0.1949999928474426,3.689999988302589,53.68333333333333
SITE_002_S0158,SITE_002,0,0,0.0100000007078051,0.0100000007078051,0.0100000007078051,0.0100000007078051,168
SITE_002_S0159,SITE_002,0,0,0,0,0,0,168
SITE_002_S0160,SITE_002,0,0,0,0,0,0,168
SITE_002_S0161,SITE_002,0,0,0,0,0,6.554999954998493,99.81666666666666
SITE_002_S0162,SITE_002,0,0,0.0525000020861625,0.0525000020861625,0.5174999907612801,8.177499756217003,50.68333333333333
SITE_002_S0163,SITE_002,0,0,0.0199999995529651,0.0199999995529651,17.60499947145581,20.48499939963221,29.33333333333333
SITE_002_S0164,SITE_002,2.01499992609024,2.294999927282333,2.294999927282333,2.564999923110008,9.90499958768487,23.04999932274222,0.1833333333333333
SITE_002_S0165,SITE_002,0,0,0,0.1649999916553497,16.71499970555305,28.13999943062663,23.81666666666666
SITE_002_S0166,SITE_002,0.1899999976158142,0.9099999964237212,0.9099999964237212,0.9099999964237212,0.9099999964237212,1.074999988079071,0.8333333333333334
SITE_002_S0167,SITE_002,1.909999966621399,3.884999960660934,6.134999841451645,6.424999833106995,7.334999829530716,7.334999829530716,0.1833333333333333
SITE_002_S0168,SITE_002,0,0,1.059999972581863,11.72999969683588,11.72999969683588,29.07999927923084,5.316666666666666
SITE_002_S0169,SITE_002,0,0,0,0,0.0199999995529651,11.86099969409406,149.3333333333333
SITE_002_S0170,SITE_002,0.3399999886751175,0.439999982714653,0.439999982714653,0.439999982714653,0.4599999822676182,0.5709999799728394,0.1833333333333333
SITE_002_S0171,SITE_002,0,0,0,0.3999999929219484,1.064999976195395,10.16999970842153,14.81666666666667
SITE_002_S0172,SITE_002,0,0,0,0,0.0249999994412064,3.984999851323664,101.8333333333333
SITE_002_S0173,SITE_002,0,0,0,0,0.0249999994412064,3.584999858401716,125.6833333333333
SITE_002_S0174,SITE_002,0.0399999991059303,0.1399999987334013,0.2949999999254942,9.03499985858798,23.33499926887453,23.36999926902354,4.316666666666666
SITE_002_S0175,SITE_002,0,0,0,0,0,23.51999942678958,133.8333333333333
SITE_002_S0176,SITE_002,0,0,0,0,0,14.4849995682016,157.6833333333333
SITE_002_S0177,SITE_002,0,0,0,0,0.1199999954551458,5.05999992415309,72.31666666666666
SITE_002_S0178,SITE_002,0,0,0,0,0,3.624999865889549,102.3333333333333
SITE_002_S0179,SITE_002,0,0,0,0.7149999961256981,0.7149999961256981,4.339999862015247,12.18333333333333
SITE_002_S0180,SITE_002,0,0,0,0,0,0.7149999961256981,132.3166666666667
SITE_002_S0181,SITE_002,0,0,0,0,0,0,168
SITE_002_S0182,SITE_002,0,0,0,0,0,0,168
SITE_002_S0183,SITE_002,0,0,0,0,0,20.13099955767393,84.68333333333334
SITE_002_S0184,SITE_002,1.3299999833107,1.404999978840351,1.404999978840351,1.404999978840351,1.70499996561557,1.764999962411821,0.3166666666666666
SITE_002_S0185,SITE_002,0,0,0,0,0,8.104999803006649,89.33333333333333
SITE_002_S0186,SITE_002,0,0,0,0,0,6.699999824166298,113.1833333333333
SITE_002_S0187,SITE_002,0,0,0,0,0.0549999978393316,0.0549999978393316,168
SITE_002_S0188,SITE_002,0,0,0,0,0.4849999882280826,0.4849999882280826,29.33333333333333
SITE_002_S0189,SITE_002,0.6949999928474426,0.7199999913573265,2.429999953135848,2.694999938830733,3.179999927058816,3.179999927058816,0.1833333333333333
SITE_002_S0190,SITE_002,0,0,0,3.65999992005527,14.43499955814332,29.30049920361489,9.316666666666666
SITE_002_S0191,SITE_002,0,0,0,0,13.01999973692,32.23499938845634,45.18333333333333
SITE_002_S0192,SITE_002,0,0,0,0,0,6.81999996304512,165.3166666666667
SITE_002_S0193,SITE_002,0.8050000071525574,20.71499943360686,21.35499941464513,30.15999936219305,43.51499899011105,45.98999896552414,0.8333333333333334
SITE_002_S0194,SITE_002,0,0,0,0.2900000056251883,43.80499899573624,46.27999897114933,23.18333333333333
SITE_002_S0195,SITE_002,0,0,0,0,0,46.61499883979559,102.8166666666667
SITE_002_S0196,SITE_002,0,0,0,0,0.0625,0.0774999996647238,168
SITE_002_S0197,SITE_002,0,0.2299999892711639,0.2299999892711639,0.2299999892711639,0.2299999892711639,0.3074999889358878,2.683333333333333
SITE_002_S0198,SITE_002,0,0,0,0,0.439999982714653,2.714999897405505,32.31666666666667
SITE_002_S0199,SITE_002,0,0,0,0.199999988079071,6.074999839067459,12.61999957729131,22.68333333333333
SITE_002_S0200,SITE_002,0,0,0,0,0.2199999913573265,8.794999746605754,54.31666666666667
SITE_002_S0201,SITE_002,0.3499999940395355,0.3499999940395355,0.3499999940395355,1.099999986588955,6.104999862611294,6.604999847710133,0.1833333333333333
SITE_002_S0202,SITE_002,0,0,0,0,1.406999982893467,4.041999936103821,24.81666666666666
SITE_002_S0203,SITE_002,0,0,0.7949999533593655,4.464999832212925,23.71499946620316,34.37999937962741,5.183333333333334
SITE_002_S0204,SITE_002,0,0,0,0,0.0049999998882412,25.87499903608113,78.31666666666666
SITE_002_S0205,SITE_002,0,0,0,0,0.0649999994784593,0.0649999994784593,168
SITE_002_S0206,SITE_002,0,0,0,0,0.0649999976158142,0.1099999956786632,168
SITE_002_S0207,SITE_002,0,0,0,4.909999850206077,14.21999960578978,14.3009996060282,20.18333333333333
SITE_002_S0208,SITE_002,2.559999864548445,2.729999866336584,3.459999825805426,5.559999819844961,10.33499974012375,38.08999902568758,0.3166666666666666
SITE_002_S0209,SITE_002,0,0.8999999761581421,0.8999999761581421,3.68999988399446,11.42999963834882,30.62999913655221,1.683333333333333
SITE_002_S0210,SITE_002,0,0,0.125,0.125,0.125,0.125,5.816666666666666
SITE_002_S0211,SITE_002,0,0,0,0,0,6.079999841749668,127.1833333333333
SITE_002_S0212,SITE_002,0,0,0.0520000010728836,4.42199994623661,4.866999953985214,4.866999953985214,14.31666666666667
SITE_002_S0213,SITE_002,0,0,0,0.2199999988079071,0.3549999892711639,7.134999770671129,18.18333333333333
SITE_002_S0214,SITE_002,0.6399999856948853,1.829999953508377,5.139999866485596,14.18999972939491,14.18999972939491,25.00499944388866,0.8166666666666667
SITE_002_S0215,SITE_002,0,0,0,0,0,4.429999904707074,111.3166666666667
SITE_002_S0216,SITE_002,0,0,0.072000004351139,4.387000020593405,4.387000020593405,18.14199980255216,9.683333333333334
SITE_002_S0217,SITE_002,0,0,0,0,4.704999819397926,9.571999814361334,36.81666666666667
SITE_002_S0218,SITE_002,0,0,0,0,7.134999856352806,14.73999970033765,39.68333333333333
SITE_002_S0219,SITE_002,0,0,0,0.1199999945238232,15.8599996464327,22.9949995027855,19.31666666666666
SITE_002_S0220,SITE_002,0,0,0,9.094999879598618,18.25999965518713,18.29499965533614,8.183333333333334
SITE_002_S0221,SITE_002,0,0,0,17.35999966412783,30.52499924600124,57.63999862968922,6.816666666666666
SITE_002_S0222,SITE_002,0,0,0,3.289999896660447,10.51499967463314,43.82849886454642,13.18333333333333
SITE_002_S0223,SITE_002,0,0,0,5.304999902844429,10.51999985054135,18.03499966021627,8.816666666666666
SITE_002_S0224,SITE_002,0.0999999940395355,1.159999951720238,1.159999951720238,4.324999833479524,12.7849997645244,39.57499914243817,1.183333333333333
SITE_002_S0225,SITE_002,0,0,0,0,0,13.6799996085465,81.31666666666666
SITE_002_S0226,SITE_002,0,0,0,0,0,4.544999834150076,97.68333333333334
SITE_002_S0227,SITE_002,0,1.07499998062849,1.529999978840351,1.529999978840351,9.974999789148567,39.56049945112318,1.816666666666667
SITE_002_S0228,SITE_002,0,0,0,0,0,3.599999951198697,111.6833333333333
SITE_002_S0229,SITE_002,0,0,0,0.3349999990314245,5.419999917969108,5.419999917969108,16.81666666666667
SITE_002_S0230,SITE_002,0,0,0,0,1.464999973773956,26.60999937262386,45.68333333333333
SITE_002_S0231,SITE_002,0,0,0,11.9449996650219,26.2249992666766,28.15999923925847,11.31666666666667
SITE_002_S0232,SITE_002,0.5699999891221523,0.5699999891221523,0.6299999877810478,1.539999946951866,1.56499994546175,1.61849994957447,0.1833333333333333
SITE_002_S0233,SITE_002,1.489999949932098,5.194999828934669,5.194999828934669,7.489999823272228,16.37999968975782,33.93499963637441,0.3166666666666666
SITE_002_S0234,SITE_002,0,0,0.0099999997764825,8.37499972525984,13.39999954402447,26.75999927520752,8.183333333333334
SITE_002_S0235,SITE_002,0,0,0,3.099999893456697,9.959999587386848,25.26999913528562,10.31666666666667
SITE_002_S0236,SITE_002,0,0,0,0,0.1049999967217445,5.579999819397926,55.18333333333333
SITE_002_S0237,SITE_002,0,0,0,5.284999877214432,5.284999877214432,5.326499879360199,14.81666666666667
SITE_002_S0238,SITE_002,0,0,0,0,21.07499941810965,24.4349993718788,27.68333333333333
SITE_002_S0239,SITE_002,0,0,0,3.934999906457961,27.79999955091625,31.14499950315804,12.31666666666667
SITE_002_S0240,SITE_002,0,0,0,0,0,0.4399999920278787,112.6833333333333
SITE_002_S0241,SITE_002,0,0,0,0.9849999658763408,4.054999858140945,4.054999858140945,7.816666666666666
SITE_002_S0242,SITE_002,0,0,0,1.794999979436398,11.08999972417951,11.69849970750511,7.183333333333334
SITE_002_S0243,SITE_002,0,0,0,0.4299999866634607,0.4299999866634607,12.41499967686832,12.81666666666667
SITE_002_S0244,SITE_002,3.174999952316284,6.079999886453152,7.944999866187572,12.26999977976084,16.09499967098236,47.47999913059175,0.1833333333333333
SITE_002_S0245,SITE_002,0,0,0,3.93499993905425,6.849999869242311,33.74499941058457,9.816666666666666
SITE_002_S0246,SITE_002,0,0,0,0.5699999816715717,3.789999831467867,74.41999846231192,11.68333333333333
SITE_002_S0247,SITE_002,0,0,0.0149999996647238,0.0149999996647238,2.649999909102917,28.50349916238338,33.81666666666667
SITE_002_S0248,SITE_002,0,0,0.3349999785423279,25.42499946057796,34.83999919053167,58.32999881450087,5.683333333333334
SITE_002_S0249,SITE_002,0,0,0,0,0,37.56999911833555,97.31666666666666
SITE_002_S0250,SITE_002,0,0,0,0,0.4499999731779098,0.4799999725073576,63.18333333333333
SITE_002_S0251,SITE_002,0,0,0,2.849999938160181,9.004499700851738,16.09949957486242,16.81666666666667
SITE_002_S0252,SITE_002,0,0,0,0,0,4.149999987334013,148.6833333333333
SITE_002_S0253,SITE_002,0,0,0,0,0,5.134999807924032,100.8166666666667
SITE_002_S0254,SITE_002,0,0,0,0.0999999940395355,0.0999999940395355,0.8699999796226621,80.18333333333334
SITE_002_S0255,SITE_002,0,0,0,0,0,3.99499994982034,98.81666666666666
SITE_002_S0256,SITE_002,0,0,0,0,0.0645000012591481,0.0645000012591481,168
SITE_002_S0257,SITE_002,0,0,0,0.1099999956786632,8.944999691098928,15.95499952230602,42.31666666666667
SITE_002_S0258,SITE_002,0,0,0.1899999901652336,37.39999910444021,37.45499910414219,43.99499885737896,6.183333333333334
SITE_002_S0259,SITE_002,0,0,0,0,15.17499963194132,55.95999866165221,31.31666666666666
SITE_002_S0260,SITE_002,0,0.1649999916553497,0.6749999783933163,0.6749999783933163,0.6749999783933163,1.094999980181456,2.683333333333333
SITE_002_S0261,SITE_002,0,0,0,5.37999976426363,11.43599960580468,14.39599954336882,17.81666666666667
SITE_002_S0262,SITE_002,0.0049999998882412,6.27999967802316,6.52499966789037,6.764999664388597,16.17499942611903,20.25999932922423,1.183333333333333
SITE_002_S0263,SITE_002,0.3999999910593033,0.3999999910593033,0.3999999910593033,0.3999999910593033,0.6649999842047691,17.52499928232282,0.3166666666666666
SITE_002_S0264,SITE_002,0,0,0,0,0.5999999782070518,20.17999959643931,32.18333333333333
SITE_002_S0265,SITE_002,0,0.1799999922513961,6.249999776482582,14.10499958321452,14.71999956294894,15.20999954268336,1.816666666666667
SITE_002_S0266,SITE_002,0,0,0,0,2.715999975800514,5.415999919176102,24.18333333333333
SITE_002_S0267,SITE_002,0,0,0,0,0,3.925999954342842,87.31666666666666
SITE_002_S0268,SITE_002,0.4799999892711639,0.8599999696016312,0.9599999636411668,17.51499976217747,17.51499976217747,18.70499972812832,0.1833333333333333
SITE_002_S0269,SITE_002,0.8799999952316284,1.394999980926514,1.684999972581863,4.884999889880419,5.344999875873327,18.16999953985214,0.1833333333333333
SITE_002_S0270,SITE_002,0,0,0,0,5.134999815374613,16.2949996618554,59.81666666666667
SITE_003_S0001,SITE_003,0,0,0,0,0,0,168
SITE_003_S0002,SITE_003,0,0,0,0,0,0,168
SITE_003_S0003,SITE_003,0,0,0,0,3.239999880082905,23.08999939728528,27.68333333333333
SITE_003_S0004,SITE_003,0,0,0,0,0,5.974999948404729,131.1833333333333
SITE_003_S0005,SITE_003,0,0,0,0,0,3.040000036358833,73.31666666666666
SITE_003_S0006,SITE_003,1.409999966621399,6.219999849796295,8.784999787807465,8.784999787807465,8.784999787807465,9.379999765194952,0.3166666666666666
SITE_003_S0007,SITE_003,0,0,0,0.2399999946355819,0.2399999946355819,33.98799902200699,6.316666666666666
SITE_003_S0008,SITE_003,0,0,0,0.8500000089406967,2.85499994456768,2.85499994456768,6.183333333333334
SITE_003_S0009,SITE_003,0,0,0,0,0,2.85499994456768,126.3166666666667
SITE_003_S0010,SITE_003,2.614999890327454,3.934999823570252,4.219999816268682,4.219999816268682,4.219999816268682,4.219999816268682,0.1833333333333333
SITE_003_S0011,SITE_003,0,0,0,0,0.0350000001490116,19.52999922633171,79.81666666666666
SITE_003_S0012,SITE_003,0.1850000023841858,0.1850000023841858,0.1850000023841858,2.794999927282333,29.93999922927469,41.29099890124053,0.1833333333333333
SITE_003_S0013,SITE_003,0,0,0,0,0,14.90499944239855,77.31666666666666
SITE_003_S0014,SITE_003,0,0,0.0099999997764825,0.1650000009685754,1.619999961927533,9.99999965634197,63.31666666666667
SITE_003_S0015,SITE_003,0,0.7699999511241913,0.7699999511241913,0.7699999511241913,1.224999939091504,1.664999940432608,1.683333333333333
SITE_003_S0016,SITE_003,0,0,0,0,1.189999967813492,9.95399980340153,70.31666666666666
SITE_003_S0017,SITE_003,0,0,0,0,0,14.7299996195361,149.6833333333333
SITE_003_S0018,SITE_003,0,0,0,0.1549999974668026,0.1549999974668026,5.129999772645533,90.81666666666666
SITE_003_S0019,SITE_003,0,0,0,0.8449999913573265,5.454999826848507,6.919999807141721,20.68333333333333
SITE_003_S0020,SITE_003,0,0,0,3.699999954551457,19.43499971926212,21.51499968767166,11.81666666666667
SITE_003_S0021,SITE_003,0,0,0,3.76999994367361,4.004999931901693,20.73399939760566,13.18333333333333
SITE_003_S0022,SITE_003,0,2.079999953508377,2.079999953508377,2.079999953508377,5.66999988257885,10.78999979421496,1.316666666666667
SITE_003_S0023,SITE_003,0,0,2.384999945759773,5.964999869465828,13.15999962389469,23.25499938428402,4.683333333333334
SITE_003_S0024,SITE_003,0,0,0,2.134999897331,9.764999747276306,42.38499918393791,17.68333333333333
SITE_003_S0025,SITE_003,0,0,0,3.224999940022826,3.224999940022826,27.23499954212457,9.683333333333334
SITE_003_S0026,SITE_003,0,0,0,0,0,32.40999922063202,124.1833333333333
SITE_003_S0027,SITE_003,0,0,0,0.0149999996647238,5.264999917708337,41.1829987494275,65.68333333333334
SITE_003_S0028,SITE_003,0,1.634999975562096,2.229999952018261,3.059999932534993,21.15499951131642,34.60499929077923,1.683333333333333
SITE_003_S0029,SITE_003,0,0,0,0,0.1125000044703483,0.3224999960511923,53.68333333333333
SITE_003_S0030,SITE_003,0,0,0,7.714999781921506,14.17999967001378,60.50499893911183,11.81666666666667
SITE_003_S0031,SITE_003,0,0,0,0,4.269999949261546,4.614999948069453,61.68333333333333
SITE_003_S0032,SITE_003,0,0,0,6.124999816529453,6.439999814145267,13.92999965604395,9.683333333333334
SITE_003_S0033,SITE_003,0,0,0.0700000002980232,0.2099999906495213,11.32499975711107,26.91499951761216,7.316666666666666
SITE_003_S0034,SITE_003,0,0,2.449999943375587,6.59499991312623,6.949999899603426,13.63499966822565,3.183333333333333
SITE_003_S0035,SITE_003,0,0,0,0,0.089999996125698,3.68549994379282,77.81666666666666
SITE_003_S0036,SITE_003,0,0,0,0.824999988079071,3.004999943077564,11.15499980002642,15.68333333333333
SITE_003_S0037,SITE_003,0,0,0,0.9749999595806004,2.899999965913594,16.88499992061406,6.683333333333334
SITE_003_S0038,SITE_003,0,0,0,13.70499981194735,26.7399996034801,73.91499855741858,17.31666666666667
SITE_003_S0039,SITE_003,0,0,0,0,0,4.649999848566949,100.6833333333333
SITE_003_S0040,SITE_003,0,0,0,0,7.369999743998051,18.80999952182174,37.31666666666667
SITE_003_S0041,SITE_003,0,0,0,0,0,0,168
SITE_003_S0042,SITE_003,0,0,0,0,0,0,168
SITE_003_S0043,SITE_003,0,0,0,0.3449999988079071,11.61499984562397,23.2869995618239,12.18333333333333
SITE_003_S0044,SITE_003,0,3.445000022649765,3.445000022649765,3.445000022649765,3.445000022649765,15.8449998497963,1.316666666666667
SITE_003_S0045,SITE_003,0,0,0.0375000014901161,0.0375000014901161,4.292499847710133,15.41249961405992,28.68333333333333
SITE_003_S0046,SITE_003,0,0,0,0,0,10.36249974928796,74.31666666666666
SITE_003_S0047,SITE_003,0,0,0,0,0,0,168
SITE_003_S0048,SITE_003,0,0,0,0,21.69999942556024,27.19499920681119,41.18333333333333
SITE_003_S0049,SITE_003,0,0,0,0.3449999913573265,4.049999929964542,7.439999908208847,20.81666666666666
SITE_003_S0050,SITE_003,0,0,0,0,0.5699999928474426,20.76249920576811,56.68333333333333
SITE_003_S0051,SITE_003,0,0,0,0,0,0.3849999904632568,85.31666666666666
SITE_003_S0052,SITE_003,0.5099999904632568,0.7749999761581421,1.259999960660934,5.979999913834035,10.57499979343265,63.60499888565391,0.1833333333333333
SITE_003_S0053,SITE_003,0,0,0,0,5.424999862909317,26.66899935062975,43.31666666666667
SITE_003_S0054,SITE_003,0,0,0.3649999797344208,0.7299999743700027,3.009999930858612,18.69499962031841,5.816666666666666
SITE_003_S0055,SITE_003,0,0,0,0,27.39999933168292,31.93499923869967,42.18333333333333
SITE_003_S0056,SITE_003,0,0,0,0,3.83999989926815,23.02149933576584,27.68333333333333
SITE_003_S0057,SITE_003,0,0,5.320000067353249,6.815000019967556,7.919999979436397,12.12499987334013,3.816666666666667
SITE_003_S0058,SITE_003,0,0,0,0,0,10.83499971311539,129.1833333333333
SITE_003_S0059,SITE_003,0.0199999995529651,0.7849999852478504,0.7849999852478504,1.479999978095293,10.34999984130263,10.34999984130263,1.316666666666667
SITE_003_S0060,SITE_003,0,0,0,0.1199999973177909,13.64999929070473,14.84499926865101,21.18333333333333
SITE_003_S0061,SITE_003,0,0,0,5.639999981038272,5.967499983496964,19.61749927420169,8.316666666666666
SITE_003_S0062,SITE_003,0,0,0,0,0,5.839999947696924,141.6833333333333
SITE_003_S0063,SITE_003,0,0,0,0,0,0,168
SITE_003_S0064,SITE_003,0,0,0,0,0,10.72499980777502,110.6833333333333
SITE_003_S0065,SITE_003,0,0,0,0,0.0299999993294477,0.0299999993294477,168
SITE_003_S0066,SITE_003,0,0,0,0,0.0299999993294477,0.0299999993294477,168
SITE_003_S0067,SITE_003,0,0,0,4.604999862611294,6.156999818980694,8.481999777257442,14.81666666666667
SITE_003_S0068,SITE_003,0,0,0,0,5.804999820888042,8.481999777257442,38.68333333333333
SITE_003_S0069,SITE_003,0,0,0,0,0,4.604999862611294,158.8166666666667
SITE_003_S0070,SITE_003,0,0,0,0,0,0,168
SITE_003_S0071,SITE_003,0,0,1.724999934434891,12.63499978557229,13.16999978199601,13.16999978199601,4.816666666666666
SITE_003_S0072,SITE_003,0,0,0,0,13.16999978199601,13.16999978199601,28.68333333333333
SITE_003_S0073,SITE_003,0,0,0,6.064999749884009,19.0299994405359,34.8299990799278,14.16666666666667
SITE_003_S0074,SITE_003,0,0,0,0,1.149999983608723,8.279999731108546,61.31666666666667
SITE_003_S0075,SITE_003,0.2249999940395355,0.2249999940395355,0.2249999940395355,0.2249999940395355,0.278499998152256,0.3084999974817037,0.8166666666666667
SITE_003_S0076,SITE_003,0,0,0,9.939999848604202,10.0949998497963,12.10499979183078,16.31666666666667
SITE_003_S0077,SITE_003,0,0,0,0,9.939999848604202,11.87999979779124,40.18333333333333
SITE_003_S0078,SITE_003,0,0,0,2.559999942779541,2.644999943673611,15.64999973028898,15.81666666666667
SITE_003_S0079,SITE_003,0,0.0799999982118606,0.0799999982118606,6.854999765753746,9.414999708533289,12.56499964743853,11.16666666666667
SITE_003_S0080,SITE_003,0,0,0.1899999976158142,7.169999778270721,7.234999775886536,47.82999869436026,3.683333333333333
SITE_003_S0081,SITE_003,0,0,0,0,0.0149999996647238,17.66999968420714,102.3166666666667
SITE_003_S0082,SITE_003,0,0,0,0,0.4344999976456165,0.6544999964535236,36.31666666666667
SITE_003_S0083,SITE_003,0,0,0,0,0.4344999976456165,0.6544999964535236,60.18333333333333
SITE_003_S0084,SITE_003,0,0,0,2.834999926388264,5.439999885857105,5.439999885857105,18.31666666666666
SITE_003_S0085,SITE_003,0,0,0,0.8449999773874879,6.284999863244593,6.284999863244593,11.66666666666667
SITE_003_S0086,SITE_003,0,0,0,0,0,13.55999969970435,76.31666666666666
SITE_003_S0087,SITE_003,0,0,0,0,0,10.72499977331608,100.1833333333333
SITE_003_S0088,SITE_003,0,0,0,0,0.0599999967962503,0.0599999967962503,168
SITE_003_S0089,SITE_003,0,0,0,0,5.654999863356352,19.80499959364533,30.81666666666666
SITE_003_S0090,SITE_003,0,0,0,0.3149999976158142,3.614999961107969,20.11999959126115,22.68333333333333
SITE_003_S0091,SITE_003,0,0,0.0490000024437904,0.0490000024437904,0.0490000024437904,0.3640000000596046,142.8166666666667
SITE_003_S0092,SITE_003,0,0,2.335000038146973,7.424999889917672,7.473999892361462,7.788999889977276,5.666666666666667
SITE_003_S0093,SITE_003,0,0.8199999928474426,2.724999994039536,2.724999994039536,9.524999841116369,17.043999732472,2.816666666666667
SITE_003_S0094,SITE_003,0,0,0,0.0899999979883432,2.814999992027879,17.08499972801656,26.68333333333333
SITE_003_S0095,SITE_003,0.6449999883770943,8.154999978840351,17.07999969273806,38.03999920934439,38.29999919980765,44.47499914653599,0.3166666666666666
SITE_003_S0096,SITE_003,0,0,0,0,0,38.38999919220805,126.3166666666667
SITE_003_S0097,SITE_003,0,0,0,0,0,0.3499999828636646,150.1833333333333
SITE_003_S0098,SITE_003,0,0,0,0,0,0,168
SITE_003_S0099,SITE_003,0,0,0,0,0,0,168
SITE_003_S0100,SITE_003,0,0,0,0.7199999690055847,10.12499979697168,10.58999977447092,23.81666666666666
SITE_003_S0101,SITE_003,0,0,0.06700000166893,0.06700000166893,8.876999842002988,10.65699977613986,47.68333333333333
SITE_003_S0102,SITE_003,0,0,0,0,0.16499999538064,6.98699969984591,74.31666666666666
SITE_003_S0103,SITE_003,0,0,0,0,0.0899999979883432,6.266999730840325,98.16666666666669
SITE_003_S0104,SITE_003,0,0,0.0749999955296516,0.1949999928474426,0.1949999928474426,0.1949999928474426,168
SITE_003_S0105,SITE_003,0,0,0,0.2849999917671084,0.479999984614551,0.479999984614551,11.68333333333333
SITE_003_S0106,SITE_003,0,0,0,0,0,0.479999984614551,131.8166666666667
SITE_003_S0107,SITE_003,0,0,0,0,0,0.2849999917671084,155.6666666666667
SITE_003_S0108,SITE_003,0,0,0,0,33.30499934405088,42.49999914970249,27.18333333333333
SITE_003_S0109,SITE_003,0,0,0,0,0.8449999503791332,19.94999949168414,58.31666666666667
SITE_003_S0110,SITE_003,0,0,0,0.0149999996647238,0.0149999996647238,16.78999975975603,134.8166666666667
SITE_003_S0111,SITE_003,0,0,0,0,0.0149999996647238,16.78999975975603,158.6666666666667
SITE_003_S0112,SITE_003,0,0,0,0.0599999986588954,12.09999987483025,12.11499987449497,25.81666666666666
SITE_003_S0113,SITE_003,0,0,0,4.734999880194664,7.649999894201756,16.83499975502491,6.183333333333334
SITE_003_S0114,SITE_003,0,0,0.1850000023841858,0.1850000023841858,0.1850000023841858,5.369999866932631,3.316666666666667
SITE_003_S0115,SITE_003,0,0,0,0,0.1850000023841858,5.309999868273735,27.16666666666667
SITE_003_S0116,SITE_003,0,0,0.0205000005662441,4.820499818772078,6.800499718636274,9.430499624460936,8.816666666666666
SITE_003_S0117,SITE_003,0,0,0,3.444999933242798,8.265499752014875,12.69049955531955,12.18333333333333
SITE_003_S0118,SITE_003,0,0,0,0,0,8.265499752014875,132.3166666666667
SITE_003_S0119,SITE_003,0,0,0,0,0,3.444999933242798,156.1666666666667
SITE_003_S0120,SITE_003,0,0,0,6.585000084713101,8.52500000782311,8.52500000782311,14.31666666666667
SITE_003_S0121,SITE_003,0,0,0,0,8.2800000179559,8.52500000782311,38.18333333333333
SITE_003_S0122,SITE_003,0,0,0,0,0,10.04500000178814,98.31666666666666
SITE_003_S0123,SITE_003,0,0,0,0,0,3.459999917075038,122.1666666666667
SITE_003_S0124,SITE_003,0,0,0,6.479999795556068,6.479999795556068,7.154999807476997,6.316666666666666
SITE_003_S0125,SITE_003,0,0,0,0,6.479999795556068,7.154999807476997,30.18333333333333
SITE_003_S0126,SITE_003,0,0,0.0235000010579824,0.0235000010579824,0.0235000010579824,6.748499786481261,90.31666666666666
SITE_003_S0127,SITE_003,0.089999996125698,0.1349999941885471,0.6949999816715717,5.76999987103045,5.793499872088432,6.038499861955643,3.166666666666667
SITE_003_S0128,SITE_003,0,0,0,0,1.044999971985817,9.473499812185764,54.31666666666667
SITE_003_S0129,SITE_003,0,0,0,0,0,9.449999811127782,78.18333333333334
SITE_003_S0130,SITE_003,0,0,0,0.5049999728798866,7.849999889731407,7.849999889731407,6.816666666666666
SITE_003_S0131,SITE_003,0,0,0,0.1299999952316284,7.979999884963036,7.979999884963036,16.66666666666667
SITE_003_S0132,SITE_003,0,0,0.044999998062849,2.679999902844429,2.929999891668558,4.219999848864973,13.31666666666667
SITE_003_S0133,SITE_003,0,0,0,3.939999919384718,6.834999810904264,7.654999795369804,12.18333333333333
SITE_003_S0134,SITE_003,0,0,0,0,0,6.809999819844961,114.8166666666667
SITE_003_S0135,SITE_003,0,0,0,0,0,4.129999917000532,138.6666666666667
SITE_003_S0136,SITE_003,0,0,0,0,2.234999895095825,9.929999768733978,28.81666666666666
SITE_003_S0137,SITE_003,0,0,0.0650000050663948,0.0650000050663948,2.119999907910824,9.994999773800371,52.68333333333333
SITE_003_S0138,SITE_003,0.324999988079071,0.324999988079071,0.324999988079071,0.324999988079071,11.92999981716275,15.8549998216331,0.8166666666666667
SITE_003_S0139,SITE_003,0,0,0,3.189999893307686,4.434999868273735,19.04499971494078,19.16666666666667
SITE_003_S0140,SITE_003,0,0,0,1.695000004023314,23.01999963447452,31.43499938771129,13.31666666666667
SITE_003_S0141,SITE_003,0,0,0.0249999985098838,0.0299999983981251,1.725000002421439,31.13999939803034,37.18333333333333
SITE_003_S0142,SITE_003,0,0,0,0,0.2199999988079071,1.945000001229346,31.31666666666666
SITE_003_S0143,SITE_003,0,0,0,0,0.2199999988079071,0.2499999972060322,55.18333333333333
SITE_003_S0144,SITE_003,0,0,0,0,4.479999892413616,4.479999892413616,36.31666666666667
SITE_003_S0145,SITE_003,0.1099999994039535,0.2349999994039535,0.2349999994039535,0.2349999994039535,4.594999894499779,4.71499989181757,0.6833333333333333
SITE_003_S0146,SITE_003,0,0,0.0299999993294477,4.229999862611294,24.95499932486564,25.35499931592494,13.81666666666667
SITE_003_S0147,SITE_003,0,0.8849999755620956,2.552999906241894,19.47799964062869,39.27299905009568,44.83299895655364,1.183333333333333
SITE_003_S0148,SITE_003,0,0,0,0,0.3799999952316284,24.23799949325621,30.81666666666666
SITE_003_S0149,SITE_003,0,0,0,0.0949999988079071,0.7149999793618917,3.21499995701015,52.81666666666667
SITE_003_S0150,SITE_003,0,0,0,0.2649999931454658,0.4449999928474426,3.354999950155616,18.18333333333333
SITE_003_S0151,SITE_003,0.3899999856948852,0.8199999779462814,0.8599999779835343,0.8599999779835343,0.8599999779835343,1.219999969936907,0.3166666666666666
SITE_003_S0152,SITE_003,0,0,0,5.934999853372574,6.794999831356108,7.059999824501574,19.18333333333333
SITE_003_S0153,SITE_003,0,0,0,2.204999893903732,14.64499976113439,46.91549919825047,6.816666666666666
SITE_003_S0154,SITE_003,2.439999938011169,6.344999760389328,14.84499964118004,18.67499955464154,26.18999942112714,64.73049877490848,0.1833333333333333
SITE_003_S0155,SITE_003,0,0,0,2.114999977871776,16.69999957457185,45.27999875415117,7.316666666666666
SITE_003_S0156,SITE_003,0,0,0,0.369999997317791,2.484999975189567,43.44499885756522,18.18333333333333
SITE_003_S0157,SITE_003,0,0,0,0,0.1799999922513961,2.829999960958958,55.81666666666667
SITE_003_S0158,SITE_003,0,0,0,0,0,0.714999983087182,79.68333333333334
SITE_003_S0159,SITE_003,0,4.144999891519547,4.174999890848994,5.514999849721789,11.23999975435436,11.23999975435436,1.316666666666667
SITE_003_S0160,SITE_003,0,0,0.1499999910593032,0.2699999883770942,7.184999791905284,11.50999974273145,5.683333333333334
SITE_003_S0161,SITE_003,0,0,0,0,1.669999952428043,8.289999798871577,30.81666666666666
SITE_003_S0162,SITE_003,0,0,0,0.0399999991059303,0.9799999855458736,2.814999948255718,54.68333333333333
SITE_003_S0163,SITE_003,0,0,0,0,9.4679997805506,9.657999778166412,31.31666666666666
SITE_003_S0164,SITE_003,0,0,0,0,6.704999834299088,9.657999778166412,55.18333333333333
SITE_003_S0165,SITE_003,0,0,0,0,0,3.2999999653548,94.31666666666666
SITE_003_S0166,SITE_003,0,0,0,0.2149999886751175,0.2149999886751175,3.514999954029918,6.183333333333334
SITE_003_S0167,SITE_003,0,0,0,0,2.534999933093786,7.989999879151583,28.31666666666666
SITE_003_S0168,SITE_003,0,0,0,0.6549999713897705,1.019999954849482,8.644999850541353,7.183333333333334
SITE_003_S0169,SITE_003,0.625,1.2049999833107,1.2049999833107,15.13999965786934,16.34999962896109,17.00499960035086,0.3166666666666666
SITE_003_S0170,SITE_003,0,0.824999988079071,1.314999967813492,10.22499978914857,26.57499941810965,27.22999938949942,2.183333333333333
SITE_003_S0171,SITE_003,0,0,0,0,4.029999849386513,45.53499880712479,52.81666666666667
SITE_003_S0172,SITE_003,0,0,0,11.65999965369701,11.6699996534735,42.05499880295247,9.183333333333334
SITE_003_S0173,SITE_003,0,0.5199999809265137,0.6599999815225601,0.7599999755620956,0.8509999811649323,12.51099963486195,1.316666666666667
SITE_003_S0174,SITE_003,0,0,0,0,0.7599999755620956,12.51099963486195,25.18333333333333
SITE_003_S0175,SITE_003,0,0,0,0,12.84499981999397,14.84999976400286,35.81666666666667
SITE_003_S0176,SITE_003,0,0,0,2.334999963641167,15.17999978363514,16.42499975208193,16.68333333333333
SITE_003_S0177,SITE_003,0,0,0,0,23.16499952599406,49.88999915681779,40.18333333333333
SITE_003_S0178,SITE_003,0,0.2750000059604645,0.2750000059604645,0.2750000059604645,3.529999904334545,11.77499983087182,2.816666666666667
SITE_003_S0179,SITE_003,0,0,0,1.329999975860119,4.739999882876873,12.17999981343746,19.18333333333333
SITE_003_S0180,SITE_003,0.1700000017881393,0.8099999949336052,1.16499999910593,4.514999955892563,4.514999955892563,6.159999936819077,0.8166666666666667
SITE_003_S0181,SITE_003,0,0,0,0,4.514999955892563,5.884999930858612,24.68333333333333
SITE_003_S0182,SITE_003,0,0,0,5.789999946951866,47.94899863004684,57.65899852849543,7.816666666666666
SITE_003_S0183,SITE_003,0,0,0,0,0,48.1649982156232,101.3166666666667
SITE_003_S0184,SITE_003,0,0,0,0,0,42.37499826867133,125.1833333333333
SITE_003_S0185,SITE_003,0,0,0,0,0,0.9299999717622996,88.31666666666666
SITE_003_S0186,SITE_003,0,0,0,0,0,0.9299999717622996,112.1833333333333
SITE_003_S0187,SITE_003,0,0,0,0.044999998062849,4.31999984011054,20.21499951928854,50.31666666666667
SITE_003_S0188,SITE_003,0,0,0,0.0599999986588954,0.1049999967217445,20.27499951794744,74.18333333333334
SITE_003_S0189,SITE_003,0,0,0,0,4.389999864622951,5.2099998164922,29.31666666666666
SITE_003_S0190,SITE_003,0,0,0,0,1.964999943971634,5.164999818429351,53.18333333333333
SITE_003_S0191,SITE_003,0,0,0.0195000004023313,6.309499874711037,10.88449971191585,11.44949968717992,15.81666666666667
SITE_003_S0192,SITE_003,0,0,0,0,0,8.009499795734882,124.3166666666667
SITE_003_S0193,SITE_003,0,0,0,0,0,1.699999921023846,148.1833333333333
SITE_003_S0194,SITE_003,0,0,0,2.094999969005585,3.279999894089997,3.279999894089997,23.31666666666666
SITE_003_S0195,SITE_003,0,0,0,0,2.204999965615571,3.279999894089997,47.18333333333333
SITE_003_S0196,SITE_003,0,0,0,0,0,6.569999891333282,97.81666666666666
SITE_003_S0197,SITE_003,0,0,0,0,0,4.474999922327697,121.6833333333333
SITE_003_S0198,SITE_003,0,0,0,0,0,0,168
SITE_003_S0199,SITE_003,0,0,0,0,0,0,168
SITE_003_S0200,SITE_003,0,0,0,0.0599999986588954,0.4749999903142452,3.609999909996986,39.31666666666667
SITE_003_S0201,SITE_003,0,1.459999978542328,4.71999990940094,7.739999778568745,8.21499976888299,11.34999968856573,2.183333333333333
SITE_003_S0202,SITE_003,0,0,0,0,8.684999756515026,17.96999948471785,37.31666666666667
SITE_003_S0203,SITE_003,0,0,0,0,0,3.644999892450869,101.8166666666667
SITE_003_S0204,SITE_003,0,0,0,0,0,3.644999892450869,125.6833333333333
SITE_003_S0205,SITE_003,0,0,0,0,0,0,168
SITE_003_S0206,SITE_003,0,0,0,0.3049999922513962,0.3049999922513962,0.3049999922513962,15.68333333333333
SITE_003_S0207,SITE_003,0,0,0,0.4699999988079071,4.318999899551272,20.03399958275259,22.81666666666666
SITE_003_S0208,SITE_003,0,0,0.0299999993294477,1.689999979920685,4.958999901078641,21.72399956267327,8.683333333333334
SITE_003_S0209,SITE_003,0,0,0,0,0,6.989999850280583,78.81666666666666
SITE_003_S0210,SITE_003,0.0399999991059303,0.0399999991059303,0.0399999991059303,0.1149999946355819,0.1149999946355819,6.634999846108258,102.6833333333333
SITE_003_S0211,SITE_003,0,0,0,1.389999970793724,1.774999961256981,2.909999936819077,13.31666666666667
SITE_003_S0212,SITE_003,0.699999988079071,2.504999965429306,3.519999906420708,3.519999906420708,5.294999867677689,6.429999843239784,0.1833333333333333
SITE_003_S0213,SITE_003,0,0,0,0,0,4.954999875277281,120.3166666666667
SITE_003_S0214,SITE_003,0,0,0,0,0,3.564999904483557,144.1833333333333
SITE_003_S0215,SITE_003,0,0,0.3299999982118606,0.3299999982118606,2.594999942928553,15.90999959781766,5.316666666666666
SITE_003_S0216,SITE_003,0,0,0,0,2.594999942928553,15.90999959781766,29.18333333333333
SITE_003_S0217,SITE_003,0,0,0,0.059999999590218,33.0544990748167,33.63449907302856,32.31666666666667
SITE_003_S0218,SITE_003,0,0,0,1.054999969899654,3.739499920979142,34.35949904471636,6.683333333333334
SITE_003_S0219,SITE_003,0,0,0,0,0,1.114999969489872,126.8166666666667
SITE_003_S0220,SITE_003,0,0,0,0,0,1.054999969899654,150.6833333333333
SITE_003_S0221,SITE_003,0,0,0,0,0,15.59499959275126,92.31666666666666
SITE_003_S0222,SITE_003,0,0,0,0,0,2.51999993249774,116.1833333333333
SITE_003_S0223,SITE_003,0,0,0,0.2499999925494194,0.664999975822866,11.62999990861863,41.81666666666667
SITE_003_S0224,SITE_003,0,0,0,0,0.664999975822866,11.62999990861863,65.68333333333334
SITE_003_S0225,SITE_003,0,0,0.0265000015497207,6.546499716117978,20.27149924822152,20.53149924054742,13.81666666666667
SITE_003_S0226,SITE_003,0,0,0,1.239999962039292,7.8264996772632,21.52149921003729,8.683333333333334
SITE_003_S0227,SITE_003,0,0,0,0,0,7.78649967815727,128.8166666666667
SITE_003_S0228,SITE_003,0,0,0,0,0,1.239999962039292,152.6833333333333
SITE_003_S0229,SITE_003,0,0,0,0,0,29.66999944578856,74.31666666666666
SITE_003_S0230,SITE_003,0,0,0,0,0,29.66999944578856,98.18333333333334
SITE_003_S0231,SITE_003,0,0,0,0,0.0999999986961484,5.56499994173646,111.3166666666667
SITE_003_S0232,SITE_003,0,0,0,0,0.0999999986961484,5.56499994173646,135.1833333333333
SITE_003_S0233,SITE_003,0,0,0,0,0.0099999997764825,1.449999913573265,80.31666666666666
SITE_003_S0234,SITE_003,0,0,0,0,0.0099999997764825,1.449999913573265,104.1833333333333
SITE_003_S0235,SITE_003,0,0,0.0095000006258487,0.0095000006258487,0.0095000006258487,0.0095000006258487,168
SITE_003_S0236,SITE_003,0,0,0,0,0.0095000006258487,0.0095000006258487,168
SITE_003_S0237,SITE_003,0,0,0,0,0,0.0095000006258487,168
SITE_003_S0238,SITE_003,0,0,0,0,0,0,168
SITE_003_S0239,SITE_003,0,0,0,0,0,0.7299999743700027,89.31666666666666
SITE_003_S0240,SITE_003,0,0,0,0,0,0.7299999743700027,113.1833333333333
SITE_003_S0241,SITE_003,0,0,0,0,0,0,168
SITE_003_S0242,SITE_003,0,0,0,0,0,0,168
SITE_003_S0243,SITE_003,0,0,0,0,0,5.029999928548932,99.81666666666666
SITE_003_S0244,SITE_003,0,0,0,0,0,5.029999928548932,123.6833333333333
SITE_003_S0245,SITE_003,0,0,0,0,8.2149997651577,8.2149997651577,26.81666666666666
SITE_003_S0246,SITE_003,0,0,0.0535000041127204,0.0535000041127204,0.6134999990463257,8.26849976927042,50.68333333333333
SITE_003_S0247,SITE_003,0,0,0,0,0,0.0535000041127204,168
SITE_003_S0248,SITE_003,0,0,0,0,0,0.0535000041127204,168
SITE_003_S0249,SITE_003,0,0,0,0,20.84999957680703,25.20499943196773,29.33333333333333
SITE_003_S0250,SITE_003,2.769999980926514,3.169999957084656,3.169999957084656,3.329999953508377,12.23499971628189,28.53499938547611,0.1833333333333333
SITE_003_S0251,SITE_003,0,0,0,0,17.62999957241118,29.32499927468598,24.31666666666666
SITE_003_S0252,SITE_003,0,0,0,0,17.62999957241118,29.32499927468598,48.18333333333333
SITE_003_S0253,SITE_003,0,0.3199999928474426,0.3199999928474426,0.4449999928474426,0.4449999928474426,0.4449999928474426,1.333333333333333
SITE_003_S0254,SITE_003,2.735000014305115,4.8299999833107,7.694999903440475,7.859999895095825,8.304999887943268,8.304999887943268,0.1833333333333333
SITE_003_S0255,SITE_003,0,0,0,9.369999811053276,9.369999811053276,25.07999953627586,6.316666666666666
SITE_003_S0256,SITE_003,0,0,0,0,9.369999811053276,24.63499954342842,30.18333333333333
SITE_003_S0257,SITE_003,0,0,0,0,0.044999998062849,9.451999809592962,150.3333333333333
SITE_003_S0258,SITE_003,0.4149999916553497,0.5199999883770943,0.5199999883770943,0.5199999883770943,0.5649999864399433,0.6019999869167805,0.1833333333333333
SITE_003_S0259,SITE_003,0,0,0,0.28999999538064,0.5749999862164259,8.794999812729657,16.31666666666667
SITE_003_S0260,SITE_003,0,0,0,0,0.4749999903142452,8.794999812729657,40.18333333333333
SITE_003_S0261,SITE_003,0,0,0,0,0,3.624999905005097,104.3333333333333
SITE_003_S0262,SITE_003,0,0,0,0,0,3.334999909624457,128.1833333333333
SITE_003_S0263,SITE_003,0,0.0899999998509883,0.4199999831616878,9.459999736398458,24.53499948233366,24.94499947875738,4.316666666666666
SITE_003_S0264,SITE_003,0,0,0,15.25999964214861,39.53999913297594,40.204999120906,12.68333333333333
SITE_003_S0265,SITE_003,0,0,0,0,0.7599999904632568,25.47999936901033,71.83333333333333
SITE_003_S0266,SITE_003,0,0,0,0,0,16.01999963261187,95.68333333333334
SITE_003_S0267,SITE_003,0,0,0,0,0.1049999967217445,4.11499994341284,71.81666666666666
SITE_003_S0268,SITE_003,0,0,0,0,0,4.11499994341284,95.68333333333334
SITE_003_S0269,SITE_003,0,0,0,0,0,3.684999853372574,103.8333333333333
SITE_003_S0270,SITE_003,0,0,0,0.0899999979883432,0.0899999979883432,3.774999851360917,127.6833333333333
SITE_003_S0271,SITE_003,0,0,0,0,0,0.0899999979883432,168
SITE_003_S0272,SITE_003,0,0,0,0,0,0,168
SITE_003_S0273,SITE_003,0,0,0,0,0,0,168
SITE_003_S0274,SITE_003,0,0,0,0,0.0299999993294477,0.0299999993294477,168
SITE_003_S0275,SITE_003,0.044999998062849,6.37999976053834,10.13999971933663,11.59999969787896,11.6299996972084,11.6299996972084,1.683333333333333
SITE_003_S0276,SITE_003,0,0,0,0,6.999999911524355,21.64599959552288,60.83333333333334
SITE_003_S0277,SITE_003,0,0,0,0,0,21.64599959552288,84.68333333333334
SITE_003_S0278,SITE_003,1.954999923706055,2.144999921321869,2.144999921321869,2.144999921321869,2.684999905526638,2.779999903403223,0.3166666666666666
SITE_003_S0279,SITE_003,0,0,0,2.794999870471656,4.95999979134649,5.574999773874879,9.683333333333334
SITE_003_S0280,SITE_003,0,0,0,0,0,8.309999725781381,92.83333333333331
SITE_003_S0281,SITE_003,0,0,0,0,0,6.164999804459512,116.6833333333333
SITE_003_S0282,SITE_003,0,0,0,0,0.0799999982118606,0.0799999982118606,168
SITE_003_S0283,SITE_003,0,0,0,0,0.0799999982118606,0.0799999982118606,168
SITE_003_S0284,SITE_003,0,0,0,0,1.284999966621399,1.284999966621399,29.33333333333333
SITE_003_S0285,SITE_003,0.2999999895691871,0.3799999849870801,1.309999947436154,1.6549999313429,2.939999897964299,2.939999897964299,0.6833333333333333
SITE_003_S0286,SITE_003,0,0,0,6.049999847076833,17.83499954733998,31.03999921120703,9.316666666666666
SITE_003_S0287,SITE_003,0,0,0,0,11.10999963898212,31.03999921120703,33.18333333333333
SITE_003_S0288,SITE_003,0,0,0,0,8.714999679476023,28.70499909762293,44.68333333333333
SITE_003_S0289,SITE_003,0,0,0,0,0,4.919999789446592,164.8166666666667
SITE_003_S0290,SITE_003,0,0,0,0,0,0,168
SITE_003_S0291,SITE_003,0.9849999956786633,19.72999932989478,20.07999932393432,30.0449991337955,44.25999867171049,49.09999854676425,0.8333333333333334
SITE_003_S0292,SITE_003,0,0,0,0.0299999993294477,44.28999867103994,49.1299985460937,24.68333333333333
SITE_003_S0293,SITE_003,0,0,0,0,0,45.74499888718128,102.8166666666667
SITE_003_S0294,SITE_003,0,0,0,0,0,15.69999975338578,126.6833333333333
SITE_003_S0295,SITE_003,0,0,0,0,0.0610000044107437,0.0610000044107437,168
SITE_003_S0296,SITE_003,0,0.875,0.875,0.875,0.875,0.9360000044107436,2.683333333333333
SITE_003_S0297,SITE_003,0,0,0,0.7699999809265137,1.739999979734421,5.314999936148524,15.81666666666667
SITE_003_S0298,SITE_003,0,0,0,3.944999933242798,5.684999912977219,9.259999869391322,7.683333333333334
SITE_003_S0299,SITE_003,0,0,0,0,9.37999994121492,14.12499985471368,45.81666666666667
SITE_003_S0300,SITE_003,0,0,0,0.0599999986588954,6.29499989002943,13.41499987244606,69.68333333333334
SITE_003_S0301,SITE_003,0,0,1.039999961853027,1.039999961853027,3.964999927207828,5.214999897405505,5.816666666666666
SITE_003_S0302,SITE_003,0,0,0,0.9799999594688416,4.944999886676669,6.194999856874347,23.68333333333333
SITE_003_S0303,SITE_003,0,0,0,0,1.092999998480082,3.372999906539917,24.81666666666666
SITE_003_S0304,SITE_003,0,0,0,6.969999864697456,8.062999863177538,9.302999809384346,15.18333333333333
SITE_003_S0305,SITE_003,0,0,0,0.4999999850988388,20.91499952226877,28.48999938089401,23.31666666666666
SITE_003_S0306,SITE_003,0,0,0.1400000005960464,5.119999926537275,25.62499945238233,33.60999930743128,5.183333333333334
SITE_003_S0307,SITE_003,0,0,0.1499999910593032,0.1499999910593032,0.7499999701976776,28.55999935418368,3.316666666666667
SITE_003_S0308,SITE_003,0,0,0,0,0,0.1499999910593032,147.3166666666667
SITE_003_S0309,SITE_003,0,0,0,0,0,0,168
SITE_003_S0310,SITE_003,0,0,0,0,0,0,168
SITE_003_S0311,SITE_003,0,0,0,0,0,0,168
SITE_003_S0312,SITE_003,0.2299999892711639,0.2299999892711639,0.5049999952316284,8.119999796152115,9.659999727271495,9.740999727509916,0.8166666666666667
SITE_003_S0313,SITE_003,0.125,0.125,0.125,2.114999946206808,11.7749996734783,11.85599967371672,0.1833333333333333
SITE_003_S0314,SITE_003,2.464999914169312,2.464999914169312,2.649999916553497,3.629999920725822,11.14499969128519,41.87499921675772,0.3166666666666666
SITE_003_S0315,SITE_003,0.0299999993294477,0.0299999993294477,0.1349999932572245,4.254999983124435,8.229999902658165,38.00999940373004,12.68333333333333
SITE_003_S0316,SITE_003,0.550000011920929,0.7450000047683716,0.7450000047683716,1.35499996971339,13.20999955013394,29.59499929472804,0.8166666666666667
SITE_003_S0317,SITE_003,0.0149999996647238,2.654999922029674,2.654999922029674,6.564999808557332,13.48999957647175,32.52999918255955,1.683333333333333
SITE_003_S0318,SITE_003,0,0,0,0,0,8.039999775588512,119.3166666666667
SITE_003_S0319,SITE_003,0,0,0,0,0,6.684999805875123,143.1833333333333
SITE_003_S0320,SITE_003,0,0,0.0149999996647238,0.0149999996647238,1.004999993368983,1.004999993368983,28.81666666666666
SITE_003_S0321,SITE_003,0,0,0,0,0.5199999948963523,1.004999993368983,52.68333333333333
SITE_003_S0322,SITE_003,0,0,0,0.3399999924004078,0.3629999943077564,0.6079999832436442,9.816666666666666
SITE_003_S0323,SITE_003,0,0,0,0.0499999988824129,0.3899999912828207,0.6429999824613333,33.68333333333333
SITE_003_S0324,SITE_003,0,0,0,0,0,0.7099999915808439,110.8166666666667
SITE_003_S0325,SITE_003,0,0,0,0,0,0.3699999991804361,134.6833333333333
SITE_003_S0326,SITE_003,0,0,0,0,0,0,168
SITE_003_S0327,SITE_003,0,0,0,0,0,0,168
SITE_003_S0328,SITE_003,0,0,0,0,0,0.2649999856948852,84.81666666666666
SITE_003_S0329,SITE_003,0,0,0,0,0,0.2649999856948852,108.6833333333333
SITE_003_S0330,SITE_003,0.2249999940395355,0.2249999940395355,0.2249999940395355,0.2249999940395355,30.88999907579273,30.91999907419085,0.8166666666666667
SITE_003_S0331,SITE_003,0,0,0,1.519999969750643,7.134999866597354,32.4399990439415,15.18333333333333
SITE_003_S0332,SITE_003,0,0,0,0.2299999929964542,0.2579999938607216,2.0029999576509,17.81666666666667
SITE_003_S0333,SITE_003,0,0,0,0.0749999955296516,0.3049999885261059,1.852999959141016,41.68333333333333
SITE_003_S0334,SITE_003,0,0,0,4.349999912083149,4.744999893009663,5.049999881535769,11.31666666666667
SITE_003_S0335,SITE_003,0,0.5550000071525574,0.9099999964237212,7.874999890103936,12.6199997831136,12.69499977864325,2.683333333333333
SITE_003_S0336,SITE_003,0,0,0,0,0,12.22499980218708,122.8166666666667
SITE_003_S0337,SITE_003,0,0,0,0,0,7.874999890103936,146.6833333333333
SITE_003_S0338,SITE_003,0,0,0,0.6949999965727329,5.12499999627471,6.024999971501529,7.316666666666666
SITE_003_S0339,SITE_003,0,0,0,0.3499999903142452,5.474999986588955,6.374999961815774,20.68333333333333
SITE_003_S0340,SITE_003,0,0,0.2899999916553497,4.004999965429306,4.264999955892563,5.309999942779541,5.816666666666666
SITE_003_S0341,SITE_003,1.114999979734421,1.279999971389771,1.279999971389771,1.704999946057796,5.709999911487103,6.319999892264605,0.1833333333333333
SITE_003_S0342,SITE_003,0,0,0,0,0.351500004529953,22.24649947881698,55.31666666666667
SITE_003_S0343,SITE_003,0,0,1.224999979138374,4.934999853372574,4.976499855518341,23.17649936676025,3.683333333333333
SITE_003_S0344,SITE_003,0,0,0,4.144999861717224,17.53499963134527,26.11999932676554,12.31666666666667
SITE_003_S0345,SITE_003,0,0,0,0.0700000002980232,4.214999862015247,26.18999932706356,36.18333333333333
SITE_003_S0346,SITE_003,0,0,0,1.329999960958958,8.179999694228172,20.94499925710261,7.816666666666666
SITE_003_S0347,SITE_003,1.444999992847443,4.934999823570252,6.989999741315842,7.884999733418226,15.89499942585826,24.68499912880361,0.1833333333333333
SITE_003_S0348,SITE_003,0,0,0,8.414999742992222,8.414999742992222,18.38999943807721,12.31666666666667
SITE_003_S0349,SITE_003,0,0,0,0.0399999991059303,8.454999742098153,17.09999947622418,36.18333333333333
SITE_003_S0350,SITE_003,0,0,0,0,0,8.454999742098153,156.3166666666667
SITE_003_S0351,SITE_003,0,0,0,0,0,0.0399999991059303,168
SITE_003_S0352,SITE_003,0,0,0,0,0.0270000007003545,0.0270000007003545,168
SITE_003_S0353,SITE_003,0,0,0,0,0.0270000007003545,0.0270000007003545,168
SITE_003_S0354,SITE_003,0,0,0,0,8.334999833256006,8.689999816939235,34.81666666666667
SITE_003_S0355,SITE_003,0,0,0,0,8.334999833256006,8.689999816939235,58.68333333333333
SITE_003_S0356,SITE_003,0,0,0,0,14.11999937146902,20.59499924257398,34.31666666666667
SITE_003_S0357,SITE_003,0,0,0,0,11.26999948173761,20.59499924257398,58.18333333333333
SITE_003_S0358,SITE_003,0,0,0,7.109999783337116,7.159999780356884,7.159999780356884,15.68333333333333
SITE_003_S0359,SITE_003,0,0,0,0,0,7.394999764859676,95.81666666666666
SITE_003_S0360,SITE_003,0,0,0,0,0,7.344999767839909,119.6833333333333
SITE_003_S0361,SITE_003,0,0,0.0525000020861625,3.507499881088734,3.797499872744083,3.797499872744083,14.31666666666667
SITE_003_S0362,SITE_003,0,0,0,0.6349999904632568,4.43249986320734,4.43249986320734,15.68333333333333
SITE_003_S0363,SITE_003,0,0,0,0,2.799999907612801,10.83749967068434,47.81666666666667
SITE_003_S0364,SITE_003,0,0,0,0.3549999892711639,0.5749999806284904,7.684999778866768,18.18333333333333
SITE_003_S0365,SITE_003,0.6699999570846558,1.734999909996986,3.554999858140945,12.71499955654144,12.71499955654144,25.86999945994467,0.8166666666666667
SITE_003_S0366,SITE_003,0,0,0,0.0850000008940696,12.79999955743551,25.95499946083873,24.68333333333333
SITE_003_S0367,SITE_003,0,0,0,2.854999974370003,20.52499951422215,40.10499886795878,19.31666666666666
SITE_003_S0368,SITE_003,0,0,0,0.1400000005960464,12.96499968320131,27.52999931201339,17.68333333333333
SITE_003_S0369,SITE_003,0,0,0,0,0,3.879999965429306,111.3166666666667
SITE_003_S0370,SITE_003,0,0,0,0,0,1.024999991059303,135.1833333333333
SITE_003_S0371,SITE_003,0,0,0,0,10.20999963954091,10.20999963954091,50.31666666666667
SITE_003_S0372,SITE_003,0,0,0.072500005364418,6.157499924302101,6.157499924302101,16.36749956384301,6.683333333333334
SITE_003_S0373,SITE_003,0,0,0,0,5.419999942183495,12.14249984547496,37.31666666666667
SITE_003_S0374,SITE_003,0,0,0,1.519999951124191,6.939999893307686,13.66249979659915,6.683333333333334
SITE_003_S0375,SITE_003,0,0,0,6.114999927580357,6.114999927580357,11.79999975115061,15.81666666666667
SITE_003_S0376,SITE_003,0,0,0,0,6.114999927580357,11.79999975115061,39.68333333333333
SITE_003_S0377,SITE_003,0,0,0,0,14.49499961733818,20.60999954491854,45.81666666666667
SITE_003_S0378,SITE_003,0,0,0,0,1.964999943971634,14.49499961733818,69.68333333333334
SITE_003_S0379,SITE_003,0,0,0.0799999982118606,1.269999973475933,10.92999974638224,10.92999974638224,6.316666666666666
SITE_003_S0380,SITE_003,0,0,0,10.18499980866909,21.11499955505133,21.11499955505133,8.183333333333334
SITE_003_S0381,SITE_003,0,0,0,18.87999953702092,32.40999918058515,60.39499831199646,7.316666666666666
SITE_003_S0382,SITE_003,0,1.159999944269657,4.562999874353409,6.612999845296144,39.02299902588129,65.73799818381667,2.183333333333333
SITE_003_S0383,SITE_003,0,0,0,0,13.02499978616834,57.4479986988008,37.31666666666667
SITE_003_S0384,SITE_003,0,0,0,4.0799998678267,11.51999981328845,42.64799902960658,13.18333333333333
SITE_003_S0385,SITE_003,0,0,0,5.759999804198742,10.96499964222312,19.02499936334789,8.816666666666666
SITE_003_S0386,SITE_003,0,0,0,1.605000019073486,8.049999799579382,20.62999938242137,6.683333333333334
SITE_003_S0387,SITE_003,0,0.044999998062849,0.044999998062849,0.044999998062849,30.52499928884208,42.64999892376363,27.31666666666666
SITE_003_S0388,SITE_003,0.3549999892711639,0.9749999865889548,0.9999999850988388,3.754999972879887,15.33999966643751,40.64499909244478,0.1833333333333333
SITE_003_S0389,SITE_003,0,0.0099999997764825,0.0099999997764825,0.0099999997764825,0.0099999997764825,13.10499971918762,86.31666666666666
SITE_003_S0390,SITE_003,0,0,0,0,0.0099999997764825,13.05999972112477,110.1833333333333
SITE_003_S0391,SITE_003,0,0,0,0,0,2.854999896138906,75.81666666666666
SITE_003_S0392,SITE_003,0,0,0,0,0,2.844999896362424,99.68333333333334
SITE_003_S0393,SITE_003,0,0,0,0,8.224999733269215,39.46099878754467,34.31666666666667
SITE_003_S0394,SITE_003,0,0.0549999997019767,0.0549999997019767,1.094999986700714,8.514999750070274,40.55599877424538,6.183333333333334
SITE_003_S0395,SITE_003,0,0,0,0,0,1.569999982602894,87.81666666666666
SITE_003_S0396,SITE_003,0,0,0,0.1299999952316284,0.1299999952316284,29.17999931238592,22.31666666666666
SITE_003_S0397,SITE_003,0,0,0,0,0.1299999952316284,28.75499931536615,46.18333333333333
SITE_003_S0398,SITE_003,0,0,0,11.13499965518713,26.884999377653,27.01499937288463,11.81666666666667
SITE_003_S0399,SITE_003,0,0,0,0,17.2249994520098,26.884999377653,35.68333333333333
SITE_003_S0400,SITE_003,0,0,0,0,0.0249999985098838,11.21349965780973,155.8166666666667
SITE_003_S0401,SITE_003,0.8649999797344208,0.8649999797344208,0.8899999782443047,1.97999994456768,2.004999943077564,2.058499947190285,0.1833333333333333
SITE_003_S0402,SITE_003,1.88999992609024,6.199999824166298,6.199999824166298,8.659999761730433,16.42999938875437,37.87999906763434,0.3166666666666666
SITE_003_S0403,SITE_003,0,0,0,0.5850000008940697,10.30999973416328,38.46499906852841,21.68333333333333
SITE_003_S0404,SITE_003,0,0,0.0499999970197677,1.559999955818057,6.64999981969595,23.86999935284257,8.316666666666666
SITE_003_S0405,SITE_003,0,0,0,8.109999720007181,9.669999675825238,23.31999931111932,8.183333333333334
SITE_003_S0406,SITE_003,0,0,0,3.71499995328486,10.12499984167516,21.49999945610762,10.31666666666667
SITE_003_S0407,SITE_003,0,0,0,0,5.304999927058816,19.93999950028956,34.18333333333333
SITE_003_S0408,SITE_003,0,0,0,0,0.6949999947100878,10.34499981626868,31.31666666666666
SITE_003_S0409,SITE_003,0,0,0,0.0350000001490116,0.16499999538064,6.664999863132834,55.18333333333333
SITE_003_S0410,SITE_003,0,0,0,6.33499982394278,6.33499982394278,6.412499824538827,15.31666666666667
SITE_003_S0411,SITE_003,0,0,0,0,6.33499982394278,6.412499824538827,39.18333333333333
SITE_003_S0412,SITE_003,0,0,2.199999924749136,4.409999832510948,23.64499930664897,31.24999911151826,3.816666666666667
SITE_003_S0413,SITE_003,0,0,0,0,20.73999937996268,24.91499928757548,27.68333333333333
SITE_003_S0414,SITE_003,0,0,0,3.134999897331,25.96499942988157,30.37499926239252,12.81666666666667
SITE_003_S0415,SITE_003,0,0,0,0,15.19999973475933,25.96499942988157,36.68333333333333
SITE_003_S0416,SITE_003,0,0,0,0,0,4.629999842494726,87.81666666666666
SITE_003_S0417,SITE_003,0,0,0,0,0,1.494999945163727,111.6833333333333
SITE_003_S0418,SITE_003,0,0.4599999785423279,0.4599999785423279,1.099999975413084,4.114999923855066,4.114999923855066,2.316666666666667
SITE_003_S0419,SITE_003,0,0,0,0.0199999995529651,4.134999923408032,4.134999923408032,26.18333333333333
SITE_003_S0420,SITE_003,0,0,0,10.96999979112297,11.81299975980073,13.01299973297864,6.316666666666666
SITE_003_S0421,SITE_003,0,0,0,1.654999966733158,12.80499975383282,13.56799972429872,7.183333333333334
SITE_003_S0422,SITE_003,0.0199999995529651,0.0199999995529651,0.0199999995529651,0.5649999789893627,0.5649999789893627,13.56499972753227,12.81666666666667
SITE_003_S0423,SITE_003,0.4750000014901161,1.269999980926514,1.269999980926514,20.15999968722463,20.72499966621399,22.75499962363392,0.1833333333333333
SITE_003_S0424,SITE_003,0,0,0.0099999997764825,0.0099999997764825,5.609999837353826,29.23999942652881,36.31666666666667
SITE_003_S0425,SITE_003,2.490000009536743,4.909999921917915,7.369999858550727,11.65999981295317,17.269999650307,40.33499926049262,0.1833333333333333
SITE_003_S0426,SITE_003,0,0,0,4.924999885261059,6.894999853335321,35.00499950535595,10.31666666666667
SITE_003_S0427,SITE_003,0.0249999985098838,0.0249999985098838,0.0249999985098838,2.155000006780028,7.519999872893095,37.1499995123595,7.183333333333334
SITE_003_S0428,SITE_003,0,0,0,3.764999806880951,20.42999951168895,82.22499831579626,14.31666666666667
SITE_003_S0429,SITE_003,0,0,0,0.56500000692904,7.02999977208674,77.86499843746424,12.18333333333333
SITE_003_S0430,SITE_003,0,0,0.0299999993294477,0.0299999993294477,2.809999953955412,29.38249958492815,33.81666666666667
SITE_003_S0431,SITE_003,0,0,0,0,2.809999953955412,25.6174997780472,57.68333333333333
SITE_003_S0432,SITE_003,0,0,8.454999670386314,9.959999650716782,10.86499962024391,30.31499907746911,3.316666666666667
SITE_003_S0433,SITE_003,0,0,0.2999999821186065,22.1999992551282,33.06499887537211,52.48499833326787,5.683333333333334
SITE_003_S0434,SITE_003,0,0,0,0,0,39.71999859251082,97.31666666666666
SITE_003_S0435,SITE_003,0,0,0,0,0,29.75999894179404,121.1833333333333
SITE_003_S0436,SITE_003,0,0,0,0,0.3549999957904219,0.3549999957904219,168
SITE_003_S0437,SITE_003,0,0,0,0,0.3549999957904219,0.3549999957904219,168
SITE_003_S0438,SITE_003,0,0,0,0,0,0,168
SITE_003_S0439,SITE_003,0,0,0,0,0,0,168
SITE_003_S0440,SITE_003,0,0,0,0,0,2.30499991774559,81.68333333333334
SITE_003_S0441,SITE_003,0,0,0,0,0,0,168
SITE_003_S0442,SITE_003,0,0,0,0,0,0,168
SITE_003_S0443,SITE_003,0,0,0,2.754999935626984,7.649499804712832,14.8444996709004,22.31666666666666
SITE_003_S0444,SITE_003,0,0,1.594999969005585,5.534999920986593,11.61999973561615,20.379499591887,4.683333333333334
SITE_003_S0445,SITE_003,0,0,0,0,0,8.289999856613576,124.8166666666667
SITE_003_S0446,SITE_003,0,0,0,0,0,5.534999920986593,148.6833333333333
SITE_003_S0447,SITE_003,0,0,0,0,0,4.649999894201756,100.8166666666667
SITE_003_S0448,SITE_003,0,0,0,0,0,4.649999894201756,124.6833333333333
SITE_003_S0449,SITE_003,0,0,0,0,1.124999940395355,1.159999940544367,55.81666666666667
SITE_003_S0450,SITE_003,0,0,0,0.1049999957904219,0.1049999957904219,1.264999936334789,79.68333333333334
SITE_003_S0451,SITE_003,0,0,0,0,0,3.814999927766621,110.8166666666667
SITE_003_S0452,SITE_003,0,0,0,0,0,3.814999927766621,134.6833333333333
SITE_003_S0453,SITE_003,0,0,0,0,0.0585000030696392,0.0585000030696392,168
SITE_003_S0454,SITE_003,0,0,0,0,0.0585000030696392,0.0585000030696392,168
SITE_003_S0455,SITE_003,0,0,0,0.1199999973177909,10.72999967634678,17.20999947935343,42.81666666666667
SITE_003_S0456,SITE_003,0,0,0,0,0.3499999865889549,17.20999947935343,66.68333333333334
SITE_003_S0457,SITE_003,0,0,0,0,5.539999760687351,5.974999744445086,68.31666666666666
SITE_003_S0458,SITE_003,0,0,0.0850000008940696,35.82999909669161,35.82999909669161,41.6849988438189,6.683333333333334
SITE_003_S0459,SITE_003,0,0,0,0,16.12999965623021,54.5149987116456,31.31666666666666
SITE_003_S0460,SITE_003,0,0,0,0,3.619999907910824,54.5149987116456,55.18333333333333
SITE_003_S0461,SITE_003,0,0,0,0,0,0.2199999913573265,109.3166666666667
SITE_003_S0462,SITE_003,0,0.1850000023841858,0.4100000038743019,0.5550000034272671,0.5550000034272671,0.7749999947845936,2.683333333333333
SITE_003_S0463,SITE_003,0,0,0,3.409999907016754,9.740999814122915,11.76099976524711,18.31666666666666
SITE_003_S0464,SITE_003,0,0,0,0.630000002682209,10.37099981680512,12.39099976792932,18.18333333333333
SITE_003_S0465,SITE_003,0,0.3050000071525574,2.539999946951866,9.244999714195728,11.20999961346388,18.02999945357442,2.816666666666667
SITE_003_S0466,SITE_003,0.0299999993294477,6.064999906346202,6.309999896213412,6.699999876320362,17.90999948978424,21.31999942287803,1.183333333333333
SITE_003_S0467,SITE_003,0.5150000005960464,0.5500000007450581,0.5500000007450581,0.5500000007450581,0.5500000007450581,19.12499959394336,0.3166666666666666
SITE_003_S0468,SITE_003,0,0,0,19.43999950587749,19.98999950662256,29.31999938562512,16.18333333333333
SITE_003_S0469,SITE_003,0,0,0,0.2750000059604645,0.3900000005960464,20.63999950513244,8.316666666666666
SITE_003_S0470,SITE_003,0,0,0,0,0.3900000005960464,20.08999950438738,32.18333333333333
SITE_003_S0471,SITE_003,0,0.1749999970197677,5.709999933838844,14.74499979522079,16.25999977812171,16.53499978408217,3.816666666666667
SITE_003_S0472,SITE_003,0.0599999986588954,0.0599999986588954,0.0599999986588954,0.0599999986588954,16.11499978136271,16.31999977678061,27.68333333333333
SITE_003_S0473,SITE_003,0.3100000023841858,2.704999923706055,3.080499909818172,3.080499909818172,3.080499909818172,19.6004996271804,0.8166666666666667
SITE_003_S0474,SITE_003,0,0,0,0,3.080499909818172,4.855499831959605,24.68333333333333
SITE_003_S0475,SITE_003,0,0,0,0,0,3.975499883294106,85.31666666666666
SITE_003_S0476,SITE_003,0,0,0,0,0,0.8949999734759331,109.1833333333333
SITE_003_S0477,SITE_003,0,0,0,0,0,2.244999941438437,93.81666666666666
SITE_003_S0478,SITE_003,0.5149999856948853,0.8799999803304672,0.9749999791383744,19.76999963819981,19.76999963819981,22.01499957963824,0.1833333333333333
SITE_003_S0479,SITE_003,0,0.089999996125698,0.089999996125698,1.239999979734421,3.279999932274222,33.74499918520451,8.683333333333334
SITE_003_S0480,SITE_003,0,0,0,0.1550000002607703,0.9999999757856132,12.31499979179352,21.31666666666666
SITE_003_S0481,SITE_003,0.9099999666213988,1.634999945759773,1.909999936819076,5.354999884963036,5.714999879710376,17.66999967675656,0.1833333333333333
SITE_003_S0482,SITE_003,0,0,0,0,7.149999858811498,17.04999961797148,59.81666666666667
SITE_003_S0483,SITE_003,0,0,0.0430000014603138,0.0430000014603138,0.0430000014603138,16.93799961917102,83.68333333333334
SITE_003_S0484,SITE_003,0,0,0,0,18.89999945275485,20.35299939848482,24.81666666666666
SITE_003_S0485,SITE_003,0,0,0,0.0949999988079071,0.7849999703466892,20.44799939729273,48.68333333333333
SITE_003_S0486,SITE_003,0,0,0,0,0,0.2399999946355819,101.8166666666667
SITE_003_S0487,SITE_003,0,0,0,0,0,0.2399999946355819,125.6833333333333
SITE_003_S0488,SITE_003,0,0,0,0,0,0,168
SITE_003_S0489,SITE_003,0,0,0,0,0,0,168
SITE_003_S0490,SITE_003,0,0,0.5350000001490116,2.509999964386225,2.509999964386225,2.509999964386225,5.816666666666666
SITE_003_S0491,SITE_003,0,0,5.859999809414148,7.804999772459269,10.31499973684549,10.31499973684549,3.683333333333333
SITE_003_S0492,SITE_003,0,0,0,0.125,0.5999999977648258,40.9749992005527,23.83333333333333
SITE_003_S0493,SITE_003,0,0,0.0630000010132789,0.4179999902844429,0.8479999974370003,38.88299922645092,6.183333333333334
SITE_003_S0494,SITE_003,0,0,5.179999947547913,5.514999940060079,16.59499982278794,22.37299967836589,4.316666666666666
SITE_003_S0495,SITE_003,0,0.0199999995529651,0.2349999882280826,1.754999965429306,7.269999905489385,24.00299964379519,5.683333333333334
SITE_003_S0496,SITE_003,0,0,0,1.469999950379133,7.949999741278589,21.91499956510961,14.83333333333333
SITE_003_S0497,SITE_003,0,0,0,0,7.154999733902514,16.39999962504953,38.68333333333333
SITE_003_S0498,SITE_003,0,0,0,0,0,1.484999950043857,158.8166666666667
SITE_003_S0499,SITE_003,0,0,0,0,0,0.0149999996647238,168
SITE_003_S0500,SITE_003,0,0,0,0,5.799999922513962,30.90499952808022,66.33333333333333
SITE_003_S0501,SITE_003,0,0.1749999942258,0.1849999940022826,0.1849999940022826,0.1849999940022826,31.08999952208251,90.18333333333334
SITE_003_S0502,SITE_003,0,1.299999967217445,1.329999966546893,9.339999742805958,16.97999957855791,21.81499942671508,1.316666666666667
SITE_003_S0503,SITE_003,0,0,0,0.5099999774247408,17.39499955996871,22.32499940413982,20.68333333333333
SITE_003_S0504,SITE_003,0,0,0,0,0.8999999985098839,26.70799939893186,62.33333333333334
SITE_003_S0505,SITE_003,0,0,0,0,0,17.3679996561259,86.18333333333334
SITE_003_S0506,SITE_003,0,0,0,0,0.4449999770149588,0.4449999770149588,42.81666666666667
SITE_003_S0507,SITE_003,0,0.089999996125698,0.089999996125698,0.089999996125698,0.534999973140657,0.534999973140657,66.68333333333334
SITE_003_S0508,SITE_003,0,2.21999990940094,2.309999905526638,2.309999905526638,19.18499939516187,21.84499939251691,1.333333333333333
SITE_003_S0509,SITE_003,0,0,0,0,19.12499939650297,21.84499939251691,25.18333333333333
SITE_003_S0510,SITE_003,0,0,0,0,0.0149999996647238,2.489999896846712,99.81666666666666
SITE_003_S0511,SITE_003,0,0,0,0.0099999997764825,0.0099999997764825,0.1899999910965562,123.6833333333333
SITE_003_S0512,SITE_003,0,0,0,0,0,0.0099999997764825,168
SITE_003_S0513,SITE_003,0,0,0,0,0,0.0099999997764825,168
SITE_003_S0514,SITE_003,0,0,0,0,1.089999986812472,10.96599982492626,24.31666666666666
SITE_003_S0515,SITE_003,0,0,0,0,1.089999986812472,10.96599982492626,48.18333333333333
SITE_003_S0516,SITE_003,0,0,0,0,0,4.609999967738986,96.81666666666666
SITE_003_S0517,SITE_003,0,0,0,0.1449999958276748,0.1449999958276748,4.754999963566661,7.183333333333334
SITE_003_S0518,SITE_003,1.399999976158142,2.764999985694885,2.984999984502792,3.53499997779727,37.60999933630228,38.43999932706356,0.3166666666666666
SITE_003_S0519,SITE_003,0,0,0,1.959999902173877,9.81499974988401,40.39999922923744,22.18333333333333
SITE_003_S0520,SITE_003,2.20499986410141,2.20499986410141,2.20499986410141,5.414999783039093,37.34999868925661,43.15499857161194,0.3166666666666666
SITE_003_S0521,SITE_003,2.164999961853028,4.804999828338623,7.359999686479568,21.51499946042896,58.86499814968556,61.13499805424362,0.1833333333333333
SITE_003_S0522,SITE_003,0,0,0,0,14.94999963697046,42.29499888140708,38.31666666666667
SITE_003_S0523,SITE_003,0,0,0,0,11.49999976810068,36.87999909836799,62.18333333333333
SITE_004_S0001,SITE_004,0,0.0299999993294477,0.0299999993294477,0.0299999993294477,0.0299999993294477,0.0299999993294477,168
SITE_004_S0002,SITE_004,0,0,0,0,0,0,168
SITE_004_S0003,SITE_004,0,0,0,0,0,0,168
SITE_004_S0004,SITE_004,0,0,0,0,0,0,168
SITE_004_S0005,SITE_004,0,0,0,0,0,0.0080000003799796,168
SITE_004_S0006,SITE_004,0,0,0.9150000233203172,1.030000017955899,1.030000017955899,2.945000002160668,5.083333333333333
SITE_004_S0007,SITE_004,0,0,0,0,0,3.42999991029501,93.08333333333331
SITE_004_S0008,SITE_004,0,0,0,0,0,2.165000036358833,133.5833333333333
SITE_004_S0009,SITE_004,0,0,0,0,0,0,168
SITE_004_S0010,SITE_004,0,0,0,0,0.0065000001341104,0.6314999926835299,121.0833333333333
SITE_004_S0011,SITE_004,0,0,0,0,0,4.859999869018793,113.5833333333333
SITE_004_S0012,SITE_004,0,0,0,0,0,0,168
SITE_004_S0013,SITE_004,0,0,0,0,0,0,168
SITE_004_S0014,SITE_004,0,0,0,0,0,0,168
SITE_004_S0015,SITE_004,0.0049999998882412,0.0449999989941716,0.0449999989941716,0.0469999990891665,0.0619999987538903,0.0619999987538903,168
SITE_004_S0016,SITE_004,0,0.0099999997764825,0.0199999995529651,0.0499999988824129,0.0599999986588954,1.525000002235174,128.5833333333333
SITE_004_S0017,SITE_004,0,0,0,0,0,0.0249999994412064,168
SITE_004_S0018,SITE_004,0,0,0,0,3.714999973773956,4.388499958906323,28.58333333333333
SITE_004_S0019,SITE_004,0,0,0,0,0,0,168
SITE_004_S0020,SITE_004,0,0,0,0,2.859999884851277,3.189999877475202,52.58333333333334
SITE_004_S0021,SITE_004,0,0,0,0,0.0199999995529651,0.0199999995529651,168
SITE_004_S0022,SITE_004,0,0,0,0,0,0.0040000001899898,168
SITE_004_S0023,SITE_004,0,0,0,0.3999999798834324,4.464999878779054,4.539999874308705,14.58333333333333
SITE_004_S0024,SITE_004,0,0,0,0.0035000001080334,0.0035000001080334,0.5684999846853316,77.08333333333333
SITE_004_S0025,SITE_004,0,0,0,0,3.124999930150807,3.329999931156636,58.08333333333334
SITE_004_S0026,SITE_004,0,0,0,0,1.664999978616834,1.839999974705279,58.58333333333334
SITE_004_S0027,SITE_004,0,0,0,0,0,0.0005000000237487257,168
SITE_004_S0028,SITE_004,0,0,0,0,0,0,168
SITE_004_S0029,SITE_004,0,0,0,0,0,0,168
SITE_004_S0030,SITE_004,0,0,0,0,0,0,168
SITE_004_S0031,SITE_004,0,0,0,0,0,0,168
SITE_004_S0032,SITE_004,0,0,0,0,0,0.0010000000474974,168
SITE_004_S0033,SITE_004,0,0,0,0.0299999993294477,1.674999966286123,1.674999966286123,27.58333333333333
SITE_004_S0034,SITE_004,0,0,0,0,10.29999961331487,10.29999961331487,31.6
SITE_004_S0035,SITE_004,0,0,0,0,1.789999982342124,2.749999965541065,46.1
SITE_004_S0036,SITE_004,0,0,0,0,0,0.0640000002458691,168
SITE_004_S0037,SITE_004,0,0,0,0,0,0,168
SITE_004_S0038,SITE_004,0,0,0,0,0.4149999842047691,0.4149999842047691,45.1
SITE_004_S0039,SITE_004,0,0,0,0,49.53299921005964,49.53299921005964,30.1
SITE_004_S0040,SITE_004,0,0,0,0,10.62499970104545,11.48499968554825,31.1
SITE_004_S0041,SITE_004,0,0,0,0,0,0.1349999941885471,168
SITE_004_S0042,SITE_004,0,0,0.044999998062849,0.5399999730288982,0.5399999730288982,0.5399999730288982,7.1
SITE_004_S0043,SITE_004,0,0,0,0,0.3099999940022826,0.4799999892711639,58.6
SITE_004_S0044,SITE_004,0,0,0,0,0,1.225000023841858,167.1
SITE_004_S0045,SITE_004,0,0,0,0,12.50999961420894,12.63499961048365,28.6
SITE_004_S0046,SITE_004,0,0,0,0.0040000001899898,0.0040000001899898,0.0040000001899898,168
SITE_004_S0047,SITE_004,0,0,0,0,0.1949999937787652,0.1949999937787652,168
SITE_004_S0048,SITE_004,0,0,0,0,0.0399999991059303,0.0399999991059303,168
SITE_004_S0049,SITE_004,0,0,0,0,0.2699999962933361,7.424999708775431,159.6
SITE_004_S0050,SITE_004,0,0,0,0,0,0.0249999994412064,168
SITE_004_S0051,SITE_004,0,0,0,0,0.0249999994412064,7.554999841377139,121.6
SITE_004_S0052,SITE_004,0,0,0,0,0.0299999993294477,0.0494999997317791,168
SITE_004_S0053,SITE_004,0,0.0399999991059303,0.0399999991059303,0.0399999991059303,0.0399999991059303,0.0399999991059303,168
SITE_004_S0054,SITE_004,0,0,0,0,0.0305000022053718,0.0455000018700957,168
SITE_004_S0055,SITE_004,0,0,0,0,7.854999735951424,32.57499925792217,38.1
SITE_004_S0056,SITE_004,0,0,0,0,0,0,168
SITE_004_S0057,SITE_004,0,0,0,0,0,0.0065000001341104,168
SITE_004_S0058,SITE_004,0,0,0,0,0,0,168
SITE_004_S0059,SITE_004,0,0,0,0.0049999998882412,0.8849999653175473,0.9749999614432454,30.1
SITE_004_S0060,SITE_004,0,0,0,0,0,0,168
SITE_004_S0061,SITE_004,0,0,0,0,0,0,168
SITE_004_S0062,SITE_004,0,0,0,0,0.285000005736947,0.285000005736947,30.6
SITE_004_S0063,SITE_004,0,0,0,0,0,0,168
SITE_004_S0064,SITE_004,0,0,0,0.0149999996647238,0.0199999995529651,0.0199999995529651,168
SITE_004_S0065,SITE_004,0,0,0,0,0,0,168
SITE_004_S0066,SITE_004,0,0,0,0,0,0.0050000003539025,168
SITE_004_S0067,SITE_004,0,0,0,1.929999951273203,1.929999951273203,1.929999951273203,6.1
SITE_004_S0068,SITE_004,0,0,0,0,2.375000029802322,2.755000007338822,48.1
SITE_004_S0069,SITE_004,0,0,0,0,0,0,168
SITE_004_S0070,SITE_004,0,0,0,0.1199999973177909,0.1199999973177909,0.1199999973177909,14.1
SITE_004_S0071,SITE_004,0,0,0,0,0,0.0015000000130385,168
SITE_004_S0072,SITE_004,0,0,0,0,0,0,168
SITE_004_S0073,SITE_004,0,0,0,0,0,0.7449999703094363,77.1
SITE_004_S0074,SITE_004,0,0,0,0,0.0549999978393316,0.0549999978393316,168
SITE_004_S0075,SITE_004,0,0,0,0,0,0.184999999590218,99.1
SITE_004_S0076,SITE_004,0,0,0,0,0.0070000002160668,0.0070000002160668,168
SITE_004_S0077,SITE_004,0,0,0,0,0.1299999952316284,1.779999933205545,122.1
SITE_004_S0078,SITE_004,0,0,0,0,4.024999811314046,4.024999811314046,53.1
SITE_004_S0079,SITE_004,0,0,0,0.0099999997764825,0.0099999997764825,0.4999999804422259,78.1
SITE_004_S0080,SITE_004,2.314999938011169,8.204999715089798,10.2099996805191,17.0249994918704,17.1149994879961,17.22999948263168,0.1
SITE_004_S0081,SITE_004,0.125,0.4049999937415123,0.4049999937415123,0.6234999899752438,0.6234999899752438,2.058499973732978,1.1
SITE_004_S0082,SITE_004,0,0,0,0,0.614999957382679,0.614999957382679,27.6
SITE_004_S0083,SITE_004,0,0,0,0,0,0,168
SITE_004_S0084,SITE_004,0,0,0,0,0.824999988079071,0.824999988079071,31.1
SITE_004_S0085,SITE_004,0,0,0,0,0.0005000000237487257,0.0005000000237487257,168
SITE_004_S0086,SITE_004,0,0,0,0,0,0,168
SITE_004_S0087,SITE_004,0,0,0,0,0,0,168
SITE_004_S0088,SITE_004,0,0,0,0,0,0,168
SITE_004_S0089,SITE_004,0,0,0,0.0005000000237487257,0.0005000000237487257,0.0005000000237487257,168
SITE_004_S0090,SITE_004,0,0,0,0,0,0,168
SITE_004_S0091,SITE_004,0,0,0,0,0.0049999998882412,0.26999999769032,75.1
SITE_004_S0092,SITE_004,0,0,0,0,0,0.435499987564981,115.1
SITE_004_S0093,SITE_004,0,0,0,0,0.3849999876692891,0.3849999876692891,42.6
SITE_004_S0094,SITE_004,0,0,0,1.439999963156879,1.649999958463013,10.124999682419,11.1
SITE_004_S0095,SITE_004,0,0,0,0.0249999985098838,12.68499969691038,12.68499969691038,27.6
SITE_004_S0096,SITE_004,0,0,0,0,0,0,168
SITE_004_S0097,SITE_004,0,0,0,0,0,3.833999886643142,110.6
SITE_004_S0098,SITE_004,0.3699999749660492,0.98499995470047,1.699999928474426,1.699999928474426,1.699999928474426,1.699999928474426,0.6
SITE_004_S0099,SITE_004,0,0,0,0,0.0949999969452619,6.014999909326434,101.6
SITE_004_S0100,SITE_004,0,0,0,0,0,0,168
SITE_004_S0101,SITE_004,0,0,0,0,0,0.0020000000949949,168
SITE_004_S0102,SITE_004,0,0,0,0,0.0124999999534338,2.947499888716266,76.1
SITE_004_S0103,SITE_004,0,0,0,0.0099999997764825,0.4099999899044633,0.4099999899044633,27.1
SITE_004_S0104,SITE_004,0,0,0,0,0,3.169999979436398,109.1
SITE_004_S0105,SITE_004,0,0,0,0,0,0,168
SITE_004_S0106,SITE_004,0,0,0,0,0,0.4199999868869781,99.6
SITE_004_S0107,SITE_004,0,0,0,0,0,0.0040000001899898,168
SITE_004_S0108,SITE_004,0,0,0,0,0,0.4300000034272671,125.6
SITE_004_S0109,SITE_004,0.1199999973177909,0.3049999997019768,0.3049999997019768,0.4349999949336052,0.4349999949336052,0.4349999949336052,0.6
SITE_004_S0110,SITE_004,0,0,0,0,0,0,168
SITE_004_S0111,SITE_004,0,0,0,0,0,0,168
SITE_004_S0112,SITE_004,0,0,0,0,0,0,168
SITE_004_S0113,SITE_004,0,0,0,0,0,0,168
SITE_004_S0114,SITE_004,0,0,0,0,0,0,168
SITE_004_S0115,SITE_004,0,0,0,0,0,0,168
SITE_004_S0116,SITE_004,0,0,0,0,0.0249999985098838,0.0249999985098838,168
SITE_004_S0117,SITE_004,0,0,0,0,0.0045000002719461,0.0045000002719461,168
SITE_004_S0118,SITE_004,0,0.0399999991059303,0.0399999991059303,0.0399999991059303,0.0399999991059303,0.0399999991059303,168
SITE_004_S0119,SITE_004,0,0,0,0,0.4649999886751175,2.324999943375587,71.6
SITE_004_S0120,SITE_004,0,0.5399999916553497,1.214999988675117,1.524999995715916,2.634999963454902,2.712499964982271,1.6
SITE_004_S0121,SITE_004,0,0,0.0949999969452619,8.504999889060855,11.134999781847,25.6499994052574,6.1
SITE_004_S0122,SITE_004,0,0,0,0,7.224999763071537,17.85999943315983,60.1
SITE_004_S0123,SITE_004,0,0,0,0.3350000046193599,2.114999931305647,2.114999931305647,15.1
SITE_004_S0124,SITE_004,0,0,0,0,0,0.0045000002719461,168
SITE_004_S0125,SITE_004,0,0,0,0,4.264999866485596,4.264999866485596,66.6
SITE_004_S0126,SITE_004,0,0,0,0,0,0,168
SITE_004_S0127,SITE_004,0,0,0,0,0,0.3400000035762787,126.1
SITE_004_S0128,SITE_004,0,0,0,0,0,0,168
SITE_004_S0129,SITE_004,0,0,0,0.0749999955296516,14.98999974038452,15.45099972281605,34.1
SITE_004_S0130,SITE_004,0,0,0,0.0049999998882412,0.2149999970570206,0.4649999821558594,31.1
SITE_004_S0131,SITE_004,0,0,0,0.0499999970197677,7.579999821260571,7.579999821260571,24.6
SITE_004_S0132,SITE_004,0,0,0,0.0749999983236193,0.0749999983236193,0.0749999983236193,168
SITE_004_S0133,SITE_004,0,0,0,0,0.0295000001788139,0.5394999850541353,77.1
SITE_004_S0134,SITE_004,0,0,0,0,7.009999871253967,7.009999871253967,44.6
SITE_004_S0135,SITE_004,0,0,0,0,1.634999975562096,1.634999975562096,26.6
SITE_004_S0136,SITE_004,0,0.1950000002980232,0.1950000002980232,0.1950000002980232,0.694999985396862,0.8749999795109034,2.1
SITE_004_S0137,SITE_004,0,0,0,0,6.749999821186066,7.464999794960022,41.1
SITE_004_S0138,SITE_004,0,0,0,0,0,0.0010000000474974,168
SITE_004_S0139,SITE_004,0,0,0,0,0,0.0350000001490116,168
SITE_004_S0140,SITE_004,0,0,0,0,0,0,168
SITE_004_S0141,SITE_004,0,0,0,0,0,0,168
SITE_004_S0142,SITE_004,0,0,0,0,0.8949999762699008,0.8949999762699008,53.1
SITE_004_S0143,SITE_004,0,0,0,0,0,0,168
SITE_004_S0144,SITE_004,0,0,0,0,0,0,168
SITE_004_S0145,SITE_004,0,0,0,0,0,0,168
SITE_004_S0146,SITE_004,0,0,0,0,0,0,168
SITE_004_S0147,SITE_004,0,0,0,0,0.0149999996647238,0.1999999918043613,111.1
SITE_004_S0148,SITE_004,0,0,0,0,0.0700000002980232,0.0700000002980232,168
SITE_004_S0149,SITE_004,0,0,0,0,0,8.189999714493752,111.6
SITE_004_S0150,SITE_004,0,0,0,0,0,0.2349999919533729,168
SITE_004_S0151,SITE_004,0,0,0,0,0,0,168
SITE_004_S0152,SITE_004,0,0,0,0,0,0,168
SITE_004_S0153,SITE_004,0,0,0,0,0,0,168
SITE_004_S0154,SITE_004,0,0,0,0,0,0,168
SITE_004_S0155,SITE_004,0,0.089999996125698,0.089999996125698,0.089999996125698,4.729999882169068,5.294999872334301,53.6
SITE_004_S0156,SITE_004,0,0,0,0,0.0149999996647238,0.1550000002607703,75.1
SITE_004_S0157,SITE_004,0,0,0,0,36.51999886613339,37.09499885886908,30.6
SITE_004_S0158,SITE_004,0,0,0,0,0.5499999905005097,1.664999964646995,37.6
SITE_004_S0159,SITE_004,0,0,0,0,0,0.0249999994412064,168
SITE_004_S0160,SITE_004,0,0,0.0749999955296516,1.009999953210354,1.324999950826168,14.49499959405512,7.1
SITE_004_S0161,SITE_004,0,0,0,0,0,0,168
SITE_004_S0162,SITE_004,0,0,0,1.699999928474426,9.304999738931656,9.304999738931656,13.1
SITE_004_S0163,SITE_004,0,0,0,0.0049999998882412,0.0049999998882412,3.449999959208071,129.1
SITE_004_S0164,SITE_004,0,0,0,0,0,0.0149999996647238,168
SITE_004_S0165,SITE_004,0,0,0,0,0,0,168
SITE_004_S0166,SITE_004,0,0,0,0,0,0,168
SITE_004_S0167,SITE_004,0,0,0,0,0,0,168
SITE_004_S0168,SITE_004,0,0,0,0,1.609999973326922,1.609999973326922,24.6
SITE_004_S0169,SITE_004,0,0,0,0,0,0.6599999666213989,102.1
SITE_004_S0170,SITE_004,0,0,0,0,0.974999975413084,3.489999834448099,27.6
SITE_004_S0171,SITE_004,0,0,0,0,0,0,168
SITE_004_S0172,SITE_004,0,0,0,0,0,0,168
SITE_004_S0173,SITE_004,0,0,0,0,0,0,168
SITE_004_S0174,SITE_004,0,0,0,0.3199999928474426,0.3199999928474426,0.3199999928474426,6.1
SITE_004_S0175,SITE_004,0,0,0,0,0,0,168
SITE_004_S0176,SITE_004,0,0,0,0,0,0.4249999821186065,150.6
SITE_004_S0177,SITE_004,0,1.294999979436398,1.299999979324639,1.299999979324639,1.299999979324639,1.299999979324639,1.6
SITE_004_S0178,SITE_004,0,0,0,0,0,0,168
SITE_004_S0179,SITE_004,0,0,0,0,0,0.344999985769391,168
SITE_004_S0180,SITE_004,0,0,0,0,5.159999893046916,5.649999879300594,60.1
SITE_004_S0181,SITE_004,0,0,0,0,0,0,168
SITE_004_S0182,SITE_004,0,0,0,0,1.919999931007624,1.994999926537276,61.1
SITE_004_S0183,SITE_004,0,0,0,0,0,0,168
SITE_004_S0184,SITE_004,0,0,0,0,2.764999963343143,3.774999933317304,60.1
SITE_004_S0185,SITE_004,0,0,0,0,0,0,168
SITE_004_S0186,SITE_004,0,0,0,0,0,0,168
SITE_004_S0187,SITE_004,0,0,0,0,0,0,168
SITE_004_S0188,SITE_004,0,0,0,0,0,0,168
SITE_004_S0189,SITE_004,0,0,0,0,0,0,168
SITE_004_S0190,SITE_004,0,0,0,0,11.47499975189567,13.32499968633056,33.1
SITE_004_S0191,SITE_004,0,0,0,0,0,13.45499965921044,80.6
SITE_004_S0192,SITE_004,0,0,0,0,3.904999940656126,3.904999940656126,36.6
SITE_004_S0193,SITE_004,0,0,0,0,0,7.739999768324196,111.6
SITE_004_S0194,SITE_004,0,0,0,0,0,0.2449999898672104,107.1
SITE_004_S0195,SITE_004,0,0,0,0,0,1.119999974966049,96.1
SITE_004_S0196,SITE_004,0,0,0,11.25999973900616,13.61499967239797,19.4199995175004,7.1
SITE_004_S0197,SITE_004,0,0,0,0,0,0.2499999916180968,94.6
SITE_005_S0001,SITE_005,0,0,0,1.629999950528145,1.629999950528145,14.82999964058399,11.43333333333333
SITE_005_S0002,SITE_005,0,0,0.1449999958276748,0.1449999958276748,12.45999959111214,12.86499957740307,5.783333333333333
SITE_005_S0003,SITE_005,0,0,0,0,0,6.634999826550484,90.43333333333334
SITE_005_S0004,SITE_005,0,0,0,0,1.31999996304512,30.42499941587448,69.78333333333333
SITE_005_S0005,SITE_005,0,0,0,0,0,5.774999842047691,85.28333333333333
SITE_005_S0006,SITE_005,0.7449999749660492,4.004999876022339,9.584999710321426,9.584999710321426,28.8849992454052,33.8149990811944,0.4333333333333333
SITE_005_S0007,SITE_005,0,0,0,0,0,17.75499971210957,109.2833333333333
SITE_005_S0008,SITE_005,0,0,0,0,0.1649999916553497,0.1649999916553497,29.93333333333333
SITE_005_S0009,SITE_005,0.4049999862909317,1.48499995470047,5.344999819993973,13.55999965965748,13.68499965965748,17.21999954432249,0.2833333333333333
SITE_005_S0010,SITE_005,0,0,0,0,0.9689999781548976,14.75399962440133,56.93333333333333
SITE_005_S0011,SITE_005,0,0,0,0.7499999701976776,2.114999920129776,10.81499979645014,6.283333333333333
SITE_005_S0012,SITE_005,0,0,0,0,0,2.114999920129776,126.4333333333333
SITE_005_S0013,SITE_005,0,0,0,0.6349999755620956,1.889999955892563,29.00499904155731,14.43333333333333
SITE_005_S0014,SITE_005,1.069999992847443,1.529999971389771,1.529999971389771,1.529999971389771,4.864999890327454,7.969499815255404,0.2833333333333333
SITE_005_S0015,SITE_005,0.2449999898672104,0.7199999839067459,0.7199999839067459,0.7199999839067459,0.7199999839067459,5.03999987244606,0.9333333333333332
SITE_005_S0016,SITE_005,0,0,0.1299999952316284,0.1299999952316284,0.1299999952316284,2.254999986849725,5.933333333333334
SITE_005_S0017,SITE_005,0,0,0,0,0,10.21499972417951,96.28333333333332
SITE_005_S0018,SITE_005,0.7599999904632568,2.279999971389771,4.629999935626984,6.994999870657921,16.81499963998795,20.23999954760074,0.4333333333333333
SITE_005_S0019,SITE_005,0,0,0,1.125,2.110000006854534,3.299999982118607,8.283333333333333
SITE_005_S0020,SITE_005,0,0,0,0,0,2.17900001257658,128.4333333333333
SITE_005_S0021,SITE_005,0,0,0,36.56999935209751,56.5349989682436,72.93349876999855,8.783333333333333
SITE_005_S0022,SITE_005,0,0,0,0,3.674999907612801,8.709999859333038,55.93333333333333
SITE_005_S0023,SITE_005,0,0,0,10.84499986469746,19.49499961733818,19.64499960839748,7.8
SITE_005_S0024,SITE_005,0,0,0.1400000005960464,0.1400000005960464,11.32999978214502,17.50649964436889,5.3
SITE_005_S0025,SITE_005,0,0,0,0,9.97499978542328,18.61499963700772,50.43333333333333
SITE_005_S0026,SITE_005,0,0,0,0,9.514999955892565,29.93999936431646,28.3
SITE_005_S0027,SITE_005,0,0,0,0,6.054999813437462,15.14499978721142,25.43333333333333
SITE_005_S0028,SITE_005,0,0,0,0,0.3350000008940696,0.3350000008940696,34.91666666666666
SITE_005_S0029,SITE_005,0,0,1.254999935626984,3.164999902248383,3.499999903142452,3.499999903142452,5.3
SITE_005_S0030,SITE_005,0,0.0499999970197677,1.069999977946281,2.939999923110008,6.104999825358391,6.43999982625246,3.15
SITE_005_S0031,SITE_005,0,0,0,0,2.811999903060496,12.07699960563332,28.93333333333333
SITE_005_S0032,SITE_005,0,0,0,0,0.625,12.07699960563332,52.78333333333333
SITE_005_S0033,SITE_005,0,0,0,0,0,0,168
SITE_005_S0034,SITE_005,0,0,0,0,0,0,168
SITE_005_S0035,SITE_005,0,0,0,0,0,0,168
SITE_005_S0036,SITE_005,0,0,0,0,0,0,168
SITE_005_S0037,SITE_005,0,0,0,0,0,0,168
SITE_005_S0038,SITE_005,0,0,0,0,0,0,168
SITE_005_S0039,SITE_005,0,0,0,0,0,0,168
SITE_005_S0040,SITE_005,0,0,0,0,0,0,168
SITE_005_S0041,SITE_005,0,0,0,0,0.0390000008046627,2.878999944776297,146.8
SITE_005_S0042,SITE_005,0,0,0,0,0,2.749999925494194,131.4166666666667
SITE_005_S0043,SITE_005,0,0,0,0,3.22499991953373,3.22499991953373,57.91666666666666
SITE_005_S0044,SITE_005,0,0,0.0290000010281801,0.0290000010281801,0.0290000010281801,3.25399992056191,81.78333333333333
SITE_005_S0045,SITE_005,0,0,0,0,0.0290000010281801,3.25399992056191,105.65
SITE_005_S0046,SITE_005,0,0,0,0.2599999904632568,0.6199999898672104,0.6489999908953905,15.41666666666667
SITE_005_S0047,SITE_005,0,0,0,0,0.3999999910593033,0.6489999908953905,39.3
SITE_005_S0048,SITE_005,0,0,0,0,0.2599999904632568,0.6199999898672104,63.13333333333333
SITE_005_S0049,SITE_005,0,0,0,0,3.329999879002571,3.589999869465828,30.43333333333333
SITE_005_S0050,SITE_005,0,0,0,0,3.329999879002571,3.329999879002571,54.28333333333333
SITE_005_S0051,SITE_005,0,0,0,0,0,3.329999879002571,78.15
SITE_005_S0052,SITE_005,0.3549999892711639,2.029999971389771,2.874999955296516,2.874999955296516,8.494999825954437,8.494999825954437,0.9166666666666666
SITE_005_S0053,SITE_005,0,0.7399999797344208,2.829999953508377,15.09499970078468,23.58999952673912,23.58999952673912,2.3
SITE_005_S0054,SITE_005,0,0,0,0,17.9699996560812,23.58999952673912,26.13333333333333
SITE_005_S0055,SITE_005,0,0,0,0,0,17.9699996560812,122.4333333333333
SITE_005_S0056,SITE_005,0,0,0,0,0,15.09499970078468,146.2833333333333
SITE_005_S0057,SITE_005,0,0.9749999940395356,1.854999959468842,4.304999902844429,4.304999902844429,4.304999902844429,1.15
SITE_005_S0058,SITE_005,0,0,0,2.049999952316284,5.199999868869781,14.07499968260527,13.41666666666667
SITE_005_S0059,SITE_005,0,0,0.067500002682209,0.067500002682209,2.117499954998493,14.14249968528748,37.3
SITE_005_S0060,SITE_005,0,0,0,0,2.117499954998493,14.14249968528748,61.13333333333333
SITE_005_S0061,SITE_005,0.554999977350235,2.764999896287918,5.819999814033508,21.08499944210052,28.1249991953373,30.24249915033579,0.4333333333333333
SITE_005_S0062,SITE_005,0,0,0,15.17999961972237,43.30499881505966,43.37249881774187,13.28333333333333
SITE_005_S0063,SITE_005,0,0,0,0,36.26499906182289,43.30499881505966,37.15
SITE_005_S0064,SITE_005,0,0.2049999982118606,1.629999995231628,2.069999977946281,8.774999767541885,45.14999882876873,2.916666666666667
SITE_005_S0065,SITE_005,0,0,2.5,17.47999957948923,26.25499934703112,41.54499896615744,4.8
SITE_005_S0066,SITE_005,0,0,0,0,19.54999955743552,26.36499934643507,28.63333333333333
SITE_005_S0067,SITE_005,0.1400000005960464,0.1400000005960464,0.1400000005960464,1.009999960660934,10.11999966949224,30.64499919116497,0.2833333333333333
SITE_005_S0068,SITE_005,0,0,0,0,0,10.84499964863062,117.9166666666667
SITE_005_S0069,SITE_005,0,0.1749999970197677,0.1749999970197677,0.1749999970197677,0.1749999970197677,1.909999936819076,2.8
SITE_005_S0070,SITE_005,0,0,0,0,0.1749999970197677,0.8999999761581421,26.63333333333333
SITE_005_S0071,SITE_005,0,0,0,0.5149999707937241,14.60999950766563,14.7849995046854,12.43333333333333
SITE_005_S0072,SITE_005,0.4899999797344208,1.724999964237213,1.894999966025352,1.894999966025352,2.409999936819077,16.67999947071075,0.2833333333333333
SITE_005_S0073,SITE_005,0.5049999952316284,0.5049999952316284,0.5049999952316284,0.5049999952316284,0.5049999952316284,5.157499872148037,0.9166666666666666
SITE_005_S0074,SITE_005,0,0,0,0,0.5049999952316284,4.642499901354313,24.8
SITE_005_S0075,SITE_005,0,0,0,0,0.5049999952316284,2.74749993532896,48.63333333333333
SITE_005_S0076,SITE_005,0,0,0,4.474999994039536,5.469999969005585,5.974999964237213,7.933333333333334
SITE_005_S0077,SITE_005,0,0,0,1.584999948740005,7.05499991774559,7.05499991774559,7.283333333333333
SITE_005_S0078,SITE_005,0,0,1.909999907016754,4.794999808073044,5.274999797344208,20.09499949216843,3.916666666666667
SITE_005_S0079,SITE_005,1.834999978542328,6.784999787807465,9.209999740123749,9.36999973654747,14.16499954462051,23.40499928593636,0.1333333333333333
SITE_005_S0080,SITE_005,0,0,0,0,7.394999817013741,27.34999921917916,31.43333333333333
SITE_005_S0081,SITE_005,0,0,0,0,6.124999821186066,22.55499941110611,55.28333333333333
SITE_005_S0082,SITE_005,0,0,0,0,0.2899999916553497,0.2899999916553497,30.91666666666667
SITE_005_S0083,SITE_005,0,0.1199999973177909,0.1199999973177909,9.444999806582928,9.734999798238276,9.734999798238276,2.8
SITE_005_S0084,SITE_005,0,0,0,0,9.444999806582928,9.734999798238276,26.63333333333333
SITE_005_S0085,SITE_005,0,0,0,0,6.394999884068966,15.86599969118834,58.93333333333333
SITE_005_S0086,SITE_005,0,0,0,0,0,15.86599969118834,82.78333333333333
SITE_005_S0087,SITE_005,0,0,0,0.4199999794363975,0.8049999698996544,0.8049999698996544,24.41666666666667
SITE_005_S0088,SITE_005,3.519999980926514,8.324999868869781,8.569999858736992,23.22999984771013,24.03499981760979,24.03499981760979,0.3
SITE_005_S0089,SITE_005,0,0,0,4.064999997615814,27.71499982476234,28.0999998152256,22.13333333333333
SITE_005_S0090,SITE_005,0,0,0,0,0,30.5699997395277,81.43333333333334
SITE_005_S0091,SITE_005,0,0,0,0,0,30.1499997600913,105.2833333333333
SITE_005_S0092,SITE_005,0,0,0,0.0999999940395355,0.0999999940395355,7.019999906420708,129.15
SITE_005_S0093,SITE_005,0,0,0,0,0,0.0999999940395355,168
SITE_005_S0094,SITE_005,0,0,0,0,0,0.0999999940395355,168
SITE_005_S0095,SITE_005,0,0,0,0,0,0,168
SITE_005_S0096,SITE_005,0,0,0,0,0,0,168
SITE_005_S0097,SITE_005,0,0,0,0.1550000011920929,0.4300000071525574,0.4625000096857548,6.416666666666667
SITE_005_S0098,SITE_005,0,0,0,0,0,0.4650000035762787,126.4333333333333
SITE_005_S0099,SITE_005,0,0,0,3.454999916255474,3.454999916255474,3.76499991863966,8.283333333333333
SITE_005_S0100,SITE_005,0,0,0,0,3.454999916255474,3.454999916255474,32.15
SITE_005_S0101,SITE_005,0,0,0,0,0,3.454999916255474,128.4166666666667
SITE_005_S0102,SITE_005,0,0,0,15.46499985456467,15.46499985456467,18.91999977082014,16.8
SITE_005_S0103,SITE_005,0,0,0,0,15.46499985456467,15.46499985456467,40.65
SITE_005_S0104,SITE_005,0,0.324999988079071,0.6999999806284904,0.6999999806284904,0.6999999806284904,3.504999928176403,2.433333333333333
SITE_005_S0105,SITE_005,0,0,0,0,0.6999999806284904,0.6999999806284904,26.28333333333333
SITE_005_S0106,SITE_005,0,0,0,0,0.6999999806284904,0.6999999806284904,50.15
SITE_005_S0107,SITE_005,0,0,0,0,0,0.6999999806284904,146.4166666666667
SITE_005_S0108,SITE_005,0,0,0,0.324999988079071,0.324999988079071,0.324999988079071,168
SITE_005_S0109,SITE_005,0,0,0.1049999967217445,1.544999958015978,1.869999946095049,1.869999946095049,4.633333333333334
SITE_005_S0110,SITE_005,0,0,0,0,1.3299999833107,3.199999929405749,28.43333333333333
SITE_005_S0111,SITE_005,0,0,0,0,1.3299999833107,3.199999929405749,52.28333333333333
SITE_005_S0112,SITE_005,0,0,0,0,0,2.874999941326678,76.15
SITE_005_S0113,SITE_005,0,0,0.0320000015199184,0.0320000015199184,0.1570000015199184,0.1570000015199184,60.91666666666666
SITE_005_S0114,SITE_005,0,0,0.0949999988079071,0.1949999928474426,0.226999994367361,0.351999994367361,108.65
SITE_005_S0115,SITE_005,0,0,0,0,0.209999993443489,4.56699987873435,68.43333333333334
SITE_005_S0116,SITE_005,0,0,0,0,0,4.534999877214432,92.28333333333332
SITE_005_S0117,SITE_005,0,0,0,0,0,4.534999877214432,116.15
SITE_005_S0118,SITE_005,0,0,0,0,2.824999913573265,2.824999913573265,44.91666666666666
SITE_005_S0119,SITE_005,0,0,0,0,0.1149999946355819,2.824999913573265,68.8
SITE_005_S0120,SITE_005,0.125,0.5849999934434891,0.5849999934434891,0.8849999830126762,0.8849999830126762,3.709999896585941,0.15
SITE_005_S0121,SITE_005,0,0,0,11.06999978423119,11.62499977648258,12.60999975353479,14.43333333333333
SITE_005_S0122,SITE_005,0.6599999964237213,1.544999957084656,3.499999910593033,5.03999986499548,16.28999964147806,17.64999961853027,0.2833333333333333
SITE_005_S0123,SITE_005,0,0,0,4.819999858736992,20.92999950796366,22.46999947726727,15.66666666666667
SITE_005_S0124,SITE_005,0,0,0,0,13.71499963104725,34.64499913901091,39.91666666666666
SITE_005_S0125,SITE_005,0,0,0,0.1499999910593032,3.609999924898148,23.72499934583902,20.3
SITE_005_S0126,SITE_005,0,0,0,0,0.1499999910593032,18.68499948084354,44.15
SITE_005_S0127,SITE_005,0,0,0.0350000001490116,0.0350000001490116,0.0350000001490116,2.409999955445528,74.93333333333334
SITE_005_S0128,SITE_005,0,0,0,0,0.0350000001490116,2.409999955445528,98.78333333333332
SITE_005_S0129,SITE_005,0,0,0,0,0.0350000001490116,2.259999964386225,122.6666666666667
SITE_005_S0130,SITE_005,0,0,0,0,1.709999948740005,6.064999911934137,25.91666666666667
SITE_005_S0131,SITE_005,0,0,0,0.4349999874830246,2.14499993622303,6.46499989926815,8.3
SITE_005_S0132,SITE_005,0,0,0,0,0.4349999874830246,6.46499989926815,32.15
SITE_005_S0133,SITE_005,0,0,0,0,0,0.4349999874830246,128.4333333333333
SITE_005_S0134,SITE_005,0,0,0,0,0,0.4349999874830246,152.2833333333333
SITE_005_S0135,SITE_005,0,0,0,3.794999942183495,3.794999942183495,3.794999942183495,15.66666666666667
SITE_005_S0136,SITE_005,0,0,0,0,0,14.06999990344048,86.41666666666667
SITE_005_S0137,SITE_005,0,0,0,0,0,14.06999990344048,110.3
SITE_005_S0138,SITE_005,0,0,0,0,0,14.06999990344048,134.15
SITE_005_S0139,SITE_005,0,0,0,0.864999994635582,12.88999976217747,26.49999935925007,13.93333333333333
SITE_005_S0140,SITE_005,0,0,0,5.109999775886536,6.104999765753746,31.73999913036824,19.66666666666667
SITE_005_S0141,SITE_005,0,0,0.0565000027418136,0.0565000027418136,0.0565000027418136,5.296499773859978,139.8
SITE_005_S0142,SITE_005,0,0,0,0,14.52499970793724,24.91149951517582,53.43333333333333
SITE_005_S0143,SITE_005,0,0,0,0,0,24.91149951517582,77.28333333333333
SITE_005_S0144,SITE_005,0,0,0,0,0,24.85499951243401,101.1666666666667
SITE_005_S0145,SITE_005,0,0,0,0.1850000023841858,5.429999813437462,6.754999786615372,23.91666666666667
SITE_005_S0146,SITE_005,0,0.0999999940395355,0.5749999806284904,6.949999801814556,7.364999793469906,13.93499957770109,3.65
SITE_005_S0147,SITE_005,0.4249999821186065,0.8549999743700027,1.554999932646751,1.554999932646751,11.26499977707863,19.39499957114458,0.4333333333333333
SITE_005_S0148,SITE_005,0,0.2299999892711639,3.339999929070473,9.254999712109566,20.51999948918819,28.46499928086996,2.783333333333333
SITE_005_S0149,SITE_005,0,0,0,0,10.80999964475632,28.2349992915988,26.66666666666667
SITE_005_S0150,SITE_005,0,0,0,0,0,11.88999961316586,86.41666666666667
SITE_005_S0151,SITE_005,0.7349999845027924,2.389999896287918,5.839999794960022,18.88999955356121,18.88999955356121,29.22499923408031,0.3
SITE_005_S0152,SITE_005,0,0,0,2.659999951720238,21.54999950528145,22.62999947369099,21.15
SITE_005_S0153,SITE_005,0,0,0,0,0,22.73999948054552,95.78333333333332
SITE_005_S0154,SITE_005,0,0,0.0580000020563602,0.0580000020563602,0.0580000020563602,3.90799992904067,119.6666666666667
SITE_005_S0155,SITE_005,0,0,0,0,0,0.0580000020563602,168
SITE_005_S0156,SITE_005,0,0,0,0,0,0.0580000020563602,168
SITE_005_S0157,SITE_005,0,0,0,0,0.3899999856948852,0.3899999856948852,53.93333333333333
SITE_005_S0158,SITE_005,0,0,0,0,8.449999883770943,49.75499911606312,33.41666666666666
SITE_005_S0159,SITE_005,0,0,0,0,7.524999931454658,49.75499911606312,57.3
SITE_005_S0160,SITE_005,0,0,0,0,0,38.86499917507172,81.15
SITE_005_S0161,SITE_005,0,0,0,5.52999983727932,15.67499966919422,21.3399995714426,13.93333333333333
SITE_005_S0162,SITE_005,0,0,0,0,8.079999789595604,21.3399995714426,37.78333333333333
SITE_005_S0163,SITE_005,0,0,0,0,5.52999983727932,21.3399995714426,61.66666666666666
SITE_005_S0164,SITE_005,0,1.444999992847443,1.774999976158142,1.774999976158142,1.774999976158142,11.90499985218048,1.3
SITE_005_S0165,SITE_005,0,0,0.0215000007301569,0.0215000007301569,1.796499976888299,11.92649985291064,25.15
SITE_005_S0166,SITE_005,0,0,0,0,0,0.7649999707937241,77.15
SITE_005_S0167,SITE_005,0,0,0,0,0.6749999821186066,3.969999901950359,27.93333333333333
SITE_005_S0168,SITE_005,0,0,0,1.674999952316284,1.819999948143959,5.644999854266644,12.28333333333333
SITE_005_S0169,SITE_005,0,0,0,0,1.674999952316284,5.644999854266644,36.16666666666666
SITE_005_S0170,SITE_005,0,0,0,0,0,29.25999899208546,81.65
SITE_005_S0171,SITE_005,0,0,0,0,0,0,168
SITE_005_S0172,SITE_005,0,0,0,0,0,0,168
SITE_005_S0173,SITE_005,0,0,0,0,0,0,168
SITE_005_S0174,SITE_005,0,0,0,0,0,0,168
SITE_005_S0175,SITE_005,0,0,0.2599999904632568,5.289999932050705,5.289999932050705,5.289999932050705,5.8
SITE_005_S0176,SITE_005,0,0,0,0.8999999463558197,6.189999878406525,6.189999878406525,7.15
SITE_005_S0177,SITE_005,0,0,0.2449999898672104,1.589999958872795,4.49299992620945,15.19299967586994,5.433333333333334
SITE_005_S0178,SITE_005,0,0,0,0,2.362999960780144,15.19299967586994,29.28333333333333
SITE_005_S0179,SITE_005,0,1.16499999165535,4.314999967813492,4.559999957680702,6.149999916553497,14.46299970149994,2.166666666666667
SITE_005_S0180,SITE_005,0,0,0,1.674999952316284,2.119999930262566,8.269999846816063,23.41666666666667
SITE_005_S0181,SITE_005,0,0,0,0,1.904999941587448,6.679999887943268,47.3
SITE_005_S0182,SITE_005,0,0,0,17.10499957203865,18.77999952435493,23.78499945998192,10.65
SITE_005_S0183,SITE_005,0,0,0,0,0,27.39999939501286,87.43333333333334
SITE_005_S0184,SITE_005,0,0,0,0,0,25.72499944269657,111.2833333333333
SITE_005_S0185,SITE_005,0,0,0,0,0,25.72499944269657,135.1666666666667
SITE_005_S0186,SITE_005,0,0,0,0,9.724999889731407,9.724999889731407,33.41666666666666
SITE_005_S0187,SITE_005,2.095000028610229,7.32999986410141,9.764999777078629,14.74499969184399,24.4699995815754,24.4699995815754,0.3
SITE_005_S0188,SITE_005,0,0,0,10.85499992966652,25.59999962151051,35.32499951124191,7.15
SITE_005_S0189,SITE_005,0,0,0,0.5249999910593033,2.759999960660934,29.20499958097935,18.43333333333333
SITE_005_S0190,SITE_005,0,0,0,0.959999978542328,2.384999960660934,30.16499955952168,7.783333333333333
SITE_005_S0191,SITE_005,0,0,0,0,1.484999969601631,15.41999986767769,31.66666666666667
SITE_005_S0192,SITE_005,0,0,0,0,4.644499851390719,8.334499729797244,40.8
SITE_005_S0193,SITE_005,0.3799999952316284,2.289999932050705,4.099999904632568,9.194999739527702,13.81999959051609,16.56949949078262,0.65
SITE_005_S0194,SITE_005,0,0,0,0,5.949999883770943,19.76999947428704,43.93333333333333
SITE_005_S0195,SITE_005,0,0,0,0,1.509999960660934,15.14499962329864,67.78333333333333
SITE_005_S0196,SITE_005,0,0,0,0,0,15.14499962329864,91.66666666666669
SITE_005_S0197,SITE_005,0,0,0,0,0,0,168
SITE_005_S0198,SITE_005,0,0,0,0,0,0,168
SITE_005_S0199,SITE_005,0,0,0,0,0,0,168
SITE_005_S0200,SITE_005,0,0,0,0,9.559999704360962,9.559999704360962,31.93333333333333
SITE_005_S0201,SITE_005,0,0,0,0,9.559999704360962,9.559999704360962,55.78333333333333
SITE_005_S0202,SITE_005,0,0,0,0,0,9.559999704360962,79.66666666666667
SITE_005_S0203,SITE_005,0,0,0,0,0,0,168
SITE_005_S0204,SITE_005,0,0,0,0,0,0,168
SITE_005_S0205,SITE_005,0,0,0,0,0,0,168
SITE_005_S0206,SITE_005,0,0,0.0290000010281801,0.0290000010281801,0.0290000010281801,0.0290000010281801,168
SITE_005_S0207,SITE_005,0,0,0,1.0799999833107,1.10899998433888,1.10899998433888,19.78333333333333
SITE_005_S0208,SITE_005,0,0,0,0,1.10899998433888,1.10899998433888,43.66666666666666
SITE_005_S0209,SITE_005,0,0,0,0,0,1.10899998433888,139.9166666666667
SITE_005_S0210,SITE_005,0,0,0,0,0,1.0799999833107,163.8
SITE_005_S0211,SITE_005,0,0,0,0,0,0,168
SITE_005_S0212,SITE_005,0,0,0.2399999946355819,0.2399999946355819,5.879999868571758,26.50499934703112,5.433333333333334
SITE_005_S0213,SITE_005,0,0,0.2699999809265136,0.2699999809265136,0.2699999809265136,0.314999982714653,5.283333333333333
SITE_005_S0214,SITE_005,0,0,0,0,0.1349999904632568,0.9399999603629112,52.8
SITE_005_S0215,SITE_005,3.134999990463257,6.244999945163727,8.499999895691872,8.499999895691872,10.21499984711409,10.21499984711409,0.4333333333333333
SITE_005_S0216,SITE_005,0,0,0,8.694999776780605,17.29499966651201,18.90999962389469,11.28333333333333
SITE_005_S0217,SITE_005,0,0,0,0,17.19499967247248,18.90999962389469,35.16666666666666
SITE_005_S0218,SITE_005,0,0,0.3849999904632568,0.3849999904632568,1.244999974966049,6.414999870583415,5.916666666666667
SITE_005_S0219,SITE_005,0,0,0,4.244999878108501,5.194999866187572,6.519999807700515,9.8
SITE_005_S0220,SITE_005,0,0,0,0,4.629999868571758,6.519999807700515,33.65
SITE_005_S0221,SITE_005,0,0,0,2.194999948143959,21.62999957054853,27.7549994289875,12.93333333333333
SITE_005_S0222,SITE_005,0,0,0,2.569999948143959,4.939999893307686,29.93999938666821,14.28333333333333
SITE_005_S0223,SITE_005,0,0,0,0,4.764999896287918,25.6949995085597,38.16666666666666
SITE_005_S0224,SITE_005,0,0,0,0,0.4849999845027923,5.24999988079071,52.91666666666666
SITE_005_S0225,SITE_005,0,0,0,0,12.76099970191717,20.08099951595068,30.28333333333333
SITE_005_S0226,SITE_005,1.254999935626984,3.379999846220016,7.754999786615372,19.47499956190586,32.1799992620945,34.11599925905466,0.1666666666666666
SITE_005_S0227,SITE_005,0,0,0,0,1.839999973773956,35.49999915063381,47.41666666666666
SITE_005_S0228,SITE_005,0,0,0,21.55999932438135,24.73499930649996,30.62499912828207,7.166666666666667
SITE_005_S0229,SITE_005,0,0.1499999910593032,0.1499999910593032,0.1499999910593032,0.4949999898672104,3.314999938011169,1.933333333333333
SITE_005_S0230,SITE_005,0,0,0,0,0.1499999910593032,0.4949999898672104,49.66666666666666
SITE_005_S0231,SITE_005,0,0,0.0230000019073486,1.882999956607818,2.557999923825264,2.707999914884568,14.41666666666667
SITE_005_S0232,SITE_005,0,0,0,0,2.557999923825264,2.557999923825264,38.3
SITE_005_S0233,SITE_005,0,0,0,12.93999975919724,12.93999975919724,14.82299971580505,9.433333333333334
SITE_005_S0234,SITE_005,0,0,0,0,16.99999970197678,16.99999970197678,34.16666666666666
SITE_005_S0235,SITE_005,0,0,0,0,0,16.99999970197678,130.4166666666667
SITE_005_S0236,SITE_005,0.8649999797344208,2.119999945163727,7.114999711513519,12.41499952971935,12.41499952971935,16.47499947249889,0.3
SITE_005_S0237,SITE_005,0,0,0,0,0,14.80499948561192,117.4333333333333
SITE_005_S0238,SITE_005,0,0,0,0,0,2.389999955892563,165.1666666666667
SITE_005_S0239,SITE_005,0,0,0,0.0850000008940696,31.55499932914972,43.5199990272522,43.65
SITE_005_S0240,SITE_005,0,0,0,0,16.78499971330166,52.91499892622232,46.43333333333333
SITE_005_S0241,SITE_005,0,0,0,0,9.184999719262125,30.5299992673099,49.41666666666666
SITE_005_S0242,SITE_005,0,0,0,1.904999941587448,11.81499969959259,23.82499940693378,8.933333333333334
SITE_005_S0243,SITE_005,0,0,0,0,2.249999925494194,12.39999967813492,33.16666666666666
SITE_005_S0244,SITE_005,0,0,0,1.324999958276749,4.234999913722277,5.684999886900187,18.93333333333333
SITE_005_S0245,SITE_005,0,0,0,0,1.324999958276749,4.234999913722277,66.66666666666667
SITE_005_S0246,SITE_005,0,0,0,0,7.764999896287918,9.432999815791844,36.8
SITE_005_S0247,SITE_005,0,0,0,0,2.554999932646751,6.994999796152115,25.43333333333333
SITE_005_S0248,SITE_005,0.1749999970197677,0.1749999970197677,0.1749999970197677,0.554999977350235,0.554999977350235,3.109999909996986,0.1666666666666666
SITE_005_S0249,SITE_005,0,0,0,1.024999961256981,6.094999805092812,11.54999965429306,19.8
SITE_005_S0250,SITE_005,0,0.3199999928474426,1.98999996483326,4.939999900758266,4.939999900758266,9.519999749958515,2.433333333333333
SITE_005_S0251,SITE_005,0,0,0,1.649999976158142,6.589999876916409,6.589999876916409,13.66666666666667
SITE_005_S0252,SITE_005,0,0,0,0,0,0,168
SITE_005_S0253,SITE_005,0,0,0,0,0,0,168
SITE_005_S0254,SITE_005,0,0,0,0,0,0,168
SITE_005_S0255,SITE_005,0,0,0,0,7.834999814629555,7.834999814629555,25.43333333333333
SITE_005_S0256,SITE_005,0,0,0,0.2349999994039535,8.069999814033508,8.069999814033508,18.28333333333333
SITE_005_S0257,SITE_005,0,0,0,0,0.2349999994039535,8.069999814033508,42.16666666666666
SITE_005_S0258,SITE_005,0,0,0,0,3.134999945759773,7.859999805688858,29.41666666666667
SITE_005_S0259,SITE_005,0,0,0,5.429999947547913,8.109999909996986,13.28999975323677,6.3
SITE_005_S0260,SITE_005,0,0,0,0,5.429999947547913,13.05499975383282,30.15
SITE_005_S0261,SITE_005,0,0,0,3.039999887347221,8.149999752640724,21.02999961376191,16.43333333333333
SITE_005_S0262,SITE_005,0,0,0,0.4849999845027923,8.039999768137932,21.51499959826469,16.78333333333333
SITE_005_S0263,SITE_005,0,0,0,3.239999920129776,6.76499979197979,19.32499957084656,7.166666666666667
SITE_005_S0264,SITE_005,0,0,0,2.719999924302101,3.374999910593033,11.74999968707562,12.91666666666667
SITE_005_S0265,SITE_005,0,0,0,0,2.719999924302101,8.709999799728394,36.8
SITE_005_S0266,SITE_005,0,0,0.1850000023841858,0.1850000023841858,2.904999926686287,8.409999817609787,5.65
SITE_005_S0267,SITE_005,0,0,0,3.084999963641167,3.249999955296516,9.639999821782112,16.43333333333333
SITE_005_S0268,SITE_005,0,0,0,0,3.249999955296516,6.919999897480011,40.28333333333333
SITE_005_S0269,SITE_005,0,0,0,0,3.084999963641167,6.919999897480011,64.16666666666667
SITE_005_S0270,SITE_005,0,0,0,8.189999774098396,8.189999774098396,11.27499973773956,10.91666666666667
SITE_005_S0271,SITE_005,0,0,0,0,8.189999774098396,8.189999774098396,34.8
SITE_005_S0272,SITE_005,0,0,0,0,8.189999774098396,8.189999774098396,58.65
SITE_005_S0273,SITE_005,0,0,0,0,0,10.54499973356724,86.65
SITE_005_S0274,SITE_005,1.559999942779541,3.049999892711639,3.049999892711639,3.344999894499779,3.344999894499779,37.66499917209149,0.4166666666666667
SITE_005_S0275,SITE_005,0,0,0,0,1.599999964237213,18.19499960541725,43.43333333333333
SITE_005_S0276,SITE_005,0,0,0,0,1.31999996304512,14.84999971091747,67.28333333333333
SITE_005_S0277,SITE_005,0,0,0,0,0,9.314999759197237,91.16666666666669
SITE_005_S0278,SITE_005,0,0,0,3.839999906718731,29.31999915093184,33.49999906122684,13.28333333333333
SITE_005_S0279,SITE_005,0,0,0,0,29.31999915093184,31.144999101758,37.16666666666666
SITE_005_S0280,SITE_005,0,0,0,0.2699999809265136,0.9549999609589576,30.2749991118908,23.91666666666667
SITE_005_S0281,SITE_005,0,0,0,0,0.9549999609589576,4.794999867677689,47.8
SITE_005_S0282,SITE_005,0,0,0,0,0.2699999809265136,0.9549999609589576,71.65
SITE_005_S0283,SITE_005,0,0,0,0,0,0.2699999809265136,167.9333333333333
SITE_005_S0284,SITE_005,0,0,0,0,0,0,168
SITE_005_S0285,SITE_005,0,0,0,0,0,0,168
SITE_005_S0286,SITE_005,1.024999976158142,1.404999971389771,1.749999970197678,1.994999960064888,27.60999937355518,27.60999937355518,0.4166666666666667
SITE_005_S0287,SITE_005,0,0,0,3.004999950528145,13.03499975800514,30.61499932408333,22.3
SITE_005_S0288,SITE_005,0,0,0,0,4.999999910593033,30.61499932408333,46.15
SITE_005_S0289,SITE_005,0,0,0,0.6249999850988388,0.6249999850988388,5.624999895691872,9.433333333333334
SITE_005_S0290,SITE_005,0,0,0,0,0.6249999850988388,3.629999935626984,33.28333333333333
SITE_005_S0291,SITE_005,0,0,0,0,0.6249999850988388,0.6249999850988388,57.16666666666666
SITE_005_S0292,SITE_005,0.6349999904632568,0.6349999904632568,0.6349999904632568,0.6349999904632568,13.05999957025051,14.67999951541424,0.65
SITE_005_S0293,SITE_005,0,0,0,0,11.67999970912933,24.73999927937984,26.43333333333333
SITE_005_S0294,SITE_005,0,0,0,0,5.804999858140945,13.18499965965748,50.28333333333333
SITE_005_S0295,SITE_005,0,0,2.759999871253968,2.759999871253968,2.759999871253968,15.07499957084656,4.166666666666667
SITE_005_S0296,SITE_005,0,0,0,2.424999922513962,4.259999871253967,7.019999742507935,8.416666666666666
SITE_006_S0001,SITE_006,0,0,0,0,0,0.0599999977275729,168
SITE_006_S0002,SITE_006,0,0,0,0.1499999910593032,0.1499999910593032,1.259999972768128,9.25
SITE_006_S0003,SITE_006,0,0,0,1.1684999614954,1.1684999614954,1.1684999614954,14.25
SITE_006_S0004,SITE_006,0,0,0,0,0.1199999963864684,50.14499869663268,45.25
SITE_006_S0005,SITE_006,0,0.6600000075995922,0.6600000075995922,15.67499976977706,15.67499976977706,29.36999945994467,2.25
SITE_006_S0006,SITE_006,0,0,0,0,0,0.6259999945759773,125.75
SITE_006_S0007,SITE_006,0,0,0,0,0.3549999892711639,0.3549999892711639,52.75
SITE_006_S0008,SITE_006,0,0,0.8949999809265137,8.039999812841415,33.56799898296595,37.12799888849258,5.25
SITE_006_S0009,SITE_006,0,0,0.429999977350235,4.844999849796295,19.12499951571226,21.74499950557947,5.75
SITE_006_S0010,SITE_006,0,0,0,0,4.064999908208847,14.04999978281558,37.25
SITE_006_S0011,SITE_006,0,0,5.489999767392874,50.92999858781696,112.3399969004095,112.9104968942702,3.75
SITE_006_S0012,SITE_006,0,0,0,0,1.22499998472631,6.324999874457717,24.75
SITE_006_S0013,SITE_006,0,0,0,0.0070000002160668,0.1169999996200203,0.1169999996200203,38.75
SITE_006_S0014,SITE_006,0,0,0,0,0,0,168
SITE_006_S0015,SITE_006,0,0.5899999737739563,2.43999994173646,3.599999893456697,3.599999893456697,3.599999893456697,1.75
SITE_006_S0016,SITE_006,0,0,0,0,0,1.530999971437268,151.25
SITE_006_S0017,SITE_006,0,0,0,0,0,0,168
SITE_006_S0018,SITE_006,0,0,0,0,0,0,168
SITE_006_S0019,SITE_006,0,0,0,0,0,0.3599999994039535,104.25
SITE_006_S0020,SITE_006,0,0,0,0,0,0,168
SITE_006_S0021,SITE_006,0,0,0,0,0,0.0025000001769512,168
SITE_006_S0022,SITE_006,0,0,0,0,0,0,168
SITE_006_S0023,SITE_006,0,0,0,0,0,0,168
SITE_006_S0024,SITE_006,0,0,0,0,0,0,168
SITE_006_S0025,SITE_006,0,0,0,0,0,0,168
SITE_006_S0026,SITE_006,0,0,0,0.5,51.95999864116311,53.56999859958887,17.75
SITE_006_S0027,SITE_006,0,0,0,0,0,0,168
SITE_006_S0028,SITE_006,0,0.0399999991059303,0.0399999991059303,0.0399999991059303,0.0399999991059303,0.0399999991059303,168
SITE_006_S0029,SITE_006,0,0,0,0,0,0,168
SITE_006_S0030,SITE_006,0.044999998062849,0.2299999985843897,7.409999826923013,7.684999832883477,7.729999830946326,7.729999830946326,2.25
SITE_006_S0031,SITE_006,0,0,0,0,7.545499769970775,69.89549858868122,48.25
SITE_006_S0032,SITE_006,0,0.3699999898672104,0.3699999898672104,2.689999927766621,6.404999796301127,8.784999750554562,1.75
SITE_006_S0033,SITE_006,0,0,0,0,5.274999835528433,13.21499964781106,63.75
SITE_006_S0034,SITE_006,0.3649999909102916,0.3649999909102916,2.099999960511923,5.674999827519059,59.97999830450863,62.16999822016805,0.75
SITE_006_S0035,SITE_006,2.974999845027924,12.2149994969368,12.2149994969368,13.08499948494136,24.92499912809581,148.249997115694,0.25
SITE_006_S0036,SITE_006,0,0,0,0.281000018119812,2.196000019088387,3.376000020653009,14.25
SITE_006_S0037,SITE_006,2.134999990463257,33.01499938964844,95.85999870300292,151.0449966974556,151.3049966841936,160.9749964224175,0.25
SITE_006_S0038,SITE_006,1.939999997615814,2.549999967217445,2.549999967217445,2.549999967217445,2.844999954104424,3.144999951124192,0.25
SITE_006_S0039,SITE_006,0.4999999850988388,0.6549999862909317,0.6549999862909317,0.6549999862909317,0.6649999860674143,40.61999888159335,0.25
SITE_006_S0040,SITE_006,0,0,0,12.07499962300062,31.20999878458679,31.20999878458679,16.75
SITE_006_S0041,SITE_006,0,0,0,1.064999971538782,1.933999966830015,41.99399882182479,13.25
SITE_006_S0042,SITE_006,0,0,0,0,0.0599999977275729,1.139999943785369,85.75
SITE_006_S0043,SITE_006,0,0,0,0,0,0.1599999954923987,147.75
SITE_006_S0044,SITE_006,0,0,0,0,0,0,168
SITE_006_S0045,SITE_006,0,0,0,0.0350000001490116,30.98499898333102,92.33499744534492,24.75
SITE_006_S0046,SITE_006,0,0,0,0.0005000000237487257,0.0005000000237487257,1.035499944293406,136.25
SITE_006_S0047,SITE_006,0,0,0,0,0,0.5500000165775418,145.75
SITE_006_S0048,SITE_006,0,0,0,0,0,0,168
SITE_006_S0049,SITE_006,0,0.0949999988079071,0.0949999988079071,0.0949999988079071,0.0949999988079071,0.0954999988316558,168
SITE_006_S0050,SITE_006,0,0,0,0,0,0,168
SITE_006_S0051,SITE_006,0,0,0,0,0,0,168
SITE_006_S0052,SITE_006,0,0,0,0,4.404999908059835,6.00499988719821,57.25
SITE_006_S0053,SITE_006,0,0,0,0,0,0,168
SITE_006_S0054,SITE_006,0,0,0,0,0,0.0085000004619359,168
SITE_006_S0055,SITE_006,0,0,0,1.554999947547913,10.27499949932098,10.27499949932098,18.75
SITE_006_S0056,SITE_006,0,0,0,0,0,0.9350000023841858,165.75
SITE_006_S0057,SITE_006,0,0,0,0,0,0,168
SITE_006_S0058,SITE_006,0,0,0,0,0,0,168
SITE_006_S0059,SITE_006,0,0,0,0,0,0.0590000040829181,168
SITE_006_S0060,SITE_006,0,0,0,0,0.5299999751150608,0.5299999751150608,26.75
SITE_006_S0061,SITE_006,0,0,0,0,22.25499997008592,22.25499997008592,25.75
SITE_006_S0062,SITE_006,0,0,0,1.264999985694885,20.39999920502305,108.8549966337159,7.25
SITE_006_S0063,SITE_006,4.954999804496765,13.0849996805191,13.95499968528748,15.31499963998795,15.86499963328242,24.05999945197254,0.25
SITE_006_S0064,SITE_006,0,0,0,0,0.0805000066757202,21.76549938879907,108.25
SITE_006_S0065,SITE_006,0,0,0,0,0,6.024999856948853,146.25
SITE_006_S0066,SITE_006,0,0,0,0,15.16499959863722,23.10499937646091,26.75
SITE_006_S0067,SITE_006,0,0,0,0,0,0.3949999958276748,150.25
SITE_006_S0068,SITE_006,0,0,0,0,0,0,168
SITE_006_S0069,SITE_006,0,0,0,0,0.1015000008046627,0.1015000008046627,168
SITE_006_S0070,SITE_006,0,1.27999996393919,3.41499986499548,3.41499986499548,3.41499986499548,3.534999862313271,2.25
SITE_006_S0071,SITE_006,0,0,0,0,0.2599999904632568,2.254999928176403,66.75
SITE_006_S0072,SITE_006,0,0,0,0.4399999976158142,24.21499946713448,34.69999933242798,22.25
SITE_006_S0073,SITE_006,2.055000007152557,2.330000013113022,2.330000013113022,2.330000013113022,2.330000013113022,2.550000004470348,0.25
SITE_006_S0074,SITE_006,0,0,0,0,0.3084999993443489,0.3084999993443489,39.25
SITE_006_S0075,SITE_006,0,0,0,0,0.3149999901652336,0.6499999761581421,69.75
SITE_006_S0076,SITE_006,0,0,0,0,0,0.7549999952316284,103.75
SITE_006_S0077,SITE_006,0,0,0,0,0.0249999985098838,0.7764999985229224,158.75
SITE_006_S0078,SITE_006,0,0,0,0,0,1.204999930225313,137.75
SITE_006_S0079,SITE_006,0,0,0,0,0,0,168
SITE_006_S0080,SITE_006,0,0,0,0,0,0,168
SITE_006_S0081,SITE_006,0,0,0,0,0,0,168
SITE_006_S0082,SITE_006,0,0,0,0,0,0.003000000026077,168
SITE_006_S0083,SITE_006,0,0,0,2.669999946840107,3.519999922253191,3.534999921917916,15.75
SITE_006_S0084,SITE_006,0,0,0,0.0399999991059303,0.0399999991059303,0.0399999991059303,168
SITE_006_S0085,SITE_006,0,0,0,0,0,0.0160000007599592,168
SITE_006_S0086,SITE_006,0,0,0,0,0,0.089999996125698,168
SITE_006_S0087,SITE_006,0,0,0,0,0,0,168
SITE_006_S0088,SITE_006,0,0,0,0,0,0.0299999993294477,168
SITE_006_S0089,SITE_006,0,0,0,0,0,21.3049996457994,86.75
SITE_006_S0090,SITE_006,0,0,0,0,0,0.0775000005960464,168
SITE_006_S0091,SITE_006,0,0,0,0.7649999856948853,11.50499987602234,39.59999948740005,20.75
SITE_006_S0092,SITE_006,0,0,0,0,10.93500000238419,15.53499992191792,49.75
SITE_006_S0093,SITE_006,0,0,0,0,75.75999878719449,101.7799980426207,26.25
SITE_006_S0094,SITE_006,0,0,0,0,0,0.0299999993294477,168
SITE_006_S0095,SITE_006,0,0,0,9.86499983817339,11.62849985808134,44.42349896766245,12.25
SITE_006_S0096,SITE_006,0.044999998062849,0.044999998062849,0.044999998062849,0.044999998062849,21.79499928466976,33.94999904744327,26.75
SITE_006_S0097,SITE_006,0,0,0,0,0,16.94500025734305,144.75
SITE_006_S0098,SITE_006,0,0,0,8.134999707341194,8.134999707341194,22.67999944090843,8.75
SITE_006_S0099,SITE_006,0,0,0,0,0.1700000017881393,9.024999789893627,63.75
SITE_006_S0100,SITE_006,0,0,0,0,0.01450000051409,0.01450000051409,168
SITE_006_S0101,SITE_006,0,0,0,0,0,0,168
SITE_006_S0102,SITE_006,0,0,0,0,6.049999908544123,8.159999878145754,44.75
SITE_006_S0103,SITE_006,0,0,0,0,0,0,168
SITE_006_S0104,SITE_006,0,0,0,0,0.0015000000130385,0.0015000000130385,168
SITE_006_S0105,SITE_006,0,0,0,0,0,0,168
SITE_006_S0106,SITE_006,0,0,0,0,0,0,168
SITE_006_S0107,SITE_006,0,0,0,0,0,0,168
SITE_006_S0108,SITE_006,0,0,0,0,0,1.756499995244667,112.25
SITE_006_S0109,SITE_006,0,0,0,0,0.0749999992549419,0.0749999992549419,168
SITE_006_S0110,SITE_006,0,0,0,0,0,4.254999962635338,110.25
SITE_006_S0111,SITE_006,7.079999923706055,22.32499945163727,65.18499886989594,82.15999826416373,99.39499804005028,106.8349978625774,0.25
SITE_006_S0112,SITE_006,0,0,0,0,45.44999860227108,54.05999827757478,52.25
SITE_006_S0113,SITE_006,0,0,0,0,2.759999958798289,2.774999958463013,31.75
SITE_006_S0114,SITE_006,0,0,0,0,0,4.329999829642475,103.25
SITE_006_S0115,SITE_006,0,0,0,0,0.1299999970942735,0.15499999653548,168
SITE_006_S0116,SITE_006,0,0,0,0,0,0.1255000084638595,110.25
SITE_006_S0117,SITE_006,0,0,0,0,3.774999901652336,28.12499922513961,51.75
SITE_006_S0118,SITE_006,0,0,0.1550000011920929,1.41499999165535,21.75999954342842,45.03999904543161,5.75
SITE_006_S0119,SITE_006,0,10.43499964475632,22.33999931812286,24.51999922841788,31.7899990901351,33.53999906778336,1.75
SITE_006_S0120,SITE_006,0,0,0,0.6449999883770943,1.609999977052212,9.417999908328056,22.75
SITE_006_S0121,SITE_006,0,0,0,0,0,1.034999966621399,151.75
SITE_006_S0122,SITE_006,0,0,0,0,0,0,168
SITE_006_S0123,SITE_006,0,0,0,0,0,0,168
SITE_006_S0124,SITE_006,0,0,0,0,0,0,168
SITE_006_S0125,SITE_006,0,0,0,1.554999947547913,27.42999950051308,40.5054991543293,15.25
SITE_006_S0126,SITE_006,0,0,0,0,3.829999972134829,3.994999967515469,49.75
SITE_006_S0127,SITE_006,0,0,0,0,11.87999962456524,11.87999962456524,30.75
SITE_006_S0128,SITE_006,0,0,0,0,0,0.4999999813735485,146.25
SITE_006_S0129,SITE_006,0,0,0,0,2.45499989297241,24.40499942190945,26.75
SITE_006_S0130,SITE_006,0,0,0,0,0,1.354999932926148,98.75
SITE_006_S0131,SITE_006,0,0,0,0.0049999998882412,0.0049999998882412,0.9100000010803342,135.25
SITE_006_S0132,SITE_006,0,0.0949999988079071,0.0949999988079071,0.0949999988079071,0.2449999991804361,7.249999959021807,29.76666666666667
SITE_006_S0133,SITE_006,0,0,0,0,0,0,168
SITE_006_S0134,SITE_006,0,0,0,0,0.0005000000237487257,0.0005000000237487257,168
SITE_006_S0135,SITE_006,0,0,0,0,0,0,168
SITE_006_S0136,SITE_006,0,0,0,0,0,0,168
SITE_006_S0137,SITE_006,0,0,0,0,0,1.819999933242798,159.7666666666667
SITE_006_S0138,SITE_006,0,0,0,0,0,0,168
SITE_006_S0139,SITE_006,0,0,0,0.0100000007078051,0.0100000007078051,0.0100000007078051,168
SITE_006_S0140,SITE_006,0,0,0,0,0.5299999751150608,0.5299999751150608,39.76666666666667
SITE_006_S0141,SITE_006,0,0,0,0,0,7.639999908395112,101.7666666666667
SITE_006_S0142,SITE_006,0,0,0,0,0,0.0199999995529651,168
SITE_006_S0143,SITE_006,0,0,0,0,0,27.4199994802475,90.76666666666668
SITE_006_S0144,SITE_006,0,0,0,0,1.59499990940094,1.59499990940094,42.76666666666667
SITE_006_S0145,SITE_006,0,0,0,0.6349999904632568,3.82499984651804,41.86799873970449,23.76666666666667
SITE_006_S0146,SITE_006,0,0,0,0,0,8.909999848343432,122.2666666666667
SITE_006_S0147,SITE_006,0.1199999973177909,0.1199999973177909,1.749999992549419,16.70499979332089,32.52999939769506,120.24499726668,3.766666666666667
SITE_006_S0148,SITE_006,0.2349999845027923,1.679999932646751,1.894999928772449,16.11499967426062,49.9699991196394,184.9049959229305,0.2666666666666666
SITE_006_S0149,SITE_006,0,0,0,0,0.2949999868869781,6.659999892115593,31.76666666666667
SITE_006_S0150,SITE_006,0,0,0,0,26.29999958723783,26.40199959278107,25.26666666666667
SITE_006_S0151,SITE_006,0,0,0,0,0.7450000047683716,0.7450000047683716,41.26666666666667
SITE_006_S0152,SITE_006,0.544999971985817,1.414999946951866,1.414999946951866,17.42999938037246,29.23499911930412,81.25499823130667,0.2666666666666666
SITE_006_S0153,SITE_006,0,3.26999980211258,5.629999756813049,8.494999706745148,44.87499852478504,53.84999829996377,1.766666666666667
SITE_006_S0154,SITE_006,0,0.4149999916553497,0.8499999940395355,0.8499999940395355,6.834999777376652,33.85499908123165,2.766666666666667
SITE_006_S0155,SITE_006,0,0,0,0,0,0.0150000005960464,168
SITE_006_S0156,SITE_006,0,0,0,0,0,0,168
SITE_006_S0157,SITE_006,0,0,0,0,0,0,168
SITE_006_S0158,SITE_006,0,0,0,0,0.0749999955296516,4.24499988462776,122.7666666666667
SITE_006_S0159,SITE_006,0,0,0,0,0,0,168
SITE_006_S0160,SITE_006,0,0,0,0,0,0.1954999928711913,155.2666666666667
SITE_006_S0161,SITE_006,0,0,0,0,0,0.3049999866634607,168
SITE_006_S0162,SITE_006,0,0,0,0,0,0,168
SITE_006_S0163,SITE_006,0,0,0,0,0,0,168
SITE_006_S0164,SITE_006,0,0,0,0,0,0,168
SITE_006_S0165,SITE_006,0,0,0,0.2449999935925007,0.2449999935925007,0.2449999935925007,168
SITE_006_S0166,SITE_006,0,0,0,0,0,1.804999939166009,133.2666666666667
SITE_006_S0167,SITE_006,0,0,0,0,0,0.3649999843910336,127.2666666666667
SITE_006_S0168,SITE_006,0,0,0,0,0,0,168
SITE_006_S0169,SITE_006,0,0,0,0,1.169999971054494,1.519999950192869,36.26666666666667
SITE_006_S0170,SITE_006,0,0,0,1.194999933242798,1.194999933242798,15.8749994924292,19.26666666666667
SITE_006_S0171,SITE_006,0,0,0,1.389999955892563,48.5849986076355,77.77999753411859,11.76666666666667
SITE_006_S0172,SITE_006,0,0,0,0.1899999976158142,1.76999993994832,1.76999993994832,14.76666666666667
SITE_006_S0173,SITE_006,0,0,0,0,0,13.57999967318028,139.2666666666667
SITE_006_S0174,SITE_006,0,0,0,0,0,73.9049977734685,113.7666666666667
SITE_006_S0175,SITE_006,0,0,0,0,9.244999714195728,46.54499889537692,35.26666666666667
SITE_006_S0176,SITE_006,0,0,0,1.34999992698431,5.464999807998538,29.88499915599823,6.766666666666667
SITE_006_S0177,SITE_006,0,0,0,0,0.0899999979883432,50.50999824889004,92.76666666666668
SITE_006_S0178,SITE_006,0,0,0,0,3.294999968260527,127.9249966014177,65.76666666666667
SITE_006_S0179,SITE_006,0,0.199999988079071,0.9999999403953552,1.359999940730631,2.504999932833016,16.60999942850322,2.766666666666667
SITE_006_S0180,SITE_006,0,0,0,0,0,8.194999784231186,145.7666666666667
SITE_006_S0181,SITE_006,0,0,0,6.934999875724316,11.0549997612834,12.52499969303608,9.766666666666667
SITE_006_S0182,SITE_006,0,0,0,0,0,4.23499983549118,111.2666666666667
SITE_006_S0183,SITE_006,0,0,0,0,0,0.2299999892711639,166.7666666666667
SITE_006_S0184,SITE_006,0,0,0,14.37499966099858,34.48999928310513,34.48999928310513,20.76666666666667
SITE_006_S0185,SITE_006,0,0,0,0,0,0,168
SITE_006_S0186,SITE_006,0,0,0,0,0,0,168
SITE_006_S0187,SITE_006,0,0.1649999991059303,0.2399999946355819,0.2399999946355819,0.2999999932944774,0.2999999932944774,168
SITE_006_S0188,SITE_006,0,0,0,0,0,0,168
SITE_006_S0189,SITE_006,0,0,0,0,0,0,168
SITE_006_S0190,SITE_006,0,0,0,0,0,0,168
SITE_006_S0191,SITE_006,0,0,0,0,0,0,168
SITE_006_S0192,SITE_006,0,0,0,0,0,0.1199999973177909,151.2666666666667
SITE_006_S0193,SITE_006,0,0,0,0,0,0,168
SITE_006_S0194,SITE_006,0,0,0,0,0,0,168
SITE_006_S0195,SITE_006,0,0,0,0,0,0,168
SITE_006_S0196,SITE_006,0,0,0,0,0,0,168
SITE_006_S0197,SITE_006,0,0,0,0,0,0.5599999949336052,97.76666666666668
SITE_006_S0198,SITE_006,0,0,0,0,0.0749999955296516,2.160000033676624,87.26666666666667
SITE_006_S0199,SITE_006,0,0,0,0.0199999995529651,7.229999887757003,7.274999885819852,44.76666666666667
SITE_006_S0200,SITE_006,0,0.2899999916553497,0.2899999916553497,0.2999999914318323,21.14999944902956,264.9799950150773,2.266666666666667
SITE_006_S0201,SITE_006,0,0,0,0,0.0449999989941716,0.2799999983981251,135.7666666666667
SITE_006_S0202,SITE_006,0,0,0,0,1.899999931454659,101.7599978903308,70.26666666666667
SITE_006_S0203,SITE_006,0,0,0,0,0,3.099999904632568,111.7666666666667
SITE_006_S0204,SITE_006,0,0,0,0,0,0,168
SITE_006_S0205,SITE_006,0,0,0,49.40499857999384,88.96999756153673,128.4199965167791,14.26666666666667
SITE_006_S0206,SITE_006,0,0,0,0,15.67499987594783,62.47499865014106,25.26666666666667
SITE_006_S0207,SITE_006,0,0,0,0,0,5.344999899156392,139.2666666666667
SITE_006_S0208,SITE_006,0,0,0,13.74499973841012,14.85999969579279,14.85999969579279,14.76666666666667
SITE_006_S0209,SITE_006,0,0,0,0,2.624999970197678,10.82499991171062,67.26666666666667
SITE_006_S0210,SITE_006,0,0,0,0,0,42.83499876409769,113.2666666666667
SITE_006_S0211,SITE_006,0,0,0,0,0,0,168
SITE_006_S0212,SITE_006,0,0,0,0,0,3.329999883659184,85.26666666666667
SITE_006_S0213,SITE_006,0,0,0.1700000017881393,0.1700000017881393,0.1700000017881393,0.1700000017881393,4.266666666666667
SITE_006_S0214,SITE_006,0,0,0,0,0,0,168
SITE_006_S0215,SITE_006,0,0.0899999979883432,0.0899999979883432,0.0899999979883432,0.0899999979883432,0.0899999979883432,168
SITE_006_S0216,SITE_006,0,0,0,0,0,0,168
SITE_006_S0217,SITE_006,0,0,0,0,0,0,168
SITE_006_S0218,SITE_006,0,0,0,0,0,0,168
SITE_006_S0219,SITE_006,0,0,0,0,0,0,168
SITE_006_S0220,SITE_006,0,0,0,0,0,0,168
SITE_006_S0221,SITE_006,0,0,0,0,0,0,168
SITE_006_S0222,SITE_006,0,0,0,0.0099999997764825,0.0099999997764825,0.0099999997764825,168
SITE_006_S0223,SITE_006,0,0,0,0.0299999993294477,0.0299999993294477,0.0299999993294477,168
SITE_006_S0224,SITE_006,0,0,0,0,0,0,168
SITE_006_S0225,SITE_006,0.0049999998882412,0.0199999995529651,0.0199999995529651,2.959999897517264,31.3899989798665,106.349997613579,11.25
SITE_007_S0001,SITE_007,0,0,0,0,0.1550000011920929,0.1550000011920929,53.11666666666667
SITE_007_S0002,SITE_007,0,0,0,0,0,0,168
SITE_007_S0003,SITE_007,0,0,0,0,0,0,168
SITE_007_S0004,SITE_007,0,0,0,0,0.0015000000130385,0.2264999866019934,168
SITE_007_S0005,SITE_007,0,0,0,0,0,0,168
SITE_007_S0006,SITE_007,0,0,0,0,0,1.849999964237213,132.1
SITE_007_S0007,SITE_007,0,0,0,0,0,0,168
SITE_007_S0008,SITE_007,0,0,0,0,0.634999992325902,0.634999992325902,62.6
SITE_007_S0009,SITE_007,0,0,0,0,0.0010000000474974,0.0010000000474974,168
SITE_007_S0010,SITE_007,0,0,0,0,0,0,168
SITE_007_S0011,SITE_007,0,0,0,0,0,0,168
SITE_007_S0012,SITE_007,0,0,0,0,0,0,168
SITE_007_S0013,SITE_007,0.2849999964237213,0.6449999883770943,1.054999985732138,1.224999982863665,1.224999982863665,1.224999982863665,0.1166666666666666
SITE_007_S0014,SITE_007,0,0,0,0,0,1.709999967366457,142.6
SITE_007_S0015,SITE_007,0,0,0,0,0,0,168
SITE_007_S0016,SITE_007,0,0,0,0,0,0,168
SITE_007_S0017,SITE_007,0,0,0,0,0,0,168
SITE_007_S0018,SITE_007,0,0,0,0,0,0,168
SITE_007_S0019,SITE_007,0,0,0,0.006000000052154,0.006000000052154,0.006000000052154,168
SITE_007_S0020,SITE_007,0,0,0,0,0,0.006000000052154,168
SITE_007_S0021,SITE_007,0,0,0,0,0,8.439999785274267,73.11666666666666
SITE_007_S0022,SITE_007,0,0,0,0.1049999967217445,0.1049999967217445,0.1049999967217445,168
SITE_007_S0023,SITE_007,0,0,0,0,0,0.1049999967217445,168
SITE_007_S0024,SITE_007,0,0,0,0.139500007033348,0.139500007033348,0.1595000065863132,14.1
SITE_007_S0025,SITE_007,0,0.0449999989941716,0.0499999988824129,0.0499999988824129,0.0499999988824129,0.189500005915761,158.1166666666667
SITE_007_S0026,SITE_007,0,0,0,0,0,1.139999996870756,127.6
SITE_007_S0027,SITE_007,0,0,0,0,9.65999973192811,9.65999973192811,34.11666666666667
SITE_007_S0028,SITE_007,0.2950000017881393,4.204999938607216,17.77499958872795,111.9899969398975,183.8049956914037,193.6449953587725,0.1
SITE_007_S0029,SITE_007,0,0,0,0.1050000004470348,0.7599999792873859,114.669996866025,30.61666666666667
SITE_007_S0030,SITE_007,0,0,0,0.4499999955296516,2.389999985694885,47.88499917369336,20.11666666666667
SITE_007_S0031,SITE_007,0,0,0.0949999988079071,0.0949999988079071,9.844999942928553,10.2949999384582,54.6
SITE_007_S0032,SITE_007,0,0,0,0,0,10.01999973040074,109.1166666666667
SITE_007_S0033,SITE_007,0,0,0,0,0.6299999840557575,2.054999961517751,56.6
SITE_007_S0034,SITE_007,0,0.0049999998882412,0.0049999998882412,0.0049999998882412,0.0049999998882412,0.1475000130012631,134.1166666666667
SITE_007_S0035,SITE_007,0.6850000023841858,3.10999995470047,8.444999873638153,9.899999842047691,9.899999842047691,51.85499892383814,0.1
SITE_007_S0036,SITE_007,0,0,0,0,6.319999903440476,68.66999821178615,39.11666666666667
SITE_007_S0037,SITE_007,0,0,0,0.7050000131130219,20.63499942794442,69.64499866589904,16.11666666666667
SITE_007_S0038,SITE_007,0,0,0,0.044999998062849,0.8149999566376209,22.53999937232584,29.61666666666667
SITE_007_S0039,SITE_007,0,0,0,0,0,0.1799999931827187,168
SITE_007_S0040,SITE_007,0,0,0,0,0.4449999928474426,0.4744999948889017,53.11666666666667
SITE_007_S0041,SITE_007,0,0,0,0,1.424999952316284,1.669999942183495,28.11666666666667
SITE_007_S0042,SITE_007,0,0,0,0,0.9849999845027924,0.9849999845027924,31.11666666666667
SITE_007_S0043,SITE_007,0,0,0,0,0,0,168
SITE_007_S0044,SITE_007,0,0,0,0,0,0.5549999717622995,119.1166666666667
SITE_007_S0045,SITE_007,0,0,0,0.2449999945238232,0.4549999879673123,0.5049999887123704,21.61666666666667
SITE_007_S0046,SITE_007,0,0,0,2.849999964237213,45.56499938294292,53.38499921839684,22.61666666666667
SITE_007_S0047,SITE_007,0,0,0,0,0.0049999998882412,0.5549999820068479,159.1166666666667
SITE_007_S0048,SITE_007,0,0,0,5.199999891221523,11.41999968141317,17.01999952271581,10.61666666666667
SITE_007_S0049,SITE_007,0,0,0,0,0,0,168
SITE_007_S0050,SITE_007,0.0499999979510903,0.0499999979510903,0.7249999837949872,0.7899999814108014,0.8199999807402492,0.826999980956316,3.116666666666667
SITE_007_S0051,SITE_007,0,0,0,0,0,0.5149999875575304,97.61666666666666
SITE_007_S0052,SITE_007,0,0,0,0,0,0.0049999998882412,168
SITE_007_S0053,SITE_007,0,0,0,0,0,0,168
SITE_007_S0054,SITE_007,0,0,0,0,0,0,168
SITE_007_S0055,SITE_007,0,0,0,0,2.31149994651787,2.31149994651787,36.11666666666667
SITE_007_S0056,SITE_007,0,0,0,0,0,0,168
SITE_007_S0057,SITE_007,0,0,0,0,0,0,168
SITE_007_S0058,SITE_007,0,0,0,0,0,0,168
SITE_007_S0059,SITE_007,0,0,0,2.379999924451113,6.449999862350524,6.449999862350524,10.11666666666667
SITE_007_S0060,SITE_007,0,0,0,0,0.0100000007078051,0.0200000004842877,168
SITE_007_S0061,SITE_007,0,0,0,0,0,0,168
SITE_007_S0062,SITE_007,0,0,0,0.0099999997764825,0.0099999997764825,0.0099999997764825,168
SITE_007_S0063,SITE_007,0,0,5.434999704360962,7.669999718666077,11.87499959394336,32.28499905392528,5.116666666666666
SITE_007_S0064,SITE_007,0,0,0,0,0,0.669999985024333,159.1166666666667
SITE_007_S0065,SITE_007,1.714999973773956,5.714999854564667,8.169999845325947,8.514499846845865,8.514499846845865,8.514499846845865,0.1166666666666666
SITE_007_S0066,SITE_007,0,0,0,0,19.84999984502792,31.56499967630953,29.61666666666667
SITE_007_S0067,SITE_007,0.0399999991059303,0.1049999967217445,0.1049999967217445,12.46999981813133,52.57499856222421,170.7979955719784,13.61666666666667
SITE_007_S0068,SITE_007,0,0,0,0,12.64999989420176,106.4349981052801,29.11666666666667
SITE_007_S0069,SITE_007,0,0,0,0,0,0,168
SITE_007_S0070,SITE_007,0,0,0,0,0,34.82999975606799,138.1166666666667
SITE_007_S0071,SITE_007,0,0,0,0,8.119999691843987,9.464999720454216,40.11666666666667
SITE_007_S0072,SITE_007,0,0,0.4949999898672104,1.129999978467822,10.61999970953912,25.48299947287888,4.616666666666666
SITE_007_S0073,SITE_007,3.37499988079071,5.929999873042107,14.0199997574091,15.85499972105026,15.85499972105026,79.10999857075512,0.1166666666666666
SITE_007_S0074,SITE_007,0,0,0,0,29.03499955963344,38.87999923806638,31.61666666666667
SITE_007_S0075,SITE_007,0,0,0,0,0,25.08499967306852,109.6166666666667
SITE_007_S0076,SITE_007,0,0,0,0.3100000023841858,0.3100000023841858,0.3100000023841858,7.116666666666666
SITE_007_S0077,SITE_007,1.489999979734421,2.749999947845936,2.754999947734177,6.019999940879643,9.989999901503325,12.07949983980507,0.1166666666666666
SITE_007_S0078,SITE_007,0,0,0,0,0,0,168
SITE_007_S0079,SITE_007,0,0,0,0,1.610000002197921,2.389999973587692,50.11666666666667
SITE_007_S0080,SITE_007,0,0,0,0,0,5.509999885223806,109.1166666666667
SITE_007_S0081,SITE_007,0,0,0,0,0,0,168
SITE_007_S0082,SITE_007,0,0.0549999997019767,0.3099999912083149,0.3449999913573265,0.3449999913573265,0.3449999913573265,168
SITE_007_S0083,SITE_007,0,0,0,0,0,0,168
SITE_007_S0084,SITE_007,0,0,0,0.9799999864771962,3.164999914355576,3.299999909475446,20.11666666666667
SITE_007_S0085,SITE_007,0,0,0,0.1849999949336052,4.609999847598374,4.609999847598374,13.11666666666667
SITE_007_S0086,SITE_007,0,0,0,0,0,0,168
SITE_007_S0087,SITE_007,0,0,0,0,0,0,168
SITE_007_S0088,SITE_007,0.0599999986588954,0.0599999986588954,0.0599999986588954,0.0599999986588954,0.0599999986588954,0.0599999986588954,168
SITE_007_S0089,SITE_007,0,0,0,0,0,0,168
SITE_007_S0090,SITE_007,0,0,0,0.429999977350235,0.429999977350235,0.429999977350235,19.11666666666667
SITE_007_S0091,SITE_007,0,0,0.5099999904632568,0.679999990388751,0.679999990388751,0.8449999876320362,5.616666666666666
SITE_007_S0092,SITE_007,0,0,0,3.859999857842922,23.92999933846295,25.57499928772449,17.11666666666667
SITE_007_S0093,SITE_007,0,0,0,0,0.1650000000372529,0.864999976940453,59.61666666666667
SITE_007_S0094,SITE_007,0,0,0,0,0,0,168
SITE_007_S0095,SITE_007,0,0,0,0,0,0,168
SITE_007_S0096,SITE_007,0,0,0,0,0,0,168
SITE_007_S0097,SITE_007,0,0,0,0,0,0.0999999996274709,168
SITE_007_S0098,SITE_007,0,0,0,0,0,0,168
SITE_007_S0099,SITE_007,0,0,0,0,0,0,168
SITE_007_S0100,SITE_007,0,0,0,0,0,0,168
SITE_007_S0101,SITE_007,0,0,0,0,0,0,168
SITE_007_S0102,SITE_007,0,0,0,0,0.4499999862164259,0.4499999862164259,65.1
SITE_007_S0103,SITE_007,0,0,0,0,3.209999924525619,3.209999924525619,36.11666666666667
SITE_007_S0104,SITE_007,0,0,0,0.0049999998882412,0.0949999960139393,0.0949999960139393,168
SITE_007_S0105,SITE_007,0,0,0,0,0,0.0049999998882412,168
SITE_007_S0106,SITE_007,0,0,0,0,0.2399999909102916,2.054999976418912,76.6
SITE_007_S0107,SITE_007,0,0,0,0,0,0,168
SITE_007_S0108,SITE_007,0,0,0,0.0399999991059303,26.74999936297536,30.15999933797866,24.1
SITE_007_S0109,SITE_007,0,0,0,0,0,0.0399999991059303,168
SITE_007_S0110,SITE_007,0,0,0,0,17.35499948542565,17.98499947134405,29.6
SITE_007_S0111,SITE_007,0.1549999937415123,0.7049999795854092,0.7149999793618917,0.7149999793618917,0.7149999793618917,0.7149999793618917,1.616666666666667
SITE_007_S0112,SITE_007,0,0,0,0,11.99999961908907,19.33499948587269,45.6
SITE_007_S0113,SITE_007,0,0,0,0,0.1649999972432851,19.74999957717955,88.1
SITE_007_S0114,SITE_007,0,0,0,0,12.17999970261008,12.17999970261008,36.61666666666667
SITE_007_S0115,SITE_007,0,0,0,0,0.1549999974668026,8.519999741576612,91.6
SITE_007_S0116,SITE_007,0,0,0,0,0,0,168
SITE_007_S0117,SITE_007,0,0,0,0,0.1399999968707561,0.1399999968707561,26.1
SITE_007_S0118,SITE_007,0,0,0,0,0.0099999997764825,0.3499999903142452,168
SITE_007_S0119,SITE_007,0,0,0,0,0.0099999997764825,0.0099999997764825,168
SITE_007_S0120,SITE_007,0.0350000001490116,0.8049999810755253,2.179999966174364,5.624999891966581,10.47499978076667,14.99999965820462,2.116666666666667
SITE_007_S0121,SITE_007,0,0,0,6.06499982625246,33.51499901711941,71.42999804299325,13.6
SITE_008_S0001,SITE_008,0,0,0,0,0,0.066500000655651,168
SITE_008_S0002,SITE_008,0,0,0,2.174999970942736,4.939999905414879,5.164999899454415,16.85
SITE_008_S0003,SITE_008,0,0,0,0,26.66999910771847,89.55499814450741,49.85
SITE_008_S0004,SITE_008,0,0,0,0.0099999997764825,0.0099999997764825,5.72999987192452,85.35
SITE_008_S0005,SITE_008,0,0,0,0,0,1.96499996073544,111.85
SITE_008_S0006,SITE_008,0,0,0,0,0,0.0625,168
SITE_008_S0007,SITE_008,0,0,0,0.7599999830126762,0.7599999830126762,82.99999863281846,7.85
SITE_008_S0008,SITE_008,0,0,0,0,0,0,168
SITE_008_S0009,SITE_008,0,0,0,0,0,0,168
SITE_008_S0010,SITE_008,0,0,0,0.0599999986588954,3.274999890476465,4.689999837428331,26.85
SITE_008_S0011,SITE_008,0,0,0,0,0,24.87999960035086,110.35
SITE_008_S0012,SITE_008,0,0,0,2.174999915063381,34.4849989535287,35.69999891147017,16.85
SITE_008_S0013,SITE_008,0,0,0,4.609999865293503,4.609999865293503,40.18499876558781,10.85
SITE_008_S0014,SITE_008,0,0.089999996125698,0.089999996125698,0.089999996125698,0.324999988079071,0.519999984651804,67.85
SITE_008_S0015,SITE_008,0,0,0,0,0.1449999958276748,14.77499975636601,63.85
SITE_008_S0016,SITE_008,0,0,0,0,0,5.094999883323908,164.35
SITE_008_S0017,SITE_008,0,0,0,0.8249999787658453,0.8249999787658453,4.719999929890037,14.85
SITE_008_S0018,SITE_008,0,0,0,0,11.10499964281917,25.74499917402864,41.35
SITE_008_S0019,SITE_008,0.0249999985098838,0.0249999985098838,0.0249999985098838,0.0249999985098838,1.360999986529351,1.360999986529351,65.35
SITE_008_S0020,SITE_008,0,0.0549999997019767,0.0549999997019767,55.47999805212021,57.98499800264835,57.98499800264835,7.85
SITE_008_S0021,SITE_008,0,0,0,0,15.96499996632338,15.96499996632338,35.35
SITE_008_S0022,SITE_008,0,0,0,0,3.174499936401844,3.174499936401844,44.85
SITE_008_S0023,SITE_008,0,0,0,0,0,2.27499994635582,79.35
SITE_008_S0024,SITE_008,0,0,0,0,0,54.80499930679798,84.35
SITE_008_S0025,SITE_008,0,0,0,4.549999982118607,27.89499908685684,31.88999892771244,21.35
SITE_008_S0026,SITE_008,0,0,0,0,0.1469999998807907,4.696999981999397,29.85
SITE_008_S0027,SITE_008,0,0,0,0,9.319999681785704,15.3999995905906,31.85
SITE_008_S0028,SITE_008,0,0,0,0.1049999967217445,0.3949999809265136,5.114999890327454,18.35
SITE_008_S0029,SITE_008,1.509999990463257,2.060000002384186,2.140000000596046,2.515000004321337,3.46500002220273,3.570000018924475,0.35
SITE_008_S0030,SITE_008,0,0,0,0.2699999958276748,90.2749974830076,189.979995588772,22.85
SITE_008_S0031,SITE_008,0,0,0,0,0.0255000013858079,0.2954999972134828,166.85
SITE_008_S0032,SITE_008,0,0,0,0,0,0,168
SITE_008_S0033,SITE_008,0,0,0,0,0,0,168
SITE_008_S0034,SITE_008,0,0,0,0,0.1450000004842877,19.34499956853688,45.35
SITE_008_S0035,SITE_008,0.0149999996647238,0.0149999996647238,0.0149999996647238,0.8899999847635627,3.129999908618629,3.164999907836318,14.35
SITE_008_S0036,SITE_008,0,0.2099999897181987,0.3299999851733446,0.3299999851733446,0.3299999851733446,2.479999935254455,105.35
SITE_008_S0037,SITE_008,0,0,0,3.004999904893339,5.339999862015247,24.56499942485243,12.85
SITE_008_S0038,SITE_008,0,0,0,0.184999999590218,20.80499972682446,49.42249915376306,23.85
SITE_008_S0039,SITE_008,0,0,0.3349999859929085,0.6099999723955989,0.6099999723955989,1.009999959729612,5.85
SITE_008_S0040,SITE_008,0,0,0,0,0.199999988079071,5.679999846033752,26.85
SITE_008_S0041,SITE_008,0,0,0.199999988079071,0.199999988079071,0.199999988079071,0.7549999738112092,3.35
SITE_008_S0042,SITE_008,0,0,0,0.079999997280538,2.464499960653484,2.664499948732555,39.85
SITE_008_S0043,SITE_008,0,0,0,0,0,0.0599999986588954,168
SITE_008_S0044,SITE_008,0,0,0.0199999995529651,4.104999949224293,50.52499852422625,53.76499840710312,18.35
SITE_008_S0045,SITE_008,2.639999866485596,6.394999802112579,14.46799962967634,15.04799961298704,15.97299954947084,20.07799949869513,0.35
SITE_008_S0046,SITE_008,0,0,0,0,0,18.95299947913736,133.35
SITE_008_S0047,SITE_008,0,0,0,0,2.819999924860895,2.819999924860895,59.35
SITE_008_S0048,SITE_008,0,0,0,0,0,0.0499999970197677,168
SITE_008_S0049,SITE_008,0,0,0,0,0,0,168
SITE_008_S0050,SITE_008,0,0,0,8.744999833405018,17.34999963641167,30.9654993629083,17.35
SITE_008_S0051,SITE_008,0,0.4899999946355819,12.37499962747097,20.81499944627285,22.44499940052629,30.58499916270376,1.85
SITE_008_S0052,SITE_008,0,0,0,0,0.1199999973177909,22.56499943882227,71.86666666666666
SITE_008_S0053,SITE_008,0,0,0,0,0,0,168
SITE_008_S0054,SITE_008,0,0,0,0,0.0549999997019767,0.8249999852851033,72.85
SITE_008_S0055,SITE_008,0,0,0,0,1.034999978728592,4.454999865032732,55.36666666666667
SITE_008_S0056,SITE_008,0,0,0,0.9349999614059924,1.01999996136874,1.01999996136874,13.85
SITE_008_S0057,SITE_008,0,0,0,0.0350000001490116,2.694999976083636,13.76499987579882,24.86666666666667
SITE_008_S0058,SITE_008,0,0,0,0,0,0.6419999822974205,168
SITE_008_S0059,SITE_008,0,0,0,2.249999903142452,4.184999845921993,4.769999843090773,22.86666666666667
SITE_008_S0060,SITE_008,0,0,0,0,0,2.249999903142452,166.85
SITE_008_S0061,SITE_008,0.0749999955296516,0.3049999848008156,4.874999843537808,4.874999843537808,15.54999954998493,33.91499916836619,2.366666666666667
SITE_008_S0062,SITE_008,0,0,0,0.3549999892711639,0.3549999892711639,6.519999817013741,13.85
SITE_008_S0063,SITE_008,0,0,0,0,0,0.3784999903291464,157.8666666666667
SITE_008_S0064,SITE_008,0,0,0,1.024999968707561,3.804999895393848,12.15499971061945,6.35
SITE_008_S0065,SITE_008,0,0,0,6.579999685287476,8.324999660253525,9.584999622777104,16.86666666666667
SITE_008_S0066,SITE_008,0,0,0,0,0,7.234999656677246,103.85
SITE_008_S0067,SITE_008,0,0,0,0,0.7199999680742621,8.534999816678464,30.86666666666667
SITE_008_S0068,SITE_008,0,0,0,0.6349999755620956,0.6349999755620956,6.042999827302992,7.35
SITE_008_S0069,SITE_008,0,0,0,5.974999792873859,7.249999761581421,7.884999737143517,16.36666666666667
SITE_008_S0070,SITE_008,0,0,0,0,0.25,7.264999785460532,42.35
SITE_008_S0071,SITE_008,0,0,0,0,0.0700000002980232,1.649999961256981,93.36666666666666
SITE_008_S0072,SITE_008,0,0,0,0,9.54999966174364,10.53999962564558,36.85
SITE_008_S0073,SITE_008,0,0,0,0,8.05499962437898,19.54449937772005,48.86666666666667
SITE_008_S0074,SITE_008,0,0,0,0,0,0,168
SITE_008_S0075,SITE_008,0,0,0,0,0,0,168
SITE_008_S0076,SITE_008,0,0,0,0.3050000071525574,0.8700000047683716,23.60499942302704,14.85
SITE_008_S0077,SITE_008,0,0,0,0,0,0.3050000071525574,158.8666666666667
SITE_008_S0078,SITE_008,0,0,0,0,0.0715000033378601,0.0715000033378601,168
SITE_008_S0079,SITE_008,0,1.31999996304512,3.574999883770943,3.784999877214432,3.784999877214432,4.014999866485596,1.85
SITE_008_S0080,SITE_008,0,0,0,0,0.554999977350235,5.23499983549118,47.86666666666667
SITE_008_S0081,SITE_008,0,0,0,0,5.034999884665012,5.079999882727861,46.85
SITE_008_S0082,SITE_008,0,0,0,4.459999918937683,5.019499890506268,5.574499882757664,7.366666666666666
SITE_008_S0083,SITE_008,0,0,0,0,5.519999832846224,10.86999970767647,26.35
SITE_008_S0084,SITE_008,0,0,0,0,1.104999961331487,22.03499953635037,29.86666666666667
SITE_008_S0085,SITE_008,0,0,0,0,5.424999922513962,8.444999784231186,68.85
SITE_008_S0086,SITE_008,0.8599999845027924,3.579999983310699,7.75999990105629,7.96499989926815,14.65499968826771,14.65499968826771,0.3666666666666666
SITE_008_S0087,SITE_008,0,0,0,1.85499994456768,4.57049985229969,20.26549965888261,14.35
SITE_008_S0088,SITE_008,0.0949999988079071,0.2299999892711639,0.2299999892711639,0.2299999892711639,0.5499999821186066,9.32499974872917,1.366666666666667
SITE_008_S0089,SITE_008,0.4399999976158142,0.6449999958276749,0.7899999916553497,0.7899999916553497,0.9099999889731408,62.21499900519848,0.35
SITE_008_S0090,SITE_008,0,0,0,0,0,3.669999979436398,108.3666666666667
SITE_008_S0091,SITE_008,15.86500024795532,22.13500022888184,27.48500007390976,28.51000005751848,28.51000005751848,39.62499959021807,0.35
SITE_008_S0092,SITE_008,0.2849999964237213,1.519999966025352,3.684999901801348,5.939999837428331,5.939999837428331,89.38999869022518,0.3666666666666666
SITE_008_S0093,SITE_008,0,1.509999960660934,4.854999899864197,7.594999762251973,9.01499972306192,20.77999943494797,1.85
SITE_008_S0094,SITE_008,0,0,0,0,1.604999959468842,16.85999948345125,30.86666666666667
SITE_008_S0095,SITE_008,0,0,0,0,2.579999923706055,9.004999719560146,42.35
SITE_008_S0096,SITE_008,0,0,0,1.904999930411577,4.059999901801348,8.484999816864729,20.86666666666667
SITE_008_S0097,SITE_008,1.524999976158142,7.625,7.649999998509884,14.25499980896711,43.29999935626984,45.20499928668141,0.35
SITE_008_S0098,SITE_008,0,0,0,0,1.6499999826774,33.71999919507653,25.86666666666667
SITE_008_S0099,SITE_008,1.754999980330467,3.009999945759773,4.469999924302101,4.469999924302101,5.769999891519547,58.89999814424664,0.35
SITE_008_S0100,SITE_008,0,0,0,0,0,22.51999947614968,87.86666666666666
SITE_008_S0101,SITE_008,0,0,0,0.0299999993294477,0.6649999897927046,1.244999973103404,27.85
SITE_008_S0102,SITE_008,0,0,0,0,1.304000034928322,1.80900003015995,68.86666666666666
SITE_008_S0103,SITE_008,0,0,0,0.2549999877810478,0.2549999877810478,7.254999734461308,7.35
SITE_008_S0104,SITE_008,0,0,0,3.354999899864197,21.04999918490648,38.62499876320362,6.866666666666666
SITE_008_S0105,SITE_008,0,0,0,0,0,11.54999969899654,110.35
SITE_008_S0106,SITE_008,0,0,0,16.34499964118004,22.17499949038029,22.27999948710203,13.86666666666667
SITE_008_S0107,SITE_008,0,0,0,14.09499974548817,16.20499971881509,31.26499933376908,9.866666666666667
SITE_008_S0108,SITE_008,0.5299999713897705,0.5299999713897705,0.5299999713897705,0.5399999711662531,0.5399999711662531,37.59499908331782,0.35
SITE_008_S0109,SITE_008,0,0,0.0440000034868717,0.0440000034868717,17.64899976924062,60.74399924837053,26.86666666666667
SITE_008_S0110,SITE_008,0,0,0,3.504999987781048,7.039999892935157,16.09399972297251,17.35
SITE_008_S0111,SITE_008,0,0,0,0,0,16.58499952871352,96.85
SITE_008_S0112,SITE_008,0,0,0,0,0,0,168
SITE_008_S0113,SITE_008,0,0,0.0345000028610229,0.0345000028610229,0.0345000028610229,0.0345000028610229,168
SITE_008_S0114,SITE_008,0,0,0,0,4.434999965131283,23.02449963241816,54.86666666666667
SITE_008_S0115,SITE_008,0,0,0,0,0,0,168
SITE_008_S0116,SITE_008,0,0,0,0.4699999894946813,4.189999869093299,8.164999827742577,8.866666666666667
SITE_008_S0117,SITE_008,0,0,0,0,0,15.16999975591898,88.35
SITE_008_S0118,SITE_008,0,0,0,0.0199999995529651,1.579999919980764,5.30499988887459,69.36666666666666
SITE_008_S0119,SITE_008,0,0,0,0.1699999943375587,0.1699999943375587,1.487999957054853,108.85
SITE_008_S0120,SITE_008,0,0,0,0.9949999451637268,0.9949999451637268,10.63499958720058,16.85
SITE_008_S0121,SITE_008,0,0,0,3.319999914616346,5.184999842196703,6.17999978736043,12.36666666666667
SITE_008_S0122,SITE_008,0,0,0,0,0.0399999991059303,4.589999879710376,114.35
SITE_008_S0123,SITE_008,0,0,0,0,0,2.196000030264258,124.3666666666667
SITE_008_S0124,SITE_008,0,0,0,0,0,1.9799999371171,112.85
SITE_008_S0125,SITE_008,0,0,0,0.0199999995529651,1.510000009089708,1.510000009089708,31.36666666666667
SITE_008_S0126,SITE_008,0,0,0,0,3.140000000596046,3.160000000149012,30.85
SITE_008_S0127,SITE_008,0,0,0,0,0,0,168
SITE_008_S0128,SITE_008,0,0,0,0,7.409999837167561,7.931999822147191,54.85
SITE_008_S0129,SITE_008,0,0,0,0,0,1.119999952614307,124.8666666666667
SITE_008_S0130,SITE_008,0.8899999856948853,0.9599999859929084,1.024999983608723,2.779999930411577,15.21499957330525,15.21499957330525,0.85
SITE_008_S0131,SITE_008,0,0,0,0,0.4799999855458736,142.5009968038648,66.36666666666666
SITE_008_S0132,SITE_008,0.2899999916553497,0.3849999904632568,0.3849999904632568,6.449999797157943,33.34499934222549,92.89999763201922,0.85
SITE_008_S0133,SITE_008,0,0,0,0,0.2399999946355819,9.964999712072313,71.86666666666666
SITE_008_S0134,SITE_008,0,0,0,0,1.979999929666519,14.35999975539744,29.85
SITE_008_S0135,SITE_008,0,0,0,0,15.4249998293817,107.434997972101,63.36666666666667
SITE_008_S0136,SITE_008,0,0,0,0,21.3199996240437,30.0379994167015,36.35
SITE_008_S0137,SITE_008,0,0.2899999860674143,2.984999971464276,9.609999857842922,9.609999857842922,9.609999857842922,2.85
SITE_008_S0138,SITE_008,0,0,0.0049999998882412,1.739999952726066,11.82499985489994,25.54999957792461,14.36666666666667
SITE_008_S0139,SITE_008,0,0,0,0,0,1.739999952726066,158.35
SITE_008_S0140,SITE_008,0,0,0,0,0.0305000022053718,0.0305000022053718,168
SITE_008_S0141,SITE_008,0,0,0,0,0,0.3349999831989407,107.85
SITE_008_S0142,SITE_008,0,0,0,0,0,7.074999796226621,79.86666666666666
SITE_008_S0143,SITE_008,0,0,0,0.1549999937415123,0.2149999924004078,0.2149999924004078,168
SITE_008_S0144,SITE_008,0,0,0.1299999952316284,1.394999995827675,7.059999910183251,7.439999897032976,5.866666666666666
SITE_008_S0145,SITE_008,6.894999921321869,10.51999983564019,10.51999983564019,11.22999981045723,27.39649968035519,30.96149964164943,0.35
SITE_008_S0146,SITE_008,0,0,0,0.0549999997019767,0.3049999997019768,28.18499958328903,30.36666666666667
SITE_008_S0147,SITE_008,0,0,0,0,0,0.5349999917671084,88.35
SITE_008_S0148,SITE_008,0,0,0,0,0,1.164999969303608,105.8666666666667
SITE_008_S0149,SITE_008,0,0,0,0,0,0,168
SITE_008_S0150,SITE_008,0,0,0,0,0.1499999947845935,0.1659999955445528,168
SITE_008_S0151,SITE_008,0,0,0,0,0,0.5349999740719795,122.8666666666667
SITE_008_S0152,SITE_008,0,0,0,0,0,0,168
SITE_008_S0153,SITE_008,0,0,0,0,0,0,168
SITE_008_S0154,SITE_008,0,0.0149999996647238,0.0149999996647238,0.6949999928474426,0.7714999988675117,0.7714999988675117,13.85
SITE_008_S0155,SITE_008,0,0,0,0,7.834999825805426,12.87999964877963,27.36666666666667
SITE_008_S0156,SITE_008,0,0,0,0,0,1.254999961704016,83.85
SITE_008_S0157,SITE_008,0,1.284999929368496,2.319999892264605,2.594999883323908,2.599999883212149,12.61999995168298,2.866666666666667
SITE_008_S0158,SITE_008,0,0.1049999967217445,0.1049999967217445,0.6199999712407589,36.37499938346446,79.25499797705561,22.85
SITE_008_S0159,SITE_008,0,0.044999998062849,1.94999996945262,6.709999721497297,7.621499679982662,8.486499641090631,5.866666666666666
SITE_008_S0160,SITE_008,0,0,0,16.57500011101365,21.56999996863306,28.73499967716634,12.35
SITE_008_S0161,SITE_008,0,0,0,0,0,18.7000001044944,84.86666666666666
SITE_008_S0162,SITE_008,0,0,0,0.3099999874830246,14.03999975323677,19.64999952167273,31.35
SITE_008_S0163,SITE_008,0,0,0,0,1.024999974295497,1.339999961666763,55.36666666666667
SITE_008_S0164,SITE_008,0,0,0,0,0.0340000018477439,1.638999979943037,114.35
SITE_008_S0165,SITE_008,0,0,0,0.6249999850988388,0.6599999852478504,0.6849999837577343,14.36666666666667
SITE_008_S0166,SITE_008,0.5850000083446503,0.6950000077486038,0.6950000077486038,0.6950000077486038,4.639999863691628,22.18999948073179,0.35
SITE_008_S0167,SITE_008,0,0,0,0,0,4.119999941438437,107.35
SITE_008_S0168,SITE_008,0,0,0,0,0.0285000018775463,0.0285000018775463,168
SITE_008_S0169,SITE_008,0,0,0,0,2.404999911785126,2.404999911785126,36.35
SITE_008_S0170,SITE_008,0,0,0,0,0,10.21499974839389,129.3666666666667
SITE_008_S0171,SITE_008,0,0,0,0,0,0,168
SITE_008_S0172,SITE_008,0,0,0,0,0,1.23499995842576,109.3666666666667
SITE_008_S0173,SITE_008,0,0,0.0230000019073486,0.0230000019073486,0.0230000019073486,28.64299954287708,97.35
SITE_008_S0174,SITE_008,1.664999989792705,1.664999989792705,1.669999989680946,1.714999988675117,3.144999923184514,3.167999925091863,0.3666666666666666
SITE_008_S0175,SITE_008,0,0,0,0,6.514999654144049,15.51999950781465,24.35
SITE_008_S0176,SITE_008,0,0.0149999996647238,0.0149999996647238,0.0149999996647238,0.204999997280538,0.3249999908730387,62.36666666666667
SITE_008_S0177,SITE_008,0,0,0,0,0,12.68499978166074,112.35
SITE_008_S0178,SITE_008,0,0,0,0.0499999970197677,0.0499999970197677,0.4999999776482582,82.86666666666666
SITE_008_S0179,SITE_008,0,0,0,0,0,0.0799999982118606,168
SITE_008_S0180,SITE_008,0,0.4249999821186065,0.4249999821186065,0.4249999821186065,30.89499841630459,30.89499841630459,1.366666666666667
SITE_008_S0181,SITE_008,0,0,0,0,0.0649999976158142,11.78499948605895,108.35
SITE_008_S0182,SITE_008,0,0,0,0,0.0049999998882412,10.75899975094944,106.8666666666667
SITE_008_S0183,SITE_008,0,0,0,0,0.0399999991059303,0.1399999959394335,168
SITE_008_S0184,SITE_008,0,0.0149999996647238,0.0149999996647238,1.004999985918403,1.664999956265092,36.72499922569841,13.36666666666667
SITE_008_S0185,SITE_008,0,0,0,91.3799964254722,98.9949963381514,148.1799955898896,8.35
SITE_008_S0186,SITE_008,0,0,0,0,2.184999946504832,93.56499637197705,31.36666666666667
SITE_008_S0187,SITE_008,0,0.0549999997019767,0.1099999994039535,4.984999883919954,12.95999986119568,30.52599920798093,7.35
SITE_008_S0188,SITE_008,0,0,0,0,0.0999999996274709,13.17499976046383,82.86666666666666
SITE_008_S0189,SITE_008,0,0,0,0,21.49499933794141,21.63499933853745,26.85
SITE_008_S0190,SITE_008,17.96499967575073,42.50499868392944,86.3649971485138,97.93999675288796,113.3949963636696,115.9749963209033,0.3666666666666666
SITE_008_S0191,SITE_008,0,0,0,0.1749999970197677,14.11999941803515,170.6449939776212,9.85
SITE_008_S0192,SITE_008,0,0,0,0.2449999898672104,0.2449999898672104,20.49549969658256,7.366666666666666
SITE_008_S0193,SITE_008,0.089999996125698,0.2199999913573265,0.2649999894201755,0.3299999870359897,2.99999989848584,3.24499988835305,55.85
SITE_008_S0194,SITE_008,0,0,0,0.2249999940395355,0.5299999788403511,23.22499911952764,10.86666666666667
SITE_008_S0195,SITE_008,0,0,0,0.0749999983236193,26.84499945491552,59.95999877527356,31.35
SITE_008_S0196,SITE_008,0,0,0,0.0649999976158142,0.3099999902769923,2.479999919421971,74.86666666666666
SITE_008_S0197,SITE_008,0,0,0,0.1850000023841858,0.1850000023841858,0.2785000018775463,18.85
SITE_008_S0198,SITE_008,0,0.3499999865889549,0.6049999734386802,0.6049999734386802,0.6049999734386802,0.789999975822866,2.366666666666667
SITE_008_S0199,SITE_008,0,0,0,0,0.0599999986588954,0.6649999720975757,146.35
SITE_008_S0200,SITE_008,0,0.1199999954551458,0.1199999954551458,1.219999995082617,1.219999995082617,33.07499896176159,6.366666666666666
SITE_008_S0201,SITE_008,0,0,0,0.089999996125698,3.42499990388751,5.44999988656491,49.85
SITE_008_S0202,SITE_008,0,0,0,1.094999965280294,10.71849951706827,11.09849950112402,23.86666666666667
SITE_008_S0203,SITE_008,0,0,0,0,0.1149999946355819,1.209999959915876,63.85
SITE_008_S0204,SITE_008,0,0,0,0,0,0.4149999869987368,85.36666666666666
SITE_008_S0205,SITE_008,0,0,0,0,0,0.1850000023841858,89.35
SITE_008_S0206,SITE_008,0,0,0,0.5199999734759331,1.439999960362911,1.439999960362911,20.86666666666667
SITE_008_S0207,SITE_008,0,0,0,0.0949999960139393,17.44999961741269,26.53699939697981,44.85
SITE_008_S0208,SITE_008,0,0.1549999974668026,0.1549999974668026,0.1549999974668026,13.16000005975366,19.71999996062368,30.36666666666667
SITE_008_S0209,SITE_008,0,0,0,0,0,2.999999977648258,77.85
SITE_008_S0210,SITE_008,0,0,0,0,0,0,168
SITE_008_S0211,SITE_008,0,0,0,0,0.0599999977275729,0.0599999977275729,168
SITE_008_S0212,SITE_008,0,0,0,0,0.038000002503395,0.038000002503395,168
SITE_008_S0213,SITE_008,0,0,0,0,0,0,168
SITE_008_S0214,SITE_008,0,0,0,0,0,0,168
SITE_008_S0215,SITE_008,0.3449999839067459,0.6649999767541885,0.6849999763071537,10.55999987199902,13.24499978870153,14.76999976951629,0.35
SITE_008_S0216,SITE_008,0,0,0,0.8849999606609344,0.8849999606609344,15.44499972462654,13.86666666666667
SITE_008_S0217,SITE_008,0,0,0,0.209999993443489,3.811999887228012,37.6419992884621,23.35
SITE_008_S0218,SITE_008,0,0,0,0,4.120000034570694,4.810000032186508,30.36666666666667
SITE_008_S0219,SITE_008,0,0,1.439999982714653,5.204999865964055,33.43499915488064,56.47499871440232,4.85
SITE_008_S0220,SITE_008,0,0,0,0,0,6.034999871626496,113.8666666666667
SITE_008_S0221,SITE_008,0,0,0,0,0,1.025000004097819,85.35
SITE_008_S0222,SITE_008,0,0,0,0.0850000008940696,5.389500007033348,5.389500007033348,36.36666666666667
SITE_008_S0223,SITE_008,0,0,0,0.1099999994039535,17.5149998664856,49.95999907702208,25.85
SITE_008_S0224,SITE_008,0,0,0,3.694999868050218,48.82499839179218,48.93499839119613,13.86666666666667
SITE_008_S0225,SITE_008,0,0,0,0,0,9.919999565929174,78.85
SITE_008_S0226,SITE_008,0,0,0,0,0,0,168
SITE_008_S0227,SITE_008,0,0,0,1.44999998062849,1.47249998152256,3.527499929070473,12.85
SITE_008_S0228,SITE_008,0,0,0.449999988079071,0.449999988079071,0.449999988079071,1.899999968707561,5.366666666666666
SITE_008_S0229,SITE_008,0,0,0,0,0,9.909999683499336,84.35
SITE_008_S0230,SITE_008,0,0,0,0,0,0.3699999898672104,118.3666666666667
SITE_008_S0231,SITE_008,0.0899999998509883,0.1299999998882413,0.1699999989941716,0.1699999989941716,9.694999751634896,21.47999925818294,39.85
SITE_008_S0232,SITE_008,0,0,0.0365000031888484,0.0365000031888484,0.5364999864250422,0.7614999832585454,59.36666666666667
SITE_008_S0233,SITE_008,0,0,0,0,0,5.541499903425574,132.35
SITE_008_S0234,SITE_008,0,0,7.099999964237213,7.199999962002039,17.4299997324124,24.12999954912812,3.866666666666666
SITE_008_S0235,SITE_008,0,0,0,0.5099999755620956,4.844999894499779,18.904999691993,16.85
SITE_008_S0236,SITE_008,0,0,0,0,0.125,0.7449999749660492,71.86666666666666
SITE_008_S0237,SITE_008,0,0,0,0,12.58499989658594,12.58499989658594,49.35
SITE_008_S0238,SITE_008,0,0,0,0,0,0.0635000020265579,168
SITE_008_S0239,SITE_008,0,0,0,0,0.1749999951571226,0.1749999951571226,168
SITE_008_S0240,SITE_008,0,0,0,0,0,0,168
SITE_008_S0241,SITE_008,1.689999967813492,1.789999961853027,1.789999961853027,2.589999914169312,12.59999951533973,83.58499740250409,0.35
SITE_008_S0242,SITE_008,0,0,0,0,0.7899999860674143,10.15499971807003,62.36666666666667
SITE_008_S0243,SITE_008,0,0.1550000011920929,0.1550000011920929,1.994999974966049,6.304999886080623,53.16399870254099,2.85
SITE_008_S0244,SITE_008,0,0,0,0,0,6.284999814815819,78.36666666666666
SITE_008_S0245,SITE_008,0,0,0,0,0.1550000011920929,0.3200000021606684,168
SITE_008_S0246,SITE_008,0,0,0,5.889999717473984,26.95999938622117,30.12499937228858,15.86666666666667
SITE_008_S0247,SITE_008,0,0,0,0,0.3349999831989407,13.50499951932579,29.85
SITE_008_S0248,SITE_008,0,0,0,0,0,0.0535000041127204,168
SITE_008_S0249,SITE_008,0,0,0,0,0.554999977350235,23.60999909322709,70.85
SITE_008_S0250,SITE_008,0,0,0,0,6.129999876022339,6.129999876022339,30.86666666666667
SITE_008_S0251,SITE_008,0,0,0,0,0,0,168
SITE_008_S0252,SITE_008,0,0,0,0.0249999985098838,0.0249999985098838,0.0249999985098838,168
SITE_008_S0253,SITE_008,0.3549999818205833,0.6849999651312828,0.6849999651312828,5.329999839887023,5.839999814517796,6.994999762624502,0.3666666666666666
SITE_008_S0254,SITE_008,0,0,0,1.69999996945262,14.5249995412305,36.62499889638275,10.35
SITE_008_S0255,SITE_008,0,0,0,0,23.42499940656125,71.54999910481274,37.86666666666667
SITE_008_S0256,SITE_008,0,0,0,5.224999985657632,9.624999861232936,9.899999847635629,12.35
SITE_008_S0257,SITE_008,0,0,0,0.5149999856948853,5.524999916553497,7.979999827221036,23.36666666666667
SITE_008_S0258,SITE_008,0,0,0,0,2.994999945163727,6.134999880567193,28.86666666666667
SITE_008_S0259,SITE_008,0,0,0,0,0,0.4269999917596578,95.86666666666666
SITE_008_S0260,SITE_008,1.050000011920929,1.384999990463257,1.384999990463257,1.384999990463257,17.82999962568283,17.82999962568283,0.3666666666666666
SITE_008_S0261,SITE_008,0,0,0,0,0,0,168
SITE_008_S0262,SITE_008,0.5249999910593033,2.009999945759773,3.834999933838844,5.294999863952398,5.654999855905771,5.654999855905771,0.3666666666666666
SITE_008_S0263,SITE_008,0,0,0,0,0,0.5450000027194619,143.3666666666667
SITE_008_S0264,SITE_008,0,0,1.060000002384186,1.060000002384186,2.409999970346689,5.284999892115593,4.366666666666666
SITE_008_S0265,SITE_008,0,0,0,0,0.1850000023841858,0.7999999923631549,60.86666666666667
SITE_008_S0266,SITE_008,0,0,0,0,0,32.71499928086996,109.3666666666667
SITE_008_S0267,SITE_008,0,0,0,0,0,0.7149999812245369,160.3666666666667
SITE_008_S0268,SITE_008,0,0,0,0,0,0.0999999940395355,168
SITE_008_S0269,SITE_008,0,0,0,0,0.2999999867752194,8.204999760724604,46.36666666666667
SITE_008_S0270,SITE_008,0,0,0,0.3899999782443046,0.3899999782443046,0.3899999782443046,20.86666666666667
SITE_008_S0271,SITE_008,0,0,0,1.35999995470047,2.864999882876873,49.06499937176704,11.36666666666667
SITE_008_S0272,SITE_008,0,0,0,0,0,0,168
SITE_008_S0273,SITE_008,0,0,0,0,0.0460000038146972,4.555999961681664,117.3666666666667
SITE_008_S0274,SITE_008,0,0,0,8.509999886155128,19.16499938070774,19.16499938070774,15.86666666666667
SITE_008_S0275,SITE_008,0,0,0,0,3.739999875426293,4.004999861121178,36.36666666666667
SITE_008_S0276,SITE_008,0,0,0,19.21000021789223,35.87499998603016,40.44999991822988,9.366666666666667
SITE_008_S0277,SITE_008,0,0,0,0,0,39.9299989156425,128.3666666666667
SITE_008_S0278,SITE_008,0,0.2299999892711639,0.3949999883770942,0.8999999612569809,4.49099996034056,10.67099976725876,2.866666666666667
SITE_008_S0279,SITE_008,0,0,0,5.889999831095338,6.149999829009175,16.41999941505492,11.86666666666667
SITE_008_S0280,SITE_008,0,0,0,0.0049999998882412,18.8499993737787,59.73999850638211,35.36666666666667
SITE_008_S0281,SITE_008,0,0,0,0,0.0299999993294477,18.17949955165387,147.3666666666667
SITE_008_S0282,SITE_008,0,0,0,0.0299999993294477,0.7799999695271254,6.144999849610031,34.86666666666667
SITE_008_S0283,SITE_008,0,0,0.066500000655651,0.066500000655651,6.646499971859157,8.841499875299633,64.36666666666666
SITE_008_S0284,SITE_008,0,0,2.239999979734421,9.13999979570508,11.18499979935586,30.32499932311476,4.866666666666666
SITE_008_S0285,SITE_008,0,0,0,0,2.529999915510416,5.109999858774245,55.36666666666667
SITE_008_S0286,SITE_008,0,0,0,0,0.8199999928474426,4.566999866627157,37.36666666666667
SITE_008_S0287,SITE_008,0,0,0.3900000005960464,0.8199999779462814,1.504999950528145,6.699999835342169,3.866666666666666
SITE_008_S0288,SITE_008,0,0,0,0,7.31499982252717,22.30999944731593,28.86666666666667
SITE_008_S0289,SITE_008,0,0,0,0,1.599999915808439,6.959999803453684,57.86666666666667
SITE_008_S0290,SITE_008,0,0,0,0.0599999986588954,0.899999987334013,0.899999987334013,24.86666666666667
SITE_008_S0291,SITE_008,0,0,0,0.2750000059604645,0.2750000059604645,8.964999724179506,8.366666666666667
SITE_008_S0292,SITE_008,0,0,0,0,0.3249999992549419,2.559999975375831,31.86666666666667
SITE_008_S0293,SITE_008,0,0,0,0,0.054999996908009,0.054999996908009,168
SITE_008_S0294,SITE_008,0,0,0,10.99999976158142,19.06499966979027,37.36499938368797,15.36666666666667
SITE_008_S0295,SITE_008,0,0,0,0,0,9.211999908089638,164.3666666666667
SITE_008_S0296,SITE_008,0,0.089999996125698,0.089999996125698,0.2949999906122684,0.2949999906122684,14.22499970067292,103.3666666666667
SITE_008_S0297,SITE_008,0,0,0,3.344999872148037,9.799999689683318,16.46999957226217,9.866666666666667
SITE_008_S0298,SITE_008,0,0,0,3.689999982714653,10.46499976888299,11.23999973759055,14.86666666666667
SITE_008_S0299,SITE_008,0,0,0,0,0,0,168
SITE_008_S0300,SITE_008,0,0,0,0,0,0.1249999925494194,168
SITE_008_S0301,SITE_008,0,0,0,1.074999933131039,1.074999933131039,5.764999811537564,7.366666666666666
SITE_008_S0302,SITE_008,0,0,0,0,23.97999930381775,23.97999930381775,38.86666666666667
SITE_008_S0303,SITE_008,0,0,0,0,0,16.74499937146902,114.3666666666667
SITE_008_S0304,SITE_008,0,0,0,0,0,0.0249999985098838,168
SITE_008_S0305,SITE_008,0,0,0,4.354999803006649,92.53499753028154,95.9649973846972,11.36666666666667
SITE_008_S0306,SITE_008,1.019999988377094,1.094999983906746,1.094999983906746,5.679999869316816,29.66499941423536,36.60999928507954,0.3666666666666666
SITE_008_S0307,SITE_008,0,0.3050000071525574,0.3050000071525574,1.35999995470047,5.264999902807176,14.54499979317188,2.866666666666667
SITE_008_S0308,SITE_008,0,0,0,0,0,0.089999996125698,168
SITE_008_S0309,SITE_008,3.429999947547913,16.77999973297119,27.22499969601631,30.65499956533313,30.72999956086278,32.97499949019402,0.3666666666666666
SITE_008_S0310,SITE_008,0,0,0,0,0,0,168
SITE_008_S0311,SITE_008,0,0,0.0099999997764825,0.0099999997764825,0.0099999997764825,0.0099999997764825,168
SITE_008_S0312,SITE_008,0,0,0,1.679999977350235,2.024999976158142,6.384999856352806,7.866666666666666
SITE_008_S0313,SITE_008,0,0,0,0,0.4399999976158142,2.569999922066927,62.86666666666667
SITE_008_S0314,SITE_008,0,0,0,0,0,0,168
SITE_008_S0315,SITE_008,0,0,0,0,0.199999988079071,0.3449999820441007,69.86666666666666
SITE_008_S0316,SITE_008,0.0299999993294477,0.0299999993294477,0.0299999993294477,0.0299999993294477,0.4299999801442027,13.26999960932881,27.86666666666667
SITE_008_S0317,SITE_008,0,0,0,0.0649999976158142,2.844999989494681,95.12499813176692,57.36666666666667
SITE_008_S0318,SITE_008,0,0,0,0,0,3.424999837763608,74.86666666666666
SITE_008_S0319,SITE_008,0,0,0,0.1049999967217445,0.1199999963864684,65.52999858092517,6.866666666666666
SITE_008_S0320,SITE_008,0,0,0,0,0.399999987334013,0.7049999944865704,54.86666666666667
SITE_008_S0321,SITE_008,0,1.404999911785126,1.904999891296029,3.609999844804406,85.89999780990183,89.55499765649438,1.866666666666667
SITE_008_S0322,SITE_008,0,0,0,0,0,7.594999738037586,134.3666666666667
SITE_008_S0323,SITE_008,0,0,0,2.479999877512455,2.729999867267907,13.80999963451177,10.86666666666667
SITE_008_S0324,SITE_008,0,0,0,0,0,2.03499994892627,150.3666666666667
SITE_008_S0325,SITE_008,0,0,0,0.4799999967217445,5.814999908208847,6.944999882020056,13.86666666666667
SITE_008_S0326,SITE_008,0.25,0.25,0.25,0.25,2.279999949038029,21.9649992287159,0.8666666666666667
SITE_008_S0327,SITE_008,0,0,0,0,0.0499999998137354,3.334999877028167,112.8666666666667
SITE_008_S0328,SITE_008,0,0,0,0,38.71499912813306,38.79999912902713,44.36666666666667
SITE_008_S0329,SITE_008,0,0,0,0,8.349999725818634,8.46999972499907,36.36666666666667
SITE_008_S0330,SITE_008,0,0,0,7.549999810755253,12.15499971061945,12.15499971061945,10.36666666666667
SITE_008_S0331,SITE_008,0,0,0,0,0,2.964999943971634,78.36666666666666
SITE_008_S0332,SITE_008,0,0,0,12.60999958775938,36.26499951817095,70.0799987372011,13.86666666666667
SITE_008_S0333,SITE_008,0,0,0.3049999922513962,0.3049999922513962,0.3049999922513962,0.9549999656155704,3.866666666666666
SITE_008_S0334,SITE_008,0,0,0,0.0799999982118606,3.514999940991402,6.014999878592789,31.36666666666667
SITE_008_S0335,SITE_008,0,0,0,0.3599999845027923,1.994999974966049,19.78499964624644,8.866666666666667
SITE_008_S0336,SITE_008,0,0,0,7.309999816119671,21.14999942947179,21.58999941404909,8.866666666666667
SITE_008_S0337,SITE_008,0.159999992698431,0.3899999819695949,0.3899999819695949,8.88999967649579,9.554999649524689,12.18999954685569,0.8666666666666667
SITE_008_S0338,SITE_008,0,0,0,0,0,2.649999928660691,86.36666666666666
SITE_009_S0001,SITE_009,0,0,2.029999971389771,2.499999968335032,2.794999955222011,4.974999872036278,4.7
SITE_009_S0002,SITE_009,0,0,0,0,0.0199999995529651,2.864999952726066,124.8333333333333
SITE_009_S0003,SITE_009,0,0,0,0,1.364999946206808,28.72499934397638,44.7
SITE_009_S0004,SITE_009,0,0,0.0049999998882412,0.0049999998882412,2.44999998062849,31.95999926980585,58.7
SITE_009_S0005,SITE_009,0,0,0,0,0.0299999993294477,10.9149998370558,84.33333333333333
SITE_009_S0006,SITE_009,0,0,0,0,0,0,168
SITE_009_S0007,SITE_009,0,0,0,0,14.04999963659793,14.04999963659793,42.33333333333334
SITE_009_S0008,SITE_009,0,0,0,0,1.489999942481518,3.554999843239784,54.2
SITE_009_S0009,SITE_009,0,0,0,2.400000063702464,17.23999964166433,18.60499956179411,14.33333333333333
SITE_009_S0010,SITE_009,0.8899999856948853,1.634999990463257,1.634999990463257,9.39999977964908,15.96499964781106,24.23999940138311,0.2
SITE_009_S0011,SITE_009,0,0.1400000005960464,0.7049999833106995,6.429999850690365,24.41499948501587,51.24999886844307,2.833333333333333
SITE_009_S0012,SITE_009,0,0.0700000002980232,0.0700000002980232,0.299999987706542,5.009999884292483,35.27999944239855,7.7
SITE_009_S0013,SITE_009,0,0,0,0.2799999937415123,8.594999885186553,13.92499976232648,14.83333333333333
SITE_009_S0014,SITE_009,0,0,0,1.990000009536743,1.990000009536743,7.694999823346734,12.7
SITE_009_S0015,SITE_009,0,0,0.4649999905377626,1.314999980852008,5.639999831095338,8.319999830797315,4.833333333333333
SITE_009_S0016,SITE_009,0,0,0.209999993443489,3.414999887347221,15.53999969363213,20.00999957602471,5.2
SITE_009_S0017,SITE_009,0,0,0,0,7.86999979428947,8.48499977402389,59.2
SITE_009_S0018,SITE_009,0,0,0,0,18.20499956607818,23.00499946717173,43.83333333333334
SITE_009_S0019,SITE_009,0,0,0,0,28.43499906267971,73.3099980475381,39.7
SITE_009_S0020,SITE_009,0,0,0,1.359999969601631,1.359999969601631,4.989999986253679,6.333333333333333
SITE_009_S0021,SITE_009,0,0,0,0,7.929999768733978,7.929999768733978,39.7
SITE_009_S0022,SITE_009,0,0.1049999967217445,0.1049999967217445,1.094999976456165,4.584999889135361,12.9049996510148,1.333333333333333
SITE_009_S0023,SITE_009,0,0,0,0,2.299999952316284,34.5899991132319,56.7
SITE_009_S0024,SITE_009,0,0,0,0,0.089999996125698,0.089999996125698,168
SITE_009_S0025,SITE_009,0.2649999856948852,0.2649999856948852,0.2649999856948852,0.6949999742209911,10.59499954804778,61.19999816548079,0.7
SITE_009_S0026,SITE_009,0,0,0,1.269999980926514,22.11499939113856,22.89499936252832,23.83333333333333
SITE_009_S0027,SITE_009,0,0,0,0,5.899999846704304,42.1949985222891,54.2
SITE_009_S0028,SITE_009,0,0,0,0,8.389999719336629,8.694999711588025,34.33333333333334
SITE_009_S0029,SITE_009,0,0,0,0,2.524999991059304,27.23999926541001,59.7
SITE_009_S0030,SITE_009,0,0,0,1.484999949112534,12.45999964512885,12.70499963499606,9.833333333333334
SITE_009_S0031,SITE_009,0,0,0,0,0.5749999899417162,13.46499961707741,50.2
SITE_009_S0032,SITE_009,0,0,0,0,18.39999944902956,18.42999944835901,35.83333333333334
SITE_009_S0033,SITE_009,0,0,0,0,8.954999804496765,20.3549995245412,53.7
SITE_009_S0034,SITE_009,0,0,0,0,0,7.854999967850745,80.33333333333333
SITE_009_S0035,SITE_009,0,0.94999997317791,1.469999952241778,3.069999868050218,28.44499944336712,39.19999913219362,1.2
SITE_009_S0036,SITE_009,0,0,0,0.2849999964237213,4.114999875426292,42.84499914757907,8.333333333333334
SITE_009_S0037,SITE_009,0,0,0,0,0,18.88999962527305,109.2
SITE_009_S0038,SITE_009,0,0,0,0,0,0,168
SITE_009_S0039,SITE_009,0,0,0,11.41999975964427,29.25499921478331,32.82499910332263,11.7
SITE_009_S0040,SITE_009,0,0,0,0.044999998062849,13.89499959629029,31.75499912258238,29.33333333333333
SITE_009_S0041,SITE_009,0,0.8399999588727951,7.984999760985374,36.57999901473522,40.1749989297241,40.1749989297241,1.2
SITE_009_S0042,SITE_009,0,0,0,0.3999999966472387,3.699999865144491,40.65499887056649,16.33333333333333
SITE_009_S0043,SITE_009,0,0,0.0549999997019767,2.394999972544611,11.08499978389591,14.65499971993268,6.2
SITE_009_S0044,SITE_009,0,0.1299999943003058,0.1299999943003058,0.3299999823793769,2.059999966062605,11.7049997812137,2.833333333333333
SITE_009_S0045,SITE_009,0,0,0,0,0,3.964999876916409,126.7
SITE_009_S0046,SITE_009,0,0,0,0,0,0,168
SITE_009_S0047,SITE_009,0,0,0,0,2.15499986615032,8.1149997478351,49.2
SITE_009_S0048,SITE_009,0.0599999986588954,0.0599999986588954,0.0599999986588954,5.924999917857349,20.20499960519373,21.27499959710985,16.33333333333333
SITE_009_S0049,SITE_009,1.944999992847442,1.944999992847442,1.944999992847442,3.129999965429306,15.04499972891062,46.17999884579331,0.2
SITE_009_S0050,SITE_009,0,0,0,0,0,24.27999942656606,108.8333333333333
SITE_009_S0051,SITE_009,0,0,0,0,0,3.879999928176403,144.3333333333333
SITE_009_S0052,SITE_009,0,0,0,0,7.914999758824706,10.06999973021448,39.2
SITE_009_S0053,SITE_009,0,0,0,0,0,4.499999925494194,115.7
SITE_009_S0054,SITE_009,0,0,0,0,0,0.9149999916553496,115.8333333333333
SITE_009_S0055,SITE_009,0,0,1.844999982975424,3.314999951981008,21.97999942675233,26.02999934647232,4.7
SITE_009_S0056,SITE_009,0,0,0,3.754999926313758,5.079999898560345,32.77999918907881,15.33333333333333
SITE_009_S0057,SITE_009,0,0,0,0,0,0.199999988079071,83.7
SITE_009_S0058,SITE_009,0,0,0,0,0.0299999993294477,0.6249999850988388,90.83333333333331
SITE_009_S0059,SITE_009,0,0,0,0,0,16.56999965012074,85.7
SITE_009_S0060,SITE_009,0,0,0,0,0,0,168
SITE_009_S0061,SITE_009,0,0,0,0,0,0,168
SITE_009_S0062,SITE_009,0,0,0,0,0,0,168
SITE_009_S0063,SITE_009,0,0,0,0,0.2049999982118606,8.24999979045242,36.7
SITE_009_S0064,SITE_009,0,0,0,0,0.2149999886751175,0.4199999868869781,47.33333333333334
SITE_009_S0065,SITE_009,0,0,0,0,0,0,168
SITE_009_S0066,SITE_009,0.6349999904632568,0.7699999809265137,1.009999971836805,1.039999971166253,1.039999971166253,1.039999971166253,0.3333333333333333
SITE_009_S0067,SITE_009,0,0,0,0,8.119999811053276,19.01499972958118,49.2
SITE_009_S0068,SITE_009,0,0,0,8.099999798461795,21.22499937564134,35.62999878637493,11.33333333333333
SITE_009_S0069,SITE_009,0,0,0,0,0.0049999998882412,8.104999798350036,155.3
SITE_009_S0070,SITE_009,0,0,0,0,0,0.0049999998882412,168
SITE_009_S0071,SITE_009,0,0,0,0,0,0.984999991953373,113.8333333333333
SITE_009_S0072,SITE_009,0,0,0,0,0,0,168
SITE_009_S0073,SITE_009,0,0,0,0,0,0,168
SITE_009_S0074,SITE_009,0,0,0,0,0,0.3599999845027923,104.3333333333333
SITE_009_S0075,SITE_009,0.4649999961256981,3.354999862611294,5.494999878108501,9.17999977618456,9.249999776482582,9.249999776482582,0.8166666666666667
SITE_009_S0076,SITE_009,0,0,0,0.0799999982118606,9.329999774694445,9.329999774694445,24.7
SITE_009_S0077,SITE_009,0,0,0,0,5.834999908693135,31.15999907720834,42.33333333333334
SITE_009_S0078,SITE_009,0,0.0099999997764825,0.4799999985843897,4.464999863877892,5.159999845549464,34.35499927029014,3.316666666666667
SITE_009_S0079,SITE_009,0.0299999993294477,0.2000000011175871,0.2000000011175871,2.199999967589974,6.784999825060368,36.55499923788011,1.2
SITE_009_S0080,SITE_009,0,0,0,0,1.544999983161688,19.07499958574772,47.83333333333334
SITE_009_S0081,SITE_009,0,0,0,0.1049999967217445,1.304999984800816,2.944999985396862,11.31666666666667
SITE_009_S0082,SITE_009,0,0,0,0,0.1049999967217445,2.944999985396862,35.2
SITE_009_S0083,SITE_009,0,0,0,0,10.69499980378896,10.7999998005107,32.83333333333334
SITE_009_S0084,SITE_009,0,0,0,0,4.769999980926514,20.05499964766204,71.81666666666666
SITE_009_S0085,SITE_009,0,0,0,0,0,20.05499964766204,95.7
SITE_009_S0086,SITE_009,0,0,0,0.9499999806284904,1.679999940097332,31.67499976605177,9.833333333333334
SITE_009_S0087,SITE_009,0,0,0,0,0,10.89499963074923,114.8166666666667
SITE_009_S0088,SITE_009,0,0,0,0.3499999884516001,0.3499999884516001,10.29499963857234,13.2
SITE_009_S0089,SITE_009,0,0,0,0,16.73999962955713,21.77499950863421,37.33333333333334
SITE_009_S0090,SITE_009,0.4599999785423279,1.079999975860119,1.079999975860119,1.079999975860119,8.109999784268439,26.76999960653484,0.3166666666666666
SITE_009_S0091,SITE_009,0,0,0,0,7.384999815374613,26.76999960653484,24.2
SITE_009_S0092,SITE_009,0,0,0,1.599999956786632,1.709999956190586,6.884999871253967,11.83333333333333
SITE_009_S0093,SITE_009,0,0,0,2.844999998807907,14.38499978929758,26.76499946974218,8.816666666666666
SITE_009_S0094,SITE_009,0,0,0,0,6.889999911189079,25.16499951295554,32.7
SITE_009_S0095,SITE_009,0,0,0,0,0,1.579999968409538,73.81666666666666
SITE_009_S0096,SITE_009,0,0,0,0,0,1.579999968409538,97.7
SITE_009_S0097,SITE_009,0,0,0,0.0199999995529651,0.0199999995529651,0.0199999995529651,168
SITE_009_S0098,SITE_009,0,0,0.3999999761581421,2.779999949038029,4.014999943785369,4.034999943338335,3.316666666666667
SITE_009_S0099,SITE_009,0,0,0,1.125,5.09499994572252,5.139999943785369,11.2
SITE_009_S0100,SITE_009,0,0,0,12.30499985814094,16.07499967887998,34.93999918736517,8.333333333333334
SITE_009_S0101,SITE_009,0,0.0949999988079071,0.0949999988079071,16.00499974191189,29.8349994122982,46.84999918937683,16.81666666666667
SITE_009_S0102,SITE_009,0,0,0,0,29.5849994122982,34.54499933123589,40.7
SITE_009_S0103,SITE_009,0,0.0949999988079071,0.324999988079071,1.414999973028898,11.20499973837286,28.81499948073179,3.833333333333333
SITE_009_S0104,SITE_009,0.2049999982118606,0.2049999982118606,0.2049999982118606,0.5999999865889549,3.599999893456697,12.5049997381866,0.3166666666666666
SITE_009_S0105,SITE_009,0,0,0,0.3099999949336052,3.83999988809228,11.3999997600913,22.7
SITE_009_S0106,SITE_009,0,0,0,0,1.764999940060079,2.679999921470881,32.83333333333334
SITE_009_S0107,SITE_009,0.4549999982118606,1.719999954104424,5.164999857544899,29.91999923437833,30.60999921616167,30.60999921616167,0.3166666666666666
SITE_009_S0108,SITE_009,0.0799999982118606,0.1599999964237213,0.1599999964237213,13.17999974358827,43.78999895974994,43.78999895974994,9.7
SITE_009_S0109,SITE_009,0,0,0,0,1.389999969862402,46.61999889928848,58.83333333333334
SITE_009_S0110,SITE_009,0,0,0,0,0,0,168
SITE_009_S0111,SITE_009,0,0,0,0,0,0,168
SITE_009_S0112,SITE_009,0,0,0,0.4049999862909317,8.554999868385494,8.634999866597354,21.33333333333333
SITE_009_S0113,SITE_009,0.4999999850988388,0.6349999755620956,0.6349999755620956,10.28499978035688,22.06499936804176,35.92999896407127,0.3166666666666666
SITE_009_S0114,SITE_009,0,0,0,1.35999995470047,17.67999958246946,36.88499893248081,20.2
SITE_009_S0115,SITE_009,0,0,0,0.0499999970197677,13.90999967698008,47.14999890048057,37.83333333333334
SITE_009_S0116,SITE_009,0,0,0,0,0,0.4199999887496233,82.81666666666666
SITE_009_S0117,SITE_009,0,0,0,0,0,0.3699999917298555,106.7
SITE_009_S0118,SITE_009,0,0,0,0,0.1749999905005097,39.17499923240393,40.81666666666667
SITE_009_S0119,SITE_009,0,0,0,0,0.1749999905005097,0.559999986551702,64.7
SITE_009_S0120,SITE_009,0,0,0,0,1.504999980330467,3.584999933838844,50.83333333333334
SITE_009_S0121,SITE_009,0,0.2799999918788671,0.6149999778717756,3.319999927654862,6.734999904409051,8.224999848753214,2.316666666666667
SITE_009_S0122,SITE_009,0,0,0.2249999940395355,0.2249999940395355,6.959999898448586,8.44999984279275,4.7
SITE_009_S0123,SITE_009,0.7399999797344208,1.014999978244305,1.549999974668026,9.809999711811544,31.9599991440773,38.95999904349446,0.3333333333333333
SITE_009_S0124,SITE_009,0,0,0,0,0,18.3499996829778,125.3166666666667
SITE_009_S0125,SITE_009,0.2899999991059303,0.8699999824166298,0.8699999824166298,0.8699999824166298,0.8699999824166298,9.409999953582885,0.7
SITE_009_S0126,SITE_009,0,0.0199999995529651,0.0199999995529651,0.0999999996274709,1.509999964386225,2.759999945759773,49.33333333333334
SITE_009_S0127,SITE_009,0,0,0,0,0,0.0999999996274709,168
SITE_009_S0128,SITE_009,0,0,0,0,0,0,168
SITE_010_S0001,SITE_010,0,0,0.0850000008940696,1.564999960362911,4.709999904036522,6.399999901652336,6.483333333333333
SITE_010_S0002,SITE_010,0,0,0,4.379999909549952,6.1599998511374,77.91499883309007,6.983333333333333
SITE_010_S0003,SITE_010,4.170000076293945,10.47500002384186,12.64999993145466,15.06499986350536,81.00999794155359,114.0954970233142,0.4833333333333333
SITE_010_S0004,SITE_010,0.125,0.125,0.125,1.574999988079071,11.23999980464578,66.37499821186066,10.48333333333333
SITE_010_S0005,SITE_010,1.479999959468842,11.64999979734421,15.60999967157841,64.4349986165762,134.6499971337616,214.0599950784817,0.4833333333333333
SITE_010_S0006,SITE_010,2.889999866485596,6.484999775886536,22.38999915122986,43.68999832868576,74.8949976451695,115.4449966661632,0.4833333333333333
SITE_010_S0007,SITE_010,0.6749999821186066,2.004999935626984,3.119999900460243,91.9149973988533,92.79499737918376,218.3649948909879,0.4833333333333333
SITE_010_S0008,SITE_010,0.2349999994039535,0.2349999994039535,0.2349999994039535,0.94999997317791,1.009499974548817,1.809499971568584,0.9833333333333332
SITE_010_S0009,SITE_010,0.4249999821186065,0.4249999821186065,0.7449999675154686,1.364999957382679,2.784999888390303,28.8049993487075,0.9833333333333332
SITE_010_S0010,SITE_010,0,0,0,0,0.2849999964237213,6.019999952055514,43.98333333333333
SITE_010_S0011,SITE_010,1.174999982118607,3.879999876022339,12.73999971151352,12.88999970257282,12.88999970257282,28.57999921962619,0.4833333333333333
SITE_010_S0012,SITE_010,0,0,0,2.289999973028898,5.244999933987856,6.609999943524599,14.48333333333333
SITE_010_S0013,SITE_010,0,0,0,0.0190000012516975,0.0190000012516975,0.358999989926815,168
SITE_010_S0014,SITE_010,0,0,0,0,0,0,168
SITE_010_S0015,SITE_010,0,0,0,0,0,0.4249999821186065,125.35
SITE_010_S0016,SITE_010,0,0,0,12.1099995970726,21.98999939765781,21.98999939765781,17.48333333333333
SITE_010_S0017,SITE_010,0,0,0,18.83499956130981,28.23499924875796,46.51999866403639,8.85
SITE_010_S0018,SITE_010,0,0,0,0,0,58.95499833859503,78.98333333333333
SITE_010_S0019,SITE_010,1.769999921321869,3.59499990940094,3.829999908804893,11.19499970413744,21.56999940611422,95.38999779894948,0.35
SITE_010_S0020,SITE_010,15.26999950408936,49.93999862670898,83.8399977684021,113.6799972876906,142.3749964982271,206.5964950751513,0.4833333333333333
SITE_010_S0021,SITE_010,0.75,2.834999918937683,17.47999966144562,35.96499940752983,65.79499880969524,119.1599979316816,0.35
SITE_010_S0022,SITE_010,0,0,0,0.0799999982118606,21.16499945521355,153.789996676147,30.48333333333333
SITE_010_S0023,SITE_010,3.329999923706055,12.96999955177307,18.1349995136261,34.34499906003475,35.58499904721975,132.7349978908896,0.4833333333333333
SITE_010_S0024,SITE_010,1.889999985694885,4.824999898672104,5.514999881386757,29.22499936819077,39.78499896731228,40.66699896659702,0.35
SITE_010_S0025,SITE_010,3.120000004768372,15.76999962329864,50.25999891757965,93.45999744534492,95.44499738235028,148.6199961574748,0.4833333333333333
SITE_010_S0026,SITE_010,0,0,0,0,0,26.45999927446246,141.9666666666667
SITE_010_S0027,SITE_010,0,0,0,0,4.139499899931252,18.63949953299016,28.96666666666667
SITE_010_S0028,SITE_010,1.429999947547913,2.689999923110008,7.934999749064445,11.13499967753887,11.13499967753887,19.4199994802475,0.4666666666666667
SITE_010_S0029,SITE_010,0,0,0,0,0,0,168
SITE_010_S0030,SITE_010,0,0,0,0,0.2799999937415123,0.2799999937415123,29.46666666666667
SITE_010_S0031,SITE_010,0,0,0,0,0,0,168
SITE_010_S0032,SITE_010,0,0,0,0,22.46999916434288,23.80499909818172,30.96666666666667
SITE_010_S0033,SITE_010,0,0,0,0,0,1.399999976158142,138.9666666666667
SITE_010_S0034,SITE_010,0,0,0,0,0.2399999946355819,0.8924999944865704,42.96666666666667
SITE_010_S0035,SITE_010,0,0,0.2449999898672104,4.584999889135361,29.66499923914671,29.66499923914671,4.466666666666667
SITE_010_S0036,SITE_010,0,0,0,0.689499981701374,19.05449985712766,23.35949990805238,13.96666666666667
SITE_010_S0037,SITE_010,0,0,0,0.4749999791383743,0.5849999757483602,1.174999956972897,23.46666666666667
SITE_010_S0038,SITE_010,0,0,0,0,0,205.914995786734,76.46666666666667
SITE_010_S0039,SITE_010,0,0,2.549999922513962,6.154999822378159,7.379999816417694,10.02999978512526,3.966666666666667
SITE_010_S0040,SITE_010,0,0,0,0,18.1999995354563,204.6399949137121,36.46666666666667
SITE_010_S0041,SITE_010,7.699999928474426,12.45999985933304,14.99999979138374,15.69499978423119,31.3149996176362,82.48499796167016,0.4666666666666667
SITE_010_S0042,SITE_010,0,0,0,0.429999977350235,0.429999977350235,3.114999890327454,21.96666666666667
SITE_010_S0043,SITE_010,0,0,0,0,0.2649999856948852,125.6049962341785,70.46666666666667
SITE_010_S0044,SITE_010,1.489999979734421,2.949999928474426,6.184999912977219,10.59999980032444,13.4799997061491,62.41799828410149,0.4666666666666667
SITE_010_S0045,SITE_010,0.4799999892711639,3.339999854564667,6.269999854266644,7.064999833703041,19.09999951347709,84.85999746900052,0.4666666666666667
SITE_010_S0046,SITE_010,14.36999988555908,60.45499885082245,66.009998857975,77.4649986512959,89.87999849393964,176.9949959255755,0.4666666666666667
SITE_010_S0047,SITE_010,0,0,0,0,0.5049999952316284,4.16999989002943,54.96666666666667
SITE_010_S0048,SITE_010,0,0,0,1.459999978542328,2.224999964237213,89.78999697417021,16.96666666666667
SITE_010_S0049,SITE_010,0,0,0,0,6.954999968409538,37.17399944551289,27.96666666666667
SITE_010_S0050,SITE_010,0,0,0,0.279999990016222,0.279999990016222,10.83499972708523,6.966666666666667
SITE_010_S0051,SITE_010,0,0,0,0,10.65499979257584,28.43999929353595,31.46666666666667
SITE_010_S0052,SITE_010,0.5949999988079071,0.6849999949336052,0.9249999895691872,12.90499969571829,45.52499962598085,131.9699974441901,0.4666666666666667
SITE_010_S0053,SITE_010,0,0,0,0,10.62499978765845,26.90499942749739,52.96666666666667
SITE_010_S0054,SITE_010,0,0,0,0,0.1949999928474426,10.44449965469539,31.96666666666667
SITE_010_S0055,SITE_010,0,0,0,0,0,0.1850000023841858,160.9666666666667
SITE_010_S0056,SITE_010,0,0,0,0,0,0,168
SITE_010_S0057,SITE_010,0.4149999916553497,0.4399999901652336,0.4399999901652336,0.4399999901652336,36.92499908059835,45.41999894846231,0.4666666666666667
SITE_010_S0058,SITE_010,0,0,0,0,0,0,168
SITE_010_S0059,SITE_010,0,0,0,0,0,1.77849994879216,89.46666666666667
SITE_010_S0060,SITE_010,0,0,0,0,0,2.554999977350235,99.96666666666668
SITE_010_S0061,SITE_010,0,0,0,0,0,1.91999995522201,76.48333333333333
SITE_010_S0062,SITE_010,0,0,0,0,0.0399999981746077,0.3099999977275729,98.98333333333332
SITE_010_S0063,SITE_010,0,0,0,0,0,0,168
SITE_010_S0064,SITE_010,0,0,0,0,0.0775000005960464,0.0775000005960464,168
SITE_010_S0065,SITE_010,0,0,0,0,15.33499969542026,50.22999887168408,40.98333333333333
SITE_010_S0066,SITE_010,0,0,0,0,0,5.234999865293503,109.4833333333333
SITE_010_S0067,SITE_010,0,0,0.1149999946355819,9.519999854266644,39.30499918013811,51.60999874770641,5.983333333333333
SITE_010_S0068,SITE_010,0.0999999977648258,0.0999999977648258,0.0999999977648258,0.0999999977648258,0.0999999977648258,0.0999999977648258,168
SITE_010_S0069,SITE_010,0,0.0949999988079071,0.0949999988079071,0.7395000010728836,16.06949975155294,137.3844975866377,14.48333333333333
SITE_010_S0070,SITE_010,0,0,0,0.1349999904632568,0.1349999904632568,0.784999961964786,6.983333333333333
SITE_010_S0071,SITE_010,0,0,0,0,0,1.934999994933605,154.4833333333333
SITE_010_S0072,SITE_010,0,0,0.4899999797344208,3.34999989811331,92.90999753121288,246.3299939865246,5.483333333333333
SITE_010_S0073,SITE_010,0,0,0,0,21.28499959781766,81.25999817810953,24.48333333333333
SITE_010_S0074,SITE_010,0,0,0,0,0,35.55749913770705,84.98333333333333
SITE_010_S0075,SITE_010,0,0,0,0.3549999892711639,14.23999974131584,22.91499955952168,18.48333333333333
SITE_010_S0076,SITE_010,0,0,0,0.072500005364418,1.087499961256981,8.592499747872353,52.48333333333333
SITE_010_S0077,SITE_010,0,0,0,0,21.97499945759773,27.22999939322472,29.48333333333333
SITE_010_S0078,SITE_010,0,0,0,0,10.10999974608421,10.21499974280596,63.48333333333333
SITE_010_S0079,SITE_010,5.114999771118164,15.12499961256981,15.79499959945679,32.51499903015792,42.86999892629683,50.96649864502251,0.4833333333333333
SITE_010_S0080,SITE_010,0,0,0,0,0,5.004999939352274,101.9833333333333
SITE_010_S0081,SITE_010,0,0,0,0,0,0,168
SITE_010_S0082,SITE_010,0,0,0,0,0,3.539999857544899,86.48333333333333
SITE_010_S0083,SITE_010,0,0,0,1.164999961853027,1.849999964237213,2.053999956697226,8.483333333333333
SITE_010_S0084,SITE_010,0,0,0,0,0,0.3999999761581421,88.48333333333333
SITE_010_S0085,SITE_010,0,0,0.0599999986588954,0.0599999986588954,9.784999845549464,18.57499950937927,48.48333333333333
SITE_010_S0086,SITE_010,0,0,0,1.60499994456768,35.70499922707677,35.70499922707677,18.48333333333333
SITE_010_S0087,SITE_010,0,0,0,0,0,2.074999962933361,142.4833333333333
SITE_010_S0088,SITE_010,0,0,0,0,10.98999986052513,11.01949986256659,52.48333333333333
SITE_010_S0089,SITE_010,0,0,0,0,0,5.669999837875366,139.4833333333333
SITE_010_S0090,SITE_010,0,0,0,0,0,7.294999952428043,102.9833333333333
SITE_010_S0091,SITE_010,0,0,0,3.674999862909317,4.269999859854579,4.959999836981297,11.98333333333333
SITE_010_S0092,SITE_010,0,0,0,0,1.429999962449074,59.72499834746122,36.48333333333333
SITE_010_S0093,SITE_010,0,0,0,3.274999871850014,3.443999886512756,3.753999873995781,7.483333333333333
SITE_010_S0094,SITE_010,0,0.2449999898672104,0.4599999785423279,1.705000001937151,3.189999965950847,3.314999963156879,2.483333333333333
SITE_010_S0095,SITE_010,0,0,0,0,0.2899999916553497,83.72999882698059,50.98333333333333
SITE_010_S0096,SITE_010,0.9899999499320984,0.9899999499320984,2.069999873638153,2.069999873638153,2.894999846816063,2.894999846816063,0.4833333333333333
SITE_010_S0097,SITE_010,0,0,0,0,44.89999905787408,132.4799964968115,31.98333333333333
SITE_010_S0098,SITE_010,0,0,0,0.7399999797344208,4.237999875098467,4.577999856323004,16.48333333333333
SITE_010_S0099,SITE_010,0,0,0,0,42.45999891683459,45.76999886520207,37.98333333333333
SITE_010_S0100,SITE_010,0,0,0,0,0.4099999917671084,112.8049972457811,28.48333333333333
SITE_010_S0101,SITE_010,2.209999918937683,11.56499993801117,20.98499968647957,84.16499829292297,115.8949978724122,195.6029953695834,0.4833333333333333
SITE_010_S0102,SITE_010,0,0,0,0,16.84999955072999,30.84499933198094,27.98333333333333
SITE_010_S0103,SITE_010,7.249999761581421,20.85499978065491,26.40999963879585,56.12999895960093,144.9749960526824,181.4049949636683,0.4833333333333333
SITE_010_S0104,SITE_010,0,0,0,0,0,41.51999900490046,109.9833333333333
SITE_010_S0105,SITE_010,0,0,0,14.25999951269478,27.14999925997108,27.70499926712364,14.98333333333333
SITE_010_S0106,SITE_010,0,0,0.2299999892711639,0.8749999701976776,24.08499969542027,45.84099939279258,3.983333333333333
SITE_010_S0107,SITE_010,0,0,0,0,1.329999923706055,3.784999890252948,37.48333333333333
SITE_010_S0108,SITE_010,0,0,0.1550000011920929,4.624999970197678,37.24499884620309,41.28499874845147,4.983333333333333
SITE_010_S0109,SITE_010,0,0,0,0,0,0.2149999886751175,119.9833333333333
SITE_010_S0110,SITE_010,0,1.400000020861626,1.570000022649765,3.049999982118607,18.91499954462052,19.55999953299761,1.983333333333333
SITE_010_S0111,SITE_010,0,0.3099999874830246,2.01499991118908,3.249999862164259,7.989999774843454,27.1459996085614,1.983333333333333
SITE_010_S0112,SITE_010,0,0,0,0.7450000047683716,27.34499977529049,52.09999923687428,14.48333333333333
SITE_010_S0113,SITE_010,0,0,0,0.0749999992549419,46.68999834079296,52.26999821979553,46.48333333333333
SITE_010_S0114,SITE_010,0,0,0,0,0.0999999940395355,10.63999972492456,73.48333333333333
SITE_010_S0115,SITE_010,0,0,0,0,0.0349999982863664,0.0489999987185001,168
SITE_010_S0116,SITE_010,0,0,0,0,0,1.754999972879887,138.9833333333333
SITE_010_S0117,SITE_010,0,0,0,0,0,0,168
SITE_010_S0118,SITE_010,0,0,0.1049999967217445,0.1049999967217445,3.249999903142452,7.724999777972698,3.483333333333333
SITE_010_S0119,SITE_010,0,0,0,7.04999977350235,29.53499905765057,29.53499905765057,18.48333333333333
SITE_010_S0120,SITE_010,0,0,0,0,0.0935000032186508,1.138499960303307,83.98333333333333
SITE_010_S0121,SITE_010,0,0,0.4050000011920929,4.409999833442271,5.749999807216227,5.749999807216227,5.983333333333333
SITE_010_S0122,SITE_010,0,0,0.4350000023841858,0.4350000023841858,51.05999937746674,105.7849977938458,5.983333333333333
SITE_010_S0123,SITE_010,0,0,0,0,0.0499999970197677,0.0499999970197677,168
SITE_010_S0124,SITE_010,0,0,0,0,0.8399999802932143,3.429999915882945,29.48333333333333
SITE_010_S0125,SITE_010,0,0,0,0,0.2870000004768371,8.106999814510345,38.48333333333333
SITE_010_S0126,SITE_010,0,0,0,2.794999839738012,119.7149975560606,121.8149975184351,11.98333333333333
SITE_010_S0127,SITE_010,0,0,0,0,18.34999956190586,27.19999941810965,24.98333333333333
SITE_010_S0128,SITE_010,0,0,0.0599999986588954,5.059999939054251,8.319999883882701,10.09499983955175,6.983333333333333
SITE_010_S0129,SITE_010,0,0,0.6949999630451202,120.5949960872531,159.3499953895807,268.0249931160361,5.483333333333333
SITE_010_S0130,SITE_010,0,0.0249999985098838,0.6599999815225601,4.165499932132661,69.34049789141864,105.2904971335083,3.983333333333333
SITE_010_S0131,SITE_010,0,0,2.424999952316284,28.36499905586243,143.1599951153621,165.2949940804392,4.983333333333333
SITE_010_S0132,SITE_010,0,0,0,0,0.8299999833106995,110.1249974714592,46.48333333333333
SITE_010_S0133,SITE_010,0,0,3.374999940395355,3.714999943971634,6.16999988257885,48.89999863505364,5.483333333333333
SITE_010_S0134,SITE_010,0,0,0,0.0549999997019767,8.457499779760838,29.17749924771488,25.48333333333333
SITE_010_S0135,SITE_010,3.204999923706055,5.24499985575676,5.24499985575676,5.579999852925539,5.579999852925539,20.91499948129058,0.4833333333333333
SITE_010_S0136,SITE_010,0,0,0,0,6.094999939203262,85.43499806523323,39.48333333333333
SITE_010_S0137,SITE_010,0.8299999833106995,0.8299999833106995,0.8299999833106995,0.8299999833106995,2.604999959468842,7.892999816685915,0.4833333333333333
SITE_010_S0138,SITE_010,0,0,0,0,0,0,168
SITE_010_S0139,SITE_010,0.1049999967217445,0.1049999967217445,0.1049999967217445,0.1439999975264072,17.65399938356131,29.72899913135916,0.4833333333333333
SITE_010_S0140,SITE_010,0,0,0,0,0.1149999992921948,7.314999830909073,31.48333333333333
SITE_010_S0141,SITE_010,0,0,0,6.854999780654907,8.589999794960022,8.589999794960022,14.48333333333333
SITE_010_S0142,SITE_010,0.4899999946355819,0.4899999946355819,0.4899999946355819,0.4899999946355819,0.4899999946355819,4.862999930977821,0.4833333333333333
SITE_010_S0143,SITE_010,0,0,0,0,0,0,168
SITE_010_S0144,SITE_010,0,0,0,0,0,0,168
SITE_010_S0145,SITE_010,0,0,0,0,0,0,168
SITE_010_S0146,SITE_010,0,0,0,0,0,11.26049957610667,98.98333333333332
SITE_010_S0147,SITE_010,0,0,0,0.1199999973177909,0.1199999973177909,11.09049958270043,11.35
SITE_010_S0148,SITE_010,0,0,0,0,0.0749999955296516,0.0749999955296516,168
SITE_010_S0149,SITE_010,0,0,0,0,0,0.1349999904632568,87.98333333333333
SITE_010_S0150,SITE_010,0,0,0,0.0299999993294477,1.374999990686774,3.749999901279807,53.48333333333333
SITE_010_S0151,SITE_010,0,1.504999965429306,1.504999965429306,1.504999965429306,1.504999965429306,103.699998434633,1.983333333333333
SITE_010_S0152,SITE_010,0,0,0,0,0.1249999962747097,31.41199950501323,86.48333333333333
SITE_010_S0153,SITE_010,0.2399999946355819,2.684999957680702,4.549999967217445,35.93999911099672,37.31499908864498,58.88999879360199,0.9833333333333332
SITE_010_S0154,SITE_010,3.639999866485596,8.774999618530273,13.55499947071075,22.97499925643206,64.15999829769135,187.0299953399226,0.4833333333333333
SITE_010_S0155,SITE_010,0,0.1799999922513961,0.4099999815225601,3.119999870657921,3.589999884366989,12.2199996560812,2.35
SITE_010_S0156,SITE_010,0,1.594999983906746,3.834999993443489,3.834999993443489,6.029999926686287,8.829999852925539,1.35
SITE_010_S0157,SITE_010,0,0,0,1.174999982118607,3.179999947547913,15.23999968916178,6.85
SITE_010_S0158,SITE_010,0,0,0,1.124999985098839,3.829999905079603,34.41999915242195,16.85
SITE_010_S0159,SITE_010,0,0,0,0,0,46.60999851580709,75.35
SITE_010_S0160,SITE_010,0,0.1550000011920929,0.1550000011920929,4.849999882280827,4.924999882467091,38.42999941576272,1.35
SITE_010_S0161,SITE_010,0,0,0,0,0,46.0749989617616,86.85
SITE_010_S0162,SITE_010,0,0,0,0,0,0.2199999913573265,168
SITE_010_S0163,SITE_010,0,0,0,1.844999982975424,5.589999896474183,10.59499978274107,15.85
SITE_010_S0164,SITE_010,0,0,0,0,0,0.0299999993294477,168
SITE_010_S0165,SITE_010,0,0,0,0.0140000004321336,0.0140000004321336,0.0140000004321336,168
SITE_010_S0166,SITE_010,0,0,0,0,0.1049999967217445,0.2749999910593033,69.85
SITE_010_S0167,SITE_010,0,0.0299999993294477,0.1799999941140413,0.1799999941140413,0.1949999937787652,0.2649999940767884,168
SITE_010_S0168,SITE_010,0,0,0,0,0.1049999948590993,0.1324999965727329,168
SITE_010_S0169,SITE_010,0,0,1.985000014305115,8.479999899864197,9.774999856948853,9.774999856948853,5.85
SITE_010_S0170,SITE_010,0,0,0,0,13.33499985560775,13.33499985560775,36.35
SITE_010_S0171,SITE_010,0,0,0,0,0,0,168
SITE_010_S0172,SITE_010,0,1.104999989271164,2.769999951124192,11.94999967515469,23.38999943435192,26.02999937813729,1.35
SITE_010_S0173,SITE_010,0,0,1.824999928474426,120.6699980087578,203.5149966068566,329.6499937660992,5.35
SITE_010_S0174,SITE_010,0,0,0,0,1.744999960064888,8.609999773092568,28.35
SITE_010_S0175,SITE_010,0,0,0,0.8549999892711639,9.099999874830246,44.11999919265509,9.85
SITE_010_S0176,SITE_010,0.1099999994039535,0.1099999994039535,0.1099999994039535,0.8849999755620956,29.36499929521233,40.18999907560647,0.85
SITE_010_S0177,SITE_010,0,0,0,0.1499999985098838,1.104999970644712,48.18299861252308,29.85
SITE_010_S0178,SITE_010,0,0,0,7.869999719783664,41.444999165833,145.2299975017086,7.35
SITE_010_S0179,SITE_010,0,0,0,0,0.4599999934434891,6.054999997839332,30.85
SITE_010_S0180,SITE_010,1.31999996304512,5.154999814927578,7.079999767243862,7.734999746084213,107.7999971285462,142.0799964247271,0.35
SITE_010_S0181,SITE_010,0,0,0,3.484999939799309,4.424999907612801,9.114999741315842,10.35
SITE_010_S0182,SITE_010,0,0,0,21.91999933123589,37.64499912038445,69.01699817739427,10.85
SITE_010_S0183,SITE_010,0,0,0,0,3.884999781847,57.93499862030149,51.85
SITE_010_S0184,SITE_010,1.534999966621399,3.299999952316284,3.564999938011169,27.47499932348728,35.96999905630946,101.0149978846312,0.35
SITE_010_S0185,SITE_010,0,0,0,0.734999991953373,5.244999829679728,63.2449986776337,12.85
SITE_010_S0186,SITE_010,0,0.0749999955296516,0.0749999955296516,2.655000019818544,2.770000016316772,3.419000001624227,7.85
SITE_010_S0187,SITE_010,0,0,0,0,0,1.269999980926514,125.85
SITE_010_S0188,SITE_010,0,0,0,0,0.5099999904632568,0.5099999904632568,25.85
SITE_010_S0189,SITE_010,1.814999938011169,2.989999920129776,3.764999896287918,3.954999893903732,3.954999893903732,3.954999893903732,0.35
SITE_010_S0190,SITE_010,0,0,0,0,2.209999930113554,2.989999931305647,29.85
SITE_010_S0191,SITE_010,0,0,0,0,0.016499999910593,0.016499999910593,168
SITE_010_S0192,SITE_010,0,0,0,0,0,0,168
SITE_010_S0193,SITE_010,0,0,0,0,7.029999934136868,22.1049994751811,61.35
SITE_010_S0194,SITE_010,0,0,0,1.164999984204769,6.629999879747629,17.05499948933721,12.35
SITE_010_S0195,SITE_010,0,0,0,0,0.5299999881535769,0.5299999881535769,50.85
SITE_010_S0196,SITE_010,5.714999914169312,10.36999994516373,22.2249995470047,51.44999879598618,60.87999854981899,60.9749985486269,0.35
SITE_010_S0197,SITE_010,0,0,0,0,0,6.229999894276261,111.85
SITE_010_S0198,SITE_010,0,0,0,0,38.29999950528145,90.2999985087663,38.35
SITE_010_S0199,SITE_010,0,0,0,0,0,32.4399993903935,101.35
SITE_010_S0200,SITE_010,0.0700000002980232,0.0800000000745058,0.6149999890476465,16.9699996355921,52.41999879479408,110.1799971796572,4.85
SITE_010_S0201,SITE_010,0,0,0,1.645000007003546,70.73499820940197,109.1749970335513,8.85
SITE_010_S0202,SITE_010,0,0,0,0,14.19999976921827,76.68999822810292,27.85
SITE_010_S0203,SITE_010,0,0,0,0.0149999996647238,18.53999952040613,98.47999751288444,38.85
SITE_010_S0204,SITE_010,0,0,0,0,6.849999867379665,17.42499959189445,29.85
SITE_010_S0205,SITE_010,8.505000114440918,17.57499992847443,25.92999982833862,29.53499976359308,57.03499922715128,79.89499883260578,0.35
SITE_010_S0206,SITE_010,0,0,0,3.379999861121178,4.639999823644757,4.639999823644757,7.35
SITE_010_S0207,SITE_010,0,0,0,0,8.894999891519547,47.40499894414097,32.85
SITE_010_S0208,SITE_010,0.2599999904632568,0.2599999904632568,0.2599999904632568,4.469999849796295,25.03999933600426,32.83999906480312,0.35
SITE_010_S0209,SITE_010,0,0,0,0,0,56.95499835163355,86.85
SITE_010_S0210,SITE_010,0,0,0,15.01999935507774,19.19999928213656,19.53499926067889,14.35
SITE_010_S0211,SITE_010,0,0,0.8949999809265137,36.52999916952104,49.58999889623374,67.49499856960028,5.85
SITE_010_S0212,SITE_010,0,0.9350000023841858,1.959999989718199,1.974999989382922,2.19499998819083,3.344999964348972,1.35
SITE_010_S0213,SITE_010,0,0,0,12.23999975994229,14.55499978736043,14.55499978736043,11.35
SITE_010_S0214,SITE_010,0,0,0,0,0,0,168
SITE_010_S0215,SITE_010,0,0,0.0700000002980232,0.0700000002980232,0.0700000002980232,1.680000014603138,93.85
SITE_010_S0216,SITE_010,0,0,0,0,0,0.7899999842047691,84.85
SITE_010_S0217,SITE_010,0,0,0,0,0,0.1700000017881393,168
SITE_010_S0218,SITE_010,0,0,0,0,13.9249995611608,38.52999884914607,46.85
SITE_010_S0219,SITE_010,0,0,0,0,0,0.3449999839067459,130.85
SITE_010_S0220,SITE_010,0,0,0,0,0.5149999763816595,23.42999956570566,39.85
SITE_010_S0221,SITE_010,0,0,0,0,0.9599999487400056,64.14499900303781,63.85
SITE_010_S0222,SITE_010,0,0,0,0.2149999961256981,0.2149999961256981,116.7999975690618,14.85
SITE_010_S0223,SITE_010,0,0,0,0.2699999958276748,42.45999949425459,82.74499840289354,6.35
SITE_010_S0224,SITE_010,2.079999983310699,4.359999895095825,7.854999750852585,20.67999926675111,44.89499868173152,122.6199970440939,0.35
SITE_010_S0225,SITE_010,0,0,0.1099999994039535,0.3900000005960464,3.629999943077564,18.82499959412963,3.35
SITE_010_S0226,SITE_010,0.1349999904632568,0.4499999731779098,0.5749999731779099,1.039999954402447,1.239999942481518,54.93499926477671,0.85
SITE_010_S0227,SITE_010,0,0.0999999940395355,0.4999999850988388,19.1849992275238,67.52499799989164,284.1349937338382,4.85
SITE_010_S0228,SITE_010,0,0,0,14.81999986246228,34.66499929502606,42.73499907553196,8.85
SITE_010_S0229,SITE_010,0,0,0,0.3900000005960464,1.254999980330467,5.394999898970127,12.35
SITE_010_S0230,SITE_010,0,0,0,0,1.324999943375588,6.344999789260328,28.85
SITE_010_S0231,SITE_010,0,0,0,0,6.714999756775796,7.044999740086496,36.85
SITE_010_S0232,SITE_010,0,0,0,0,5.70499986410141,34.21999907307327,46.85
SITE_010_S0233,SITE_010,0,0,0,0,34.01499931327999,205.5549955498427,32.35
SITE_010_S0234,SITE_010,0,0,0,17.43999955058098,38.72499930299819,121.2049976428971,13.35
SITE_010_S0235,SITE_010,0,0,0,0,0,3.599999845027924,102.35
SITE_010_S0236,SITE_010,0,0,0,0,2.804999873042106,6.769999757409096,62.35
SITE_010_S0237,SITE_010,0,0,0,5.134999831207097,19.91499950457364,25.21499941218644,7.85
SITE_010_S0238,SITE_010,0.85999995470047,5.11999973654747,18.70499935746193,20.03999930620193,21.26499927788973,26.59999918192625,0.85
SITE_010_S0239,SITE_010,0,0,0,0,0,0,168
SITE_010_S0240,SITE_010,0,0,0,1.834999918937683,7.584999759681523,7.584999759681523,22.35
SITE_010_S0241,SITE_010,0,0,0,1.214999914169312,1.214999914169312,1.214999914169312,6.85
SITE_010_S0242,SITE_010,0,0,0,0,0,0,168
SITE_010_S0243,SITE_010,0,0,0,0,0,0.0599999986588954,168
SITE_010_S0244,SITE_010,0,0,0,1.799999952316284,1.799999952316284,6.749999889172614,11.85
SITE_010_S0245,SITE_010,0,0,0,0,1.139999955892563,45.64999871142209,46.35
SITE_010_S0246,SITE_010,0,0.0249999994412064,0.0249999994412064,0.0449999989941716,0.0449999989941716,5.429999879561365,88.35
SITE_010_S0247,SITE_010,0.614999994635582,2.044999960809946,2.174999956041574,5.764999870210886,5.764999870210886,6.81999986898154,0.35
SITE_010_S0248,SITE_010,0,0,0,2.534999847412109,2.534999847412109,29.4049991518259,15.85
SITE_010_S0249,SITE_010,0,0,0,0,0,37.98499922454357,143.85
SITE_010_S0250,SITE_010,0,0,0,0,34.44999918341637,34.70499918051064,27.35
SITE_010_S0251,SITE_010,1.944999933242798,8.254999876022339,14.23499971628189,77.31999821681529,77.92499819025397,133.6449975250289,0.35
SITE_010_S0252,SITE_010,0,1.889999985694885,2.709999978542328,42.86999832466245,43.4599982984364,85.62999726645648,1.35
SITE_010_S0253,SITE_010,0.1949999928474426,0.3999999891966581,0.5599999856203794,6.624999697320163,26.36999912653118,28.26999909617007,0.35
SITE_010_S0254,SITE_010,0.1899999938905239,0.3649999871850014,0.3649999871850014,0.3649999871850014,4.194999855011702,13.65499958954752,0.35
SITE_010_S0255,SITE_010,0,0,0,10.25999976601452,67.71999858971685,180.4499954478815,13.35
SITE_011_S0001,SITE_011,0,0,0,0,46.38499886915088,49.15499877557159,30.68333333333333
SITE_011_S0002,SITE_011,6.029999732971191,7.754999712109566,7.974999710917473,13.03499959409237,16.58999951090664,50.48499869834632,0.3166666666666666
SITE_011_S0003,SITE_011,0,0,0,0,0.5849999971687794,44.37999901454896,50.18333333333333
SITE_011_S0004,SITE_011,0,0,0,0,0,7.658999731764197,121.6833333333333
SITE_011_S0005,SITE_011,0,0,0,0,0,0,168
SITE_011_S0006,SITE_011,0,0,0,0.3349999859929085,8.364999689161777,32.75999926775694,12.68333333333333
SITE_011_S0007,SITE_011,0,0,3.987499948590994,6.877499889582396,20.59249945357442,33.33249911293387,3.816666666666667
SITE_011_S0008,SITE_011,0,0,0,0.3999999761581421,0.3999999761581421,6.339999858289957,18.68333333333333
SITE_011_S0009,SITE_011,0,0,0,0,0,3.264999896287918,73.31666666666666
SITE_011_S0010,SITE_011,0.4799999892711639,4.094999819993973,6.849999755620956,6.849999755620956,6.849999755620956,8.484999775886536,0.3166666666666666
SITE_011_S0011,SITE_011,0,0,0,0,0,3.054999951273203,126.8166666666667
SITE_011_S0012,SITE_011,1.399999976158142,2.034999966621399,2.599999964237213,2.599999964237213,2.599999964237213,2.599999964237213,0.1833333333333333
SITE_011_S0013,SITE_011,0,0,0,5.114999949932098,5.114999949932098,17.88499975949526,6.316666666666666
SITE_011_S0014,SITE_011,0.4849999845027923,0.4849999845027923,0.4849999845027923,4.479999959468842,35.09999898541719,44.48799901548773,0.1833333333333333
SITE_011_S0015,SITE_011,0,0,0,0,0.4899999946355819,23.4749993449077,25.81666666666666
SITE_011_S0016,SITE_011,0,0,0.0099999997764825,0.404999990016222,0.6049999818205833,8.579999715089798,6.316666666666666
SITE_011_S0017,SITE_011,0,1.03499997407198,1.03499997407198,1.044999973848462,1.429999954998493,2.349999949336052,2.183333333333333
SITE_011_S0018,SITE_011,0,0,0,0,0.8349999934434891,9.134499840438366,70.81666666666666
SITE_011_S0019,SITE_011,0,0,0,0,0,18.51499962806702,149.6833333333333
SITE_011_S0020,SITE_011,0,0,0,0.5349999777972698,0.5349999777972698,5.369999901391566,21.31666666666666
SITE_011_S0021,SITE_011,0,0,0,0.8699999935925007,6.379999881610274,8.139999845996499,20.68333333333333
SITE_011_S0022,SITE_011,0,0,0,6.35999989323318,15.14999961853027,16.87999957613647,11.31666666666667
SITE_011_S0023,SITE_011,0,0,0,4.249999791383743,4.254999791271985,32.54899903479964,13.18333333333333
SITE_011_S0024,SITE_011,0,1.75,1.75,1.75,5.304999940097332,11.62999965250492,1.816666666666667
SITE_011_S0025,SITE_011,0,0,0,0,0.1165000051259994,0.8764999778941274,53.68333333333333
SITE_011_S0026,SITE_011,7.144999980926514,16.33999991416931,23.04999983310699,32.92999956384301,39.17999941110611,62.77999864332378,0.1833333333333333
SITE_011_S0027,SITE_011,0,0,0,6.194999951869249,13.16499974764884,62.28999892622232,10.81666666666667
SITE_011_S0028,SITE_011,0,0,0,0,8.179999843239784,8.639999838545918,61.18333333333333
SITE_011_S0029,SITE_011,0,0,0,7.034999732859433,7.249999720603228,15.60999958403408,9.683333333333334
SITE_011_S0030,SITE_011,0,0,0,0,13.79999966453761,31.34999906923622,29.31666666666666
SITE_011_S0031,SITE_011,0,0,0.3849999830126762,2.89499990735203,4.599999851547182,9.004999723285437,4.183333333333334
SITE_011_S0032,SITE_011,0,0,0,0,0,2.687999910674989,77.31666666666666
SITE_011_S0033,SITE_011,0,0,0,0.2599999904632568,1.439999960362911,10.6499999538064,13.18333333333333
SITE_011_S0034,SITE_011,0,0,0,0.199999988079071,2.969999963417649,18.25999950803816,8.683333333333334
SITE_011_S0035,SITE_011,0,0,0,0,0,4.529999891296029,108.6833333333333
SITE_011_S0036,SITE_011,0,0,0,0,0,0.169999991543591,122.1833333333333
SITE_011_S0037,SITE_011,0,0,0,0,0,0.2049999982118606,96.31666666666666
SITE_011_S0038,SITE_011,0,0,0,1.419999957084656,12.46999960392714,30.06949933245778,12.68333333333333
SITE_011_S0039,SITE_011,0,4.984999895095825,4.984999895095825,4.984999895095825,4.984999895095825,16.98499951511621,1.316666666666667
SITE_011_S0040,SITE_011,0,0,0.038000002503395,0.038000002503395,3.622999928891659,13.8529996201396,29.68333333333333
SITE_011_S0041,SITE_011,0,0,0,0,0,9.112999819219112,74.81666666666666
SITE_011_S0042,SITE_011,0,0,0,0,0.1850000023841858,0.1850000023841858,51.68333333333333
SITE_011_S0043,SITE_011,0,0,0,0,0,0,168
SITE_011_S0044,SITE_011,0,0,0,0,24.29999946057796,32.91999918688089,42.18333333333333
SITE_011_S0045,SITE_011,0,0,0,0,0.4999999850988388,3.134999945759773,66.81666666666666
SITE_011_S0046,SITE_011,0,0,0,0,2.759999826550484,20.83149947691709,37.18333333333333
SITE_011_S0047,SITE_011,0,0,0,0,0,0.6699999570846558,157.3166666666667
SITE_011_S0048,SITE_011,0.9699999690055848,1.409999966621399,1.899999961256981,6.244999840855598,10.15999974031001,48.13999868649989,0.1833333333333333
SITE_011_S0049,SITE_011,0,0,0,0,1.949999943375588,18.28149953484535,45.31666666666667
SITE_011_S0050,SITE_011,0,0,0,0.4099999964237213,2.319999918341637,21.154999576509,6.316666666666666
SITE_011_S0051,SITE_011,0,0,0,0,33.34999909996986,37.68499892950058,42.18333333333333
SITE_011_S0052,SITE_011,0,0,0,5.744999885559082,8.964999824762344,17.77299963310361,18.18333333333333
SITE_011_S0053,SITE_011,0,0,4.889999970793724,9.41999987885356,10.82999981194735,19.46999964863062,4.316666666666666
SITE_011_S0054,SITE_011,0,0,0,0,0,7.274999786168337,118.6833333333333
SITE_011_S0055,SITE_011,0.0850000008940696,0.5449999943375587,0.5449999943375587,1.375,8.579999725334346,8.579999725334346,1.816666666666667
SITE_011_S0056,SITE_011,0,0,0,0.9950000047683716,23.62999977171421,24.42499978840351,21.18333333333333
SITE_011_S0057,SITE_011,0,0,0,4.869999817572534,4.913999817334116,28.54399958904833,8.816666666666666
SITE_011_S0058,SITE_011,0,0,0,0,0,8.614999728277326,141.6833333333333
SITE_011_S0059,SITE_011,0,0,0,0,0,0.0049999998882412,168
SITE_011_S0060,SITE_011,0,0,0,0,0,10.42999969422817,110.6833333333333
SITE_011_S0061,SITE_011,0,0,0,0,0.1749999932944774,0.1749999932944774,168
SITE_011_S0062,SITE_011,0,0,0,0,0.1749999932944774,0.1749999932944774,168
SITE_011_S0063,SITE_011,0,0.3549999892711639,0.5899999886751175,4.084999904036522,4.427999898791313,7.062999848276377,2.816666666666667
SITE_011_S0064,SITE_011,0,0,0,0,4.084999904036522,7.062999848276377,26.68333333333333
SITE_011_S0065,SITE_011,0,0,0,0,0,4.084999904036522,146.8166666666667
SITE_011_S0066,SITE_011,0,0,0,0,0,0,168
SITE_011_S0067,SITE_011,0,0,2.274999976158142,14.92499979585409,16.25499975867569,16.25499975867569,4.316666666666666
SITE_011_S0068,SITE_011,0,0,0,0,16.25499975867569,16.25499975867569,28.18333333333333
SITE_011_S0069,SITE_011,0,0,0,6.569999873638153,14.00999963656068,34.99499912187457,14.16666666666667
SITE_011_S0070,SITE_011,0,0,0,0,1.114999927580357,8.064999796450138,62.31666666666667
SITE_011_S0071,SITE_011,0,0.6599999964237213,0.6599999964237213,0.6599999964237213,0.7144999988377094,0.7644999958574772,1.316666666666667
SITE_011_S0072,SITE_011,0,0,0,0,0,4.475000019185245,79.31666666666666
SITE_011_S0073,SITE_011,0,0,0,0,0,3.815000022761524,103.1833333333333
SITE_011_S0074,SITE_011,0,0,0,3.309999912977218,3.309999912977218,4.189999882131815,15.31666666666667
SITE_011_S0075,SITE_011,0.0499999970197677,0.1549999937415123,0.1549999937415123,7.904999755322933,11.21499966830015,12.09499963745475,1.666666666666667
SITE_011_S0076,SITE_011,0,0,0,0,0,21.30999956279993,78.31666666666666
SITE_011_S0077,SITE_011,0,0,0,0,0.8489999994635582,0.8489999994635582,38.31666666666667
SITE_011_S0078,SITE_011,0,0,0,0,0.8489999994635582,0.8489999994635582,62.18333333333333
SITE_011_S0079,SITE_011,0,0,0,2.129999939352274,5.43999991659075,5.43999991659075,16.81666666666667
SITE_011_S0080,SITE_011,0,0,0,2.274999935179949,7.714999851770699,7.714999851770699,10.66666666666667
SITE_011_S0081,SITE_011,0,0,0,0,0,15.44999948330224,76.31666666666666
SITE_011_S0082,SITE_011,0,0,0,0,0,13.31999954394996,100.1833333333333
SITE_011_S0083,SITE_011,0,0,0,0,0,0,168
SITE_011_S0084,SITE_011,0,0,0,0,7.104999806731939,17.12999967485666,26.81666666666666
SITE_011_S0085,SITE_011,0,0,0,0.1349999941885471,4.884999841451645,17.26499966904521,22.68333333333333
SITE_011_S0086,SITE_011,0,0,0.050000000745058,0.050000000745058,0.050000000745058,0.1849999949336052,142.8166666666667
SITE_011_S0087,SITE_011,0,0,0.1099999994039535,4.479999978095293,4.529999978840351,4.664999973028898,5.666666666666667
SITE_011_S0088,SITE_011,0.5349999666213989,0.5349999666213989,2.824999902397394,2.824999902397394,2.824999902397394,7.354999881237745,0.8166666666666667
SITE_011_S0089,SITE_011,0,0,0,1.934999939054251,4.759999841451645,9.239999819546938,15.68333333333333
SITE_011_S0090,SITE_011,0.0599999986588954,1.509999956935644,10.89999958500266,34.59999903663993,34.72999903559685,43.56999875605106,2.316666666666667
SITE_011_S0091,SITE_011,0,0,0,0,0.044999998062849,34.93499902077019,116.8166666666667
SITE_011_S0092,SITE_011,0,0,0,0,0.044999998062849,0.3349999841302633,140.6833333333333
SITE_011_S0093,SITE_011,0,0,0,0,0,0,168
SITE_011_S0094,SITE_011,0,0,0,0,0,0,168
SITE_011_S0095,SITE_011,0,0,0,0,8.289999902248383,8.809999875724316,24.31666666666666
SITE_011_S0096,SITE_011,0,0,0.0690000057220459,0.0690000057220459,8.26899991184473,8.878999881446362,48.18333333333333
SITE_011_S0097,SITE_011,0,0,0.2499999972060322,0.27999999653548,0.27999999653548,0.27999999653548,3.316666666666667
SITE_011_S0098,SITE_011,0,0.3499999940395355,0.7899999842047691,0.9849999751895666,1.264999971725047,1.264999971725047,2.183333333333333
SITE_011_S0099,SITE_011,0,0,0,0,0.0299999993294477,1.294999971054494,122.3166666666667
SITE_011_S0100,SITE_011,0,0,0,0,0.0299999993294477,1.014999974519014,146.1666666666667
SITE_011_S0101,SITE_011,0,2.279999952763319,3.594999890774488,3.594999890774488,14.97549970541149,53.39049879368395,2.316666666666667
SITE_011_S0102,SITE_011,0,0,0,0.4199999859556556,4.220499873161316,34.97049912624061,17.66666666666667
SITE_011_S0103,SITE_011,0.1850000023841858,0.1850000023841858,0.1850000023841858,0.1850000023841858,0.9299999997019768,22.82499948795885,0.3166666666666666
SITE_011_S0104,SITE_011,0,0,0,0,0,22.7399994507432,134.8166666666667
SITE_011_S0105,SITE_011,0,0,0,0,0,22.55499944835901,158.6666666666667
SITE_011_S0106,SITE_011,0,0,0.3499999940395355,1.314999960362911,15.06499986350536,15.06499986350536,5.316666666666666
SITE_011_S0107,SITE_011,0,0,0,2.119999915361404,7.664999850094318,17.18499977886677,20.18333333333333
SITE_011_S0108,SITE_011,0,0,0,0,0,3.839999861083925,79.81666666666666
SITE_011_S0109,SITE_011,0,0,0,0,0,2.524999900721013,103.6666666666667
SITE_011_S0110,SITE_011,0,0,0.0215000007301569,4.02149991877377,6.406499871984124,7.001499840989709,8.816666666666666
SITE_011_S0111,SITE_011,0,0,0,4.514999806880951,8.536499725654721,11.51649964787066,17.68333333333333
SITE_011_S0112,SITE_011,0,0,0,0,0,8.536499725654721,137.8166666666667
SITE_011_S0113,SITE_011,0,0,0,0,0,4.514999806880951,161.6666666666667
SITE_011_S0114,SITE_011,0,0,0,9.434999704360962,13.20499958097935,13.20499958097935,13.81666666666667
SITE_011_S0115,SITE_011,0,0,0,0,13.20499958097935,13.20499958097935,37.68333333333333
SITE_011_S0116,SITE_011,0,0,0,0,0,11.52999964356422,98.81666666666666
SITE_011_S0117,SITE_011,0,0,0,0,0,2.094999939203262,122.6666666666667
SITE_011_S0118,SITE_011,0,0,0,6.734999805688858,6.734999805688858,7.009999811649323,6.816666666666666
SITE_011_S0119,SITE_011,0,0,0,0,6.734999805688858,7.009999811649323,30.68333333333333
SITE_011_S0120,SITE_011,0,0,0.0230000019073486,0.5379999969154596,0.5379999969154596,7.272999802604318,7.816666666666666
SITE_011_S0121,SITE_011,0.1149999946355819,0.1649999916553497,0.1649999916553497,6.379999842494726,6.917999839410186,6.917999839410186,0.1666666666666666
SITE_011_S0122,SITE_011,0,0,0,0,0.2399999946355819,9.232999777421355,56.31666666666667
SITE_011_S0123,SITE_011,0,0,0,0,0,8.694999780505896,80.18333333333334
SITE_011_S0124,SITE_011,0,0,0.034999999217689,0.2099999962374568,3.524999934248626,3.524999934248626,7.816666666666666
SITE_011_S0125,SITE_011,0,0,0,0,3.524999934248626,3.524999934248626,31.66666666666667
SITE_011_S0126,SITE_011,0,0.2249999940395355,0.2249999940395355,2.994999930262566,3.629999913275242,6.284999811090529,2.816666666666667
SITE_011_S0127,SITE_011,0,0,0,2.59999991953373,6.159999832510948,8.674999734386802,13.18333333333333
SITE_011_S0128,SITE_011,0,0,0,0,0,5.964999847114086,113.8166666666667
SITE_011_S0129,SITE_011,0,0,0,0,0,2.969999916851521,137.6666666666667
SITE_011_S0130,SITE_011,0,0,0,0,1.530000001192093,12.64999988675118,29.81666666666666
SITE_011_S0131,SITE_011,0,0,0.0690000057220459,0.0690000057220459,1.174000024795532,12.71899989247322,53.68333333333333
SITE_011_S0132,SITE_011,0.4899999797344208,0.4899999797344208,0.4899999797344208,0.4899999797344208,6.10499978531152,8.378999684937298,0.8166666666666667
SITE_011_S0133,SITE_011,0,0,0,4.364999812096357,4.854999791830778,12.74399949703366,11.66666666666667
SITE_011_S0134,SITE_011,0,0,0,0.9099999591708184,25.13999914377928,34.27999879047275,13.81666666666667
SITE_011_S0135,SITE_011,0,0,0,0.0499999970197677,0.959999956190586,33.83999880775809,37.68333333333333
SITE_011_S0136,SITE_011,0,0,0,0,0.4599999859929085,1.419999942183495,31.31666666666666
SITE_011_S0137,SITE_011,0,0,0,0,0.4599999859929085,0.5099999830126762,55.18333333333333
SITE_011_S0138,SITE_011,0,0,0,0,5.769999973475933,5.769999973475933,36.81666666666667
SITE_011_S0139,SITE_011,0,0,0,0,5.639999978244305,5.769999973475933,60.68333333333333
SITE_011_S0140,SITE_011,0,0,0,3.524999912828207,31.10499922931194,31.10499922931194,13.81666666666667
SITE_011_S0141,SITE_011,0,1.14999994635582,2.058499932289124,21.74849959276617,47.0384988989681,52.85349882207811,1.183333333333333
SITE_011_S0142,SITE_011,0,0,0,0,0.2849999982863664,25.72349949553609,30.81666666666666
SITE_011_S0143,SITE_011,2.884999871253968,7.304999768733978,13.72499972581863,17.80999962985516,22.97499952465296,43.60499912314117,0.3166666666666666
SITE_011_S0144,SITE_011,0,0,0,23.26999963819981,45.91999917477369,66.87499876134098,17.18333333333333
SITE_011_S0145,SITE_011,0,0,0,0,1.219999969005585,47.87499910593033,51.81666666666667
SITE_011_S0146,SITE_011,0,0,0,0,0,30.06499947607517,75.68333333333334
SITE_011_S0147,SITE_011,0,1.134999990463257,3.424999952316284,7.244999829679727,24.28999947477132,32.26499920617789,2.316666666666667
SITE_011_S0148,SITE_011,0,0,0,0.1749999970197677,23.37999949231744,32.43999920319766,8.183333333333334
SITE_011_S0149,SITE_011,0.0599999986588954,0.0599999986588954,0.1449999995529651,1.109999975189567,3.379999926313758,15.13499955460429,10.31666666666667
SITE_011_S0150,SITE_011,0,0,0,0.1550000011920929,3.399999937042594,8.044999726116657,16.68333333333333
SITE_011_S0151,SITE_011,0.0799999982118606,0.1399999968707561,0.1399999968707561,0.1399999968707561,15.21499970555306,17.01449965499341,49.81666666666667
SITE_011_S0152,SITE_011,0,0,0,0.3149999901652336,0.4549999870359897,16.21949966996908,18.18333333333333
SITE_011_S0153,SITE_011,0.0499999970197677,0.4799999743700027,7.464999809861183,9.06499983370304,16.11999970674515,16.92499968782067,1.316666666666667
SITE_011_S0154,SITE_011,0,1.369999974966049,1.369999974966049,2.044999953359365,11.52999977394938,18.82999964430928,1.183333333333333
SITE_011_S0155,SITE_011,0,0,0,0,2.609999962151051,13.71999974921346,37.81666666666667
SITE_011_S0156,SITE_011,0,0,0,6.974999815225601,9.584999777376652,11.62999973073602,14.18333333333333
SITE_011_S0157,SITE_011,0,0,0,0,0.25,12.57999968528748,55.31666666666667
SITE_011_S0158,SITE_011,0,0,0.1149999946355819,0.1949999928474426,0.1949999928474426,12.77499967813492,5.683333333333334
SITE_011_S0159,SITE_011,0,0,0,0,0.0649999976158142,0.2599999904632568,125.8166666666667
SITE_011_S0160,SITE_011,0.7000000104308128,1.03999999910593,1.884999997913837,1.884999997913837,1.884999997913837,2.144999988377094,0.6833333333333333
SITE_011_S0161,SITE_011,0,0,0,0,0,15.98599980026484,95.81666666666666
SITE_011_S0162,SITE_011,0,0,0.0850000008940696,0.0850000008940696,0.0850000008940696,16.07099980115891,119.6833333333333
SITE_011_S0163,SITE_011,0,0,0,11.41999992355704,68.74499857798219,72.71499856933951,11.31666666666667
SITE_011_S0164,SITE_011,0,0.1349999904632568,0.1349999904632568,0.8949999809265137,45.36499940231442,73.60999855026603,2.683333333333333
SITE_011_S0165,SITE_011,0,0,0,1.019999966025352,10.53999972715974,25.31999951973557,18.18333333333333
SITE_011_S0166,SITE_011,0,0,0,0,0.1899999976158142,3.719999874010682,88.81666666666666
SITE_011_S0167,SITE_011,0,0,0,0.3349999934434891,0.3349999934434891,2.469999926164746,19.18333333333333
SITE_011_S0168,SITE_011,1.220000028610229,2.055000014603138,2.135000012814998,2.135000012814998,2.135000012814998,2.470000006258488,0.3166666666666666
SITE_011_S0169,SITE_011,0,0,0,6.699999801814556,8.834999814629555,9.169999808073044,19.18333333333333
SITE_011_S0170,SITE_011,0,0,0.044999998062849,1.664999943226576,14.75999959930778,53.65299870446324,6.816666666666666
SITE_011_S0171,SITE_011,3.089999914169312,7.109999895095825,16.2099996805191,21.86499959975481,27.2849993892014,73.38299829140306,0.1833333333333333
SITE_011_S0172,SITE_011,0,0,0,2.154999937862158,16.8549995161593,47.92499902099371,7.816666666666666
SITE_011_S0173,SITE_011,0,0.044999998062849,0.044999998062849,2.594999916851521,4.749999854713678,48.85499899461865,7.683333333333334
SITE_011_S0174,SITE_011,0,0,0,0,0.1299999952316284,6.149999801069498,56.31666666666667
SITE_011_S0175,SITE_011,0,0,0,0,0,3.99499986320734,80.18333333333334
SITE_011_S0176,SITE_011,0.90999998152256,2.14499993622303,2.38999992609024,2.38999992609024,5.314999844878912,5.314999844878912,0.3166666666666666
SITE_011_S0177,SITE_011,0,0,0,0.5049999933689833,3.844999900087714,5.819999838247895,23.68333333333333
SITE_011_S0178,SITE_011,0,0,0,0,0.9899999778717756,4.8349998742342,31.31666666666666
SITE_011_S0179,SITE_011,0,0,0,0.2299999985843897,1.104999979957938,2.674999946728349,55.18333333333333
SITE_011_S0180,SITE_011,0,0,0,0,13.66999958269298,14.6899995803833,31.31666666666666
SITE_011_S0181,SITE_011,0,0,0,0,8.694999676197767,14.6899995803833,55.18333333333333
SITE_011_S0182,SITE_011,0,0,0,0,0,5.159999895840883,94.31666666666666
SITE_011_S0183,SITE_011,0,0.089999996125698,0.089999996125698,0.1899999910965562,0.1899999910965562,5.349999886937439,118.1833333333333
SITE_011_S0184,SITE_011,0,0,0,0,3.519999882206321,5.679999782703817,52.81666666666667
SITE_011_S0185,SITE_011,0,0,0,0.0149999996647238,0.0149999996647238,5.694999782368541,76.68333333333334
SITE_011_S0186,SITE_011,0.2799999862909317,0.9249999523162842,0.9249999523162842,15.08999969810247,17.28499966114759,17.60499966796488,0.8166666666666667
SITE_011_S0187,SITE_011,0,0,0.3949999809265136,10.22499971091747,27.309999383986,27.82999937888235,5.683333333333334
SITE_011_S0188,SITE_011,0,0,0,0,3.244999960064888,44.32499926351011,31.81666666666666
SITE_011_S0189,SITE_011,0,0,0,11.57999973744154,11.7849997356534,40.81499930284917,7.183333333333334
SITE_011_S0190,SITE_011,0,0.4600000008940696,0.66499999538064,0.894999984651804,0.9889999888837336,12.56899972632527,2.316666666666667
SITE_011_S0191,SITE_011,0,0,0,0,0.894999984651804,12.56899972632527,26.18333333333333
SITE_011_S0192,SITE_011,0,0.1449999958276748,0.1449999958276748,0.1449999958276748,15.39499969780445,17.69999967515469,1.316666666666667
SITE_011_S0193,SITE_011,0,0,0,1.104999981820583,16.49999967962503,17.90999967232347,17.68333333333333
SITE_011_S0194,SITE_011,0,0.5149999856948853,1.069999992847443,1.770000010728836,6.154999926686287,16.74499944597483,2.816666666666667
SITE_011_S0195,SITE_011,0,0,0.1149999946355819,2.669999986886978,8.584999918937683,19.21499944478273,3.183333333333333
SITE_011_S0196,SITE_011,0.1149999946355819,1.144999966025352,1.61499996483326,3.399999871850014,3.399999871850014,7.924999870359898,0.8166666666666667
SITE_011_S0197,SITE_011,0,0,0,0,3.399999871850014,6.154999859631062,24.68333333333333
SITE_011_S0198,SITE_011,0,0,0,0,0.1649999907240271,62.54499877151102,61.31666666666667
SITE_011_S0199,SITE_011,0,0,0,0,0.0149999996647238,60.29999886360019,85.18333333333334
SITE_011_S0200,SITE_011,0,0,0,0,0,2.669999919831753,88.31666666666666
SITE_011_S0201,SITE_011,0,0,0,0,0,2.669999919831753,112.1833333333333
SITE_011_S0202,SITE_011,0,0,0,0.1849999949336052,8.209999829530716,22.33499959111214,6.816666666666666
SITE_011_S0203,SITE_011,0,0,0,0,2.039999932050705,22.33499959111214,30.68333333333333
SITE_011_S0204,SITE_011,0,0,0,0.1149999992921948,6.019999850541353,8.099999789148569,22.81666666666666
SITE_011_S0205,SITE_011,0,0,0,0,2.379999955184758,7.914999794214964,46.68333333333333
SITE_011_S0206,SITE_011,0,0,0.0200000014156103,4.414999885484576,22.22499947063625,23.04499944671988,17.81666666666667
SITE_011_S0207,SITE_011,0,0,0,0,0,5.829999832436442,125.8166666666667
SITE_011_S0208,SITE_011,0,0,0,0,0,1.414999946951866,149.6833333333333
SITE_011_S0209,SITE_011,0,0,0,1.069999933242798,4.739999789744616,4.84499978646636,23.31666666666666
SITE_011_S0210,SITE_011,0,0,0,0,1.524999912828207,4.84499978646636,47.18333333333333
SITE_011_S0211,SITE_011,0,0,0,0,0,6.309999733231962,97.81666666666666
SITE_011_S0212,SITE_011,0,0,0,0,0,5.239999799989164,121.6833333333333
SITE_011_S0213,SITE_011,0,0,0,0,0,0,168
SITE_011_S0214,SITE_011,0,0,0,0,0,0,168
SITE_011_S0215,SITE_011,0,0,0,1.654999941587448,3.174999948590994,6.5849998742342,17.31666666666667
SITE_011_S0216,SITE_011,0.9350000023841858,2.169999957084656,4.669999897480011,7.504999786615372,10.67999973520637,14.08999966084957,0.1833333333333333
SITE_011_S0217,SITE_011,0,0,0,0,8.394999753683805,21.85499942395836,47.81666666666667
SITE_011_S0218,SITE_011,2.099999964237213,2.924999937415123,2.924999937415123,2.924999937415123,3.984999943524599,4.054999941959977,0.3166666666666666
SITE_011_S0219,SITE_011,0,0,0,2.199999977834523,5.13999991491437,6.2549999197945,14.68333333333333
SITE_011_S0220,SITE_011,0,0,0,0,0,10.08499979507178,92.83333333333331
SITE_011_S0221,SITE_011,0,0,0,0,0,7.159999857656658,116.6833333333333
SITE_011_S0222,SITE_011,0,0,0,0,0.0599999977275729,0.0599999977275729,168
SITE_011_S0223,SITE_011,0,0,0,0,0.0599999977275729,0.0599999977275729,168
SITE_011_S0224,SITE_011,0,0,0,0,0.0799999982118606,0.0799999982118606,168
SITE_011_S0225,SITE_011,0.6399999856948853,0.6399999856948853,1.684999963268638,1.934999962337315,2.014999960549176,2.014999960549176,0.1833333333333333
SITE_011_S0226,SITE_011,0,0,0,2.204999923706055,12.41499949526042,26.08499910496176,13.31666666666667
SITE_011_S0227,SITE_011,0,0,0,0.0049999998882412,5.599999712780118,26.08999910485,37.18333333333333
SITE_011_S0228,SITE_011,0,0,0,0,25.65499914623797,46.10499847959727,47.18333333333333
SITE_011_S0229,SITE_011,0,0,0.3149999976158142,0.3149999976158142,0.3149999976158142,5.819999864324927,3.816666666666667
SITE_011_S0230,SITE_011,0,0,0,0,0.3149999976158142,0.3149999976158142,27.68333333333333
SITE_011_S0231,SITE_011,1.430000007152557,24.88999980688095,25.11999979615211,37.00999972224236,44.63999956101179,49.27499954588711,0.3333333333333333
SITE_011_S0232,SITE_011,0,0,0,0.4199999822303653,44.52499957662076,49.37999953050166,23.68333333333333
SITE_011_S0233,SITE_011,0,0,0,0,0,53.02499930281192,103.3166666666667
SITE_011_S0234,SITE_011,0,0,0,0,0,16.01499958056957,127.1833333333333
SITE_011_S0235,SITE_011,0,0,0,0,0.0590000040829181,2.873999882489443,77.33333333333333
SITE_011_S0236,SITE_011,0,0.449999988079071,0.7699999809265137,0.7699999809265137,0.7699999809265137,3.643999863415957,2.683333333333333
SITE_011_S0237,SITE_011,0,0,0,0,0.6549999751150608,4.359999867156148,37.81666666666667
SITE_011_S0238,SITE_011,0,0,0,0,0.6549999751150608,4.359999867156148,61.68333333333333
SITE_011_S0239,SITE_011,0,0.0149999996647238,0.0149999996647238,0.0149999996647238,12.84499960299581,13.75999958720058,34.81666666666667
SITE_011_S0240,SITE_011,0,0,0,0.0599999986588954,6.854999813251197,13.81999958585948,58.68333333333333
SITE_011_S0241,SITE_011,0,0,0,0,0,12.69999968167394,93.81666666666666
SITE_011_S0242,SITE_011,0,0,0.1199999973177909,0.8149999901652336,4.009999945759773,4.009999945759773,5.816666666666666
SITE_011_S0243,SITE_011,0.6299999952316284,0.6299999952316284,0.6299999952316284,1.054999969899654,5.064999915659428,5.064999915659428,0.1833333333333333
SITE_011_S0244,SITE_011,0,0,0,0,2.063499983400106,3.943499943241477,24.81666666666666
SITE_011_S0245,SITE_011,0,0,0,2.899999920278788,4.963499903678894,6.028499873355031,17.68333333333333
SITE_011_S0246,SITE_011,0,0,0,0.5099999904632568,23.32499935105443,27.2949992492795,23.81666666666666
SITE_011_S0247,SITE_011,0,0,1.370000004768372,6.839999981224537,29.69999933242798,34.13499923050404,5.183333333333334
SITE_011_S0248,SITE_011,0,0,0.1599999964237213,0.1999999955296516,1.215000003576279,28.46499961987137,3.316666666666667
SITE_011_S0249,SITE_011,0,0.1700000017881393,0.1700000017881393,0.1700000017881393,1.154999988153577,1.354999983683228,1.316666666666667
SITE_011_S0250,SITE_011,0,0,0,0,1.154999988153577,1.154999988153577,25.18333333333333
SITE_011_S0251,SITE_011,0,0,0,0,0,0.3400000035762787,116.3166666666667
SITE_011_S0252,SITE_011,0,0,0,0,0,0.1700000017881393,140.1833333333333
SITE_011_S0253,SITE_011,0.2299999892711639,0.2299999892711639,1.999999970197678,10.93499971367419,11.44999968633056,11.53299969062209,0.8166666666666667
SITE_011_S0254,SITE_011,0,0,0,0.8249999638646841,12.27499965019524,12.35799965448678,22.68333333333333
SITE_011_S0255,SITE_011,1.039999961853027,1.039999961853027,1.554999940097332,3.329999975860119,13.78999972529709,45.7649990664795,0.3166666666666666
SITE_011_S0256,SITE_011,0,0,0,0,0.0649999966844916,7.874999796040356,121.8166666666667
SITE_011_S0257,SITE_011,0,0,0,0,0.0499999970197677,5.504999863915145,145.6833333333333
SITE_011_S0258,SITE_011,0,0,0.0149999996647238,0.1049999957904219,0.1049999957904219,0.1049999957904219,168
SITE_011_S0259,SITE_011,0,0,0,0,0.1049999957904219,0.1049999957904219,168
SITE_011_S0260,SITE_011,0,0,0,2.129999962635338,2.153499963693321,2.258499959483743,11.81666666666667
SITE_011_S0261,SITE_011,0,0,0,0,2.129999962635338,2.153499963693321,35.68333333333333
SITE_011_S0262,SITE_011,0,0,0,0,0,2.394999951124192,103.3166666666667
SITE_011_S0263,SITE_011,0,0,0,0,0,0.264999988488853,127.1833333333333
SITE_011_S0264,SITE_011,0,0,0,0,0,0,168
SITE_011_S0265,SITE_011,0,0,0,0,0,0,168
SITE_011_S0266,SITE_011,0,0,0,0,0,0,168
SITE_011_S0267,SITE_011,0.0649999976158142,0.0649999976158142,0.0649999976158142,0.0649999976158142,30.8449994046241,30.8449994046241,25.81666666666666
SITE_011_S0268,SITE_011,0,0,0,0.6199999824166298,10.43999980203807,31.46499938704073,15.18333333333333
SITE_011_S0269,SITE_011,0,0,0,0,0.0280000008642673,0.9079999700188636,110.3166666666667
SITE_011_S0270,SITE_011,0,0,1.504999995231628,1.714999988675117,1.714999988675117,2.557999961078167,5.683333333333334
SITE_011_S0271,SITE_011,0,0,0,3.479999959468842,4.384999953210354,6.099999941885471,11.31666666666667
SITE_011_S0272,SITE_011,0,0,0.814999951981008,2.949999905191362,7.249999857507646,9.049999847076831,3.183333333333333
SITE_011_S0273,SITE_011,0,0,0,0,0,6.429999864660204,123.3166666666667
SITE_011_S0274,SITE_011,0,0,0,0,0,2.949999905191362,147.1833333333333
SITE_011_S0275,SITE_011,0,0,0,0.0699999993667006,13.04999955650419,13.14999955054372,33.31666666666667
SITE_011_S0276,SITE_011,0,0,0,0.1599999964237213,13.20999955292791,13.30999954696745,21.18333333333333
SITE_011_S0277,SITE_011,0,0,0.0149999996647238,6.934999934397638,7.654999903403223,7.884999899193645,6.816666666666666
SITE_011_S0278,SITE_011,0.4949999749660492,0.6349999755620956,1.969999894499779,2.049999891780317,9.304999819025396,9.86499979160726,0.6833333333333333
SITE_011_S0279,SITE_011,0,0,0,1.004999995231628,1.060499997809529,12.91049955692142,7.183333333333334
SITE_011_S0280,SITE_011,0,0,0,2.644999921321869,16.9549996368587,25.5949993757531,12.31666666666667
SITE_011_S0281,SITE_011,0,0,0,0.375,3.019999921321869,25.95999937597663,17.18333333333333
SITE_011_S0282,SITE_011,0,0,0,2.789999935775996,9.849999893456696,17.42499972507358,6.316666666666666
SITE_011_S0283,SITE_011,3.044999957084656,8.634999632835388,9.909999594092367,11.02499958872795,20.21499948576093,25.80499939247965,0.1833333333333333
SITE_011_S0284,SITE_011,0,0,0,10.65999938454479,10.65999938454479,27.39499885309488,11.81666666666667
SITE_011_S0285,SITE_011,0,0,0,0.2449999898672104,10.904999374412,24.84999890718609,22.18333333333333
SITE_011_S0286,SITE_011,0,0,0,0,0,10.904999374412,142.3166666666667
SITE_011_S0287,SITE_011,0,0,0,0,0,0.2449999898672104,166.1833333333333
SITE_011_S0288,SITE_011,0,0,0,0,0.0290000010281801,0.0290000010281801,168
SITE_011_S0289,SITE_011,0,0,0,0,0.0290000010281801,0.0290000010281801,168
SITE_011_S0290,SITE_011,0,0,0,0,6.7349998280406,7.024999821558595,35.31666666666667
SITE_011_S0291,SITE_011,0,0,0,0.0199999995529651,6.754999827593565,7.04499982111156,59.18333333333333
SITE_011_S0292,SITE_011,0,0,0,0,6.844999941065908,11.91999978385866,37.81666666666667
SITE_011_S0293,SITE_011,0,0,0,0,4.844999976456165,11.91999978385866,61.68333333333333
SITE_011_S0294,SITE_011,0,0,0,0,0,0,168
SITE_011_S0295,SITE_011,0,0,0,17.91499947011471,17.91499947011471,17.91499947011471,11.68333333333333
SITE_011_S0296,SITE_011,0,0,0,0,0,18.83999943733216,79.81666666666666
SITE_011_S0297,SITE_011,0,0,0,0,0,18.83999943733216,103.6833333333333
SITE_011_S0298,SITE_011,0,0.0949999988079071,0.1469999998807907,4.996999844908714,5.101999841630459,5.271999835968018,13.31666666666667
SITE_011_S0299,SITE_011,0,0,0,0.2899999916553497,5.391999833285809,5.561999827623367,17.68333333333333
SITE_011_S0300,SITE_011,0,0,0,0,2.80499991774559,14.14699967205524,30.81666666666666
SITE_011_S0301,SITE_011,0,0,0,0,0.7349999696016312,9.14999982714653,54.68333333333333
SITE_011_S0302,SITE_011,0.2849999964237213,1.834999963641167,4.539999797940254,14.82999954000115,14.82999954000115,27.23499941173941,0.8166666666666667
SITE_011_S0303,SITE_011,0,0,0,0.4249999821186065,15.25499952211976,27.65999939385802,16.68333333333333
SITE_011_S0304,SITE_011,0,0,0,2.229999907314777,17.279999663122,40.66499895788729,19.81666666666666
SITE_011_S0305,SITE_011,0,0,0,0,8.834999767132103,25.83499941788613,43.68333333333333
SITE_011_S0306,SITE_011,0,0,0,0,0,2.369999907910824,111.8166666666667
SITE_011_S0307,SITE_011,0,0,0,0,0,0.1400000005960464,135.6833333333333
SITE_011_S0308,SITE_011,0,0,0,0,10.99499978870153,10.99499978870153,50.81666666666667
SITE_011_S0309,SITE_011,0,0,0.0775000005960464,4.287499924190342,4.287499924190342,15.28249971289188,9.683333333333334
SITE_011_S0310,SITE_011,0,0,0,0,6.89999982714653,11.7274997504428,37.31666666666667
SITE_011_S0311,SITE_011,0,0,0,5.069999895989895,11.96999972313642,16.7974996464327,6.683333333333334
SITE_011_S0312,SITE_011,0,0,0,7.079999804496765,7.079999804496765,12.20499970018864,16.31666666666667
SITE_011_S0313,SITE_011,0,0,0,0,7.079999804496765,12.20499970018864,40.18333333333333
SITE_011_S0314,SITE_011,0,0,0,0,16.69499959796667,23.77499940246344,46.31666666666667
SITE_011_S0315,SITE_011,0,0,0,0,0.9849999696016312,16.69499959796667,70.18333333333334
SITE_011_S0316,SITE_011,0,0,0.1099999994039535,1.315000001341105,10.24499985203147,10.24499985203147,5.816666666666666
SITE_011_S0317,SITE_011,0,0,0,15.89999973028898,26.14499958232045,26.14499958232045,7.683333333333334
SITE_011_S0318,SITE_011,0,0,0,15.96999983862042,29.18499938864261,63.59499855805189,8.316666666666666
SITE_011_S0319,SITE_011,0,0.9149999618530272,4.129499889910221,7.194499835371971,36.27449922636151,69.47449839208275,2.183333333333333
SITE_011_S0320,SITE_011,0,0.2699999921023845,0.2699999921023845,0.2699999921023845,14.65999987814575,54.9994992185384,2.316666666666667
SITE_011_S0321,SITE_011,0,0,0,4.924999922513962,12.11999981477857,43.95449930243194,13.68333333333333
SITE_011_S0322,SITE_011,0,0,0,5.559999879449606,15.15499955322594,24.51999939139932,7.316666666666666
SITE_011_S0323,SITE_011,0,0,0,0.0199999995529651,7.354999823495746,24.2699993988499,31.18333333333333
SITE_011_S0324,SITE_011,0,0.0249999985098838,0.0249999985098838,0.0249999985098838,27.2799993082881,39.82999905012548,27.31666666666666
SITE_011_S0325,SITE_011,0.189999995753169,0.3999999891966581,0.4849999900907278,5.449999859556556,16.3199997227639,39.71999903023243,0.1833333333333333
SITE_011_S0326,SITE_011,0,0,0,0.0399999991059303,0.0399999991059303,11.50499968603253,83.31666666666666
SITE_011_S0327,SITE_011,0,0,0,0,0.0399999991059303,11.47999968752265,107.1833333333333
SITE_011_S0328,SITE_011,0,0,0,0,0,4.974999886006117,75.81666666666666
SITE_011_S0329,SITE_011,0,0,0,0,0,4.934999886900187,99.68333333333334
SITE_011_S0330,SITE_011,0,0.0799999982118606,0.2499999925494194,2.689999878406525,18.44999945163727,41.73699885606766,3.816666666666667
SITE_011_S0331,SITE_011,0,0,0,1.449999958276749,16.68999946117401,43.18699881434441,6.683333333333334
SITE_011_S0332,SITE_011,0,0,0,0,0,4.324999831616879,126.8166666666667
SITE_011_S0333,SITE_011,0,4.574999868869781,4.589999868534505,4.679999864660204,4.679999864660204,6.314999817870557,1.183333333333333
SITE_011_S0334,SITE_011,0,0,0,0.6549999862909317,3.254999950528145,9.474999777041376,16.81666666666667
SITE_011_S0335,SITE_011,0,0,5.029999732971191,16.64499951805919,19.89999946858734,26.11999929510057,4.183333333333334
SITE_011_S0336,SITE_011,0,0,0,0.2249999940395355,0.2249999940395355,19.14999946113676,22.81666666666666
SITE_011_S0337,SITE_011,0,0,0,0,0.2249999940395355,18.49499947484583,46.68333333333333
SITE_011_S0338,SITE_011,0,0,0,11.44499965012074,32.5399990901351,32.76499908417463,12.31666666666667
SITE_011_S0339,SITE_011,0,0,0,0,20.72499945759773,32.5399990901351,36.18333333333333
SITE_011_S0340,SITE_011,0,0,0,0,0.0499999970197677,11.54849965125322,156.3166666666667
SITE_011_S0341,SITE_011,0.75,1.169999994337559,1.209999993443489,2.964999917894602,3.01499991491437,3.06849991902709,0.6833333333333333
SITE_011_S0342,SITE_011,1.124999970197678,4.109999924898148,4.109999924898148,5.629999868571758,14.16499947942793,39.79999901726842,0.3166666666666666
SITE_011_S0343,SITE_011,0,0,0,0.0199999995529651,6.724999852478504,39.81999901682138,24.18333333333333
SITE_011_S0344,SITE_011,0.0399999991059303,0.0399999991059303,0.0399999991059303,2.314999923110008,9.899999767541884,23.46999940183014,7.316666666666666
SITE_011_S0345,SITE_011,0,0,0.0249999994412064,5.299999893642962,7.61499981675297,23.13999942690134,8.183333333333334
SITE_011_S0346,SITE_011,0,0,0,3.789999963715673,7.529999913647771,16.1949997022748,10.31666666666667
SITE_011_S0347,SITE_011,0,0,0,0,5.099999966099858,13.87999977916479,34.18333333333333
SITE_011_S0348,SITE_011,0,0,0,0,0.664999975822866,12.02999979350716,31.81666666666666
SITE_011_S0349,SITE_011,0,0,0,0,0.1550000002607703,8.239999829791486,55.68333333333333
SITE_011_S0350,SITE_011,0,0,0,5.089999958872795,5.599999949336052,5.643499951809645,14.81666666666667
SITE_011_S0351,SITE_011,0,0,0.0350000001490116,0.0649999994784593,5.664999948814511,5.708499951288104,38.68333333333333
SITE_011_S0352,SITE_011,0,0,1.7249999307096,3.749999850988388,22.21499951276928,27.67999945860356,4.316666666666666
SITE_011_S0353,SITE_011,0,0,0,0,17.48999958205968,22.58999949973077,28.18333333333333
SITE_011_S0354,SITE_011,0,0,0,3.899999927729368,28.10499927029014,31.85499912127852,12.81666666666667
SITE_011_S0355,SITE_011,0,0,0,0,14.72999979183078,28.10499927029014,36.68333333333333
SITE_011_S0356,SITE_011,0,0,0,0,0,5.444999866187572,88.31666666666666
SITE_011_S0357,SITE_011,0,0,0,0,0,1.544999938458204,112.1833333333333
SITE_011_S0358,SITE_011,0.0599999986588954,0.0599999986588954,0.0599999986588954,2.269999937154353,4.554999922402203,4.554999922402203,7.816666666666666
SITE_011_S0359,SITE_011,0,0,0,0.9549999833106996,5.509999905712903,5.509999905712903,18.18333333333333
SITE_011_S0360,SITE_011,0,0,0.0999999996274709,10.71999976038933,12.96349967923015,16.29349959641695,7.316666666666666
SITE_011_S0361,SITE_011,0,0,0,1.659999980591238,12.50499974098057,15.68349963985384,7.683333333333334
SITE_011_S0362,SITE_011,0.6499999761581421,0.6499999761581421,0.6499999761581421,2.009999949485064,2.009999949485064,14.85999966692179,0.3166666666666666
SITE_011_S0363,SITE_011,1.485000014305115,3.349999979138374,3.349999979138374,26.68999945279211,28.69999940227717,30.82999935932457,0.1833333333333333
SITE_011_S0364,SITE_011,0,0,0,0,4.664999879896641,41.78999927733094,36.31666666666667
SITE_011_S0365,SITE_011,1.684999972581863,4.450000002980232,8.96499989926815,13.44499981403351,17.92499969154596,53.22499914187938,0.1833333333333333
SITE_011_S0366,SITE_011,0,0,0,5.224999874830246,6.024999855086207,35.14999916683882,10.31666666666667
SITE_011_S0367,SITE_011,0.1700000017881393,0.2300000004470348,0.2300000004470348,2.549999956041574,8.484999813139439,37.6999991228804,0.1833333333333333
SITE_011_S0368,SITE_011,0,0,0.0149999996647238,0.0149999996647238,4.754999913275242,21.45649962686002,34.31666666666667
SITE_011_S0369,SITE_011,0,0,0.0499999970197677,0.0499999970197677,4.80499991029501,20.65149964857846,58.18333333333333
SITE_011_S0370,SITE_011,0,1.414999961853027,6.280000030994415,14.87499979138374,15.45999978482723,31.42499930318445,2.316666666666667
SITE_011_S0371,SITE_011,0,0,0.1899999976158142,19.25999943725765,34.71999922208488,50.66999874077737,5.683333333333334
SITE_011_S0372,SITE_011,0,0,0,0,0.0749999955296516,37.44499914906919,85.81666666666666
SITE_011_S0373,SITE_011,0,0,2.325000047683716,2.325000047683716,2.400000043213367,24.89499940536916,3.183333333333333
SITE_011_S0374,SITE_011,0,0,0,0,0.2499999925494194,2.665000036358833,37.81666666666667
SITE_011_S0375,SITE_011,0,0,0,0,0.2499999925494194,2.665000036358833,61.68333333333333
SITE_011_S0376,SITE_011,0,0,0,0,0,0,168
SITE_011_S0377,SITE_011,0,0,0,0,0,0,168
SITE_011_S0378,SITE_011,0,0,0,0,0.0080000003799796,0.0080000003799796,168
SITE_011_S0379,SITE_011,0,0,0,0,0,0.0080000003799796,168
SITE_011_S0380,SITE_011,0,0,0,0,0.1099999994039535,0.1099999994039535,168
SITE_011_S0381,SITE_011,0,0,0,0,0,0.1099999994039535,168
SITE_011_S0382,SITE_011,0,0,0,0,0,0,168
SITE_011_S0383,SITE_011,0,0,0,0,0,0,168
SITE_011_S0384,SITE_011,0,0,0,0,0.5699999816715717,0.5699999816715717,59.31666666666667
SITE_011_S0385,SITE_011,0,0,0,0,0,0.5699999816715717,83.18333333333334
SITE_011_S0386,SITE_011,0,0,0.0850000008940696,0.0850000008940696,0.0850000008940696,0.0850000008940696,168
SITE_011_S0387,SITE_011,0,0,0,0,0.0850000008940696,0.0850000008940696,168
SITE_011_S0388,SITE_011,0,0,0,2.35999995470047,12.2694997349754,22.06949941907078,16.31666666666667
SITE_011_S0389,SITE_011,0,0,0.3349999934434891,1.909999961033464,12.96999971754849,23.89449937921017,4.683333333333334
SITE_011_S0390,SITE_011,0,0,0,0,0,4.269999915733933,124.8166666666667
SITE_011_S0391,SITE_011,0,0,0,0,0,1.909999961033464,148.6833333333333
SITE_011_S0392,SITE_011,0,0,0,0,0,3.394999921321869,101.3166666666667
SITE_011_S0393,SITE_011,0,0,0,0,0,3.394999921321869,125.1833333333333
SITE_011_S0394,SITE_011,0,0,0,0,0,0.0799999982118606,168
SITE_011_S0395,SITE_011,0,0,0,1.140000030398369,1.140000030398369,1.220000028610229,7.183333333333334
SITE_011_S0396,SITE_011,0,0,0,0,0,5.239999901503325,97.81666666666666
SITE_011_S0397,SITE_011,0,0,0,0,0,5.239999901503325,121.6833333333333
SITE_011_S0398,SITE_011,0,0,0,0,0.0595000013709068,0.0595000013709068,168
SITE_011_S0399,SITE_011,0,0,0,0,0.0595000013709068,0.0595000013709068,168
SITE_011_S0400,SITE_011,0,0,0,0.5099999979138374,7.929999776184559,15.8149996176362,20.81666666666666
SITE_011_S0401,SITE_011,0,0,0,0,0.8200000002980232,15.8149996176362,44.68333333333333
SITE_011_S0402,SITE_011,0,0,0,0,5.754999823868275,6.464999817311764,27.81666666666666
SITE_011_S0403,SITE_011,0,0,0.1299999943003058,37.81499899830669,37.97499899473041,43.76999881770462,5.183333333333334
SITE_011_S0404,SITE_011,0,0,0,0,14.81999962497503,53.92499858234078,31.31666666666666
SITE_011_S0405,SITE_011,0,0,0,0,5.664999862201512,53.92499858234078,55.18333333333333
SITE_011_S0406,SITE_011,0,0,0,0,0,0.125,108.3166666666667
SITE_011_S0407,SITE_011,0,0.125,0.6049999892711639,0.694999985396862,0.694999985396862,0.819999985396862,2.683333333333333
SITE_011_S0408,SITE_011,0,0,0,2.594999879598618,7.43849977850914,13.34349955711514,18.81666666666666
SITE_011_S0409,SITE_011,0,0,0,0.1949999928474426,7.633499771356583,13.53849954996258,18.68333333333333
SITE_011_S0410,SITE_011,0,0,2.605000019073486,8.864999881014228,11.69999979995191,19.9999995585531,5.816666666666666
SITE_011_S0411,SITE_011,0.1499999910593032,5.039999857544899,5.299999848008156,6.349999815225601,18.04999961517751,23.75499949418008,1.183333333333333
SITE_011_S0412,SITE_011,0.5,0.5549999997019768,0.6149999983608723,0.6149999983608723,0.6149999983608723,20.91499952506274,0.3166666666666666
SITE_011_S0413,SITE_011,0,0,0,17.23499961942434,17.84999961778522,29.28499926347285,16.18333333333333
SITE_011_S0414,SITE_011,0,0,0,0,0.1299999952316284,18.13999960944057,31.81666666666666
SITE_011_S0415,SITE_011,0,0,0,0,0.1299999952316284,17.52499961107969,55.68333333333333
SITE_011_S0416,SITE_011,0,0.0350000001490116,5.64999995008111,17.74999961256981,18.75999959371984,18.90499958954751,4.316666666666666
SITE_011_S0417,SITE_011,0,0,0.0049999998882412,0.0299999983981251,17.96499960590154,18.93499958794564,28.18333333333333
SITE_011_S0418,SITE_011,0.1149999983608722,3.724999953061342,4.969499964267016,4.969499964267016,4.969499964267016,25.13949955720454,1.316666666666667
SITE_011_S0419,SITE_011,0,0,0,0.0149999996647238,4.984499963931739,7.404499944299459,25.18333333333333
SITE_011_S0420,SITE_011,0,0,0,0,0,6.58449990209192,84.81666666666666
SITE_011_S0421,SITE_011,0,0,0,0,0,1.614999937824905,108.6833333333333
SITE_011_S0422,SITE_011,0,0,0,0,0,3.98999984562397,93.31666666666666
SITE_011_S0423,SITE_011,0.8299999833106995,2.479999929666519,2.759999923408031,15.58499968796968,15.58499968796968,19.57499953359365,0.1833333333333333
SITE_011_S0424,SITE_011,0,0.0499999988824129,0.0499999988824129,0.669999978505075,7.129999744705856,33.18999929260463,8.183333333333334
SITE_011_S0425,SITE_011,0,0,0,0.6149999797344208,0.999999980442226,10.26499976683408,21.31666666666666
SITE_011_S0426,SITE_011,0.6599999964237213,1.199999988079071,1.869999967515469,6.034999893046916,6.944999872706831,16.299999659881,0.1833333333333333
SITE_011_S0427,SITE_011,0,0,0,0,8.904999684542418,21.05499941017479,59.81666666666667
SITE_011_S0428,SITE_011,0,0,0.0440000034868717,0.0440000034868717,0.0440000034868717,20.48399943392724,83.68333333333334
SITE_011_S0429,SITE_011,0,0,0,0,22.99999928567559,26.51399912405759,24.81666666666666
SITE_011_S0430,SITE_011,0,0,0,0,4.89999989233911,26.51399912405759,48.68333333333333
SITE_011_S0431,SITE_011,0,0,0,0,0.0149999996647238,0.5149999847635627,103.3166666666667
SITE_011_S0432,SITE_011,0,0,0,0,0.0149999996647238,0.5149999847635627,127.1833333333333
SITE_011_S0433,SITE_011,0,0,0,0,0.0399999991059303,0.0399999991059303,168
SITE_011_S0434,SITE_011,0,0,0,0,0.0399999991059303,0.0399999991059303,168
SITE_011_S0435,SITE_011,0,0,0.089999996125698,1.799999929964542,1.799999929964542,1.799999929964542,6.316666666666666
SITE_011_S0436,SITE_011,0,0,8.524999529123306,10.99499951861799,12.79499944858253,12.79499944858253,3.183333333333333
SITE_011_S0437,SITE_011,0,0,0,0,0.199999988079071,35.76999891549349,49.83333333333334
SITE_011_S0438,SITE_011,0,0.0499999970197677,0.1164999976754188,0.4014999940991401,0.4014999940991401,34.37149897962809,8.183333333333334
SITE_011_S0439,SITE_011,0,0.0149999996647238,3.884999810718,5.124999785795808,17.63499927520752,28.08649909682572,3.816666666666667
SITE_011_S0440,SITE_011,0,0.2499999981373548,0.2499999981373548,1.699999956414104,6.824999742209911,29.78649905323982,1.683333333333333
SITE_011_S0441,SITE_011,0,0,0,3.20000000204891,10.79499991796911,24.09499947726727,13.83333333333333
SITE_011_S0442,SITE_011,0,0,0,0.8199999928474426,10.01999997440726,19.7899996843189,11.18333333333333
SITE_011_S0443,SITE_011,0,0,0,0,0,4.069999992847443,131.3166666666667
SITE_011_S0444,SITE_011,0,0,0,0,0,0.869999990798533,155.1833333333333
SITE_011_S0445,SITE_011,0,0,0,0.0549999987706542,6.414999797008932,30.23499937169254,66.83333333333333
SITE_011_S0446,SITE_011,0,0.2999999932944774,0.3349999925121665,0.989999963901937,1.044999962672591,31.22499933559448,2.683333333333333
SITE_011_S0447,SITE_011,0.1299999952316284,0.7799999564886093,0.7849999563768506,9.519999815151095,12.91499972995371,19.45999961066991,0.3166666666666666
SITE_011_S0448,SITE_011,0,0,0,0.4099999805912375,13.21999971475452,19.81499959249049,21.68333333333333
SITE_011_S0449,SITE_011,0,0,0,0,0,24.98449975345284,78.83333333333333
SITE_011_S0450,SITE_011,0,0,0,0,0,15.46449993830174,102.6833333333333
SITE_011_S0451,SITE_011,0,0,0,0,0.0199999995529651,0.0199999995529651,168
SITE_011_S0452,SITE_011,0,0.5999999642372131,0.5999999642372131,0.5999999642372131,0.6199999637901783,0.6199999637901783,2.683333333333333
SITE_011_S0453,SITE_011,0,1.914999980479479,2.149999979883432,2.724999949336052,22.09499945864081,27.08999932743609,1.333333333333333
SITE_011_S0454,SITE_011,0,0,0,0,22.06999946013093,27.08999932743609,25.18333333333333
SITE_011_S0455,SITE_011,0,0,0,0,0.0649999976158142,2.824999947100878,145.3166666666667
SITE_011_S0456,SITE_011,0,0,0,0,0,0.0999999977648258,168
SITE_011_S0457,SITE_011,0,0,0,0,0,0,168
SITE_011_S0458,SITE_011,0,0,0,0,0,0,168
SITE_011_S0459,SITE_011,0,0,0,0.0499999970197677,2.509999945759773,11.44849955290556,24.31666666666666
SITE_011_S0460,SITE_011,0,0,0,0,2.264999955892563,11.44849955290556,48.18333333333333
SITE_011_S0461,SITE_011,0,0,0,0,0,6.414999812841415,96.81666666666666
SITE_011_S0462,SITE_011,0,0,0,0.849999975413084,0.849999975413084,7.214999791234732,6.183333333333334
SITE_011_S0463,SITE_011,2.834999918937683,3.934999875724316,4.229999862611294,4.859999861568213,23.86999929323792,27.17499925196171,0.3166666666666666
SITE_011_S0464,SITE_011,0,0,0,2.199999926611781,10.95999974384904,29.37499917857349,22.18333333333333
SITE_011_S0465,SITE_011,1.044999986886978,1.054999986663461,1.054999986663461,4.724999943748116,41.95499944314361,49.0149992313236,0.3166666666666666
SITE_011_S0466,SITE_011,0,0,0,0.0099999997764825,16.50999973528087,48.67499873787165,38.31666666666667
SITE_011_S0467,SITE_011,0,0,0,0,13.1849997844547,43.94999879412353,62.18333333333333
SITE_012_S0001,SITE_012,0,0,0,0.4850000003352761,2.489999963901937,4.954999891109765,7.566666666666666
SITE_012_S0002,SITE_012,0.2699999958276748,0.3149999948218465,0.324999994598329,0.5849999859929085,0.9049999760463834,30.52499924041331,0.4333333333333333
SITE_012_S0003,SITE_012,0,0,0,0,0.2699999958276748,1.649999958463013,46.56666666666667
SITE_012_S0004,SITE_012,0,0,0,0,0,4.049999907612801,77.93333333333334
SITE_012_S0005,SITE_012,0,0,0,0,4.859999976120889,10.50999982282519,27.56666666666666
SITE_012_S0006,SITE_012,0,0,0,0,0.0999999940395355,6.394999819807708,88.93333333333334
SITE_012_S0007,SITE_012,0,0,0,0,2.039999932050705,6.139999739825726,59.06666666666667
SITE_012_S0008,SITE_012,0,0,0,0,6.309999972581863,20.19999954849482,44.93333333333333
SITE_012_S0009,SITE_012,0,0,0.0399999991059303,1.929999879561365,3.479999877512455,25.71499922592193,7.566666666666666
SITE_012_S0010,SITE_012,0.5299999862909317,2.704999879002571,3.189999863505363,3.194999863393605,3.194999863393605,8.169999708421528,0.4333333333333333
SITE_012_S0011,SITE_012,0,0,0,14.35999955609441,14.5049995565787,28.32499912008643,10.56666666666667
SITE_012_S0012,SITE_012,0,0,0,0,1.334999958053231,3.31499988771975,57.93333333333333
SITE_012_S0013,SITE_012,0,0,0,0.0099999997764825,0.0099999997764825,0.389999995008111,91.06666666666666
SITE_012_S0014,SITE_012,0,0,0,0,4.764999855309725,26.60499969031662,53.43333333333333
SITE_012_S0015,SITE_012,0,0,0,0.089999996125698,0.089999996125698,0.089999996125698,168
SITE_012_S0016,SITE_012,0.7099999934434891,1.484999999403954,1.909999988973141,1.909999988973141,5.859999857842922,54.11999922338873,0.9333333333333332
SITE_012_S0017,SITE_012,0,0,0,1.574999975971878,28.61499932873994,49.1499989638105,12.56666666666667
SITE_012_S0018,SITE_012,0,0,0.0850000008940696,29.48999958485365,77.90999843925238,96.364997995086,6.433333333333334
SITE_012_S0019,SITE_012,0,0,0,0,0.9649999663233756,88.48999827355146,34.56666666666667
SITE_012_S0020,SITE_012,0.2349999994039535,0.2349999994039535,0.2349999994039535,0.2349999994039535,0.9949999898672104,14.70999967027456,0.4333333333333333
SITE_012_S0021,SITE_012,0.1949999928474426,0.2349999919533729,1.819999970495701,1.819999970495701,2.609999942593277,17.94999962579459,0.0666666666666666
SITE_012_S0022,SITE_012,0,0,0,0,0,27.59999929647893,77.93333333333334
SITE_012_S0023,SITE_012,0,0,0,0.4999999916180968,3.754999913275242,31.38999894633889,22.56666666666666
SITE_012_S0024,SITE_012,0,0,0,0.0849999981001019,9.469999858178198,20.759999464266,24.93333333333333
SITE_012_S0025,SITE_012,0,0,0,24.83499964140356,32.15499940142035,43.94499916303903,6.066666666666666
SITE_012_S0026,SITE_012,0,0,0,14.84499981999397,14.84499981999397,21.42999973893166,7.933333333333334
SITE_012_S0027,SITE_012,0,0,0,0,2.254999905824661,17.90499972552061,34.56666666666667
SITE_012_S0028,SITE_012,0,0,0,7.724999651312828,7.724999651312828,16.14999957382679,9.433333333333334
SITE_012_S0029,SITE_012,0,0,0,0,0,0.8649999797344208,117.4333333333333
SITE_012_S0030,SITE_012,0,1.154999978840351,1.314999975264072,1.544999964535236,8.519999794661999,24.91499934345484,1.566666666666667
SITE_012_S0031,SITE_012,0.98499995470047,1.324999958276749,1.694999948143959,1.694999948143959,1.694999948143959,29.62499891221524,0.4333333333333333
SITE_012_S0032,SITE_012,0,0,0,0,0,4.239999875426292,118.0666666666667
SITE_012_S0033,SITE_012,0,0.4299999997019768,0.4299999997019768,0.434999999590218,6.059999966993928,7.654999924823642,2.933333333333333
SITE_012_S0034,SITE_012,0,0,1.274999998509884,1.639999988488853,14.51999961119145,20.57499957829713,3.066666666666667
SITE_012_S0035,SITE_012,0,0,0,0,9.494999753311276,31.90499922446907,28.43333333333333
SITE_012_S0036,SITE_012,0,0,0,0.0349999982863664,0.0349999982863664,9.46999975387007,148.5666666666667
SITE_012_S0037,SITE_012,0.1549999974668026,0.1599999973550439,0.2099999943748116,1.199999972246587,4.7349998857826,73.34499834105372,0.9333333333333332
SITE_012_S0038,SITE_012,0,0,0,2.239999905228615,2.284999903291464,23.05499941296875,12.56666666666667
SITE_012_S0039,SITE_012,0,0,0,0,2.129999971948564,21.50999959092587,27.43333333333333
SITE_012_S0040,SITE_012,0.1199999973177909,0.2799999937415123,0.4999999850988388,1.514999955892563,8.214999869465828,9.094999841414392,0.5666666666666667
SITE_012_S0041,SITE_012,0,0,0,0.8849999699741602,6.1299998331815,14.29999966733158,21.43333333333333
SITE_012_S0042,SITE_012,0,0,0,0.1199999973177909,0.1199999973177909,6.249999830499291,6.566666666666666
SITE_012_S0043,SITE_012,0,0,0,0,0,0,168
SITE_012_S0044,SITE_012,0,0,0,0,0,0,168
SITE_012_S0045,SITE_012,0,0,0,0,0,0.15499999653548,168
SITE_012_S0046,SITE_012,0,0,0,0,12.44499976187944,23.1849996894598,53.56666666666667
SITE_012_S0047,SITE_012,0,0,0,0.7099999785423279,15.46499957423657,33.83999936655164,21.93333333333333
SITE_012_S0048,SITE_012,0,0,0,0,10.10999972280115,24.7649993263185,29.56666666666666
SITE_012_S0049,SITE_012,0,0,0,0,0.1199999973177909,21.9299994064495,85.93333333333334
SITE_012_S0050,SITE_012,0,0,0.0149999996647238,0.0149999996647238,0.0149999996647238,0.0749999983236193,168
SITE_012_S0051,SITE_012,0,0,0,7.894999820739031,15.1849996978417,24.49999951664358,14.93333333333333
SITE_012_S0052,SITE_012,0.0199999995529651,0.300000000745058,1.73499995842576,10.52499982714653,14.30499971378595,36.77499907370657,2.566666666666667
SITE_012_S0053,SITE_012,2.894999980926514,3.429999947547913,3.554999947547913,31.64499935507774,45.44999896362424,48.7399988938123,0.4333333333333333
SITE_012_S0054,SITE_012,0,0,0,6.029999852180481,20.65499945450574,32.71999929845333,20.56666666666666
SITE_012_S0055,SITE_012,0,0,0,9.769999623298643,10.59999958332628,14.73499944340438,13.06666666666667
SITE_012_S0056,SITE_012,0,0,0,0,0,0.1499999910593032,168
SITE_012_S0057,SITE_012,0,0,0,0,0,0,168
SITE_012_S0058,SITE_012,0,0,0,0,0.0099999997764825,9.059999654069545,133.4333333333333
SITE_012_S0059,SITE_012,0,0,0,0,0,0.0099999997764825,168
SITE_012_S0060,SITE_012,0.0850000008940696,0.0850000008940696,0.0850000008940696,0.0850000008940696,1.6499999538064,18.50999973900616,63.43333333333333
SITE_012_S0061,SITE_012,0,0,0,0,0,0.2449999973177909,168
SITE_012_S0062,SITE_012,0,0,0,0,0,0,168
SITE_012_S0063,SITE_012,0,0,0,1.104999974370003,3.049999941140413,3.049999941140413,21.56666666666666
SITE_012_S0064,SITE_012,0,0,0,5.919999778270721,7.844999682158232,12.90499961003661,15.43333333333333
SITE_012_S0065,SITE_012,0,0,0,0.3749999897554517,0.4799999864771962,22.77999928314239,69.56666666666666
SITE_012_S0066,SITE_012,0,0,0,0,0,0.3749999897554517,168
SITE_012_S0067,SITE_012,1.169999986886978,1.589999970048666,1.589999970048666,3.929999890737236,3.929999890737236,3.929999890737236,0.4333333333333333
SITE_012_S0068,SITE_012,0,0,0,0.2449999898672104,0.2449999898672104,8.234999792650342,79.56666666666666
SITE_012_S0069,SITE_012,0,0,0,0,0.2449999898672104,8.234999792650342,103.4166666666667
SITE_012_S0070,SITE_012,0,0,0,0,0,0.2449999898672104,168
SITE_012_S0071,SITE_012,0,0,0,0,0,0,168
SITE_012_S0072,SITE_012,0,0,0,0,0,0,168
SITE_012_S0073,SITE_012,0,0,0.8649999797344208,4.459999931044877,4.459999931044877,4.459999931044877,5.416666666666667
SITE_012_S0074,SITE_012,0.0350000001490116,0.0350000001490116,0.0350000001490116,0.3399999998509884,3.934999914839864,8.579999840818346,6.55
SITE_012_S0075,SITE_012,0.089999996125698,0.32999999076128,0.7199999913573265,5.37499984819442,38.99999948497862,50.99499920848757,1.566666666666667
SITE_012_S0076,SITE_012,0,0,0.0949999969452619,7.399999754503369,46.30999924335629,57.99999896716327,12.41666666666667
SITE_012_S0077,SITE_012,0,0,0,3.494999907910824,7.004999846220016,48.48999904002994,15.05
SITE_012_S0078,SITE_012,0,0,0,0.3999999761581421,6.104999851435423,43.60499916411936,16.93333333333333
SITE_012_S0079,SITE_012,0,0,0,0,0,4.234999887645245,86.56666666666666
SITE_012_S0080,SITE_012,0,0,0,0,0,0.7399999797344208,110.4166666666667
SITE_012_S0081,SITE_012,0,0,0,0,0,12.46999964304268,103.55
SITE_012_S0082,SITE_012,0,0,0,0,0,12.46999964304268,127.4333333333333
SITE_012_S0083,SITE_012,1.009999960660934,1.009999960660934,1.009999960660934,1.009999960660934,1.269999951124191,2.629999931901693,0.0666666666666666
SITE_012_S0084,SITE_012,0,0,0,1.989999950863421,2.339999944902956,3.959999916143715,12.41666666666667
SITE_012_S0085,SITE_012,0,0,0,0.4600000027567148,0.4600000027567148,2.799999947659672,14.55
SITE_012_S0086,SITE_012,0,0,0,0,0.4600000027567148,2.449999953620136,38.43333333333333
SITE_012_S0087,SITE_012,0,0,0,1.079999960958958,3.369999915361404,3.829999918118119,6.066666666666666
SITE_012_S0088,SITE_012,0,0,0,0.1950000002980232,2.899999924004078,3.564999915659428,11.41666666666667
SITE_012_S0089,SITE_012,0,0,0,4.559999972581863,4.559999972581863,5.834999933838844,9.05
SITE_012_S0090,SITE_012,0,0,0,4.65999985858798,9.219999831169844,9.414999831467869,6.433333333333334
SITE_012_S0091,SITE_012,0,0,0,1.949999965727329,1.949999965727329,22.75999943725765,11.56666666666667
SITE_012_S0092,SITE_012,0.3849999904632568,1.149999976158142,8.5450000166893,23.16999961435795,25.11999958008528,41.36999907903373,0.4166666666666667
SITE_012_S0093,SITE_012,0,0,0,1.444999944418669,28.0649995021522,78.11999865993857,22.05
SITE_012_S0094,SITE_012,0,0,0,3.890000008046627,23.84499974176288,80.05999870225787,8.933333333333334
SITE_012_S0095,SITE_012,0,0.934999980032444,1.369999971240759,4.164999891072512,4.774999868124723,32.09499951358885,2.066666666666667
SITE_012_S0096,SITE_012,0.0199999995529651,0.0199999995529651,1.75500001385808,8.089999865740538,12.27999975532293,38.73999943491072,5.916666666666667
SITE_012_S0097,SITE_012,0,0,0,0,0.3599999845027923,21.72999952174723,63.43333333333333
SITE_012_S0098,SITE_012,0,0,0,0,0,0,168
SITE_012_S0099,SITE_012,0,0,0,0,0,0,168
SITE_012_S0100,SITE_012,0,0,0,0,22.62499940209091,24.64499935228378,58.55
SITE_012_S0101,SITE_012,0,0,0,0,0,24.64499935228378,82.43333333333334
SITE_012_S0102,SITE_012,0,0,0,0,0,6.919999838806689,83.56666666666666
SITE_012_S0103,SITE_012,0,0,0,0,0,6.919999838806689,107.4166666666667
SITE_012_S0104,SITE_012,0,0,0,1.534999959170818,9.789999715052543,16.76499951910228,13.55
SITE_012_S0105,SITE_012,0.044999998062849,0.044999998062849,0.044999998062849,0.044999998062849,1.804999958723783,16.80999951716512,37.43333333333333
SITE_012_S0106,SITE_012,0,0,0,3.399999897927046,24.2099994700402,32.31999932043254,12.56666666666667
SITE_012_S0107,SITE_012,0,0,0,0,22.6249995213002,30.78499936126173,36.41666666666666
SITE_012_S0108,SITE_012,0.0999999977648258,0.1099999975413084,0.1099999975413084,0.1099999975413084,17.51499972585589,23.24999958276749,42.55
SITE_012_S0109,SITE_012,0,0,0,0.0899999979883432,8.92999991774559,19.85999968461692,66.43333333333334
SITE_012_S0110,SITE_012,0,0,0,0,4.874999937601388,16.07999958656728,30.06666666666666
SITE_012_S0111,SITE_012,0,0,0,0,2.139999990351498,16.04999958723783,53.91666666666666
SITE_012_S0112,SITE_012,2.399999976158142,5.729999840259552,6.459999829530716,8.179999822750688,34.79499926138669,34.79499926138669,0.05
SITE_012_S0113,SITE_012,0,0.0049999998882412,0.059999999590218,19.40499951969832,41.36999906506389,52.93999879062176,6.933333333333334
SITE_012_S0114,SITE_012,0.3549999892711639,0.5449999831616879,0.5449999831616879,0.7399999760091305,0.7399999760091305,35.19999915268272,0.0666666666666666
SITE_012_S0115,SITE_012,0,0,0.1199999973177909,0.779999990016222,5.464999858289957,9.529999636113644,5.55
SITE_012_S0116,SITE_012,0,0,0,3.904999914579093,7.784999809227884,13.04999956395477,8.433333333333334
SITE_012_S0117,SITE_012,0,0,0,0,0,5.214999894611537,100.0666666666667
SITE_012_S0118,SITE_012,0,0,0,0,0,4.434999904595316,123.9166666666667
SITE_012_S0119,SITE_012,0,0,0,0,0,0.4349999912083149,168
SITE_012_S0120,SITE_012,0,0,0,0,0,0.4349999912083149,168
SITE_012_S0121,SITE_012,0,0.1449999958276748,0.1449999958276748,26.90499918907881,47.02499910071492,51.57499895896763,2.066666666666667
SITE_012_S0122,SITE_012,0,0.0350000001490116,1.914999980479479,1.934999980032444,43.28499920293689,53.50999893900007,3.416666666666667
SITE_012_S0123,SITE_012,0,0,0.1999999992549419,3.984999876469374,14.45499963965267,47.84999871160835,5.05
SITE_012_S0124,SITE_012,0,0,0,0,4.034999876283109,20.94499952252954,28.93333333333333
SITE_012_S0125,SITE_012,0,0,0,0,19.83499953337014,48.54499872401357,60.06666666666667
SITE_012_S0126,SITE_012,0,0,0,0,0,44.55999884754419,83.91666666666667
SITE_012_S0127,SITE_012,0,0.0099999997764825,0.0099999997764825,0.0099999997764825,0.2249999977648258,0.2249999977648258,30.05
SITE_012_S0128,SITE_012,0,0,0,0.2399999946355819,0.4649999924004078,0.4649999924004078,15.93333333333333
SITE_012_S0129,SITE_012,0,0,0,0,4.394999881274998,7.31999980378896,32.41666666666666
SITE_012_S0130,SITE_012,0,0.2249999903142452,1.044999953359366,4.034999910742044,4.284999900497496,24.16499937698245,2.066666666666667
SITE_012_S0131,SITE_012,0,0.209999993443489,0.209999993443489,0.209999993443489,0.209999993443489,5.87499986961484,2.55
SITE_012_S0132,SITE_012,0.7050000056624413,0.7050000056624413,0.7050000056624413,0.7050000056624413,0.9149999991059304,2.544999964535236,0.9333333333333332
SITE_012_S0133,SITE_012,0,0.4949999898672104,1.179999962449074,1.519999950192869,2.59499994572252,26.18499932345003,2.066666666666667
SITE_012_S0134,SITE_012,0,0,0,0,0,1.519999950192869,146.05
SITE_012_S0135,SITE_012,0,0,0,0,0,0,168
SITE_012_S0136,SITE_012,0,0,0,0,0.089999996125698,2.029999947175384,78.06666666666666
