sample_id,site_id,VV,VH,IncAngle,VV_single,VH_single,VV_9pix,VH_9pix,local_incidence_angle,incidence_angle_ellipsoid,local_incidence_angle_filled,s1_found,s1_core_valid,s1_lia_valid,s1_dem_valid,s1_quality_flag
SITE_001_S0001,SITE_001,-14.3701980196769,-12.1812160655103,44.39432907104492,0.0914361731861057,0.0349715940509405,0.1019258859511907,0.0347973246722953,44.39458374061969,44.39458374061969,44.39458374061969,1,True,True,True,A_core_lia_dem_valid
SITE_001_S0002,SITE_001,-2.26398470048294,-8.1210741401796,36.18759536743164,0.4779146297173557,0.1235567676423401,0.522641846179842,0.1298132468796328,36.18745783566305,36.18745783566305,36.18745783566305,1,True,True,True,A_core_lia_dem_valid
SITE_001_S0003,SITE_001,-8.20986730897849,-15.3813386721885,44.39424896240234,0.1340939707226223,0.0388544503185484,0.1367427485397379,0.0385023546474144,44.39451867771899,44.39451867771899,44.39451867771899,1,True,True,True,A_core_lia_dem_valid
SITE_001_S0004,SITE_001,-8.70680786097861,-14.0799447006104,44.38983535766602,0.1000982339349058,0.0333523245630528,0.100451635176642,0.0333133762573847,44.38994545246819,44.38994545246819,44.38994545246819,1,True,True,True,A_core_lia_dem_valid
SITE_001_S0005,SITE_001,-10.1768781270564,-10.7643729649909,44.38943481445312,0.1303981573383013,0.0384052465607722,0.1302216323811871,0.0380481434762517,44.38950554509782,44.38950554509783,44.38950554509782,1,True,True,True,A_core_lia_dem_valid
SITE_001_S0006,SITE_001,-4.35884927773968,-9.90140168099129,36.18489837646485,0.3193922114123081,0.0906602798026775,0.3963323708561365,0.1148252893663234,36.184999241619,36.184999241619,36.184999241619,1,True,True,True,A_core_lia_dem_valid
SITE_001_S0007,SITE_001,-8.88443675262162,-15.5109174128147,44.40456008911133,0.115046948219339,0.0329142630131294,0.1135902012571876,0.0325004211301559,44.40476164252837,44.40476164252837,44.40476164252837,1,True,True,True,A_core_lia_dem_valid
SITE_001_S0008,SITE_001,-9.98838007503016,-8.49853280339667,36.18098068237305,0.1263993838610908,0.1152822292760136,0.2370488237930067,0.1347163149391922,36.18071966267352,36.18071966267352,36.18071966267352,1,True,True,True,A_core_lia_dem_valid
SITE_001_S0009,SITE_001,-8.42445821696705,-14.1284331762841,44.39923477172852,0.1344668497352136,0.0335088316909968,0.1355060635824446,0.0332812609535032,44.39940367938596,44.39940367938596,44.39940367938596,1,True,True,True,A_core_lia_dem_valid
SITE_001_S0010,SITE_001,-10.926437634332,-11.781708871055,44.43046188354492,0.111293582667907,0.0407743806267778,0.1111716152746,0.0404751343928553,44.43033184392628,44.43033184392626,44.43033184392628,1,True,True,True,A_core_lia_dem_valid
SITE_001_S0011,SITE_001,-5.12206648175937,-11.8331635355099,36.19187545776367,0.2851012875284676,0.0621526836563109,0.3598355863651718,0.0910031688609774,36.19177949326991,36.19177949326991,36.19177949326991,1,True,True,True,A_core_lia_dem_valid
SITE_001_S0012,SITE_001,-2.13067126027254,-9.03112223607998,36.18690490722656,0.4806540587560184,0.10519786072182,0.513311945188038,0.1240810843291305,36.18712776844897,36.18712776844897,36.18712776844897,1,True,True,True,A_core_lia_dem_valid
SITE_001_S0013,SITE_001,-7.84243199256673,-16.1253668775816,44.38541030883789,0.1549622135361035,0.0437428361922502,0.1535368445331667,0.0433671819466867,44.38544327358032,44.38544327358032,44.38544327358032,1,True,True,True,A_core_lia_dem_valid
SITE_001_S0014,SITE_001,-6.8390395846743,-13.8798806880439,44.38858795166016,0.1494596967515018,0.0403128227384554,0.1501366118332486,0.0403870084739209,44.38866580567098,44.38866580567098,44.38866580567098,1,True,True,True,A_core_lia_dem_valid
SITE_001_S0015,SITE_001,-2.27039479259442,-8.25586047232093,36.17786407470703,0.4893965163951334,0.1229990911787513,0.5257195745839763,0.136637422161826,36.17772796871156,36.17772796871156,36.17772796871156,1,True,True,True,A_core_lia_dem_valid
SITE_001_S0016,SITE_001,-5.87963732596243,-14.0184245717165,44.39198303222656,0.1521282807323667,0.0443772642045385,0.1524110967270386,0.0444751468261726,44.3919327488919,44.3919327488919,44.3919327488919,1,True,True,True,A_core_lia_dem_valid
SITE_001_S0017,SITE_001,-1.31710390661225,-9.70228435473071,36.17141723632812,0.6046839300016316,0.0889250073849816,0.6825298768934953,0.0969150067878701,36.1716165226617,36.1716165226617,36.1716165226617,1,True,True,True,A_core_lia_dem_valid
SITE_001_S0018,SITE_001,-8.39348258345978,-13.1161208086665,44.38906097412109,0.1409468110485209,0.0381512391185313,0.1394217159332316,0.0372008436548268,44.3888784944071,44.3888784944071,44.3888784944071,1,True,True,True,A_core_lia_dem_valid
SITE_001_S0019,SITE_001,-6.5659720304818,-14.1218671331475,36.17864227294922,0.2173031434000999,0.0477583403039045,0.2592177496063551,0.0584968764014933,36.17843602281629,36.17843602281629,36.17843602281629,1,True,True,True,A_core_lia_dem_valid
SITE_001_S0020,SITE_001,-3.67135822859796,-12.8708106648548,36.17955780029297,0.4000267631115869,0.0507167968101748,0.4273092348477239,0.0534266214542223,36.17929270884164,36.17929270884164,36.17929270884164,1,True,True,True,A_core_lia_dem_valid
SITE_001_S0021,SITE_001,-3.50919713027865,-15.7782611876103,44.38561630249024,0.2171314959109928,0.032386215188437,0.2080166097657704,0.0322665110602861,44.38536723249153,44.38536723249153,44.38536723249153,1,True,True,True,A_core_lia_dem_valid
SITE_001_S0022,SITE_001,-3.80972593741589,-11.9525464494228,36.17066192626953,0.3971624397430013,0.061904661905206,0.4419160002125137,0.0687477341216459,36.17065221842334,36.17065221842334,36.17065221842334,1,True,True,True,A_core_lia_dem_valid
SITE_001_S0023,SITE_001,-6.70184643803001,-12.9108571687823,44.38911056518555,0.1455326365679502,0.0395854809739926,0.1455134717527921,0.0381033718145763,44.38913132169712,44.38913132169712,44.38913132169712,1,True,True,True,A_core_lia_dem_valid
SITE_001_S0024,SITE_001,-9.83150692669986,-16.0789605559062,44.39236068725586,0.1431655298886733,0.03170186434562,0.1472526280865898,0.0315792031312522,44.3923067343089,44.3923067343089,44.3923067343089,1,True,True,True,A_core_lia_dem_valid
SITE_001_S0025,SITE_001,-3.41511129273126,-11.3555384601539,36.1680793762207,0.2548481965876124,0.0614189487524021,0.2633369823882236,0.0769861745658146,36.16784855165934,36.16784855165934,36.16784855165934,1,True,True,True,A_core_lia_dem_valid
SITE_001_S0026,SITE_001,-8.08390911074237,-15.7190512464501,44.39371490478516,0.1685203066633807,0.0312620516442176,0.1678594206366221,0.0316917377152698,44.39397606464424,44.39397606464424,44.39397606464424,1,True,True,True,A_core_lia_dem_valid
SITE_001_S0027,SITE_001,-3.87786170139389,-10.9759812314613,36.18177795410156,0.3207733894066531,0.0656635331622195,0.3741841720044667,0.0775372301458034,36.18153828463421,36.18153828463421,36.18153828463421,1,True,True,True,A_core_lia_dem_valid
SITE_001_S0028,SITE_001,-8.91749296932404,-17.3724894218693,44.38909530639648,0.1528197611942414,0.0338152111963265,0.1606523590589319,0.0331550987069385,44.38916855992076,44.38916855992076,44.38916855992076,1,True,True,True,A_core_lia_dem_valid
SITE_001_S0029,SITE_001,-5.41565964130149,-12.6440403884501,44.38770294189453,0.1617331376423438,0.0307705708075728,0.1724709242072752,0.0307998609021381,44.38752219189006,44.38752219189006,44.38752219189006,1,True,True,True,A_core_lia_dem_valid
SITE_001_S0030,SITE_001,-8.23361321747599,-12.5874689590124,44.39280319213867,0.1116078500863578,0.0374496474656556,0.114150953626743,0.0370913207583214,44.39273221812359,44.39273221812359,44.39273221812359,1,True,True,True,A_core_lia_dem_valid
SITE_001_S0031,SITE_001,-9.12177738294878,-16.262242721108,44.39105224609375,0.1567124912970595,0.0333206498547996,0.1523155473167883,0.0331751186955427,44.39099817956555,44.39099817956555,44.39099817956555,1,True,True,True,A_core_lia_dem_valid
SITE_001_S0032,SITE_001,-11.4462429224218,-15.3667050573657,44.39511108398438,0.1550138539986477,0.0281475980807509,0.1517537885244962,0.0282820050628094,44.39499122590821,44.39499122590822,44.39499122590821,1,True,True,True,A_core_lia_dem_valid
SITE_001_S0033,SITE_001,-13.022688773328,-13.4638559555514,44.39383697509766,0.1689657498978906,0.0305305781939791,0.1668731097076778,0.0312296225463994,44.39405567035489,44.39405567035489,44.39405567035489,1,True,True,True,A_core_lia_dem_valid
SITE_001_S0034,SITE_001,-6.69305922979812,-15.1068409707518,44.4245719909668,0.1380362041663935,0.0334646143577992,0.1390640326056773,0.0328912690293365,44.42440017945219,44.42440017945219,44.42440017945219,1,True,True,True,A_core_lia_dem_valid
SITE_001_S0035,SITE_001,-8.29201520733571,-16.0673433166561,44.40746688842773,0.1833906815366612,0.0457108763977885,0.1830376386651654,0.0453612104753593,44.40751537856598,44.40751537856598,44.40751537856598,1,True,True,True,A_core_lia_dem_valid
SITE_001_S0036,SITE_001,-5.50731709963092,-10.0442596439356,36.20127868652344,0.2727437046454815,0.0961011568935665,0.3274840443277498,0.1174577826666531,36.2015837194636,36.2015837194636,36.2015837194636,1,True,True,True,A_core_lia_dem_valid
SITE_001_S0037,SITE_001,-9.6759545989312,-12.6336537505997,44.42189407348633,0.131814094092184,0.0384165744058605,0.1298231708508343,0.0378944798223175,44.42212153456053,44.42212153456053,44.42212153456053,1,True,True,True,A_core_lia_dem_valid
SITE_001_S0038,SITE_001,-4.51899220706442,-12.4669281914238,36.21345520019531,0.3301802725765742,0.0609371710787141,0.4273803024982762,0.0785379976512058,36.213545511744,36.213545511744,36.213545511744,1,True,True,True,A_core_lia_dem_valid
SITE_001_S0039,SITE_001,-9.53952929075975,-18.3460825695116,44.40234756469727,0.1381080598963631,0.0457794966054499,0.1388350793185793,0.048022200055961,44.40257756956278,44.40257756956279,44.40257756956278,1,True,True,True,A_core_lia_dem_valid
SITE_001_S0040,SITE_001,-9.8286358679411,-14.2315837119194,44.42700958251953,0.1159339972833792,0.0360234862069288,0.1178481737478279,0.0362640773702734,44.42707300890695,44.42707300890695,44.42707300890695,1,True,True,True,A_core_lia_dem_valid
SITE_001_S0041,SITE_001,-5.99950498088573,-9.09574654077023,36.20647048950195,0.258621581929452,0.1169936756427521,0.3949673074914333,0.1570353911521069,36.20643939012252,36.20643939012252,36.20643939012252,1,True,True,True,A_core_lia_dem_valid
SITE_001_S0042,SITE_001,-3.89194546272171,-10.3653259367087,36.19728088378906,0.3748594121311455,0.0895981029592443,0.5080744331461606,0.1228231614620357,36.19700659502192,36.19700659502192,36.19700659502192,1,True,True,True,A_core_lia_dem_valid
SITE_001_S0043,SITE_001,-9.39567000941202,-15.6248370780958,44.42777633666992,0.1127189415279362,0.0363270991668105,0.1134259796305679,0.0362638909305319,44.42783786021302,44.42783786021302,44.42783786021302,1,True,True,True,A_core_lia_dem_valid
SITE_001_S0044,SITE_001,-4.18345008190125,-9.20839931347952,36.21600341796875,0.3674830868197636,0.1151336192960262,0.7025385484113581,0.2037760538885318,36.21626652381052,36.21626652381052,36.21626652381052,1,True,True,True,A_core_lia_dem_valid
SITE_001_S0045,SITE_001,-8.38260304041081,-14.3642555169071,44.41024398803711,0.1378618253270785,0.0439388672924704,0.1392424323934095,0.0435852307463371,44.41000776950365,44.41000776950365,44.41000776950365,1,True,True,True,A_core_lia_dem_valid
SITE_001_S0046,SITE_001,-7.86053130506265,-12.5002727526209,36.2016830444336,0.1768921031250645,0.0594992131559789,0.3011230271927719,0.1004633880620116,36.20183745543663,36.20183745543663,36.20183745543663,1,True,True,True,A_core_lia_dem_valid
SITE_001_S0047,SITE_001,-10.4547479707838,-11.7930581289673,44.41336822509766,0.1105174696475584,0.0501086266773442,0.1071088048040888,0.0495521212836014,44.41341908012568,44.41341908012568,44.41341908012568,1,True,True,True,A_core_lia_dem_valid
SITE_001_S0048,SITE_001,-2.58789915764501,-8.73015896084502,36.21571350097656,0.484601588704718,0.1237699031202281,0.6294030361644706,0.1792381214142409,36.21568751282413,36.21568751282413,36.21568751282413,1,True,True,True,A_core_lia_dem_valid
SITE_001_S0049,SITE_001,-16.022141631596,-16.8480050357807,44.40795135498047,0.0884479073626534,0.0307862893657551,0.0890996627077881,0.0307435039527438,44.40817094472842,44.40817094472842,44.40817094472842,1,True,True,True,A_core_lia_dem_valid
SITE_001_S0050,SITE_001,-4.41443567782131,-11.553572350311,36.19515609741211,0.3315962496356552,0.070061188369023,0.4029974054866411,0.1078379458395152,36.19499527597308,36.19499527597308,36.19499527597308,1,True,True,True,A_core_lia_dem_valid
SITE_001_S0051,SITE_001,-11.9624243535975,-17.1595285275297,44.42303848266602,0.1372550565315196,0.0371747079075899,0.1395938107002163,0.0384754140823617,44.4232041864329,44.4232041864329,44.4232041864329,1,True,True,True,A_core_lia_dem_valid
SITE_001_S0052,SITE_001,-5.73128537145449,-11.8680245466417,36.20621109008789,0.2301964403915359,0.0511973797902464,0.2582605069769367,0.0514889218626014,36.2064962165021,36.20649621650211,36.2064962165021,1,True,True,True,A_core_lia_dem_valid
SITE_001_S0053,SITE_001,-11.9224392581687,-16.1595435109434,44.41461181640625,0.0991769188285016,0.0357774556534455,0.0957172516176026,0.0355772140878886,44.41441282398693,44.41441282398693,44.41441282398693,1,True,True,True,A_core_lia_dem_valid
SITE_001_S0054,SITE_001,-1.77629613714462,-9.90184580465139,36.2057991027832,0.5739052798815896,0.0948192871060853,0.5650566121395801,0.1294943171688758,36.20550655194756,36.20550655194756,36.20550655194756,1,True,True,True,A_core_lia_dem_valid
SITE_001_S0055,SITE_001,-9.44775818345462,-14.9161305136134,44.41825866699219,0.1327099968161847,0.0370988735639386,0.1317835970149364,0.0372317889401758,44.41825043438809,44.41825043438809,44.41825043438809,1,True,True,True,A_core_lia_dem_valid
SITE_001_S0056,SITE_001,-2.2436005835359,-6.62651851927717,36.21917724609375,0.2705307091673371,0.0594934422152748,0.2783800733885735,0.0795013699084415,36.21890058766137,36.21890058766137,36.21890058766137,1,True,True,True,A_core_lia_dem_valid
SITE_001_S0057,SITE_001,-5.61396292318466,-11.3523608671149,36.20956420898438,0.2475308579904553,0.0714809587991874,0.3203349112721065,0.0935344773636069,36.20965499637634,36.20965499637634,36.20965499637634,1,True,True,True,A_core_lia_dem_valid
SITE_001_S0058,SITE_001,-11.0899159161892,-14.6538587817581,44.41887664794922,0.1199224596564215,0.0357284909466074,0.1287220661054718,0.0359126593179448,44.41902922025987,44.41902922025987,44.41902922025987,1,True,True,True,A_core_lia_dem_valid
SITE_001_S0059,SITE_001,-5.6249463743641,-11.5797036732348,36.21156311035156,0.249842999887808,0.0672642848131948,0.2963816812751465,0.0854989220229355,36.21176674355481,36.21176674355481,36.21176674355481,1,True,True,True,A_core_lia_dem_valid
SITE_001_S0060,SITE_001,-5.3707247855289,-13.7080516114214,36.20276260375977,0.2751089911794147,0.0507290249015457,0.3977856622901394,0.0835608170157634,36.20303191319861,36.20303191319861,36.20303191319861,1,True,True,True,A_core_lia_dem_valid
SITE_001_S0061,SITE_001,-6.20007019973219,-18.4340568697866,44.42375946044922,0.1386404348247581,0.0309470599010172,0.1390868951041982,0.0308041460893726,44.42368959334793,44.42368959334794,44.42368959334793,1,True,True,True,A_core_lia_dem_valid
SITE_001_S0062,SITE_001,-8.50186688920489,-15.6895086501585,36.20700836181641,0.1484106588991572,0.0353842862349194,0.154197526370255,0.0456715576490075,36.20684039393998,36.20684039393998,36.20684039393998,1,True,True,True,A_core_lia_dem_valid
SITE_001_S0063,SITE_001,-9.90127167902585,-13.8681654270259,44.43007659912109,0.1323126728708545,0.0301523981119195,0.1294074868109089,0.0303985964769014,44.43010398294101,44.43010398294101,44.43010398294101,1,True,True,True,A_core_lia_dem_valid
SITE_001_S0064,SITE_001,-5.22690879675276,-9.16305884212549,36.19297409057617,0.294539929897705,0.0611660954296412,0.3113929086425956,0.0578628289615778,36.19330193127679,36.19330193127679,36.19330193127679,1,True,True,True,A_core_lia_dem_valid
SITE_001_S0065,SITE_001,-7.33703077755755,-15.8522182729529,44.40651702880859,0.156937034991359,0.0356212838842637,0.1543485016391446,0.035729822586118,44.40659411753276,44.40659411753276,44.40659411753276,1,True,True,True,A_core_lia_dem_valid
SITE_001_S0066,SITE_001,-4.44541717156427,-12.1841693192716,36.19451141357422,0.286749065767948,0.0554046197234172,0.3056762631580621,0.0690767218408908,36.19451894577136,36.19451894577136,36.19451894577136,1,True,True,True,A_core_lia_dem_valid
SITE_001_S0067,SITE_001,-10.4888259243207,-18.6445702643127,44.41603088378906,0.1258209814979064,0.0286357606036795,0.128307025834972,0.0285355047244624,44.41623195467113,44.41623195467113,44.41623195467113,1,True,True,True,A_core_lia_dem_valid
SITE_001_S0068,SITE_001,-6.10805380726695,-13.6834650688728,36.18587493896485,0.1900833660457455,0.0481345586180192,0.1793935372661986,0.0501212314579829,36.18582666107813,36.18582666107813,36.18582666107813,1,True,True,True,A_core_lia_dem_valid
SITE_001_S0069,SITE_001,-6.36935376413774,-10.8448584808613,36.19167709350586,0.2054464484629398,0.066824949947924,0.2199883135572172,0.0748855669610742,36.19183817569564,36.19183817569564,36.19183817569564,1,True,True,True,A_core_lia_dem_valid
SITE_001_S0070,SITE_001,-8.53747357902824,-15.8845299559614,44.41780471801758,0.1432921919825064,0.0348224512053032,0.1449984424218937,0.0347508825485143,44.41785035758845,44.41785035758845,44.41785035758845,1,True,True,True,A_core_lia_dem_valid
SITE_001_S0071,SITE_001,-11.3444953934418,-16.6390607402484,44.41154861450195,0.1147346178525024,0.0275226428856452,0.1157833417072708,0.0276102215247113,44.41177312207148,44.41177312207148,44.41177312207148,1,True,True,True,A_core_lia_dem_valid
SITE_001_S0072,SITE_001,-5.96240488777854,-13.5783629153528,36.19712829589844,0.2351378395726261,0.0450548872084366,0.3184193944073349,0.0615983265693547,36.19723446481988,36.19723446481988,36.19723446481988,1,True,True,True,A_core_lia_dem_valid
SITE_001_S0073,SITE_001,-8.10758839537731,-17.9466117513221,44.41451263427734,0.1296926957153505,0.0304429338510204,0.1267670340366984,0.0308272561490311,44.41470434661914,44.41470434661914,44.41470434661914,1,True,True,True,A_core_lia_dem_valid
SITE_001_S0074,SITE_001,-4.17319303490406,-9.8137339058612,36.19085311889648,0.3100224133957334,0.0775570775010018,0.3627661885213608,0.0724412065418115,36.19107608705056,36.19107608705056,36.19107608705056,1,True,True,True,A_core_lia_dem_valid
SITE_001_S0075,SITE_001,-10.2853721449583,-12.5089769763966,44.41173934936523,0.1227853800521956,0.0320653350376172,0.1212831843193666,0.0323303538281471,44.41187414578762,44.41187414578761,44.41187414578762,1,True,True,True,A_core_lia_dem_valid
SITE_001_S0076,SITE_001,-4.02219257349321,-14.9021044287278,36.19143295288086,0.3059943443096302,0.0355112816102336,0.2732833735966208,0.0452958871247363,36.19151004606174,36.19151004606174,36.19151004606174,1,True,True,True,A_core_lia_dem_valid
SITE_001_S0077,SITE_001,-7.06531140610188,-17.3110968554084,44.41227340698242,0.1255866994735713,0.0239222601341798,0.1218662867032156,0.0240692423801881,44.41204470846422,44.41204470846422,44.41204470846422,1,True,True,True,A_core_lia_dem_valid
SITE_001_S0078,SITE_001,-1.64964287515974,-10.648314241017,36.19055557250977,0.6048970179080391,0.0721126358140811,0.6767141434506171,0.0866014577806128,36.19045051229008,36.19045051229008,36.19045051229008,1,True,True,True,A_core_lia_dem_valid
SITE_001_S0079,SITE_001,-8.95928927094589,-13.1437161456581,44.40864944458008,0.1258911293931496,0.0252346009409262,0.1362113804935675,0.0252250728620515,44.40886348362316,44.40886348362316,44.40886348362316,1,True,True,True,A_core_lia_dem_valid
SITE_001_S0080,SITE_001,-4.45668454281467,-13.5429579818845,36.1879768371582,0.3092241117412455,0.0447287629243773,0.3918739472048669,0.0750681437972888,36.18818452756485,36.18818452756486,36.18818452756485,1,True,True,True,A_core_lia_dem_valid
SITE_001_S0081,SITE_001,-8.97488407357519,-17.5290946885181,44.4290885925293,0.1052406304553283,0.0295040488263799,0.1081492913893608,0.0296009100617174,44.42897727949499,44.42897727949499,44.42897727949499,1,True,True,True,A_core_lia_dem_valid
SITE_001_S0082,SITE_001,-4.38694572205602,-11.6823992760914,36.17094421386719,0.3138279910544488,0.060814279063159,0.3904551686843941,0.0775554265202258,36.17093479404731,36.17093479404731,36.17093479404731,1,True,True,True,A_core_lia_dem_valid
SITE_001_S0083,SITE_001,-7.34836440686238,-12.3516396496922,44.40456390380859,0.13450390516823,0.030926827809049,0.134058918670615,0.0312409377474644,44.4046843213665,44.40468432136649,44.4046843213665,1,True,True,True,A_core_lia_dem_valid
SITE_001_S0084,SITE_001,-3.65124118522226,-11.2377463574437,36.19120407104492,0.3809536362974793,0.0694823790164221,0.4539252324178831,0.0902663403929032,36.19148403696578,36.19148403696578,36.19148403696578,1,True,True,True,A_core_lia_dem_valid
SITE_001_S0085,SITE_001,-6.93810245661427,-16.0265998286054,44.43841171264648,0.1068019050317,0.0243270900949007,0.1079416200316551,0.0244118849491631,44.43828964353396,44.43828964353396,44.43828964353396,1,True,True,True,A_core_lia_dem_valid
SITE_001_S0086,SITE_001,-2.5406247536029,-10.3700494930846,36.17253494262695,0.4924206419031052,0.0788583326550475,0.6044639907138767,0.0896108439521081,36.17281455813431,36.17281455813431,36.17281455813431,1,True,True,True,A_core_lia_dem_valid
SITE_001_S0087,SITE_001,-11.5191181439637,-16.0919149462727,44.40536880493164,0.1099936402985772,0.0291425681458571,0.1201780679025063,0.0302925593667247,44.40525058767918,44.40525058767918,44.40525058767918,1,True,True,True,A_core_lia_dem_valid
SITE_001_S0088,SITE_001,-4.58010097403743,-10.9221306357221,36.19429397583008,0.3151927504001294,0.0764999440977525,0.4533323808777388,0.1297224820469466,36.19417797298882,36.19417797298882,36.19417797298882,1,True,True,True,A_core_lia_dem_valid
SITE_001_S0089,SITE_001,-5.1028425837728,-14.1290431031987,44.44243240356445,0.1579787740998938,0.0296128660031697,0.1507551927700245,0.0300607955694234,44.44238124032389,44.44238124032389,44.44238124032389,1,True,True,True,A_core_lia_dem_valid
SITE_001_S0090,SITE_001,-4.1438406041379,-14.1349269945938,36.17391967773438,0.3401440442727583,0.0402677257343936,0.3715407794455062,0.0483283528301256,36.17415236945712,36.17415236945712,36.17415236945712,1,True,True,True,A_core_lia_dem_valid
SITE_001_S0091,SITE_001,-8.81590433405175,-14.3285234653556,44.40560150146485,0.1233131416629813,0.0348920683562755,0.1230254040950467,0.0347596788861685,44.40552866724968,44.40552866724968,44.40552866724968,1,True,True,True,A_core_lia_dem_valid
SITE_001_S0092,SITE_001,-4.16955097584076,-12.0858588165365,36.18621444702149,0.3221687815141946,0.0529676721525331,0.4064245848065664,0.0626046974282378,36.18638741475231,36.18638741475231,36.18638741475231,1,True,True,True,A_core_lia_dem_valid
SITE_001_S0093,SITE_001,-5.50930065042531,-7.7326060887818,36.17536544799805,0.2344418086547418,0.1324808469491999,0.2833517444846661,0.1200243906494924,36.17517469752536,36.17517469752536,36.17517469752536,1,True,True,True,A_core_lia_dem_valid
SITE_001_S0094,SITE_001,-6.95161062539791,-13.3295239002756,44.40858840942383,0.1317553326748118,0.0347247481387522,0.1382819216754182,0.0345398997961554,44.40874890981232,44.4087489098123,44.40874890981232,1,True,True,True,A_core_lia_dem_valid
SITE_001_S0095,SITE_001,-3.016116285014,-9.11277348010383,36.18710708618164,0.4456343136492875,0.1016686329751625,0.5848850482160955,0.1204075503463751,36.18700259042365,36.18700259042365,36.18700259042365,1,True,True,True,A_core_lia_dem_valid
SITE_001_S0096,SITE_001,-8.42153845029375,-12.5988482970489,44.47722244262695,0.1475650262087583,0.0381010066014197,0.1466497314925714,0.0378623802435618,44.47737890401326,44.47737890401325,44.47737890401326,1,True,True,True,A_core_lia_dem_valid
SITE_001_S0097,SITE_001,-5.4513071340713,-13.1365781584336,36.17898178100586,0.2762954821081607,0.0497933234990801,0.5165825810150407,0.0830625035999473,36.17924385897739,36.17924385897739,36.17924385897739,1,True,True,True,A_core_lia_dem_valid
SITE_001_S0098,SITE_001,-10.4731301834385,-15.3886475747888,44.40921783447266,0.133647773762544,0.0367704554895559,0.1341282803316911,0.0365224358513031,44.40919803163543,44.40919803163543,44.40919803163543,1,True,True,True,A_core_lia_dem_valid
SITE_001_S0099,SITE_001,-3.00042120753416,-9.21143862076096,36.18802642822266,0.4416248228139669,0.0878995625016132,0.533764614762268,0.0916350185368304,36.18809516590246,36.18809516590246,36.18809516590246,1,True,True,True,A_core_lia_dem_valid
SITE_001_S0100,SITE_001,-6.20124795370647,-10.9994778393628,36.16979598999024,0.2405017541186685,0.071564160095198,0.4076429207250688,0.08955419396393,36.16954239257082,36.16954239257081,36.16954239257082,1,True,True,True,A_core_lia_dem_valid
SITE_001_S0101,SITE_001,-5.69096945477292,-14.9086366167232,36.19241333007812,0.2700528712421175,0.0472177705361273,0.4132925416548859,0.053340420649267,36.19249856874774,36.19249856874775,36.19249856874774,1,True,True,True,A_core_lia_dem_valid
SITE_001_S0102,SITE_001,-11.6059397875644,-12.7461733456346,44.47959518432617,0.1406072555979093,0.0418303696231709,0.1408353352749053,0.0414447360090267,44.47943706970601,44.47943706970601,44.47943706970601,1,True,True,True,A_core_lia_dem_valid
SITE_001_S0103,SITE_001,-6.98194887509197,-12.3228775342021,36.16749954223633,0.203352233756222,0.0591483216012691,0.3812151517001712,0.0709418737486242,36.16762204362889,36.16762204362889,36.16762204362889,1,True,True,True,A_core_lia_dem_valid
SITE_001_S0104,SITE_001,-11.2000622190428,-18.1902627000367,44.40231704711914,0.1227776583863629,0.0392818602381481,0.1210802341519314,0.0390803481150924,44.40244406467335,44.40244406467335,44.40244406467335,1,True,True,True,A_core_lia_dem_valid
SITE_001_S0105,SITE_001,-8.66690533502703,-12.343616137874,36.19044494628906,0.1562036336406229,0.0555277202932835,0.290070449801582,0.0649718892771548,36.19070370269544,36.19070370269544,36.19070370269544,1,True,True,True,A_core_lia_dem_valid
SITE_001_S0106,SITE_001,-3.2924359132389,-13.6117091204474,36.1701545715332,0.414352969616131,0.0487413483392233,0.4840927992745272,0.0535676483148246,36.17020590432556,36.17020590432556,36.17020590432556,1,True,True,True,A_core_lia_dem_valid
SITE_001_S0107,SITE_001,-9.71418487277888,-14.7225152892988,44.39912033081055,0.1445350712951686,0.0365263620329399,0.1433753425329201,0.0364658380705376,44.39889953281465,44.39889953281465,44.39889953281465,1,True,True,True,A_core_lia_dem_valid
SITE_001_S0108,SITE_001,-4.53312159039506,-10.2000039016519,36.18459701538086,0.322288989525361,0.086999838814326,0.4386959352537682,0.1076588966111384,36.18442996774186,36.18442996774185,36.18442996774186,1,True,True,True,A_core_lia_dem_valid
SITE_001_S0109,SITE_001,-9.59886731272358,-15.9387029517167,44.43459701538086,0.1120002422331815,0.0334241688686112,0.1123622504237155,0.0325707142280404,44.43453515876355,44.43453515876354,44.43453515876355,1,True,True,True,A_core_lia_dem_valid
SITE_001_S0110,SITE_001,-9.21780845105779,-17.3095727466483,36.17707824707031,0.1253755506195912,0.0215730267208056,0.2567814968784427,0.0477702781838197,36.17733143198701,36.17733143198701,36.17733143198701,1,True,True,True,A_core_lia_dem_valid
SITE_001_S0111,SITE_001,-6.27117062241205,-15.9818793068998,44.40949630737305,0.1277118567708465,0.0328302920709402,0.1294008877209859,0.0328257459612526,44.40939718400559,44.40939718400559,44.40939718400559,1,True,True,True,A_core_lia_dem_valid
SITE_001_S0112,SITE_001,-3.33164236186363,-12.7013018021656,36.18406295776367,0.253685895813621,0.0484803560438255,0.2467969170138493,0.0488478604260326,36.18396681828143,36.18396681828143,36.18396681828143,1,True,True,True,A_core_lia_dem_valid
SITE_001_S0113,SITE_001,-8.52705656752376,-14.0530659739524,44.4322624206543,0.1299329647752973,0.03826446386882,0.1310708740242074,0.0383505652102147,44.43222204174175,44.43222204174175,44.43222204174175,1,True,True,True,A_core_lia_dem_valid
SITE_001_S0114,SITE_001,-5.16386925962272,-12.6212133743599,36.18001937866211,0.2878092827608965,0.0526119452377127,0.4427259347538335,0.0905965147400726,36.18014849695584,36.18014849695583,36.18014849695584,1,True,True,True,A_core_lia_dem_valid
SITE_001_S0115,SITE_001,-9.95638022001643,-20.9638667311355,44.4124755859375,0.0988429309013817,0.0215467846466021,0.098418638854299,0.0214453863323792,44.41252394181233,44.41252394181233,44.41252394181233,1,True,True,True,A_core_lia_dem_valid
SITE_001_S0116,SITE_001,-3.72779140265586,-12.9473270379607,36.19054412841797,0.3947969090521777,0.0533234421657099,0.6129101499831892,0.0914561875794982,36.19074885210805,36.19074885210805,36.19074885210805,1,True,True,True,A_core_lia_dem_valid
SITE_001_S0117,SITE_001,-8.13968004169878,-13.829061089375,44.43681716918945,0.1385461345377835,0.0358423596537775,0.137974452400704,0.0356009082300703,44.4370634726384,44.4370634726384,44.4370634726384,1,True,True,True,A_core_lia_dem_valid
SITE_001_S0118,SITE_001,-6.14212747480647,-11.7989355852094,36.16782379150391,0.2296205674925009,0.0609818632238893,0.3424629958452971,0.081724615060985,36.16801809147118,36.16801809147117,36.16801809147118,1,True,True,True,A_core_lia_dem_valid
SITE_001_S0119,SITE_001,-12.2977568025629,-14.089891505049,44.40368270874024,0.1060449889798959,0.0368587166681471,0.1076195341405525,0.0366525099143661,44.4036617932624,44.4036617932624,44.4036617932624,1,True,True,True,A_core_lia_dem_valid
SITE_001_S0120,SITE_001,-5.36652235491202,-13.1386253373987,36.19512176513672,0.2834444412424586,0.0518990243577578,0.4025935624684121,0.0619547444310504,36.19523080059862,36.19523080059862,36.19523080059862,1,True,True,True,A_core_lia_dem_valid
SITE_001_S0121,SITE_001,-10.2638562622096,-17.3538985869507,44.43990707397461,0.1336808593392859,0.0351249542915158,0.14265364213611,0.0346478746518676,44.44004388420046,44.44004388420046,44.44004388420046,1,True,True,True,A_core_lia_dem_valid
SITE_001_S0122,SITE_001,-3.04817844757335,-10.235371379128,36.17156219482422,0.4473885757832344,0.0707267414323876,0.6373555192031135,0.0733923940791022,36.17159174938714,36.17159174938714,36.17159174938714,1,True,True,True,A_core_lia_dem_valid
SITE_001_S0123,SITE_001,-12.5369258485488,-15.6081900325514,44.40457534790039,0.1254431927038563,0.0316189763369123,0.1249505625148277,0.0316960341935636,44.40469151557186,44.40469151557186,44.40469151557186,1,True,True,True,A_core_lia_dem_valid
SITE_001_S0124,SITE_001,-10.0188599261495,-13.2634134231713,44.44359970092773,0.1278555350999037,0.0363645467741621,0.1280759305893271,0.0360780371251849,44.44332324177393,44.44332324177393,44.44332324177393,1,True,True,True,A_core_lia_dem_valid
SITE_001_S0125,SITE_001,-2.02015033599142,-10.8911129280752,36.17914962768555,0.525144866505316,0.0626811131162918,0.5746165459413826,0.069273312511655,36.17890596209832,36.17890596209832,36.17890596209832,1,True,True,True,A_core_lia_dem_valid
SITE_001_S0126,SITE_001,-12.2691790299038,-17.324268692385,44.40941619873047,0.1380512994527817,0.0384763570667968,0.138581178723662,0.0391521304675642,44.40939284213866,44.40939284213866,44.40939284213866,1,True,True,True,A_core_lia_dem_valid
SITE_001_S0127,SITE_001,-6.01663030275722,-11.5582216155471,36.18711090087891,0.2448567402385613,0.0649602946835943,0.4581242126669055,0.0868889480453686,36.18728299517184,36.18728299517184,36.18728299517184,1,True,True,True,A_core_lia_dem_valid
SITE_001_S0128,SITE_001,-11.3093311036408,-14.39214465248,44.43001556396485,0.1349155316501855,0.0360473405197262,0.1346916401229891,0.0355130862256075,44.43014827851327,44.43014827851327,44.43014827851327,1,True,True,True,A_core_lia_dem_valid
SITE_001_S0129,SITE_001,-6.1244862370979,-13.3779893184029,36.18173599243164,0.2319105734773082,0.0498178515026339,0.2917692134757195,0.0607797856926234,36.1819195954696,36.1819195954696,36.1819195954696,1,True,True,True,A_core_lia_dem_valid
SITE_001_S0130,SITE_001,-10.7994248138637,-13.5197735718205,44.41452789306641,0.1402907417631811,0.0386955826377703,0.1399461291592429,0.0386514191198404,44.41442643508287,44.41442643508287,44.41442643508287,1,True,True,True,A_core_lia_dem_valid
SITE_001_S0131,SITE_001,-5.43729943457649,-9.81255052491426,36.188232421875,0.2727757668214273,0.0911068217457043,0.412224960551442,0.1089413898503801,36.18831195519013,36.18831195519013,36.18831195519013,1,True,True,True,A_core_lia_dem_valid
SITE_001_S0132,SITE_001,-9.6565290066938,-15.4534680065936,44.42861175537109,0.1169991120861636,0.0409786862797207,0.1159992227730927,0.0401605511135952,44.42868152103431,44.42868152103431,44.42868152103431,1,True,True,True,A_core_lia_dem_valid
SITE_001_S0133,SITE_001,-7.10529421039071,-14.9358575627189,36.17827606201172,0.196156523895844,0.0366893642443341,0.2527321231119285,0.0612103902056117,36.17860016728316,36.17860016728317,36.17860016728316,1,True,True,True,A_core_lia_dem_valid
SITE_001_S0134,SITE_001,-11.3119240816187,-15.4377184973054,44.41193008422852,0.1075899375064505,0.0382865319028496,0.1053741392133656,0.0381809050447227,44.41191672319739,44.41191672319739,44.41191672319739,1,True,True,True,A_core_lia_dem_valid
SITE_001_S0135,SITE_001,-1.95359781856035,-6.81405540806491,36.19375610351562,0.5648660648665134,0.173829492621443,0.6198190960794489,0.1649856663482445,36.19342952036661,36.19342952036661,36.19342952036661,1,True,True,True,A_core_lia_dem_valid
SITE_001_S0136,SITE_001,-8.77530146226858,-16.2246448213586,44.43218231201172,0.1190906390216615,0.0312350088982822,0.1197340872626245,0.0315881526363901,44.43195140477888,44.43195140477888,44.43195140477888,1,True,True,True,A_core_lia_dem_valid
SITE_001_S0137,SITE_001,-8.48927932636601,-14.6269490626244,36.17636489868164,0.1510622630342382,0.0411600255456566,0.2023569990244619,0.0497143508117334,36.17610024638006,36.17610024638006,36.17610024638006,1,True,True,True,A_core_lia_dem_valid
SITE_001_S0138,SITE_001,-12.3778317789765,-15.0096769750765,44.4090690612793,0.0941514937414063,0.0333089584690336,0.0943720289880846,0.0323073530937388,44.40893927025984,44.40893927025984,44.40893927025984,1,True,True,True,A_core_lia_dem_valid
SITE_001_S0139,SITE_001,-6.5346754601591,-11.239975769214,36.19538116455078,0.2138984486820903,0.0664584984913178,0.2969006081537974,0.0807056161013855,36.1955365556659,36.1955365556659,36.1955365556659,1,True,True,True,A_core_lia_dem_valid
SITE_001_S0140,SITE_001,-10.6744329008614,-19.2349478302588,44.4345703125,0.1183301835485799,0.0230607946856091,0.1192836201875573,0.0235952317196276,44.43467079706179,44.43467079706179,44.43467079706179,1,True,True,True,A_core_lia_dem_valid
SITE_001_S0141,SITE_001,-4.68590176580388,-9.98767210697781,36.17047882080078,0.2833261429417459,0.0678350385618,0.3096091428815032,0.0682535439357736,36.17064773646049,36.17064773646049,36.17064773646049,1,True,True,True,A_core_lia_dem_valid
SITE_001_S0142,SITE_001,-11.7475074780605,-15.0997254865914,44.40701293945312,0.1077794289257791,0.0274689350732498,0.1083085902863078,0.027696022455247,44.40685309967031,44.40685309967031,44.40685309967031,1,True,True,True,A_core_lia_dem_valid
SITE_001_S0143,SITE_001,-4.91169879756788,-12.5885420396604,36.19348526000977,0.259508862301018,0.0444337288083301,0.300911375708456,0.0439038156170719,36.19318494943656,36.19318494943656,36.19318494943656,1,True,True,True,A_core_lia_dem_valid
SITE_001_S0144,SITE_001,-9.83955332156645,-15.054423810869,44.43289947509766,0.110363764266173,0.0317868513303498,0.1106830252578229,0.0319002982907025,44.4327716773394,44.43277167733941,44.4327716773394,1,True,True,True,A_core_lia_dem_valid
SITE_001_S0145,SITE_001,-6.16994755870858,-12.3482519330479,36.17373657226562,0.2011141659009437,0.0511544088739257,0.2639191457044745,0.0666156654240925,36.17380448182425,36.17380448182425,36.17380448182425,1,True,True,True,A_core_lia_dem_valid
SITE_001_S0146,SITE_001,-8.42227912093935,-13.5894977116309,44.40555572509766,0.1135277577075693,0.0338797540590167,0.1128739908815901,0.033098374507624,44.40569155616832,44.40569155616832,44.40569155616832,1,True,True,True,A_core_lia_dem_valid
SITE_001_S0147,SITE_001,-5.58466691075861,-14.0391996938253,36.18786239624024,0.2136533139808063,0.0502392191605435,0.2322970698813939,0.0500391839178198,36.18791392051772,36.18791392051772,36.18791392051772,1,True,True,True,A_core_lia_dem_valid
SITE_001_S0148,SITE_001,-8.23827147408728,-14.4171807396479,44.43065643310547,0.1401457154419687,0.030516249852048,0.1383208382773546,0.0303920326740653,44.43075096682183,44.43075096682183,44.43075096682183,1,True,True,True,A_core_lia_dem_valid
SITE_001_S0149,SITE_001,-6.20078032151472,-12.1071365371488,36.17738723754883,0.1711431788349543,0.0516170656657098,0.1682551067387996,0.057842155509946,36.17734443712686,36.17734443712686,36.17734443712686,1,True,True,True,A_core_lia_dem_valid
SITE_001_S0150,SITE_001,-10.9574417221126,-11.5132853480976,44.41003036499024,0.1277532197866175,0.0359357776028943,0.1281483795705401,0.0354910391278682,44.41009461214325,44.41009461214325,44.41009461214325,1,True,True,True,A_core_lia_dem_valid
SITE_001_S0151,SITE_001,-7.50028718077025,-13.1760758508127,36.20220565795898,0.1705422882569198,0.050870834286994,0.176533228030663,0.054349172377382,36.20252470187914,36.20252470187914,36.20252470187914,1,True,True,True,A_core_lia_dem_valid
SITE_001_S0152,SITE_001,-6.64270741807142,-15.7255154632805,44.43218994140625,0.1403663614609883,0.0324087927862466,0.1351429560622999,0.0328015172163744,44.43211680869236,44.43211680869236,44.43211680869236,1,True,True,True,A_core_lia_dem_valid
SITE_001_S0153,SITE_001,-8.76602033994832,-12.3133150660211,36.18585205078125,0.1434913826231053,0.0479588634571912,0.1646086047057652,0.0484849420805674,36.18614788073487,36.18614788073487,36.18614788073487,1,True,True,True,A_core_lia_dem_valid
SITE_001_S0154,SITE_001,-8.03349753146941,-15.7247582192632,44.41924667358398,0.1127429302994113,0.0265627940309544,0.1102835145245873,0.0267218948620153,44.41935299909743,44.41935299909743,44.41935299909743,1,True,True,True,A_core_lia_dem_valid
SITE_001_S0155,SITE_001,-3.83633822922194,-12.4595717090951,36.19938659667969,0.2668599108065703,0.045696215731504,0.2558069938766782,0.0472588985817501,36.19941082487025,36.19941082487025,36.19941082487025,1,True,True,True,A_core_lia_dem_valid
SITE_001_S0156,SITE_001,-11.3361533565035,-13.9611231602785,44.40073013305664,0.1088525091608365,0.030831496063078,0.1095159402857592,0.0290792160835531,44.40065729719384,44.40065729719384,44.40065729719384,1,True,True,True,A_core_lia_dem_valid
SITE_001_S0157,SITE_001,-3.7554251363646,-14.3949895967892,36.17364883422852,0.3034396474282517,0.0353122874712413,0.2981532778331323,0.0370532160816474,36.17379435790939,36.17379435790939,36.17379435790939,1,True,True,True,A_core_lia_dem_valid
SITE_001_S0158,SITE_001,-8.82841608714812,-14.138125107772,44.41447067260742,0.1012723679592212,0.0276352588687506,0.1014830827059937,0.0282968206659514,44.41423303933641,44.41423303933641,44.41423303933641,1,True,True,True,A_core_lia_dem_valid
SITE_001_S0159,SITE_001,-6.42611372156558,-12.3371135432353,36.20450210571289,0.1786539125555887,0.0557955093428335,0.1815123222140847,0.0734999698232734,36.20474002242126,36.20474002242126,36.20474002242126,1,True,True,True,A_core_lia_dem_valid
SITE_001_S0160,SITE_001,-7.44661653175087,-17.272936951477,44.40548324584961,0.153336550235566,0.027108072851681,0.1428600891074155,0.0269758298866634,44.40565368094505,44.40565368094505,44.40565368094505,1,True,True,True,A_core_lia_dem_valid
SITE_001_S0161,SITE_001,-5.30850681729094,-14.6552961279607,36.17338562011719,0.249368158199834,0.0357763081463096,0.3127081227820621,0.0507313960617687,36.17351959022251,36.17351959022251,36.17351959022251,1,True,True,True,A_core_lia_dem_valid
SITE_001_S0162,SITE_001,-4.7631117157902,-17.1101660900945,44.41012191772461,0.1746819655739485,0.0286090343225768,0.1713414100477766,0.0281495797557428,44.41015196974366,44.41015196974366,44.41015196974366,1,True,True,True,A_core_lia_dem_valid
SITE_001_S0163,SITE_001,-5.87640538374902,-12.9363682312763,36.20557403564453,0.2008425646248395,0.0467115148189787,0.1903920052034296,0.0551370707527208,36.20554869335107,36.20554869335107,36.20554869335107,1,True,True,True,A_core_lia_dem_valid
SITE_001_S0164,SITE_001,-5.86738461281517,-15.9745587105836,44.40788650512695,0.1475617957529094,0.0280286108309196,0.1498601704515102,0.027982716180936,44.40775724539287,44.40775724539287,44.40775724539287,1,True,True,True,A_core_lia_dem_valid
SITE_001_S0165,SITE_001,-8.43008634018598,-10.2008113955235,36.17831802368164,0.1503753656290424,0.065936083287747,0.1714353689790141,0.0665597061321269,36.17817967244299,36.17817967244299,36.17817967244299,1,True,True,True,A_core_lia_dem_valid
SITE_001_S0166,SITE_001,-2.32978733489264,-7.19990606579255,36.20221710205078,0.3449348610306934,0.1096390130993812,0.2958647082064232,0.0977697906945659,36.20191560043795,36.20191560043795,36.20191560043795,1,True,True,True,A_core_lia_dem_valid
SITE_001_S0167,SITE_001,-6.10328131137892,-12.7905793401962,36.17943954467773,0.2085539810212039,0.0455164156160674,0.2458590508934669,0.0563731075606107,36.1791202367403,36.17912023674031,36.1791202367403,1,True,True,True,A_core_lia_dem_valid
SITE_001_S0168,SITE_001,-10.6317922109694,-14.8404881882142,44.41782760620117,0.1132132812837759,0.034106414295319,0.1138416000749961,0.0342037839913901,44.41778642186579,44.41778642186579,44.41778642186579,1,True,True,True,A_core_lia_dem_valid
SITE_001_S0169,SITE_001,-3.19698262007972,-9.80544122337116,36.20114517211914,0.1912450565066602,0.0656343070417885,0.1901021470111093,0.0626969855283592,36.20130760644201,36.20130760644201,36.20130760644201,1,True,True,True,A_core_lia_dem_valid
SITE_001_S0170,SITE_001,-5.96017058901023,-17.1305682823167,44.40394592285156,0.1440316855493519,0.0357333556805988,0.1427776206597502,0.0367839472782836,44.4040788890359,44.40407888903589,44.4040788890359,1,True,True,True,A_core_lia_dem_valid
SITE_001_S0171,SITE_001,-4.08986984781428,-15.7901796148839,36.17837905883789,0.2955682541928829,0.0330520405838769,0.288600779040159,0.038843177919048,36.17827092813501,36.17827092813501,36.17827092813501,1,True,True,True,A_core_lia_dem_valid
SITE_001_S0172,SITE_001,-7.90144804845725,-14.2517723977526,44.41454696655273,0.1048312857829862,0.0281235848926007,0.1059306038750542,0.0285855766680137,44.41458165415989,44.41458165415989,44.41458165415989,1,True,True,True,A_core_lia_dem_valid
SITE_001_S0173,SITE_001,-2.22341319560194,-11.5223838733759,36.19797897338867,0.2049086597975757,0.0530563753367298,0.2069145378727972,0.0531897281664481,36.19792193166865,36.19792193166865,36.19792193166865,1,True,True,True,A_core_lia_dem_valid
SITE_001_S0174,SITE_001,-9.4445170845869,-11.3057806321291,36.20529556274414,0.1559710855410712,0.0475297395154456,0.1918583936493691,0.0461966990151227,36.20527394933025,36.20527394933025,36.20527394933025,1,True,True,True,A_core_lia_dem_valid
SITE_001_S0175,SITE_001,-7.7309792495359,-13.9837556590098,44.40723419189453,0.1426530453231599,0.0331576696964394,0.1452917235932412,0.0333003738563894,44.40749490630542,44.40749490630542,44.40749490630542,1,True,True,True,A_core_lia_dem_valid
SITE_001_S0176,SITE_001,-8.1896969991349,-12.6822583667965,36.1794548034668,0.1663345744112239,0.0490885828998601,0.2142180519822223,0.0598088446578536,36.17936197076161,36.17936197076161,36.17936197076161,1,True,True,True,A_core_lia_dem_valid
SITE_001_S0177,SITE_001,-6.70222589200913,-16.4996457557679,44.41116714477539,0.1213257068147262,0.0232138665039424,0.1209788226980118,0.0230048658546647,44.4114239499076,44.4114239499076,44.4114239499076,1,True,True,True,A_core_lia_dem_valid
SITE_001_S0178,SITE_001,-5.65084177199064,-12.4296359003696,36.20414352416992,0.1989090215311831,0.0470253174631533,0.1987685558820908,0.0529418038874528,36.20394949687392,36.20394949687392,36.20394949687392,1,True,True,True,A_core_lia_dem_valid
SITE_001_S0179,SITE_001,-8.83685967655106,-13.710793201996,44.40625381469727,0.1173382418851057,0.031110489120086,0.1170458942357404,0.031346966544925,44.40622646921441,44.40622646921441,44.40622646921441,1,True,True,True,A_core_lia_dem_valid
SITE_001_S0180,SITE_001,-7.43518382123348,-15.7273243144353,36.1979866027832,0.1546072733837205,0.0332038000350588,0.1610070572414227,0.0609190638828688,36.19786288300187,36.19786288300187,36.19786288300187,1,True,True,True,A_core_lia_dem_valid
SITE_001_S0181,SITE_001,-5.44511561477032,-16.4673279607597,44.39847946166992,0.1369700435880157,0.0350672737550404,0.1369084076886927,0.0359116637752747,44.39836398835594,44.39836398835594,44.39836398835594,1,True,True,True,A_core_lia_dem_valid
SITE_001_S0182,SITE_001,-5.12453906395695,-12.1656590346923,36.17737197875977,0.2738264198181707,0.0583435112779531,0.3667759641938103,0.0879225327993347,36.17744513182557,36.17744513182556,36.17744513182557,1,True,True,True,A_core_lia_dem_valid
SITE_001_S0183,SITE_001,-9.85830687154816,-16.6085433795849,44.41620254516602,0.1184143091572655,0.0346913422271609,0.118260917313121,0.0339904729575838,44.4160596441562,44.4160596441562,44.4160596441562,1,True,True,True,A_core_lia_dem_valid
SITE_001_S0184,SITE_001,-3.38517197854044,-11.6465800709821,36.19913101196289,0.3805260881415043,0.0678479032707446,0.4196917136941023,0.0960810271688266,36.19894157064402,36.19894157064403,36.19894157064402,1,True,True,True,A_core_lia_dem_valid
SITE_001_S0185,SITE_001,-8.280631236655,-19.8260690959672,44.39830017089844,0.1228446373509036,0.0404624738930528,0.1225164654814166,0.0402535361046972,44.39833241194093,44.39833241194093,44.39833241194093,1,True,True,True,A_core_lia_dem_valid
SITE_001_S0186,SITE_001,-6.63343466687271,-16.91754231864,36.17040252685547,0.2083993579612837,0.0477602957803788,0.2084119162570546,0.0475380077573709,36.17061939515235,36.17061939515234,36.17061939515235,1,True,True,True,A_core_lia_dem_valid
SITE_001_S0187,SITE_001,-11.5800146563482,-15.4054609542763,44.41318893432617,0.1502740718921025,0.0455869923687679,0.1495677805866724,0.0468967683801897,44.41322939057456,44.41322939057456,44.41322939057456,1,True,True,True,A_core_lia_dem_valid
SITE_001_S0188,SITE_001,-7.3744927175561,-13.5868053740262,36.20589828491211,0.2028064323796166,0.0504095124370522,0.204781290055425,0.0509837345181056,36.20572691456818,36.20572691456818,36.20572691456818,1,True,True,True,A_core_lia_dem_valid
SITE_001_S0189,SITE_001,-7.9490288020524,-16.3912456304924,44.40259170532227,0.1187504891802867,0.0391280329848329,0.1189702062262797,0.0389213947974789,44.40240166096748,44.40240166096748,44.40240166096748,1,True,True,True,A_core_lia_dem_valid
SITE_001_S0190,SITE_001,-6.88510354669458,-12.7247417516079,36.1676025390625,0.1604371096028222,0.0529244078882038,0.1624432725836465,0.0525194058781144,36.16781874493972,36.16781874493972,36.16781874493972,1,True,True,True,A_core_lia_dem_valid
SITE_001_S0191,SITE_001,-15.6510513977026,-12.0277269088259,44.40919494628906,0.1401039695491393,0.0465648847519609,0.1414233659971275,0.0455609313648786,44.4090316911526,44.4090316911526,44.4090316911526,1,True,True,True,A_core_lia_dem_valid
SITE_001_S0192,SITE_001,-6.7261264070528,-11.8131227482829,36.20301055908203,0.1660509192446867,0.0507606695488923,0.1659921744999326,0.0504337981258185,36.20332653054077,36.20332653054077,36.20332653054077,1,True,True,True,A_core_lia_dem_valid
SITE_001_S0193,SITE_001,-12.5185110810075,-17.7677140260341,44.40334701538086,0.1227893674208058,0.0366315662712075,0.1215277932713061,0.0369686971438706,44.40323114621131,44.40323114621131,44.40323114621131,1,True,True,True,A_core_lia_dem_valid
SITE_001_S0194,SITE_001,-7.80329559417456,-13.3880594556336,36.17105102539063,0.1277591504984432,0.0442214658935505,0.1296963417382887,0.0438830942154285,36.17099855680367,36.17099855680367,36.17099855680367,1,True,True,True,A_core_lia_dem_valid
SITE_001_S0195,SITE_001,-8.14527456252414,-13.9834463462105,44.40834426879883,0.1287317314164506,0.0339229388845463,0.1288643913785871,0.0342014967261549,44.40811173461877,44.40811173461876,44.40811173461877,1,True,True,True,A_core_lia_dem_valid
SITE_001_S0196,SITE_001,-6.83614110001053,-14.7339719143692,36.19701766967773,0.162705097446839,0.0393058012425899,0.1645822887163215,0.0393703569508629,36.19676159731387,36.19676159731387,36.19676159731387,1,True,True,True,A_core_lia_dem_valid
SITE_001_S0197,SITE_001,-11.2525494525487,-12.1397993016874,44.40121459960938,0.1250324540833632,0.0372681431182556,0.1257093481829873,0.03704309069678,44.40103915354379,44.40103915354379,44.40103915354379,1,True,True,True,A_core_lia_dem_valid
SITE_001_S0198,SITE_001,-5.33542533495149,-15.0724622721903,36.18085861206055,0.1560821635358863,0.0506671881075534,0.1563433388004332,0.0501475463005035,36.18065728961296,36.18065728961296,36.18065728961296,1,True,True,True,A_core_lia_dem_valid
SITE_001_S0199,SITE_001,-11.5673340997851,-13.6923708442291,44.41497039794922,0.133850390513738,0.0467761393429504,0.133966929603506,0.0465566868992683,44.41489407391006,44.41489407391006,44.41489407391006,1,True,True,True,A_core_lia_dem_valid
SITE_001_S0200,SITE_001,-8.73763479618505,-12.7553305486954,36.19511795043945,0.1403771923151281,0.0492725388084848,0.1409263386273825,0.0494824355054232,36.19495322804126,36.19495322804126,36.19495322804126,1,True,True,True,A_core_lia_dem_valid
SITE_001_S0201,SITE_001,-10.1400626229126,-11.9363681991666,44.39841079711914,0.1259079389025767,0.0386696788006358,0.125670976323294,0.0386585133812493,44.39834145012803,44.39834145012803,44.39834145012803,1,True,True,True,A_core_lia_dem_valid
SITE_001_S0202,SITE_001,-8.53364524262156,-12.8551318570408,36.17843627929688,0.0976219107624557,0.0262813989238606,0.0979034266179358,0.0263148868148341,36.17823210703323,36.17823210703323,36.17823210703323,1,True,True,True,A_core_lia_dem_valid
SITE_001_S0203,SITE_001,-14.8315990947998,-16.5909732266285,44.41387557983398,0.0729296505740947,0.0222355351855771,0.0728456675578598,0.021931883242544,44.41392455155131,44.41392455155131,44.41392455155131,1,True,True,True,A_core_lia_dem_valid
SITE_001_S0204,SITE_001,-11.0312209777579,-19.3065315084799,36.19645309448242,0.1154035644812716,0.0283608675003051,0.1149025766450314,0.0281845243286663,36.19668562547216,36.19668562547216,36.19668562547216,1,True,True,True,A_core_lia_dem_valid
SITE_001_S0205,SITE_001,-11.789596638996,-15.7393216368576,44.39820861816406,0.0929706732893661,0.0231697291053003,0.0917305707566358,0.0232676081665228,44.39822447314953,44.39822447314953,44.39822447314953,1,True,True,True,A_core_lia_dem_valid
SITE_001_S0206,SITE_001,-8.98091138663029,-18.1536596271624,36.17512893676758,0.1113258480032285,0.0256268235313583,0.1109980484659289,0.0254389202319219,36.17533254803352,36.17533254803352,36.17533254803352,1,True,True,True,A_core_lia_dem_valid
SITE_001_S0207,SITE_001,-9.13969645902741,-18.4286278674511,44.41385269165039,0.0949389764087067,0.0218545069728627,0.0949274342516322,0.0224698659556364,44.41386351899473,44.41386351899473,44.41386351899473,1,True,True,True,A_core_lia_dem_valid
SITE_001_S0208,SITE_001,-9.6688310833524,-15.7510222323236,36.20541381835938,0.0925638375348514,0.0288680161101122,0.0919092089489654,0.028476235864477,36.20537712272142,36.20537712272143,36.20537712272142,1,True,True,True,A_core_lia_dem_valid
SITE_001_S0209,SITE_001,-13.6072900407545,-16.5616471786615,44.40554809570312,0.0739743326107661,0.0176477763077451,0.0740562229014841,0.0175282495852881,44.40535662344417,44.40535662344417,44.40535662344417,1,True,True,True,A_core_lia_dem_valid
SITE_001_S0210,SITE_001,-9.66672537327516,-15.8023914698915,44.4127311706543,0.1032365843074189,0.0300278868774573,0.1029923245844281,0.0300143585381684,44.41278380529619,44.41278380529621,44.41278380529619,1,True,True,True,A_core_lia_dem_valid
SITE_001_S0211,SITE_001,-7.35122178304663,-12.9184119843188,36.208984375,0.1288641873084836,0.0409507630351516,0.1283241659724786,0.0406092181475258,36.20924565177294,36.20924565177294,36.20924565177294,1,True,True,True,A_core_lia_dem_valid
SITE_001_S0212,SITE_001,-8.84262593814804,-14.6536537553567,36.20114517211914,0.1322337783707513,0.0398991443547937,0.1332510041362709,0.0400097694059397,36.20081085421686,36.20081085421686,36.20081085421686,1,True,True,True,A_core_lia_dem_valid
SITE_001_S0213,SITE_001,-8.18674624739099,-12.9021279676296,44.40227127075195,0.1713131612208154,0.0388626406424575,0.1700125452710522,0.0388626863485501,44.40219927539532,44.40219927539532,44.40219927539532,1,True,True,True,A_core_lia_dem_valid
SITE_001_S0214,SITE_001,-6.77549532378755,-11.998901718125,36.18497848510742,0.1670983597375758,0.0396503388219409,0.1652257675321171,0.0397356609935745,36.18488954363131,36.18488954363131,36.18488954363131,1,True,True,True,A_core_lia_dem_valid
SITE_001_S0215,SITE_001,-10.1528853134857,-16.2133109839662,44.42055130004883,0.1047940098328722,0.0310769966368873,0.1058156362649651,0.0310931135456503,44.42046247983663,44.42046247983663,44.42046247983663,1,True,True,True,A_core_lia_dem_valid
SITE_001_S0216,SITE_001,-8.66641260313766,-13.4488281322044,36.20253372192383,0.125277747263511,0.0328909470637639,0.1265576173668658,0.0322179793830164,36.20244439442951,36.20244439442951,36.20244439442951,1,True,True,True,A_core_lia_dem_valid
SITE_001_S0217,SITE_001,-5.4574733858207,-17.6611750000432,44.40327072143555,0.182647989095332,0.0229164901203646,0.1642328186334982,0.0236129645873461,44.4030563981467,44.4030563981467,44.4030563981467,1,True,True,True,A_core_lia_dem_valid
SITE_001_S0218,SITE_001,-6.0061021105906,-15.3256036412943,36.17331695556641,0.1713036974884609,0.0313195419135606,0.1749628088256435,0.0313787414714188,36.17358359198558,36.17358359198557,36.17358359198558,1,True,True,True,A_core_lia_dem_valid
SITE_001_S0219,SITE_001,-10.0831674754935,-15.2088504928685,44.41467666625977,0.1105740758981371,0.029086521250463,0.1142438505497824,0.0297722656310074,44.41478262779535,44.41478262779534,44.41478262779535,1,True,True,True,A_core_lia_dem_valid
SITE_001_S0220,SITE_001,-7.19176652068562,-12.7316446481058,36.20363998413086,0.1846853508485988,0.0403297535197965,0.1811080216695871,0.0402182322852801,36.20385991863692,36.20385991863692,36.20385991863692,1,True,True,True,A_core_lia_dem_valid
SITE_001_S0221,SITE_001,-4.77696835125247,-14.5362821436304,44.40584945678711,0.1285944659345679,0.0290456648880622,0.128270144367793,0.0268000912947815,44.40574963907633,44.40574963907633,44.40574963907633,1,True,True,True,A_core_lia_dem_valid
SITE_001_S0222,SITE_001,-5.68056472422602,-13.9689205265956,36.17469024658203,0.154274157418145,0.0412408097357385,0.1549135465211706,0.0410714039903272,36.17457931888494,36.17457931888494,36.17457931888494,1,True,True,True,A_core_lia_dem_valid
SITE_001_S0223,SITE_001,-9.68822968594847,-17.9263306070327,44.40977478027344,0.1185751362724436,0.0272826543249579,0.1190386338329609,0.0291160631607352,44.40995657161693,44.40995657161693,44.40995657161693,1,True,True,True,A_core_lia_dem_valid
SITE_001_S0224,SITE_001,-7.10084629138065,-12.705200037332,36.20510482788086,0.1371959570546945,0.0370281761491464,0.13846920431948,0.036973565266824,36.20502506591952,36.20502506591952,36.20502506591952,1,True,True,True,A_core_lia_dem_valid
SITE_001_S0225,SITE_001,-6.76426960864859,-20.0137356962072,44.40788650512695,0.120321969538927,0.0251961924631505,0.1220360358546913,0.0257480180545287,44.40775007918984,44.40775007918984,44.40775007918984,1,True,True,True,A_core_lia_dem_valid
SITE_001_S0226,SITE_001,-4.08725285584976,-11.5013108085403,36.17875289916992,0.2140356060254462,0.0418677758716869,0.1942674462642216,0.0421006361862039,36.17845417717709,36.17845417717709,36.17845417717709,1,True,True,True,A_core_lia_dem_valid
SITE_001_S0227,SITE_001,-11.7505360838809,-18.6391367058837,44.41396331787109,0.1228404541893137,0.0318218727058006,0.1218653534315429,0.031863484258223,44.41412787780185,44.41412787780185,44.41412787780185,1,True,True,True,A_core_lia_dem_valid
SITE_001_S0228,SITE_001,-5.03493911380294,-8.522467796847,36.20536041259766,0.225414212332277,0.0470881134147445,0.2206418789395057,0.0469603477423021,36.20548624837777,36.20548624837777,36.20548624837777,1,True,True,True,A_core_lia_dem_valid
SITE_001_S0229,SITE_001,-6.57495317818915,-15.1993920831003,44.40852737426758,0.1180767626026691,0.0352270819739184,0.1210631735744574,0.0349837420055586,44.4084154020363,44.4084154020363,44.4084154020363,1,True,True,True,A_core_lia_dem_valid
SITE_001_S0230,SITE_001,-10.349631778356,-12.2584786507352,36.18465805053711,0.1288472805901978,0.0350517919928663,0.1338396548966469,0.0354192408963026,36.18457048917312,36.18457048917312,36.18457048917312,1,True,True,True,A_core_lia_dem_valid
SITE_001_S0231,SITE_001,-7.86173473185701,-11.4573082246846,44.41765213012695,0.1299078845646646,0.0391819265323333,0.130543399658284,0.0379975254777118,44.41783581038023,44.41783581038023,44.41783581038023,1,True,True,True,A_core_lia_dem_valid
SITE_001_S0232,SITE_001,-8.90917974895754,-17.6822504564547,36.1977767944336,0.128366717464394,0.0308061289185161,0.1298012677129404,0.0318625733533919,36.19755507599224,36.19755507599224,36.19755507599224,1,True,True,True,A_core_lia_dem_valid
SITE_001_S0233,SITE_001,-9.44883880246944,-15.1076317757599,44.40128326416016,0.1094006966348762,0.0282013091965262,0.1157498560459431,0.0271624783921347,44.40124931660053,44.40124931660053,44.40124931660053,1,True,True,True,A_core_lia_dem_valid
SITE_001_S0234,SITE_001,-8.83655520250135,-13.2969774423394,36.18246841430664,0.1513471131592627,0.0321201757054866,0.1577668142114264,0.0327795128897479,36.18277596781574,36.18277596781574,36.18277596781574,1,True,True,True,A_core_lia_dem_valid
SITE_001_S0235,SITE_001,-9.96105522834652,-18.1007620442585,44.41891860961914,0.1143632357786258,0.0278797065880563,0.1168526427346275,0.0279743402488069,44.41886333798595,44.41886333798595,44.41886333798595,1,True,True,True,A_core_lia_dem_valid
SITE_001_S0236,SITE_001,-9.53923362142657,-13.223065780465,36.19973373413086,0.1446548590839684,0.0368955390072531,0.1522548272517727,0.0371649219833866,36.19957604757754,36.19957604757754,36.19957604757754,1,True,True,True,A_core_lia_dem_valid
SITE_001_S0237,SITE_001,-10.809434053611,-21.0108060708004,44.40229034423828,0.1051041457939243,0.0234627966900641,0.1134010084129057,0.0236572547300979,44.40247812706656,44.40247812706656,44.40247812706656,1,True,True,True,A_core_lia_dem_valid
SITE_001_S0238,SITE_001,-6.04036527098394,-12.75944313642,36.17279052734375,0.1377160653720299,0.0366869919379237,0.1384731078216875,0.0362485447256663,36.17272733176802,36.17272733176802,36.17272733176802,1,True,True,True,A_core_lia_dem_valid
SITE_001_S0239,SITE_001,-10.2389479852429,-13.8996342741125,44.41576385498047,0.1157225825223657,0.0279209290949116,0.1170067703319184,0.027872310126129,44.41573716529096,44.41573716529096,44.41573716529096,1,True,True,True,A_core_lia_dem_valid
SITE_001_S0240,SITE_001,-6.20180982654439,-16.8014689016446,36.20788955688477,0.1425999755347987,0.0346525705357392,0.140147129135154,0.0348260595374341,36.20769373615972,36.20769373615972,36.20769373615972,1,True,True,True,A_core_lia_dem_valid
SITE_001_S0241,SITE_001,-12.9966493696909,-16.8373071974118,44.4055061340332,0.1104709593454996,0.0252834489292077,0.1096636778990059,0.0267015635827171,44.40538357157916,44.40538357157916,44.40538357157916,1,True,True,True,A_core_lia_dem_valid
SITE_001_S0242,SITE_001,-4.32927350512265,-11.9769403975031,36.17634201049805,0.1782017450556665,0.0343243678157762,0.163999602648791,0.0330692938119822,36.17644544277551,36.17644544277551,36.17644544277551,1,True,True,True,A_core_lia_dem_valid
SITE_001_S0243,SITE_001,-10.8341646680113,-16.0787680522561,44.41241836547852,0.1123188915972908,0.0282872689600938,0.1114396542315313,0.0283151638892602,44.41261592139526,44.41261592139526,44.41261592139526,1,True,True,True,A_core_lia_dem_valid
SITE_001_S0244,SITE_001,-8.95554838436814,-18.3761038232524,36.19038009643555,0.1257950274956805,0.0320995050631853,0.1214230271939284,0.0316954316706228,36.20449327919744,36.20449327919744,36.20449327919744,1,True,True,True,A_core_lia_dem_valid
SITE_001_S0245,SITE_001,-6.91533538794393,-13.0026363216065,44.40579223632812,0.1237642447319295,0.0280650438099271,0.1232321789869923,0.0278893119465868,44.39249070656288,44.39249070656288,44.39249070656288,1,True,True,True,A_core_lia_dem_valid
SITE_001_S0246,SITE_001,-5.42222515820708,-11.8312891179195,36.18291091918945,0.2187548841697211,0.0490545963726577,0.2128706884928259,0.0450666731045035,36.17595966479508,36.17595966479508,36.17595966479508,1,True,True,True,A_core_lia_dem_valid
SITE_001_S0247,SITE_001,-10.6986781210625,-18.6853844044433,44.41108322143555,0.1148630562341875,0.031980746138013,0.1153047984810891,0.0321347574763184,44.41095232333778,44.41095232333778,44.41095232333778,1,True,True,True,A_core_lia_dem_valid
SITE_001_S0248,SITE_001,-9.57837480526208,-14.0705430977996,36.20445251464844,0.1492724965098831,0.0394897472485899,0.1485709226858101,0.0396551932081764,36.20455127185511,36.20455127185511,36.20455127185511,1,True,True,True,A_core_lia_dem_valid
SITE_001_S0249,SITE_001,-11.8457879357424,-18.9405337562183,44.407470703125,0.0951162876188755,0.0289222703998287,0.0951152818787981,0.0290867079640336,44.40721025200095,44.40721025200095,44.40721025200095,1,True,True,True,A_core_lia_dem_valid
SITE_001_S0250,SITE_001,-7.64277136104434,-16.6336732202125,36.17131805419922,0.1949140094386206,0.0455143819914923,0.1953730170778286,0.0454462663792533,36.17155368041033,36.17155368041033,36.17155368041033,1,True,True,True,A_core_lia_dem_valid
SITE_001_S0251,SITE_001,-8.33205013299875,-18.7332343795606,44.4088249206543,0.1094190437015559,0.030503513318383,0.1095034022960397,0.0304235194933911,44.40879269212541,44.40879269212541,44.40879269212541,1,True,True,True,A_core_lia_dem_valid
SITE_001_S0252,SITE_001,-7.02802645597885,-13.1457082736081,36.20360565185547,0.1873098365465799,0.0444632939994335,0.1864438584538889,0.0441260190121829,36.20345477817944,36.20345477817943,36.20345477817944,1,True,True,True,A_core_lia_dem_valid
SITE_001_S0253,SITE_001,-9.47728902479085,-11.3144292674298,44.40569686889648,0.1085623176561461,0.0388566947788107,0.1082906286786367,0.0386124191885123,44.40557245237638,44.40557245237638,44.40557245237638,1,True,True,True,A_core_lia_dem_valid
SITE_001_S0254,SITE_001,-13.3620185594254,-17.616331891123,36.17502975463867,0.1106554854247305,0.0342774691437127,0.1111335337382775,0.0341766855441615,36.1753075785607,36.1753075785607,36.1753075785607,1,True,True,True,A_core_lia_dem_valid
SITE_001_S0255,SITE_001,-9.01910568504069,-15.4526880312075,44.41039276123047,0.1096956927867399,0.0343397503630031,0.1091033382378058,0.0356320914423296,44.41055803826258,44.41055803826258,44.41055803826258,1,True,True,True,A_core_lia_dem_valid
SITE_001_S0256,SITE_001,-9.00647125813489,-14.6944665938932,36.19742965698242,0.1285448658603787,0.0383887771042164,0.1291532193293004,0.0372106605068156,36.19742587234108,36.19742587234109,36.19742587234108,1,True,True,True,A_core_lia_dem_valid
SITE_001_S0257,SITE_001,-8.58058049062181,-13.756719335481,44.40224456787109,0.0908379868831899,0.0295984907644904,0.091529091278344,0.0295437127369007,44.40245750585892,44.40245750585892,44.40245750585892,1,True,True,True,A_core_lia_dem_valid
SITE_001_S0258,SITE_001,-8.14388907958891,-15.7200876888857,36.17835998535156,0.1339886146121555,0.0341493544998177,0.1347480037146144,0.0343793683138729,36.17823346295846,36.17823346295846,36.17823346295846,1,True,True,True,A_core_lia_dem_valid
SITE_001_S0259,SITE_001,-7.51489746470617,-14.4789286285464,44.4134521484375,0.1199328228748507,0.028422997795516,0.1186359505088609,0.0284470301994808,44.41370814234327,44.41370814234329,44.41370814234327,1,True,True,True,A_core_lia_dem_valid
SITE_001_S0260,SITE_001,-6.13647322353292,-12.9867538925106,36.19474792480469,0.2128308103481928,0.0354376951668133,0.2114714882450376,0.0346436817111026,36.19454738723808,36.19454738723808,36.19454738723808,1,True,True,True,A_core_lia_dem_valid
SITE_001_S0261,SITE_001,-8.63963699779935,-11.7139814276192,44.39750289916992,0.1471737810798447,0.0290184947920756,0.147074861428578,0.0291048981041222,44.3974213041565,44.3974213041565,44.3974213041565,1,True,True,True,A_core_lia_dem_valid
SITE_001_S0262,SITE_001,-7.28146508505974,-13.1277155242497,36.17999267578125,0.1679028043443813,0.0307327965357237,0.1768156450975125,0.0310857102923181,36.17991004608993,36.17991004608993,36.17991004608993,1,True,True,True,A_core_lia_dem_valid
SITE_001_S0263,SITE_001,-11.2571577741154,-17.5119848476462,36.20090866088867,0.1384117657158881,0.0266901621739897,0.1404929093980248,0.0270017246297204,36.20088804083845,36.20088804083845,36.20088804083845,1,True,True,True,A_core_lia_dem_valid
SITE_001_S0264,SITE_001,-5.38398470227113,-15.9591108481268,44.40177917480469,0.1383307774526139,0.0273838196446498,0.1394513474861396,0.0274809049748252,44.40172947820948,44.40172947820948,44.40172947820948,1,True,True,True,A_core_lia_dem_valid
SITE_001_S0265,SITE_001,-6.47905974895972,-16.5815340885863,36.17245864868164,0.1647145885725816,0.0323478994546266,0.1647531334844268,0.0344625494250307,36.17245683250187,36.17245683250187,36.17245683250187,1,True,True,True,A_core_lia_dem_valid
SITE_001_S0266,SITE_001,-10.0589188530716,-15.0494004209422,44.41156768798828,0.1050920674039257,0.0252426177925533,0.1050990385690957,0.0252080724194297,44.41172891236313,44.41172891236313,44.41172891236313,1,True,True,True,A_core_lia_dem_valid
SITE_001_S0267,SITE_001,-4.86148847890226,-12.4405819202545,36.20246505737305,0.1832907699296871,0.0457624747808668,0.1838668233633586,0.0420665978129502,36.2022523973296,36.2022523973296,36.2022523973296,1,True,True,True,A_core_lia_dem_valid
SITE_001_S0268,SITE_001,-4.5251521506245,-16.8247011161176,44.4029426574707,0.1516687347038678,0.0237927113452719,0.1428839725455618,0.0238620685715321,44.4030648649679,44.4030648649679,44.4030648649679,1,True,True,True,A_core_lia_dem_valid
SITE_001_S0269,SITE_001,-3.95573076535279,-13.0003503771438,36.20728302001953,0.1952357393584221,0.0340343081630352,0.1934653706489163,0.0340665448341182,36.20710395682941,36.20710395682941,36.20710395682941,1,True,True,True,A_core_lia_dem_valid
SITE_001_S0270,SITE_001,-8.52608809409768,-15.8226805104479,44.40834045410156,0.1247950749067113,0.0247280730131185,0.1290030820245289,0.0250315356732229,44.40847490985725,44.40847490985725,44.40847490985725,1,True,True,True,A_core_lia_dem_valid
SITE_001_S0271,SITE_001,-6.07648594376173,-10.0758171535019,36.17499542236328,0.1761912251346641,0.0355003777684436,0.1769692962699466,0.0357967383754842,36.17502993457722,36.17502993457722,36.17502993457722,1,True,True,True,A_core_lia_dem_valid
SITE_001_S0272,SITE_001,-7.67610542210992,-14.1504951764031,44.41558074951172,0.1670440859016445,0.0357312015671696,0.167255221929999,0.0361843052091489,44.41560995582524,44.41560995582524,44.41560995582524,1,True,True,True,A_core_lia_dem_valid
SITE_001_S0273,SITE_001,-2.25392748178746,-13.7395319749486,36.2031364440918,0.3223710294309593,0.0369918231371169,0.314286883507412,0.0370962648309284,36.2030869573917,36.2030869573917,36.2030869573917,1,True,True,True,A_core_lia_dem_valid
SITE_001_S0274,SITE_001,-5.41572765254753,-15.0770884891477,44.40415191650391,0.142832583424154,0.0334289548670252,0.1405029967197063,0.0331834061131065,44.40424317607729,44.40424317607729,44.40424317607729,1,True,True,True,A_core_lia_dem_valid
SITE_001_S0275,SITE_001,-8.30876872595612,-13.0010829496147,36.18158340454102,0.161688989420831,0.0412357120836774,0.169896035307212,0.0414534495260428,36.1814466234867,36.1814466234867,36.1814466234867,1,True,True,True,A_core_lia_dem_valid
SITE_001_S0276,SITE_001,-5.93309917971151,-14.8072001375022,44.4165153503418,0.1395993178668949,0.0297227000419874,0.1381467722236742,0.028237569765349,44.41667806194442,44.41667806194442,44.41667806194442,1,True,True,True,A_core_lia_dem_valid
SITE_001_S0277,SITE_001,-6.73142281713878,-19.1560995592547,36.19745635986328,0.1314491074449486,0.0359117143830219,0.1313687418392043,0.0363192693440489,36.19762878706052,36.19762878706052,36.19762878706052,1,True,True,True,A_core_lia_dem_valid
SITE_001_S0278,SITE_001,-7.48644812789032,-18.6323544512752,44.39883422851562,0.1094707866261402,0.0257275814480251,0.1095435339534356,0.0256715311362971,44.39893285792977,44.39893285792977,44.39893285792977,1,True,True,True,A_core_lia_dem_valid
SITE_001_S0279,SITE_001,-8.64270576935139,-14.5023887959943,36.17428588867188,0.1251544148806068,0.0298997948322174,0.1250163695722082,0.0303448513198904,36.17405336673814,36.17405336673814,36.17405336673814,1,True,True,True,A_core_lia_dem_valid
SITE_001_S0280,SITE_001,-9.47647779820702,-14.5348510099284,44.41891098022461,0.1061310263546746,0.0265053841192275,0.1070479380922319,0.026941359559028,44.41904722369692,44.41904722369692,44.41904722369692,1,True,True,True,A_core_lia_dem_valid
SITE_001_S0281,SITE_001,-8.24769637693622,-11.0199692676007,36.20076751708984,0.1351657524622149,0.0296300697026567,0.1354571066429473,0.0299575850465277,36.20083358894163,36.20083358894163,36.20083358894163,1,True,True,True,A_core_lia_dem_valid
SITE_001_S0282,SITE_001,-9.89426492447027,-12.539756117322,44.40119171142578,0.1073880511149764,0.0349516277734346,0.1076298867047174,0.0306742097955272,44.40129526817438,44.40129526817438,44.40129526817438,1,True,True,True,A_core_lia_dem_valid
SITE_001_S0283,SITE_001,-7.03708816151946,-16.5017671587729,36.17660903930664,0.1503206015792157,0.0329172482113871,0.1495058904404257,0.0328607755453314,36.17650954380608,36.17650954380608,36.17650954380608,1,True,True,True,A_core_lia_dem_valid
SITE_001_S0284,SITE_001,-9.95072636044728,-12.080940293046,44.41522216796875,0.122489216128985,0.0297995013929903,0.1227369633464165,0.0297893220496674,44.41504894734329,44.41504894734329,44.41504894734329,1,True,True,True,A_core_lia_dem_valid
SITE_001_S0285,SITE_001,-7.52680660965142,-13.9789868368979,36.20625305175781,0.1433036416023969,0.0414284200138515,0.1433806018706089,0.0412370711615173,36.20652006735013,36.20652006735013,36.20652006735013,1,True,True,True,A_core_lia_dem_valid
SITE_001_S0286,SITE_001,-7.74516914603765,-17.0969436681956,44.40670776367188,0.1486320727539393,0.0313756239083078,0.1459797319893631,0.031334211224759,44.40654376289842,44.40654376289842,44.40654376289842,1,True,True,True,A_core_lia_dem_valid
SITE_001_S0287,SITE_001,-8.50743428842925,-13.7389839337016,36.17601776123047,0.1162004204259978,0.0328291769439561,0.1178264714648694,0.033003330240306,36.17608016838136,36.17608016838136,36.17608016838136,1,True,True,True,A_core_lia_dem_valid
SITE_001_S0288,SITE_001,-9.26429939527327,-13.0481021337928,44.41360473632812,0.1217721681601318,0.0313110763315413,0.1276737520468193,0.0278674431515496,44.4134222924578,44.4134222924578,44.4134222924578,1,True,True,True,A_core_lia_dem_valid
SITE_001_S0289,SITE_001,-4.86570275420517,-13.4973467692663,36.20568466186523,0.1722720140263714,0.0305921481425563,0.1677289272627607,0.031190168969793,36.20600680028549,36.20600680028549,36.20600680028549,1,True,True,True,A_core_lia_dem_valid
SITE_001_S0290,SITE_001,-7.09876604859431,-14.0798068602994,44.40721893310547,0.1200059672928445,0.0239750679597879,0.1185896385241495,0.024266599874518,44.4071747552895,44.4071747552895,44.4071747552895,1,True,True,True,A_core_lia_dem_valid
SITE_001_S0291,SITE_001,-6.76215469493495,-12.9405531131962,36.17647171020508,0.1864692413682856,0.0426814768264529,0.1750460971178082,0.0430664173712485,36.17624770556933,36.17624770556932,36.17624770556933,1,True,True,True,A_core_lia_dem_valid
SITE_001_S0292,SITE_001,-6.37989331469222,-12.9998932680428,44.41294860839844,0.1127342878558004,0.0250230612585114,0.1155539858147509,0.0249098164015622,44.41277709932157,44.41277709932157,44.41277709932157,1,True,True,True,A_core_lia_dem_valid
SITE_001_S0293,SITE_001,-4.78888521336837,-15.9542108281604,36.19889068603516,0.1664109096427758,0.0345314211853676,0.1658667895731366,0.0348147008370286,36.19918217646985,36.19918217646985,36.19918217646985,1,True,True,True,A_core_lia_dem_valid
SITE_001_S0294,SITE_001,-7.22418575684262,-14.717658512647,44.4036750793457,0.1136290506356292,0.0261650244147416,0.1135730070317233,0.0263310055037518,44.40347384384914,44.40347384384915,44.40347384384914,1,True,True,True,A_core_lia_dem_valid
SITE_001_S0295,SITE_001,-8.47995659560439,-16.1678697619041,36.17982864379883,0.1251745785205688,0.0275914084186984,0.1247703453083164,0.0274796234701334,36.18008223176941,36.18008223176941,36.18008223176941,1,True,True,True,A_core_lia_dem_valid
SITE_001_S0296,SITE_001,-8.97940287864205,-17.5925971125954,44.41553497314453,0.1164708075672388,0.0234116833367281,0.1148574236725215,0.0234712272858649,44.41575447223938,44.41575447223938,44.41575447223938,1,True,True,True,A_core_lia_dem_valid
SITE_001_S0297,SITE_001,-6.82801772466887,-15.5866652663716,36.19926071166992,0.1315971936782201,0.0320183974038809,0.131723549787277,0.0319119541641102,36.19924691610175,36.19924691610175,36.19924691610175,1,True,True,True,A_core_lia_dem_valid
SITE_001_S0298,SITE_001,-7.80764975467843,-14.0630812215642,44.40301895141602,0.1015169683678282,0.0219852181420558,0.1020733501173463,0.0219788561349757,44.40300110112717,44.40300110112717,44.40300110112717,1,True,True,True,A_core_lia_dem_valid
SITE_001_S0299,SITE_001,-7.47644642675964,-13.3443891356735,36.1795768737793,0.1434798174344712,0.0276277443373368,0.1431067392449517,0.0276876163418278,36.17984489584869,36.17984489584869,36.17984489584869,1,True,True,True,A_core_lia_dem_valid
SITE_001_S0300,SITE_001,-9.92502721596213,-16.4184005002886,44.41688919067383,0.1041345179329315,0.0269093475770205,0.1050795422641583,0.0268601470440626,44.41707390834208,44.41707390834208,44.41707390834208,1,True,True,True,A_core_lia_dem_valid
SITE_001_S0301,SITE_001,-5.10219344486795,-14.9343202820642,36.20383071899414,0.1571533710499685,0.0290615724027156,0.1450646427638519,0.0294877943058532,36.20403525200479,36.20403525200478,36.20403525200479,1,True,True,True,A_core_lia_dem_valid
SITE_001_S0302,SITE_001,-10.052184122505,-14.0672453493179,44.40317916870117,0.115030342239377,0.0260747815115783,0.1158996538605827,0.02585094917088,44.40306454951508,44.40306454951508,44.40306454951508,1,True,True,True,A_core_lia_dem_valid
SITE_001_S0303,SITE_001,-7.23777751466647,-14.9369657503162,36.18109512329102,0.100852253590193,0.0197673854873412,0.1020741465821126,0.0198569278080982,36.18091185107921,36.18091185107921,36.18091185107921,1,True,True,True,A_core_lia_dem_valid
SITE_001_S0304,SITE_001,-6.12084042332219,-18.978896855255,44.41473007202149,0.102006413206972,0.0220494310194351,0.101219150993689,0.0222730771794125,44.41476619930718,44.41476619930718,44.41476619930718,1,True,True,True,A_core_lia_dem_valid
SITE_001_S0305,SITE_001,-9.49036152458029,-14.3312353553619,36.20098495483398,0.1334627288248804,0.0363180640877054,0.1343214034353509,0.0345479974775511,36.20121394731058,36.20121394731058,36.20121394731058,1,True,True,True,A_core_lia_dem_valid
SITE_001_S0306,SITE_001,-6.85436583935707,-12.4304124561514,44.40244674682617,0.128670452195737,0.0319746406417753,0.1278528485097634,0.0320107829327378,44.4025074504785,44.4025074504785,44.4025074504785,1,True,True,True,A_core_lia_dem_valid
SITE_001_S0307,SITE_001,-8.83298677394459,-11.7292779111718,36.17032241821289,0.1356049297915564,0.0309803589542085,0.1379230476124787,0.0313857805303493,36.17058202655278,36.17058202655276,36.17058202655278,1,True,True,True,A_core_lia_dem_valid
SITE_001_S0308,SITE_001,-6.30356990209207,-14.609834662864,44.4094352722168,0.1133512757387426,0.0333254108205428,0.1140548167880278,0.0330736765476502,44.40940637456213,44.40940637456213,44.40940637456213,1,True,True,True,A_core_lia_dem_valid
SITE_001_S0309,SITE_001,-4.23831092264262,-16.0506751666803,36.20357513427734,0.1327719555960761,0.0330270961479413,0.1334622314627523,0.033014644448134,36.20344996752608,36.20344996752608,36.20344996752608,1,True,True,True,A_core_lia_dem_valid
SITE_001_S0310,SITE_001,-5.42602223414905,-16.7218015479915,44.40645599365234,0.1263637282947699,0.0294008551030937,0.1307874036807215,0.0291602968170457,44.40668030050654,44.40668030050654,44.40668030050654,1,True,True,True,A_core_lia_dem_valid
SITE_001_S0311,SITE_001,-10.181383118073,-12.6381931777277,36.17638778686523,0.138513376985987,0.0339750595618453,0.1389993036464776,0.0343235949571761,36.17652756304046,36.17652756304046,36.17652756304046,1,True,True,True,A_core_lia_dem_valid
SITE_001_S0312,SITE_001,-6.46028894568743,-15.4795634767324,44.41286468505859,0.1315603359043598,0.0269744750260997,0.1329419746820205,0.0260938193389278,44.41270215248083,44.41270215248083,44.41270215248083,1,True,True,True,A_core_lia_dem_valid
SITE_001_S0313,SITE_001,-6.00130395416287,-11.6363693165771,36.20336151123047,0.1799726810223526,0.0439343776595261,0.1814134474760956,0.0444643278447566,36.20326200620869,36.20326200620869,36.20326200620869,1,True,True,True,A_core_lia_dem_valid
SITE_001_S0314,SITE_001,-7.86690024192364,-14.8788652992765,44.40351486206055,0.1422292717112707,0.0302966522011492,0.1377447570895252,0.0302765836511497,44.4037006481599,44.40370064815989,44.4037006481599,1,True,True,True,A_core_lia_dem_valid
SITE_001_S0315,SITE_001,-9.72542305386806,-18.3114027845786,36.17786407470703,0.1314411766781187,0.0347246300263537,0.1342781281635159,0.0351333621470832,36.1779319298974,36.17793192989739,36.1779319298974,1,True,True,True,A_core_lia_dem_valid
SITE_001_S0316,SITE_001,-9.98548826549599,-15.1293804540199,44.41604614257812,0.1062370939387215,0.0295624992292788,0.1067893955672596,0.0295569236003966,44.41586855430302,44.41586855430302,44.41586855430302,1,True,True,True,A_core_lia_dem_valid
SITE_001_S0317,SITE_001,-7.35992959314243,-14.1644193504581,36.19843292236328,0.134518735839138,0.0290718004366175,0.1342429525837442,0.0285975056174958,36.19852106560708,36.19852106560708,36.19852106560708,1,True,True,True,A_core_lia_dem_valid
SITE_001_S0318,SITE_001,-9.72911701320177,-13.3351525539914,44.40380096435547,0.1030315724263588,0.0245771398384951,0.1020413830545213,0.0247360893551628,44.40394995254594,44.40394995254594,44.40394995254594,1,True,True,True,A_core_lia_dem_valid
SITE_001_S0319,SITE_001,-2.72746315120251,-11.030169518236,36.17877578735352,0.1656238258464469,0.0514119302253756,0.1776779355125307,0.0512496532895738,36.1790398651699,36.17903986516989,36.1790398651699,1,True,True,True,A_core_lia_dem_valid
SITE_001_S0320,SITE_001,-4.59953233194644,-13.0205939888219,44.41335296630859,0.1482324214468684,0.0320306296046409,0.1399983975228088,0.0319790246471026,44.41314807388018,44.41314807388018,44.41314807388018,1,True,True,True,A_core_lia_dem_valid
SITE_001_S0321,SITE_001,-5.54121831843144,-14.4976857928619,36.19785308837891,0.1680921217633618,0.0362900568494348,0.1674482467721566,0.0372747226916589,36.1981680457128,36.1981680457128,36.1981680457128,1,True,True,True,A_core_lia_dem_valid
SITE_001_S0322,SITE_001,-10.8078218579368,-16.8031571368874,44.40024948120117,0.1113628896491395,0.0305000821128487,0.1117897402182405,0.0305240782874601,44.40024217919186,44.40024217919186,44.40024217919186,1,True,True,True,A_core_lia_dem_valid
SITE_001_S0323,SITE_001,-9.09936459137029,-17.3912875072653,36.17311859130859,0.1186503549168507,0.0288581780519142,0.1189859908414475,0.0291976686628372,36.17306758592714,36.17306758592714,36.17306758592714,1,True,True,True,A_core_lia_dem_valid
SITE_001_S0324,SITE_001,-6.96444928481556,-12.1281067517456,44.41287612915039,0.144094582017925,0.0394577451733251,0.1449354642445658,0.03938829464332,44.41266018793209,44.41266018793209,44.41266018793209,1,True,True,True,A_core_lia_dem_valid
SITE_001_S0325,SITE_001,-4.01166346796428,-13.5395329116121,36.20065689086914,0.1559451256526841,0.0399617598971558,0.1577131631013787,0.0400453356812121,36.20073263230792,36.20073263230793,36.20073263230792,1,True,True,True,A_core_lia_dem_valid
SITE_001_S0326,SITE_001,-5.95853708660139,-16.183239851596,44.40059280395508,0.1011233274059163,0.0243885020994477,0.1019795542670252,0.0245778257809119,44.40034079687078,44.40034079687078,44.40034079687078,1,True,True,True,A_core_lia_dem_valid
SITE_001_S0327,SITE_001,-5.8187091335604,-14.2791997550899,36.17003631591797,0.1603531617588467,0.0425760810395594,0.1590016602890359,0.0423210497232647,36.17035015001868,36.17035015001868,36.17035015001868,1,True,True,True,A_core_lia_dem_valid
SITE_001_S0328,SITE_001,-6.82721317293921,-16.4389791355306,44.40858840942383,0.1341440381089816,0.0312222093043641,0.1225258282680907,0.031261746559499,44.40874951359601,44.40874951359601,44.40874951359601,1,True,True,True,A_core_lia_dem_valid
SITE_001_S0329,SITE_001,-9.25604385278094,-14.4034638293967,36.2058219909668,0.1192356372210714,0.0264034984778198,0.1184265993480329,0.0265212328166321,36.20596309520403,36.20596309520403,36.20596309520403,1,True,True,True,A_core_lia_dem_valid
SITE_001_S0330,SITE_001,-12.6313985663271,-17.762989653203,44.40490341186523,0.1161780337975533,0.0331800957686371,0.1224820244625218,0.0330055353859508,44.40513129866701,44.40513129866699,44.40513129866701,1,True,True,True,A_core_lia_dem_valid
SITE_001_S0331,SITE_001,-8.57414163985103,-13.1008143567371,36.16970062255859,0.1746518434749709,0.0541056026104423,0.1734548012138717,0.0542478615192719,36.16993392848369,36.16993392848369,36.16993392848369,1,True,True,True,A_core_lia_dem_valid
SITE_001_S0332,SITE_001,-8.77331328006518,-11.4799605061493,44.4077262878418,0.145086040339411,0.0416983272135257,0.1472387975134624,0.0422430014817251,44.4076587104496,44.4076587104496,44.4076587104496,1,True,True,True,A_core_lia_dem_valid
SITE_001_S0333,SITE_001,-5.83901589056878,-10.8023391821862,36.20085144042969,0.1790961761607064,0.0643108272026539,0.1773291424836641,0.0649291186833392,36.20078611808616,36.20078611808616,36.20078611808616,1,True,True,True,A_core_lia_dem_valid
SITE_001_S0334,SITE_001,-6.54221613628983,-16.741353457822,44.40337753295898,0.1227085388451814,0.0335816490220306,0.1236633895401969,0.0341352044095416,44.4034627759389,44.4034627759389,44.4034627759389,1,True,True,True,A_core_lia_dem_valid
SITE_001_S0335,SITE_001,-5.97070253035611,-12.2060502236578,36.17212677001953,0.1828127548926406,0.0464993979409337,0.1812468135292515,0.0464636307637448,36.17233271798688,36.17233271798688,36.17233271798688,1,True,True,True,A_core_lia_dem_valid
SITE_001_S0336,SITE_001,-6.85996082519679,-11.9270687035706,44.4084587097168,0.1541846798825401,0.0402410353554619,0.1462463814899912,0.0400236065216638,44.4082663888059,44.4082663888059,44.4082663888059,1,True,True,True,A_core_lia_dem_valid
SITE_001_S0337,SITE_001,-11.1166022911627,-15.006565651028,36.19510650634766,0.1378666541559828,0.0359978328407224,0.1370426598973112,0.035790429332489,36.19533640063783,36.19533640063783,36.19533640063783,1,True,True,True,A_core_lia_dem_valid
SITE_001_S0338,SITE_001,-8.85097950499136,-16.2286210217918,44.39960098266602,0.1085346772974351,0.0233151023110581,0.1056175149121798,0.0231536518989337,44.39960089509591,44.3996008950959,44.39960089509591,1,True,True,True,A_core_lia_dem_valid
SITE_001_S0339,SITE_001,-9.21780628911024,-15.6773752780805,36.17835235595703,0.1427662595609823,0.0427847896661195,0.1434808613102377,0.0428085503993946,36.17822284981013,36.17822284981012,36.17822284981013,1,True,True,True,A_core_lia_dem_valid
SITE_001_S0340,SITE_001,-7.65779694398993,-10.9725270204785,44.41405868530273,0.140990385930544,0.0485592997742379,0.1419334550211173,0.0462058241011667,44.41392783075335,44.41392783075335,44.41392783075335,1,True,True,True,A_core_lia_dem_valid
SITE_001_S0341,SITE_001,-6.49511491808945,-12.3352354051883,36.19403839111328,0.172876706123352,0.0557210090694328,0.1715047364893518,0.0555096022009757,36.19415524200823,36.19415524200823,36.19415524200823,1,True,True,True,A_core_lia_dem_valid
SITE_001_S0342,SITE_001,-5.47975682523017,-15.0707757723012,44.39754486083984,0.1208053500950336,0.0363567957608625,0.1209144404043018,0.0368973834620245,44.39739600490077,44.39739600490077,44.39739600490077,1,True,True,True,A_core_lia_dem_valid
SITE_001_S0343,SITE_001,-4.86822057775686,-14.8882501446146,36.17929077148438,0.1527262114303117,0.0390759827548431,0.1509073715707415,0.0386106889826004,36.17950325492043,36.17950325492043,36.17950325492043,1,True,True,True,A_core_lia_dem_valid
SITE_001_S0344,SITE_001,-7.93665113508093,-16.3977495052694,44.41586303710938,0.1290294163508547,0.0367871303918461,0.1286918062735119,0.0361058709207048,44.4157933740727,44.4157933740727,44.4157933740727,1,True,True,True,A_core_lia_dem_valid
SITE_001_S0345,SITE_001,-6.68031948956283,-13.2218093018768,36.19826889038086,0.1242728362936112,0.0304404749369455,0.1244564910205426,0.0301372016230483,36.19838249413132,36.19838249413132,36.19838249413132,1,True,True,True,A_core_lia_dem_valid
SITE_001_S0346,SITE_001,-8.54444882350579,-10.591329893244,44.39945602416992,0.1225500783903731,0.0504886797481495,0.1246366924958096,0.0486936113348879,44.39935974504963,44.39935974504963,44.39935974504963,1,True,True,True,A_core_lia_dem_valid
SITE_001_S0347,SITE_001,-4.89585316754163,-10.5274595033759,36.17327499389648,0.1911322743197282,0.0550936512856019,0.1896712581960507,0.0547888288958054,36.17356877975487,36.17356877975488,36.17356877975487,1,True,True,True,A_core_lia_dem_valid
SITE_001_S0348,SITE_001,-9.40417721003284,-14.2695782159152,44.41391754150391,0.1460944687409533,0.0357754090242087,0.1449497042881485,0.0355110110349401,44.41370811053773,44.41370811053773,44.41370811053773,1,True,True,True,A_core_lia_dem_valid
SITE_001_S0349,SITE_001,-8.9549973734958,-12.2297177356985,36.23107528686523,0.2084410553508334,0.0441021535338626,0.2052903969034,0.0443750189405716,36.23128704513555,36.23128704513555,36.23128704513555,1,True,True,True,A_core_lia_dem_valid
SITE_001_S0350,SITE_001,-9.17401248987389,-9.24062712051233,44.52874755859375,0.1438857535852326,0.0405743675368527,0.1423833632340402,0.0409175877339377,44.52857162667521,44.52857162667521,44.52857162667521,1,True,True,True,A_core_lia_dem_valid
SITE_001_S0351,SITE_001,-7.25006564032568,-12.3158604073881,36.13216781616211,0.1589121908019859,0.0470835035584039,0.1603075645486461,0.0472679009364434,36.13229644530827,36.13229644530827,36.13229644530827,1,True,True,True,A_core_lia_dem_valid
SITE_001_S0352,SITE_001,-9.83520005549339,-15.4681167610232,44.43973541259766,0.1304157572901911,0.0373079432733357,0.1305773543032967,0.0372289106141729,44.43960775921693,44.43960775921693,44.43960775921693,1,True,True,True,A_core_lia_dem_valid
SITE_001_S0353,SITE_001,-7.1841027235548,-11.495200069646,36.23427200317383,0.1971107312043508,0.0525225536980562,0.196978646290523,0.0524334655177814,36.2340429090104,36.2340429090104,36.2340429090104,1,True,True,True,A_core_lia_dem_valid
SITE_001_S0354,SITE_001,-5.68652325706481,-11.6999488328079,44.53227996826172,0.1483140359818935,0.0425697437715199,0.1464357053589673,0.0425972728074792,44.53216280393053,44.53216280393053,44.53216280393053,1,True,True,True,A_core_lia_dem_valid
SITE_001_S0355,SITE_001,-10.0960886685525,-16.4854496596492,36.13837432861328,0.1580571956104702,0.0356067088825835,0.1574817364359343,0.0358556016240222,36.13855461744392,36.13855461744392,36.13855461744392,1,True,True,True,A_core_lia_dem_valid
SITE_001_S0356,SITE_001,-8.55515777626786,-11.9883431709541,44.443115234375,0.1246630413085222,0.0308559974696901,0.1244073129169367,0.0310474246105662,44.44288800489458,44.44288800489458,44.44288800489458,1,True,True,True,A_core_lia_dem_valid
SITE_001_S0357,SITE_001,-7.68658393279233,-14.1202687434797,36.23013305664063,0.2071073112885157,0.0403476553327507,0.2064151992731624,0.0406338800370325,36.23043065462596,36.23043065462596,36.23043065462596,1,True,True,True,A_core_lia_dem_valid
SITE_001_S0358,SITE_001,-11.5943514788808,-16.794152540892,44.53240585327149,0.130098864601718,0.0348874897028533,0.1295845365147163,0.0367903187921656,44.53240839600262,44.53240839600262,44.53240839600262,1,True,True,True,A_core_lia_dem_valid
SITE_001_S0359,SITE_001,-7.50543383282488,-12.5199314136808,36.1466064453125,0.1799769834180673,0.044731334120863,0.1789033018788438,0.0449277906667119,36.14654462248189,36.14654462248189,36.14654462248189,1,True,True,True,A_core_lia_dem_valid
SITE_001_S0360,SITE_001,-9.49251210143995,-14.9307211421937,44.44647216796875,0.1289507583280404,0.0425744546929167,0.1290139632681269,0.0424215013181997,44.44665834949582,44.44665834949582,44.44665834949582,1,True,True,True,A_core_lia_dem_valid
SITE_001_S0361,SITE_001,-10.587451862634,-12.0790456767039,36.22240447998047,0.2129371542069647,0.0497345629251665,0.2096979641068129,0.0496701615234767,36.22271659179304,36.22271659179305,36.22271659179304,1,True,True,True,A_core_lia_dem_valid
SITE_001_S0362,SITE_001,-8.59203271016721,-14.4020793605271,44.52567672729492,0.1794206404520405,0.046770395108809,0.1784128100599771,0.0467893392259232,44.52581880788888,44.52581880788888,44.52581880788888,1,True,True,True,A_core_lia_dem_valid
SITE_001_S0363,SITE_001,-8.35097775986796,-12.7527859433415,36.14665985107422,0.1598928763800197,0.0406762170170744,0.1581485161148471,0.0405708804174705,36.14686328559045,36.14686328559044,36.14686328559045,1,True,True,True,A_core_lia_dem_valid
SITE_001_S0364,SITE_001,-6.14654633904959,-17.014239669524,44.44837188720703,0.1154233994914425,0.0326535846603413,0.1150283582591348,0.0326744528190681,44.44854442020564,44.44854442020564,44.44854442020564,1,True,True,True,A_core_lia_dem_valid
SITE_001_S0365,SITE_001,-11.8226739523841,-16.5547180800885,36.22501754760742,0.1336848179002603,0.0375656235549185,0.1330256789334026,0.0371398859475681,36.2251177511646,36.22511775116459,36.2251177511646,1,True,True,True,A_core_lia_dem_valid
SITE_001_S0366,SITE_001,-9.87788761400494,-16.7608552679323,44.52608108520508,0.094715626405345,0.0338787489156756,0.0941562126448125,0.0338856595825909,44.52603773659104,44.52603773659104,44.52603773659104,1,True,True,True,A_core_lia_dem_valid
SITE_001_S0367,SITE_001,-9.9509954250167,-17.477950229067,36.14308166503906,0.1347790211780617,0.037706161249015,0.1337360809965312,0.0374013124369544,36.14327765994202,36.14327765994202,36.14327765994202,1,True,True,True,A_core_lia_dem_valid
SITE_001_S0368,SITE_001,-9.88370695195646,-15.1408830118561,44.44801712036133,0.0980730429871214,0.0257667437402738,0.0981334354912425,0.0260082829042257,44.44791239132671,44.44791239132671,44.44791239132671,1,True,True,True,A_core_lia_dem_valid
SITE_001_S0369,SITE_001,-3.91077740982157,-16.1481711508502,36.23267364501953,0.1356843415399392,0.0339175936786664,0.135831974102759,0.0344602123822695,36.23255313079661,36.23255313079662,36.23255313079661,1,True,True,True,A_core_lia_dem_valid
SITE_001_S0370,SITE_001,-10.8278584855997,-16.7047130750509,44.53023910522461,0.1090594061795208,0.028677704922027,0.1086563970802283,0.0287747788245295,44.53042457702962,44.53042457702962,44.53042457702962,1,True,True,True,A_core_lia_dem_valid
SITE_001_S0371,SITE_001,-7.73737956797944,-12.813747871995,36.14164733886719,0.1143401938511265,0.0370461813836461,0.1148706505714375,0.0368405094689885,36.14165562713112,36.14165562713112,36.14165562713112,1,True,True,True,A_core_lia_dem_valid
SITE_001_S0372,SITE_001,-10.0301459576023,-17.2683078636349,44.44689178466797,0.109980571427279,0.0298288112754623,0.1103109044857599,0.0297644002742513,44.44679645930135,44.44679645930135,44.44679645930135,1,True,True,True,A_core_lia_dem_valid
SITE_001_S0373,SITE_001,-9.9471798497596,-19.2848359125415,36.23503112792969,0.1190768759118186,0.0328181268968102,0.1186081959150823,0.0320654556539569,36.23523416513163,36.23523416513163,36.23523416513163,1,True,True,True,A_core_lia_dem_valid
SITE_001_S0374,SITE_001,-9.964567839093,-13.0440168327539,44.53348922729492,0.097874613776803,0.0279018561003936,0.0973386064613306,0.0277717781740513,44.53351510099811,44.53351510099811,44.53351510099811,1,True,True,True,A_core_lia_dem_valid
SITE_001_S0375,SITE_001,-9.24292467396983,-13.9896967947288,36.13729095458984,0.1054970581912332,0.0346132611080809,0.1066531118410237,0.0339057921122295,36.13722307383173,36.13722307383173,36.13722307383173,1,True,True,True,A_core_lia_dem_valid
SITE_001_S0376,SITE_001,-10.2911068861661,-14.5578036244662,44.44183349609375,0.1029981111900674,0.0339896773112597,0.1026686468159343,0.0340168472374476,44.44188905684163,44.44188905684163,44.44188905684163,1,True,True,True,A_core_lia_dem_valid
SITE_001_S0377,SITE_001,-10.0874973427966,-12.4997977510664,36.23259735107422,0.1324372412843836,0.0262818639042476,0.1314074286882892,0.0262469354225897,36.2325919634297,36.2325919634297,36.2325919634297,1,True,True,True,A_core_lia_dem_valid
SITE_001_S0378,SITE_001,-9.06136319604378,-12.4352722670272,44.53357696533203,0.100197506505582,0.0331343817838082,0.1012700426348058,0.0323389107794358,44.53341394580385,44.53341394580385,44.53341394580385,1,True,True,True,A_core_lia_dem_valid
SITE_001_S0379,SITE_001,-6.39554671789566,-14.1244926938357,36.14300918579102,0.1468024631413643,0.0338230337409509,0.1491317027690747,0.0340804312106819,36.14298734157931,36.14298734157931,36.14298734157931,1,True,True,True,A_core_lia_dem_valid
SITE_001_S0380,SITE_001,-5.04358547836099,-15.1372166091953,44.44618988037109,0.1829852599473857,0.030783877276505,0.1754922087298268,0.0307065317796117,44.44595603617034,44.44595603617034,44.44595603617034,1,True,True,True,A_core_lia_dem_valid
SITE_001_S0381,SITE_001,-7.57970685140957,-12.4924675673696,36.23304748535156,0.1485360090451677,0.036909024908516,0.14334494100213,0.0353373142213197,36.23298627203968,36.23298627203968,36.23298627203968,1,True,True,True,A_core_lia_dem_valid
SITE_001_S0382,SITE_001,-10.5685354061269,-13.8653632829496,44.53208923339844,0.1275948780787651,0.028450050694454,0.1311939892412539,0.0282796943191162,44.53206133398584,44.53206133398584,44.53206133398584,1,True,True,True,A_core_lia_dem_valid
SITE_001_S0383,SITE_001,-8.59052661170655,-13.6046957366016,36.15092468261719,0.1218069397326972,0.0285995664908033,0.1209010504121765,0.0289051486264891,36.15067289100503,36.15067289100503,36.15067289100503,1,True,True,True,A_core_lia_dem_valid
SITE_001_S0384,SITE_001,-8.69088957491142,-17.7139687272062,44.44979858398438,0.0962358759674761,0.024178917898486,0.0962348391612371,0.0242096255479932,44.44979431781523,44.44979431781523,44.44979431781523,1,True,True,True,A_core_lia_dem_valid
SITE_001_S0385,SITE_001,-5.68166019724298,-12.2438618743834,36.23020935058594,0.1414156136744552,0.0413383227064378,0.1403638009432657,0.0386049921845512,36.23006190330558,36.23006190330558,36.23006190330558,1,True,True,True,A_core_lia_dem_valid
SITE_001_S0386,SITE_001,-14.4475473553128,-12.7652229677536,44.53165817260742,0.1106349137785794,0.030373955782281,0.1099346245280541,0.0293786362268824,44.53163591157979,44.53163591157979,44.53163591157979,1,True,True,True,A_core_lia_dem_valid
SITE_001_S0387,SITE_001,-5.462080268091,-14.6573367290785,36.1472282409668,0.1650765787975655,0.0307272996919022,0.1680376624308822,0.0308487377166288,36.14726875696611,36.14726875696611,36.14726875696611,1,True,True,True,A_core_lia_dem_valid
SITE_001_S0388,SITE_001,-9.16526498417745,-13.6994007112143,44.45137786865234,0.1123701268020603,0.0289214800050989,0.1116563261162351,0.0279234515183499,44.45135015299875,44.45135015299875,44.45135015299875,1,True,True,True,A_core_lia_dem_valid
SITE_001_S0389,SITE_001,-5.05457032298632,-11.2396249268151,36.23258972167969,0.1698335891791634,0.0376993222037951,0.1666431633172117,0.0382507712950426,36.2329048955527,36.2329048955527,36.2329048955527,1,True,True,True,A_core_lia_dem_valid
SITE_001_S0390,SITE_001,-9.63997464971159,-16.4081798275516,44.52884292602539,0.1162061932059724,0.0233711872705154,0.1146297908731597,0.0235929349819083,44.52910752926233,44.52910752926233,44.52910752926233,1,True,True,True,A_core_lia_dem_valid
SITE_001_S0391,SITE_001,-5.8414808145173,-13.3927089282541,36.1403694152832,0.1482833603438403,0.0350148940665854,0.1516939141685779,0.0346903826721748,36.14040572657584,36.14040572657584,36.14040572657584,1,True,True,True,A_core_lia_dem_valid
SITE_001_S0392,SITE_001,-6.29718489439499,-15.3881885196825,44.44689559936523,0.1114646437422321,0.0261995619411269,0.1110075352783653,0.0263038941957976,44.44704567460983,44.44704567460983,44.44704567460983,1,True,True,True,A_core_lia_dem_valid
SITE_001_S0393,SITE_001,-5.02412269199462,-9.2837632328586,36.2314567565918,0.139882579487231,0.0569949055637806,0.1418051314970225,0.0491920545827691,36.23115388617286,36.23115388617286,36.23115388617286,1,True,True,True,A_core_lia_dem_valid
SITE_001_S0394,SITE_001,-9.69252394169746,-18.7187760083306,44.53105545043945,0.1241046732545282,0.0256052488093837,0.1235783298843057,0.0274166670858757,44.53092177373319,44.53092177373319,44.53092177373319,1,True,True,True,A_core_lia_dem_valid
SITE_001_S0395,SITE_001,-6.87851750254123,-11.4134423263043,36.13959503173828,0.1773419228196144,0.0472725073677229,0.1767581216567827,0.0487501735275259,36.13961914822074,36.13961914822074,36.13961914822074,1,True,True,True,A_core_lia_dem_valid
SITE_001_S0396,SITE_001,-6.87914171607255,-13.8308598834697,44.44254302978516,0.1134901872773965,0.0327923345742623,0.1132228276556656,0.0320424487559253,44.44234396714615,44.44234396714614,44.44234396714615,1,True,True,True,A_core_lia_dem_valid
SITE_001_S0397,SITE_001,-3.85267555030253,-14.4326863387224,36.23320770263672,0.2434926832105867,0.0378963393280253,0.2412862927533087,0.038842066697667,36.23355914197203,36.23355914197203,36.23355914197203,1,True,True,True,A_core_lia_dem_valid
SITE_001_S0398,SITE_001,-6.43742004530163,-15.0808253822088,44.53455352783203,0.1404840802484088,0.0361480300459596,0.1407196255138626,0.0361100139243551,44.5347166223448,44.5347166223448,44.5347166223448,1,True,True,True,A_core_lia_dem_valid
SITE_001_S0399,SITE_001,-3.64231020703611,-11.5523249978675,36.14406967163086,0.2258673936580698,0.0469029212546431,0.2291904243051658,0.0468943720914561,36.14408952367587,36.14408952367587,36.14408952367587,1,True,True,True,A_core_lia_dem_valid
SITE_001_S0400,SITE_001,-14.2088093464957,-19.980686065501,44.44640350341797,0.113143356212091,0.0289010464786277,0.1244424175044551,0.0293167569524136,44.44666387480586,44.44666387480586,44.44666387480586,1,True,True,True,A_core_lia_dem_valid
SITE_001_S0401,SITE_001,-7.34007256642306,-17.9068455771256,36.23199081420898,0.1626281518465108,0.0382159528922703,0.1635643196717148,0.0386104714715099,36.23207144827212,36.23207144827212,36.23207144827212,1,True,True,True,A_core_lia_dem_valid
SITE_001_S0402,SITE_001,-6.36116206818915,-10.8150592048409,44.53239822387695,0.1382192837999884,0.0373727429797531,0.1421796346890061,0.0365869709639695,44.5324196997904,44.5324196997904,44.5324196997904,1,True,True,True,A_core_lia_dem_valid
SITE_001_S0403,SITE_001,-7.22114314859445,-10.3813338353274,36.14708709716797,0.1533727089447228,0.0359190019817341,0.1513357971412086,0.0367593668582346,36.14697842516836,36.14697842516836,36.14697842516836,1,True,True,True,A_core_lia_dem_valid
SITE_001_S0404,SITE_001,-3.86163958480229,-14.4583639127961,44.45106887817383,0.1812949301859081,0.0315353841831286,0.1541380225596433,0.0317458447988754,44.45090248247588,44.45090248247588,44.45090248247588,1,True,True,True,A_core_lia_dem_valid
SITE_001_S0405,SITE_001,-8.53365678537805,-12.163564419119,36.22731399536133,0.1537943067153294,0.0462922214456766,0.1528526335361397,0.0425874601754862,36.22714644498046,36.22714644498046,36.22714644498046,1,True,True,True,A_core_lia_dem_valid
SITE_001_S0406,SITE_001,-6.21349066928155,-16.1823292625753,44.53044128417969,0.1066466686005393,0.0240984877716926,0.1069263748829195,0.0244402459337118,44.53024254590836,44.53024254590836,44.53024254590836,1,True,True,True,A_core_lia_dem_valid
SITE_001_S0407,SITE_001,-5.44621450506735,-10.7034785409381,36.14381408691406,0.2082730095528521,0.0485111639503803,0.2152499611743056,0.0492249877143044,36.14377963309784,36.14377963309784,36.14377963309784,1,True,True,True,A_core_lia_dem_valid
SITE_001_S0408,SITE_001,-6.21633360895494,-13.6757997187311,44.44580841064453,0.1528246754660973,0.0283190174721595,0.156850063515226,0.0285663518372695,44.44570746862387,44.44570746862387,44.44570746862387,1,True,True,True,A_core_lia_dem_valid
SITE_001_S0409,SITE_001,-6.55301886013548,-11.9472083026593,36.2253303527832,0.1883528762596257,0.0347347322437498,0.1957573923020698,0.0383208596699494,36.22536739133439,36.22536739133438,36.22536739133439,1,True,True,True,A_core_lia_dem_valid
SITE_001_S0410,SITE_001,-9.78079743197948,-12.1235081778643,44.52573776245117,0.1198080613298548,0.0278499625395569,0.1185049622229956,0.0277853533227778,44.52585155395661,44.52585155395661,44.52585155395661,1,True,True,True,A_core_lia_dem_valid
SITE_001_S0411,SITE_001,-6.40259363804473,-13.1128426286682,36.14953994750977,0.1216991113457414,0.0421012526460819,0.1213005073092601,0.0420314663317468,36.14948544685543,36.14948544685542,36.14948544685543,1,True,True,True,A_core_lia_dem_valid
SITE_001_S0412,SITE_001,-8.59665673286191,-17.6613053009788,44.45131683349609,0.1059616875069009,0.0334139382942683,0.1049119825642786,0.0329458476785346,44.45136489892209,44.45136489892209,44.45136489892209,1,True,True,True,A_core_lia_dem_valid
SITE_001_S0413,SITE_001,-4.78069041579151,-12.8927655721973,36.22934722900391,0.1647009969573133,0.0481447449403857,0.1621250352582752,0.0475250992092836,36.2291176268937,36.22911762689369,36.2291176268937,1,True,True,True,A_core_lia_dem_valid
SITE_001_S0414,SITE_001,-8.42434700753098,-14.2643391919879,44.45106506347656,0.1289462309992975,0.0362041008034913,0.1293549783297894,0.0354065770475541,44.45097104156216,44.45097104156216,44.45097104156216,1,True,True,True,A_core_lia_dem_valid
SITE_001_S0415,SITE_001,-6.37740777911793,-14.4635046738742,36.23398208618164,0.1395332143041822,0.041193580482569,0.1387255207531982,0.041132381386411,36.23377782713692,36.23377782713692,36.23377782713692,1,True,True,True,A_core_lia_dem_valid
SITE_001_S0416,SITE_001,-10.2905318602946,-17.1146241521086,44.5308837890625,0.0965189562158452,0.0282802918532656,0.0959656577465342,0.028466658944287,44.53102732981284,44.53102732981284,44.53102732981284,1,True,True,True,A_core_lia_dem_valid
SITE_001_S0417,SITE_001,-6.6448829976387,-19.9542922592309,36.1399040222168,0.1527544636279344,0.0394961815234273,0.1510235307347259,0.0391325482674357,36.13994927565959,36.13994927565959,36.13994927565959,1,True,True,True,A_core_lia_dem_valid
SITE_001_S0418,SITE_001,-9.34250762108687,-15.178877157481,44.44829559326172,0.1017930394073859,0.0315581712809701,0.1034858189183031,0.0318696135422789,44.44814849997919,44.44814849997919,44.44814849997919,1,True,True,True,A_core_lia_dem_valid
SITE_001_S0419,SITE_001,-7.68485613720106,-14.1619964899715,36.13674926757812,0.1488889216217729,0.0406625191122293,0.1492576322364218,0.0404540411493292,36.13689973190977,36.13689973190977,36.13689973190977,1,True,True,True,A_core_lia_dem_valid
SITE_001_S0420,SITE_001,-5.86803736554262,-18.4968866921201,44.44224548339844,0.1379464086641868,0.0315412435535755,0.1384639096738379,0.0316797398994274,44.44228613511572,44.44228613511572,44.44228613511572,1,True,True,True,A_core_lia_dem_valid
SITE_001_S0421,SITE_001,-4.05176157800307,-16.3459368905752,36.23170471191406,0.1895386445273955,0.0301173414309922,0.1911634913601993,0.0300759437631293,36.23174348904675,36.23174348904675,36.23174348904675,1,True,True,True,A_core_lia_dem_valid
SITE_001_S0422,SITE_001,-7.03035004429106,-15.5335547114573,44.53095626831055,0.1169840995139545,0.0306096393773383,0.1168804769530708,0.0314220052487541,44.53086820226956,44.53086820226956,44.53086820226956,1,True,True,True,A_core_lia_dem_valid
SITE_001_S0423,SITE_001,-8.60384225190945,-20.6318518095711,36.14361572265625,0.1499133284441465,0.0306095068472334,0.1562573940023828,0.0307605191401355,36.14351040843451,36.14351040843451,36.14351040843451,1,True,True,True,A_core_lia_dem_valid
SITE_001_S0424,SITE_001,-5.69309007599584,-14.7086094280683,44.44623565673828,0.1092908397565285,0.0301007609319357,0.1105330159480649,0.0298841122497139,44.44626272338252,44.44626272338252,44.44626272338252,1,True,True,True,A_core_lia_dem_valid
SITE_001_S0425,SITE_001,-6.95361962104504,-12.7334351583747,36.2276725769043,0.1445539469851388,0.0343832664295203,0.1479685970956896,0.034558310463697,36.22751349355565,36.22751349355565,36.22751349355565,1,True,True,True,A_core_lia_dem_valid
SITE_001_S0426,SITE_001,-8.25521216659716,-16.123514988699,44.5297966003418,0.1189696674016097,0.0256148203623543,0.1189495250814096,0.0262071098524662,44.52993058752315,44.52993058752315,44.52993058752315,1,True,True,True,A_core_lia_dem_valid
SITE_001_S0427,SITE_001,-4.12093268281727,-13.4738213862851,44.45083618164063,0.1302422924588124,0.0327644804658161,0.1307519916740754,0.0329126161870397,44.45059623502199,44.45059623502199,44.45059623502199,1,True,True,True,A_core_lia_dem_valid
SITE_001_S0428,SITE_001,-6.63330768224777,-12.4403591479781,36.22718811035156,0.1679164263025437,0.041697596291405,0.1697320350435197,0.0388986874080173,36.22748782008267,36.22748782008267,36.22748782008267,1,True,True,True,A_core_lia_dem_valid
SITE_001_S0429,SITE_001,-7.96005106648697,-16.002897616049,44.52724075317383,0.118273027183281,0.0276974083710875,0.1173923345075713,0.0279840244582349,44.52702726923568,44.52702726923568,44.52702726923568,1,True,True,True,A_core_lia_dem_valid
SITE_001_S0430,SITE_001,-9.14360768477349,-15.0846022717784,36.14426803588867,0.1485765772312879,0.0348845431696121,0.1492125768453618,0.0350466151889795,36.14399529165065,36.14399529165065,36.14399529165065,1,True,True,True,A_core_lia_dem_valid
SITE_001_S0431,SITE_001,-7.68019766817284,-14.634466220778,44.44762802124024,0.117232084588872,0.029750901117093,0.1170788818788812,0.0296927937621503,44.44785752118726,44.44785752118726,44.44785752118726,1,True,True,True,A_core_lia_dem_valid
SITE_001_S0432,SITE_001,-3.63011175021421,-10.7404261077194,36.22998046875,0.1868510552247365,0.0392729295252098,0.1897640552178007,0.0394349799953677,36.22969578931194,36.22969578931194,36.22969578931194,1,True,True,True,A_core_lia_dem_valid
SITE_001_S0433,SITE_001,-7.45200117682118,-14.31665056741,44.52865982055664,0.1218024121473232,0.0294392169825732,0.1214311237522849,0.0296465063092793,44.52857670916117,44.52857670916117,44.52857670916117,1,True,True,True,A_core_lia_dem_valid
SITE_001_S0434,SITE_001,-6.07887246885,-13.4055296522483,36.14208602905273,0.1566849937372737,0.0352735859114262,0.1559762067761686,0.0354182439136468,36.14186183336474,36.14186183336474,36.14186183336474,1,True,True,True,A_core_lia_dem_valid
SITE_001_S0435,SITE_001,-6.06107138876335,-13.9228383744905,44.44694137573242,0.135434369991223,0.0412326699236614,0.1378086740459189,0.041225243139851,44.44683072793945,44.44683072793945,44.44683072793945,1,True,True,True,A_core_lia_dem_valid
SITE_001_S0436,SITE_001,-8.11693706148985,-17.7622927959583,36.23184967041016,0.177341330539849,0.0400428003878891,0.1771308688055953,0.042208966640498,36.23210476686494,36.23210476686494,36.23210476686494,1,True,True,True,A_core_lia_dem_valid
SITE_001_S0437,SITE_001,-4.66960942565486,-11.1691669688412,36.14211654663086,0.2097325688171417,0.0429253544889976,0.1898524758978425,0.040773820762082,36.14216349120402,36.14216349120402,36.14216349120402,1,True,True,True,A_core_lia_dem_valid
SITE_001_S0438,SITE_001,-7.38491839808729,-15.0621662413835,44.44395446777344,0.1456033433775601,0.0283368534843126,0.1420868588092305,0.0284551436688613,44.44371807699441,44.44371807699441,44.44371807699441,1,True,True,True,A_core_lia_dem_valid
SITE_001_S0439,SITE_001,-4.92864834382527,-9.5444748407103,36.23219299316406,0.2103783511618773,0.0573998907912108,0.2095322293834185,0.0577543283663834,36.23214877915479,36.23214877915479,36.23214877915479,1,True,True,True,A_core_lia_dem_valid
SITE_001_S0440,SITE_001,-2.00481411305632,-13.7437429472704,44.53464126586914,0.3202373782080039,0.0342155514947242,0.2709930947506845,0.0349745657833086,44.53442433667116,44.53442433667117,44.53442433667116,1,True,True,True,A_core_lia_dem_valid
SITE_001_S0441,SITE_001,-5.20869283140806,-12.4430448119074,36.14535522460938,0.1768101599150233,0.0424707320519181,0.1759821634675249,0.0408243312816399,36.14515333076412,36.14515333076412,36.14515333076412,1,True,True,True,A_core_lia_dem_valid
SITE_001_S0442,SITE_001,-8.58964677538182,-15.0490837413603,44.44655990600586,0.1097415868611436,0.0288635088099787,0.1130481067105343,0.029084433901848,44.44636888639195,44.44636888639195,44.44636888639195,1,True,True,True,A_core_lia_dem_valid
SITE_001_S0443,SITE_001,-4.83750802163624,-12.2784423881743,36.23633575439453,0.1606972285939587,0.0514146253384935,0.1623757128463483,0.0525573461224891,36.23625182385036,36.23625182385035,36.23625182385036,1,True,True,True,A_core_lia_dem_valid
SITE_001_S0444,SITE_001,-8.5910491719749,-11.0893474480736,44.53498458862305,0.1488403482686942,0.0322127660426,0.1475266055555243,0.0326399900412393,44.53506121224836,44.53506121224836,44.53506121224836,1,True,True,True,A_core_lia_dem_valid
SITE_001_S0445,SITE_001,-5.80614393270098,-16.6314350156946,36.14525985717773,0.1816409071341643,0.0305376137213574,0.1772545489438989,0.0307401978928172,36.14513894399808,36.14513894399808,36.14513894399808,1,True,True,True,A_core_lia_dem_valid
SITE_001_S0446,SITE_001,-11.5898141080991,-12.2520804573816,44.44637298583984,0.1220674840774801,0.0336596266449325,0.1213286146661127,0.0338580644965447,44.44654297490547,44.44654297490546,44.44654297490547,1,True,True,True,A_core_lia_dem_valid
SITE_001_S0447,SITE_001,-8.17832248640842,-12.9149133838102,36.22746276855469,0.1632147487102425,0.0390474702086713,0.1727131586602307,0.0393148197224478,36.22752407533085,36.22752407533085,36.22752407533085,1,True,True,True,A_core_lia_dem_valid
SITE_001_S0448,SITE_001,-5.46681873603401,-14.4453742147192,44.53017425537109,0.1280150008698304,0.0243033141353064,0.1276351295264415,0.0249948631423023,44.52994186690177,44.52994186690177,44.52994186690177,1,True,True,True,A_core_lia_dem_valid
SITE_001_S0449,SITE_001,-5.39776290763991,-13.2262493765543,36.14397430419922,0.2120025220742465,0.0376646227265397,0.1982248141118245,0.0375265732835253,36.14372562477981,36.1437256247798,36.14372562477981,1,True,True,True,A_core_lia_dem_valid
SITE_001_S0450,SITE_001,-6.63916028338325,-13.2653123067595,44.4476432800293,0.1282334612350295,0.0263934178567594,0.1250289039724901,0.0267459829664561,44.44753550339949,44.44753550339949,44.44753550339949,1,True,True,True,A_core_lia_dem_valid
SITE_001_S0451,SITE_001,-7.73402536837208,-8.58410664035389,36.22739410400391,0.1632108254965548,0.0448255014659853,0.1791400584535476,0.0429535661812691,36.22727844603875,36.22727844603875,36.22727844603875,1,True,True,True,A_core_lia_dem_valid
SITE_001_S0452,SITE_001,-7.25891014351842,-11.9776750258648,44.52758407592773,0.1156689867708418,0.0303133698470062,0.1155551005807923,0.0306273948431106,44.5276757630585,44.5276757630585,44.5276757630585,1,True,True,True,A_core_lia_dem_valid
SITE_001_S0453,SITE_001,-6.75134039716628,-14.9101733507399,36.14154815673828,0.1765508682367935,0.0411213792798419,0.1757139435573925,0.0408322919435872,36.14181553900449,36.1418155390045,36.14181553900449,1,True,True,True,A_core_lia_dem_valid
SITE_001_S0454,SITE_001,-7.23946649829565,-15.5514511336655,44.44713973999024,0.1407425094395876,0.0317991809133026,0.1403198142639313,0.0318093266531273,44.44729148790349,44.44729148790349,44.44729148790349,1,True,True,True,A_core_lia_dem_valid
SITE_001_S0455,SITE_001,-10.0247265771548,-13.2152870976338,36.23678207397461,0.1434489622794919,0.0375779037301739,0.1439522715400398,0.0373406323082285,36.23670236479561,36.23670236479561,36.23670236479561,1,True,True,True,A_core_lia_dem_valid
SITE_001_S0456,SITE_001,-6.27742272220343,-16.2133965635826,44.53418731689453,0.1262319102841946,0.0258608771074149,0.1261787801651305,0.0263140913968284,44.53437764153652,44.53437764153652,44.53437764153652,1,True,True,True,A_core_lia_dem_valid
SITE_001_S0457,SITE_001,-5.03739559855132,-12.5419682674792,36.14375305175781,0.1643029118743207,0.0373185434911308,0.1630414603862129,0.0355012011698842,36.14386711948583,36.14386711948584,36.14386711948583,1,True,True,True,A_core_lia_dem_valid
SITE_001_S0458,SITE_001,-7.03370210635148,-14.1634140917104,44.44741821289063,0.116846268226703,0.0306013538108931,0.1169692634542783,0.0308026091506083,44.44764975709237,44.44764975709237,44.44764975709237,1,True,True,True,A_core_lia_dem_valid
SITE_001_S0459,SITE_001,-8.11464905060472,-14.1579230391699,36.23330688476562,0.1674797769056426,0.032594527480089,0.1661498715920401,0.0326885022009778,36.23327074324757,36.23327074324757,36.23327074324757,1,True,True,True,A_core_lia_dem_valid
SITE_001_S0460,SITE_001,-8.39347230140285,-13.0317084958718,44.53384017944336,0.1204629089768132,0.0272041059279482,0.1192589450648869,0.0274109248746971,44.53374459608545,44.53374459608545,44.53374459608545,1,True,True,True,A_core_lia_dem_valid
SITE_001_S0461,SITE_001,-7.93363490717629,-9.64107647139428,36.1422119140625,0.140056255929968,0.0622175550060012,0.1416261704443014,0.0520899331072964,36.14235721081354,36.14235721081354,36.14235721081354,1,True,True,True,A_core_lia_dem_valid
SITE_001_S0462,SITE_001,-11.5838940398172,-15.1393995433754,44.44575119018555,0.0937279855377144,0.0238865766727575,0.0941922153863641,0.0241030251188911,44.4458881597492,44.4458881597492,44.4458881597492,1,True,True,True,A_core_lia_dem_valid
SITE_001_S0463,SITE_001,-8.13035892215916,-13.2696837511327,36.22873687744141,0.1405141995350519,0.0344588293507695,0.1402431733862149,0.0345340256176796,36.22878893076322,36.22878893076322,36.22878893076322,1,True,True,True,A_core_lia_dem_valid
SITE_001_S0464,SITE_001,-8.36676627852949,-12.2710042480984,44.53018569946289,0.1503711291739654,0.0346852505331238,0.1340885639052029,0.0347180250172077,44.53012276237149,44.53012276237149,44.53012276237149,1,True,True,True,A_core_lia_dem_valid
SITE_001_S0465,SITE_001,-9.1610133232289,-15.1324225488755,36.14423751831055,0.1622280144443114,0.0358495429592828,0.1623629259759629,0.0358770544553336,36.14418948502407,36.14418948502407,36.14418948502407,1,True,True,True,A_core_lia_dem_valid
SITE_001_S0466,SITE_001,-8.9276968567097,-13.9969007411687,44.44577026367188,0.1280634728245152,0.029011464394215,0.1356705430335925,0.0293549995055353,44.44580644695058,44.44580644695058,44.44580644695058,1,True,True,True,A_core_lia_dem_valid
SITE_001_S0467,SITE_001,-7.36205842205079,-16.6306954100756,36.22729110717773,0.1605130237589279,0.0403837767595218,0.1610486387001511,0.0404356627913628,36.22722155732929,36.22722155732929,36.22722155732929,1,True,True,True,A_core_lia_dem_valid
SITE_001_S0468,SITE_001,-10.0743238278642,-16.7665839561944,44.52935409545898,0.1298811050517656,0.0280972424408213,0.1261708202507885,0.0280542685791712,44.52926384986701,44.52926384986702,44.52926384986701,1,True,True,True,A_core_lia_dem_valid
SITE_001_S0469,SITE_001,-1.22995946037254,-11.6431086300827,36.14585494995117,0.3981910947527969,0.0455291078711721,0.3407930722955313,0.0467091842516632,36.14563719561475,36.14563719561475,36.14563719561475,1,True,True,True,A_core_lia_dem_valid
SITE_001_S0470,SITE_001,-6.48139576726481,-14.9480611846572,44.44888305664063,0.105021532451113,0.0273846440410448,0.1050953107961902,0.0274092865289177,44.44864825523985,44.44864825523985,44.44864825523985,1,True,True,True,A_core_lia_dem_valid
SITE_001_S0471,SITE_001,-7.03900389867726,-12.8763046039828,36.22604751586914,0.1513560427211679,0.0403387721503774,0.153130109733304,0.0404021017110826,36.22587276531893,36.22587276531893,36.22587276531893,1,True,True,True,A_core_lia_dem_valid
SITE_001_S0472,SITE_001,-3.64564091651095,-15.4454052766718,44.52542114257812,0.121192392109871,0.0339497978105744,0.1214264792300977,0.0358426145917723,44.52559342974766,44.52559342974766,44.52559342974766,1,True,True,True,A_core_lia_dem_valid
SITE_001_S0473,SITE_001,-9.38629974694746,-12.2086211548705,36.13815307617188,0.1454857025967068,0.0374196446523033,0.1486511994760656,0.0356045549056857,36.13787604517907,36.13787604517907,36.13787604517907,1,True,True,True,A_core_lia_dem_valid
SITE_001_S0474,SITE_001,-6.89859749008486,-13.9721646147563,44.44417572021485,0.1051903045094675,0.026953905434865,0.1074668721409127,0.027307256310353,44.44395243775799,44.44395243775799,44.44395243775799,1,True,True,True,A_core_lia_dem_valid
SITE_001_S0475,SITE_001,-6.67194799300452,-11.5864548684827,36.22986221313477,0.1634257079164187,0.0396734215857254,0.1652747370891365,0.0398191837966442,36.22989304258365,36.22989304258365,36.22989304258365,1,True,True,True,A_core_lia_dem_valid
SITE_001_S0476,SITE_001,-8.11792250201471,-10.7177323061786,44.52888870239258,0.1190832377639081,0.0390011336364114,0.1191931450376172,0.0406957195467584,44.52900920329149,44.52900920329149,44.52900920329149,1,True,True,True,A_core_lia_dem_valid
SITE_001_S0477,SITE_001,-6.82809161000217,-14.0311999213166,36.13903427124024,0.1861087918281555,0.0360979660099249,0.1833627679854965,0.0367751474340816,36.13885619079763,36.13885619079763,36.13885619079763,1,True,True,True,A_core_lia_dem_valid
SITE_001_S0478,SITE_001,-11.1123601124848,-19.5336333121251,44.44414901733398,0.1230631604873471,0.0303567570965323,0.1227691138738099,0.0303250627382945,44.44421640107274,44.44421640107274,44.44421640107274,1,True,True,True,A_core_lia_dem_valid
SITE_001_S0479,SITE_001,-9.50493904745544,-12.8836778732261,36.23300552368164,0.1346906114783552,0.0308888756690753,0.134117928803151,0.0308574476732332,36.23272076612748,36.23272076612748,36.23272076612748,1,True,True,True,A_core_lia_dem_valid
SITE_001_S0480,SITE_001,-9.84769244482566,-14.9956674701175,44.53064727783203,0.1273865147514475,0.0385589314666059,0.128075927414092,0.0386822288975487,44.53059759311117,44.53059759311118,44.53059759311117,1,True,True,True,A_core_lia_dem_valid
SITE_001_S0481,SITE_001,-5.72560664376165,-16.0672108528685,36.13518905639648,0.1672675560414791,0.0482879220011333,0.1671818447922483,0.0482948516868054,36.13547021054605,36.13547021054605,36.13547021054605,1,True,True,True,A_core_lia_dem_valid
SITE_001_S0482,SITE_001,-9.25840849928771,-14.0703283190315,44.43946838378906,0.1442572386066118,0.0413949440705252,0.1432935209167592,0.0415741997753879,44.43959362102005,44.43959362102005,44.43959362102005,1,True,True,True,A_core_lia_dem_valid
SITE_001_S0483,SITE_001,-5.15232672426019,-14.2941422178839,36.22503280639648,0.1885700492478079,0.0475805097073316,0.1882530603135971,0.0479444826881826,36.22476511049752,36.22476511049752,36.22476511049752,1,True,True,True,A_core_lia_dem_valid
SITE_001_S0484,SITE_001,-13.1032199259708,-14.2380113573384,44.52620697021485,0.1011853843613766,0.027196456970026,0.1048632362455625,0.027194732821512,44.52629561920647,44.52629561920647,44.52629561920647,1,True,True,True,A_core_lia_dem_valid
SITE_001_S0485,SITE_001,-4.71117765269877,-13.7888367891124,36.13994216918945,0.1801176621847682,0.0540706972860627,0.1811298860076033,0.0537120069103476,36.13990220586648,36.13990220586648,36.13990220586648,1,True,True,True,A_core_lia_dem_valid
SITE_001_S0486,SITE_001,-10.0890470590944,-13.4948929071541,44.44282913208008,0.1323246601637867,0.0429206503410306,0.1321577059036051,0.0426280178203771,44.44280190594428,44.44280190594428,44.44280190594428,1,True,True,True,A_core_lia_dem_valid
SITE_001_S0487,SITE_001,-7.49002303037885,-10.2701225036353,44.52507019042969,0.1374461951189571,0.0424357855733898,0.1357776894595151,0.0423422536281523,44.5252249893563,44.5252249893563,44.5252249893563,1,True,True,True,A_core_lia_dem_valid
SITE_001_S0488,SITE_001,-9.32420175745604,-11.1207782512883,36.14264678955078,0.2074340869320763,0.0527649644596709,0.2066962952543924,0.0521719878916571,36.14239413524238,36.14239413524238,36.14239413524238,1,True,True,True,A_core_lia_dem_valid
SITE_001_S0489,SITE_001,-6.98130744920411,-12.0002462295945,44.44602584838867,0.1325054254300064,0.0417887121894293,0.1321579822603567,0.0418479970842599,44.44613382775014,44.44613382775013,44.44613382775014,1,True,True,True,A_core_lia_dem_valid
SITE_001_S0490,SITE_001,-6.0062780681006,-13.6177151593203,36.22339248657227,0.1597734535071585,0.0499241112089819,0.1599617700683482,0.0499570372461536,36.223325296318,36.22332529631801,36.223325296318,1,True,True,True,A_core_lia_dem_valid
SITE_001_S0491,SITE_001,-5.46247270453703,-10.8501483755805,44.52414321899414,0.1511467619074715,0.0391847389460437,0.1518375249814104,0.039538690428261,44.52408763357678,44.52408763357678,44.52408763357678,1,True,True,True,A_core_lia_dem_valid
SITE_001_S0492,SITE_001,-3.46984908722459,-12.4575598122669,36.23218154907227,0.2335252356363667,0.0551244357973337,0.2301730222926463,0.0554516080697929,36.23195723407674,36.23195723407674,36.23195723407674,1,True,True,True,A_core_lia_dem_valid
SITE_001_S0493,SITE_001,-11.4958114416965,-14.2962409688328,44.44393539428711,0.1182411920941538,0.0401998450358708,0.1175942479248767,0.0398994424617216,44.44383773947798,44.44383773947798,44.44383773947798,1,True,True,True,A_core_lia_dem_valid
SITE_001_S0494,SITE_001,-7.10340548040982,-15.7399370395862,36.23057174682617,0.1169936490058898,0.0299800322198313,0.1167795997021007,0.0300313841068096,36.2306784466472,36.2306784466472,36.2306784466472,1,True,True,True,A_core_lia_dem_valid
SITE_001_S0495,SITE_001,-7.33671953075032,-12.7917296513905,44.4427604675293,0.1658042277758356,0.0392669557945595,0.1628147567122352,0.0393867035154943,44.44276820880237,44.44276820880237,44.44276820880237,1,True,True,True,A_core_lia_dem_valid
SITE_001_S0496,SITE_001,-10.7327377501163,-16.5612854539148,36.22880172729492,0.1516557230386469,0.049324196887513,0.1522932541811907,0.0493436700965703,36.22875153827037,36.22875153827037,36.22875153827037,1,True,True,True,A_core_lia_dem_valid
SITE_001_S0497,SITE_001,-7.58457374173722,-13.9890234304466,44.44266510009766,0.1048039023412598,0.0382678255480196,0.1051690535412894,0.0381616977457371,44.44245420527604,44.44245420527603,44.44245420527604,1,True,True,True,A_core_lia_dem_valid
SITE_001_S0498,SITE_001,-10.2336388130885,-13.5048740525245,36.22987365722656,0.1710323691864808,0.0506630815524194,0.1725190158629859,0.0510594939474734,36.22981380536076,36.22981380536076,36.22981380536076,1,True,True,True,A_core_lia_dem_valid
SITE_001_S0499,SITE_001,-4.51031726682883,-9.00747732399425,44.44750595092773,0.1372625168164571,0.0395174390739864,0.1375240279538084,0.0397320108028289,44.44743219091998,44.44743219091998,44.44743219091998,1,True,True,True,A_core_lia_dem_valid
SITE_001_S0500,SITE_001,-7.66659097648744,-12.5299870038105,36.22697067260742,0.1803765481379297,0.0483153061801642,0.1813361419093461,0.0495069661538132,36.22707861534455,36.22707861534455,36.22707861534455,1,True,True,True,A_core_lia_dem_valid
SITE_001_S0501,SITE_001,-10.7347967143836,-13.1994912088868,44.28791427612305,0.1044755893117851,0.0397159577306568,0.1042571798077336,0.0392939975783818,44.28798686443093,44.28798686443093,44.28798686443093,1,True,True,True,A_core_lia_dem_valid
SITE_001_S0502,SITE_001,-9.12738963534631,-16.0556197402797,36.22650909423828,0.1294595199078321,0.0363877677151726,0.1294999552214587,0.0362388883482802,36.22675852053275,36.22675852053275,36.22675852053275,1,True,True,True,A_core_lia_dem_valid
SITE_001_S0503,SITE_001,-10.3147790082287,-19.665444387136,44.28910446166992,0.0904981660635935,0.025536741576054,0.0895697222111953,0.0253023292079429,44.28917233755338,44.28917233755338,44.28917233755338,1,True,True,True,A_core_lia_dem_valid
SITE_001_S0504,SITE_001,-9.87250274409127,-14.593003590161,36.23388290405273,0.1387965686800045,0.043584068822157,0.1426149815171229,0.0437247323128682,36.23404815303072,36.23404815303072,36.23404815303072,1,True,True,True,A_core_lia_dem_valid
SITE_001_S0505,SITE_001,-9.98765371554456,-11.3760306840394,44.28440856933594,0.1175556352072291,0.0459487971697014,0.116693411339443,0.0445408924769824,44.28433855517239,44.28433855517239,44.28433855517239,1,True,True,True,A_core_lia_dem_valid
SITE_001_S0506,SITE_001,-6.74480807987554,-16.8551523801942,36.23287200927734,0.1313479330721828,0.0351339084396345,0.1314978471094811,0.0345527136873453,36.23266007006637,36.23266007006637,36.23266007006637,1,True,True,True,A_core_lia_dem_valid
SITE_001_S0507,SITE_001,-9.64168305431508,-16.2942581550854,44.28611373901367,0.1019773426651954,0.0366312364095615,0.1014905097399964,0.0363957569825238,44.28595312087833,44.28595312087833,44.28595312087833,1,True,True,True,A_core_lia_dem_valid
SITE_001_S0508,SITE_001,-6.33351945522911,-12.7435050753896,36.23046875,0.1834125629398557,0.0654424429664181,0.1842733861873915,0.0658959623142644,36.23070160277474,36.23070160277474,36.23070160277474,1,True,True,True,A_core_lia_dem_valid
SITE_001_S0509,SITE_001,-8.8511021939449,-13.6432476093426,44.29011154174805,0.1015715792278448,0.035524145093643,0.1034711010597738,0.0358686113484019,44.28989841277702,44.28989841277702,44.28989841277702,1,True,True,True,A_core_lia_dem_valid
SITE_001_S0510,SITE_001,-7.94240096225155,-16.1811290949658,36.22771835327149,0.148513691690233,0.036652292909825,0.1482061667004485,0.0366233931838845,36.22794166855518,36.22794166855517,36.22794166855518,1,True,True,True,A_core_lia_dem_valid
SITE_001_S0511,SITE_001,-11.5878482504174,-15.1182439512835,44.28928375244141,0.0973873741179704,0.030022893866731,0.0971720508835565,0.0299059158124397,44.28927472953916,44.28927472953916,44.28927472953916,1,True,True,True,A_core_lia_dem_valid
SITE_001_S0512,SITE_001,-8.51089784829908,-13.7809593950983,36.22866439819336,0.1202166307551993,0.0327164903945393,0.1209592542033872,0.033241409169119,36.2285948102484,36.2285948102484,36.2285948102484,1,True,True,True,A_core_lia_dem_valid
SITE_001_S0513,SITE_001,-8.31599272706615,-16.1668690188985,44.2962646484375,0.1265871001614464,0.026182267508573,0.1243645605509295,0.0260451873486148,44.29643339600953,44.29643339600953,44.29643339600953,1,True,True,True,A_core_lia_dem_valid
SITE_001_S0514,SITE_001,-5.86112796433217,-11.5882932195411,36.23208999633789,0.1340374963482221,0.0372350377411742,0.133964280915665,0.0386709804281933,36.23196794041596,36.23196794041596,36.23196794041596,1,True,True,True,A_core_lia_dem_valid
SITE_001_S0515,SITE_001,-7.58403534515965,-14.5334883543551,44.29391098022461,0.1289171965040633,0.0272052397775567,0.1261846045992123,0.0271864664649978,44.29393909653355,44.29393909653354,44.29393909653355,1,True,True,True,A_core_lia_dem_valid
SITE_001_S0516,SITE_001,-8.86990308081107,-12.1446370494019,36.2373046875,0.1529220954991049,0.0347969988128846,0.1529042942316075,0.0356647266889943,36.23754266389101,36.23754266389101,36.23754266389101,1,True,True,True,A_core_lia_dem_valid
SITE_001_S0517,SITE_001,-8.59650729752447,-13.769846381406,44.2859992980957,0.1097676515517424,0.0280206174065865,0.1104134684819822,0.0277994607903417,44.28584184779229,44.28584184779229,44.28584184779229,1,True,True,True,A_core_lia_dem_valid
SITE_001_S0518,SITE_001,-11.3941709553892,-15.3050121007813,36.22984313964844,0.1472388268096579,0.0313072208377222,0.1455714885035046,0.0311672384758698,36.22989144794744,36.22989144794744,36.22989144794744,1,True,True,True,A_core_lia_dem_valid
SITE_001_S0519,SITE_001,-9.56939730677755,-11.650426184488,44.28397369384766,0.1180076616210007,0.0309766390731159,0.1140703998863263,0.0302632247718762,44.28421071859506,44.28421071859506,44.28421071859506,1,True,True,True,A_core_lia_dem_valid
SITE_001_S0520,SITE_001,-5.78985331814036,-13.1430515275803,36.23161315917969,0.136072476502094,0.0390688110184338,0.1368544017472594,0.0392878351296171,36.23176502556616,36.23176502556616,36.23176502556616,1,True,True,True,A_core_lia_dem_valid
SITE_001_S0521,SITE_001,-10.4269773396032,-14.4463086445101,44.28694915771485,0.1070772114437683,0.0308787321402794,0.1106053829347639,0.0306962736082021,44.28718757689545,44.28718757689545,44.28718757689545,1,True,True,True,A_core_lia_dem_valid
SITE_001_S0522,SITE_001,-7.17616970365751,-10.3452477683459,36.22370147705078,0.1645655438510908,0.0496531965750935,0.1647813090613042,0.0477958055654757,36.22369625782405,36.22369625782405,36.22369625782405,1,True,True,True,A_core_lia_dem_valid
SITE_001_S0523,SITE_001,-10.2041388508541,-14.2749725010644,44.28915786743164,0.1098198813601353,0.0264270020656097,0.1164954240233456,0.0267645514565935,44.28896064038547,44.28896064038547,44.28896064038547,1,True,True,True,A_core_lia_dem_valid
SITE_001_S0524,SITE_001,-4.99552017179827,-13.1263165009164,44.287841796875,0.1125022151445349,0.0238885464819355,0.1125732788117027,0.0239983998256287,44.28798072627098,44.28798072627097,44.28798072627098,1,True,True,True,A_core_lia_dem_valid
SITE_001_S0525,SITE_001,-5.37640756017276,-11.5464645559849,36.23377227783203,0.1649764063788784,0.0513732313465817,0.1649547156397207,0.0520768341396677,36.23377975819617,36.23377975819617,36.23377975819617,1,True,True,True,A_core_lia_dem_valid
SITE_001_S0526,SITE_001,-4.47624249635632,-11.0778858533099,44.28525161743164,0.2211382626770591,0.0341880068182945,0.1953311527864963,0.0345279405972166,44.28526425819697,44.28526425819697,44.28526425819697,1,True,True,True,A_core_lia_dem_valid
SITE_001_S0527,SITE_001,-8.22220791575539,-13.9755929754173,36.23073196411133,0.1449650801120412,0.034614411441489,0.1491692896218668,0.0355134805682938,36.23054276137072,36.23054276137072,36.23054276137072,1,True,True,True,A_core_lia_dem_valid
SITE_001_S0528,SITE_001,-9.92869254428337,-11.4165654051425,44.28799438476562,0.1118391095350186,0.0287734708935022,0.1117983912511004,0.0286764615748859,44.28823835472681,44.2882383547268,44.28823835472681,1,True,True,True,A_core_lia_dem_valid
SITE_001_S0529,SITE_001,-3.39447721055722,-13.9817540179155,36.22957229614258,0.1449516656084193,0.045457000839432,0.1448308690085455,0.0454267282684033,36.22931205488084,36.22931205488084,36.22931205488084,1,True,True,True,A_core_lia_dem_valid
SITE_001_S0530,SITE_001,-9.83288790134649,-13.6643292586499,44.28610610961914,0.1166704687516533,0.0289417644290046,0.1200048002264604,0.0297855808582735,44.28601916190659,44.28601916190659,44.28601916190659,1,True,True,True,A_core_lia_dem_valid
SITE_001_S0531,SITE_001,-4.31539592652323,-15.7117072334161,36.22687149047852,0.145318093269735,0.0322414772647122,0.1436285336148803,0.0326049216284133,36.22664177946491,36.22664177946491,36.22664177946491,1,True,True,True,A_core_lia_dem_valid
SITE_001_S0532,SITE_001,-12.8146448092515,-15.2243231674072,44.28547668457031,0.1142947688284847,0.0267521791429155,0.1143913365642965,0.026984423724635,44.28528656068277,44.28528656068279,44.28528656068277,1,True,True,True,A_core_lia_dem_valid
SITE_001_S0533,SITE_001,-10.5131620680813,-10.707478378211,36.22159576416016,0.1816863040303647,0.0522509927902388,0.1780095895648576,0.051693702730877,36.22172036158948,36.22172036158948,36.22172036158948,1,True,True,True,A_core_lia_dem_valid
SITE_001_S0534,SITE_001,-6.94308738840291,-15.482493195006,44.2859001159668,0.1526996156573295,0.034223717175838,0.1526831801971535,0.0339070790157549,44.28601673206872,44.28601673206872,44.28601673206872,1,True,True,True,A_core_lia_dem_valid
SITE_001_S0535,SITE_001,-5.3418639384957,-13.9769348406651,36.24335861206055,0.1780039019432482,0.0375241499238957,0.1785327626386108,0.0378068260677766,36.24334113797494,36.24334113797494,36.24334113797494,1,True,True,True,A_core_lia_dem_valid
SITE_001_S0536,SITE_001,-10.2950680523073,-14.1759212527667,44.2880744934082,0.1151587082362837,0.0313634243996002,0.1167215197503367,0.0320817798371502,44.28785144730121,44.28785144730121,44.28785144730121,1,True,True,True,A_core_lia_dem_valid
SITE_001_S0537,SITE_001,-6.66852835893127,-10.5872459020531,36.23127365112305,0.1614765168229739,0.0409186618126383,0.1609915510335086,0.0373085576449805,36.23129848218845,36.23129848218844,36.23129848218845,1,True,True,True,A_core_lia_dem_valid
SITE_001_S0538,SITE_001,-7.1167328301814,-15.7198862983903,44.28676605224609,0.1222667736160896,0.0226525236862815,0.1161123460984303,0.0223750239453152,44.28690652526299,44.28690652526299,44.28690652526299,1,True,True,True,A_core_lia_dem_valid
SITE_001_S0539,SITE_001,-8.59116052239652,-11.3382933989274,36.2325325012207,0.1440502732081545,0.0360324425684909,0.1417163562618945,0.036805551017719,36.23261418033739,36.23261418033739,36.23261418033739,1,True,True,True,A_core_lia_dem_valid
SITE_001_S0540,SITE_001,-12.720407316161,-14.8893517352654,44.29092788696289,0.1028298186211614,0.0314128913033543,0.1021661998400172,0.0309051425139996,44.29105327560531,44.29105327560531,44.29105327560531,1,True,True,True,A_core_lia_dem_valid
SITE_001_S0541,SITE_001,-8.13809991103325,-11.3773003901363,36.22190093994141,0.15136060282588,0.0415362576972525,0.1516636450349548,0.0413231333461532,36.22173518251989,36.22173518251989,36.22173518251989,1,True,True,True,A_core_lia_dem_valid
SITE_001_S0542,SITE_001,-6.68015557140044,-15.3964300781112,44.29092025756836,0.1156523025615347,0.0290641664485964,0.119773811576849,0.0290846594356368,44.29098744189645,44.29098744189645,44.29098744189645,1,True,True,True,A_core_lia_dem_valid
SITE_001_S0543,SITE_001,-7.65218395848502,-15.3088532081319,36.23032760620117,0.1407334874239232,0.0467703810975783,0.1404998702749058,0.0464099382211304,36.23055983114707,36.23055983114707,36.23055983114707,1,True,True,True,A_core_lia_dem_valid
SITE_001_S0544,SITE_001,-8.30818392525336,-13.4416084765847,44.2882080078125,0.114084382077886,0.0300700720192657,0.1149858774624103,0.029680018670351,44.28820374929336,44.28820374929335,44.28820374929336,1,True,True,True,A_core_lia_dem_valid
SITE_001_S0545,SITE_001,-6.61026936017609,-13.4247890878515,36.22991561889648,0.1512413416140609,0.0404772885826726,0.151813792617163,0.0401932652181957,36.22975961855083,36.22975961855083,36.22975961855083,1,True,True,True,A_core_lia_dem_valid
SITE_001_S0546,SITE_001,-11.5809305099249,-14.9461607918718,44.27658462524414,0.125071375651492,0.0364245244115591,0.1253742251508397,0.0361099061919491,44.27672090816648,44.27672090816648,44.27672090816648,1,True,True,True,A_core_lia_dem_valid
SITE_001_S0547,SITE_001,-5.55241184808097,-13.0173093176187,36.23491287231445,0.1468341516289446,0.0441677730737461,0.1483485552006297,0.0438834858938683,36.23478657841533,36.23478657841533,36.23478657841533,1,True,True,True,A_core_lia_dem_valid
SITE_001_S0548,SITE_001,-8.2548220172145,-17.332160727214,44.279541015625,0.1371605638046161,0.0369205553126004,0.1338129763499619,0.0366820067254665,44.27953849967567,44.27953849967567,44.27953849967567,1,True,True,True,A_core_lia_dem_valid
SITE_001_S0549,SITE_001,-9.62401220943591,-14.2041145741812,36.22704696655273,0.0936471778816647,0.0265810963532163,0.0937238110206377,0.0265436288994955,36.22683915156591,36.22683915156591,36.22683915156591,1,True,True,True,A_core_lia_dem_valid
SITE_001_S0550,SITE_001,-9.57434942941433,-13.2632316404689,44.28667449951172,0.1396554353998767,0.0403339123436146,0.1388536746855135,0.040073417197499,44.28689439948053,44.28689439948053,44.28689439948053,1,True,True,True,A_core_lia_dem_valid
SITE_001_S0551,SITE_001,-6.96780654332297,-15.4099336839437,36.2230339050293,0.1633606292804082,0.0510976416431367,0.1613554956626009,0.0518579738515854,36.22272309436433,36.22272309436433,36.22272309436433,1,True,True,True,A_core_lia_dem_valid
SITE_001_S0552,SITE_001,-7.0044807514392,-8.62576704871177,44.28684234619141,0.1211421571506394,0.0472584024630486,0.119432606820339,0.0470675525057738,44.28661461417131,44.28661461417131,44.28661461417131,1,True,True,True,A_core_lia_dem_valid
SITE_001_S0553,SITE_001,-5.69857306487676,-14.2245835014143,36.22541809082031,0.1753129517038663,0.0467049961309466,0.1753464727453243,0.0468774866623183,36.22524817402835,36.22524817402835,36.22524817402835,1,True,True,True,A_core_lia_dem_valid
SITE_001_S0554,SITE_001,-7.76950134287416,-13.1344413786778,44.3904914855957,0.1345698929991987,0.042233683384127,0.1350099742946065,0.0419797853587402,44.3906670616762,44.3906670616762,44.3906670616762,1,True,True,True,A_core_lia_dem_valid
SITE_001_S0555,SITE_001,-9.94637213639481,-16.8045921491472,36.24271392822266,0.1115263432181543,0.0322606832803123,0.1119872011345477,0.0317597683908568,36.24248349572612,36.24248349572612,36.24248349572612,1,True,True,True,A_core_lia_dem_valid
SITE_001_S0556,SITE_001,-6.59189741747666,-12.5845208937677,44.28583145141602,0.1183029743615124,0.029560360972666,0.1193911018867988,0.029517958301039,44.28565388628361,44.28565388628361,44.28565388628361,1,True,True,True,A_core_lia_dem_valid
SITE_001_S0557,SITE_001,-5.98325373464502,-12.842695313944,36.22660064697266,0.1692079548206594,0.0474163427576422,0.169505098692061,0.047195259620562,36.22632797313413,36.22632797313413,36.22632797313413,1,True,True,True,A_core_lia_dem_valid
SITE_001_S0558,SITE_001,-9.98440900817504,-16.8039557713991,44.28163146972656,0.1108211685812554,0.0340770327258441,0.111552539382114,0.0336776821115226,44.28184027376692,44.28184027376692,44.28184027376692,1,True,True,True,A_core_lia_dem_valid
SITE_001_S0559,SITE_001,-7.60447177268142,-10.7681400496771,36.23158264160156,0.1641637777619891,0.0390065854580866,0.1640269216637552,0.0391998043288419,36.23150879208357,36.23150879208357,36.23150879208357,1,True,True,True,A_core_lia_dem_valid
SITE_001_S0560,SITE_001,-9.99464839777902,-14.8686423755536,44.28745269775391,0.1243612014750639,0.039589900697271,0.1218592873436433,0.039376410147934,44.28750191551099,44.28750191551099,44.28750191551099,1,True,True,True,A_core_lia_dem_valid
SITE_001_S0561,SITE_001,-8.28318666277278,-10.8091132039193,36.23556518554688,0.1688153437359465,0.0552534704200095,0.1685925740914212,0.0546392867769356,36.23575521434174,36.23575521434175,36.23575521434174,1,True,True,True,A_core_lia_dem_valid
SITE_001_S0562,SITE_001,-13.1678251366328,-14.6152483652497,44.28645324707031,0.0957188518842061,0.028635142347258,0.0957112287481625,0.0285194896390362,44.2866425979355,44.2866425979355,44.2866425979355,1,True,True,True,A_core_lia_dem_valid
SITE_001_S0563,SITE_001,-6.95897195893201,-15.0020917135868,36.22566223144531,0.172948939204216,0.0439608183047837,0.1726477709780504,0.0438313945415027,36.22590662918692,36.22590662918692,36.22590662918692,1,True,True,True,A_core_lia_dem_valid
SITE_001_S0564,SITE_001,-6.47150808898326,-13.5301607885309,44.29598999023438,0.1315931433604823,0.0450684626752303,0.1321944038827478,0.045140538820192,44.29626397936128,44.29626397936128,44.29626397936128,1,True,True,True,A_core_lia_dem_valid
SITE_001_S0565,SITE_001,-10.7996418649488,-11.271109275582,36.2305793762207,0.1786183782418569,0.052177272811532,0.1781391660426693,0.0522690832541312,36.23038151354937,36.23038151354937,36.23038151354937,1,True,True,True,A_core_lia_dem_valid
SITE_001_S0566,SITE_001,-3.99603282672597,-14.6508882621607,44.28884887695312,0.1540243829621209,0.03860143698338,0.1549929193416495,0.0384446934983134,44.28875997441681,44.28875997441681,44.28875997441681,1,True,True,True,A_core_lia_dem_valid
SITE_001_S0567,SITE_001,-6.85602754488086,-6.90423741418565,36.23270797729492,0.1901527450647619,0.0636534962326449,0.1913447196708049,0.0605828929882762,36.23266310523255,36.23266310523255,36.23266310523255,1,True,True,True,A_core_lia_dem_valid
SITE_001_S0568,SITE_001,-11.6818120630357,-12.308525060665,44.28359985351562,0.1220389658129877,0.048454429174049,0.1218908909671468,0.0482810595578709,44.28364644980828,44.28364644980828,44.28364644980828,1,True,True,True,A_core_lia_dem_valid
SITE_001_S0569,SITE_001,-4.7200806097767,-12.1594957900156,36.22926330566406,0.18208436899715,0.0612802362069487,0.1835687250082875,0.0603472070612105,36.22948661614485,36.22948661614485,36.22948661614485,1,True,True,True,A_core_lia_dem_valid
SITE_001_S0570,SITE_001,-6.42482111278721,-13.8453484958849,44.29178237915039,0.1315088012152248,0.0375475374816192,0.131368680305687,0.0374585577847873,44.29179542659026,44.29179542659026,44.29179542659026,1,True,True,True,A_core_lia_dem_valid
SITE_001_S0571,SITE_001,-5.23451962625153,-11.22451826624,36.22907638549805,0.1796015889114803,0.0487290173003243,0.1804333672221796,0.0486300570083161,36.22889894737342,36.22889894737342,36.22889894737342,1,True,True,True,A_core_lia_dem_valid
SITE_001_S0572,SITE_001,-8.18377960821627,-14.916317198757,44.2854118347168,0.1151830727524227,0.0319300843754576,0.1136360138976647,0.0318439807618657,44.28553374558405,44.28553374558405,44.28553374558405,1,True,True,True,A_core_lia_dem_valid
SITE_001_S0573,SITE_001,-6.268694171818,-11.962780257458,36.22113800048828,0.1795468794223335,0.0559805136049787,0.1815799783988867,0.0556106800700963,36.22126380267422,36.22126380267422,36.22126380267422,1,True,True,True,A_core_lia_dem_valid
SITE_001_S0574,SITE_001,-8.38816375341298,-15.4656807906549,44.2890739440918,0.1186597068607807,0.0262510300179322,0.1186921136890664,0.0265782765786588,44.28887731149788,44.28887731149788,44.28887731149788,1,True,True,True,A_core_lia_dem_valid
SITE_001_S0575,SITE_001,-4.65990649906221,-13.1724215982687,36.22235488891602,0.2111629378312609,0.0267449052673247,0.1998769654912158,0.0270345397380951,36.22203845965794,36.22203845965794,36.22203845965794,1,True,True,True,A_core_lia_dem_valid
SITE_001_S0576,SITE_001,-9.02894488395901,-11.5093549020776,44.29010772705078,0.1241559756982446,0.0317589018245538,0.1235068216767928,0.0320079570451637,44.29016576915538,44.29016576915538,44.29016576915538,1,True,True,True,A_core_lia_dem_valid
SITE_001_S0577,SITE_001,-7.94386752247521,-12.3415032798894,36.22273254394531,0.1345658488074938,0.0323520965211921,0.1348786391290249,0.0323710442074563,36.22264322505348,36.22264322505349,36.22264322505348,1,True,True,True,A_core_lia_dem_valid
SITE_001_S0578,SITE_001,-5.54471444526143,-14.3233753161045,44.28954696655273,0.1187999841239717,0.0288195204755498,0.1170851963500917,0.0292477576388621,44.28937574528705,44.28937574528705,44.28937574528705,1,True,True,True,A_core_lia_dem_valid
SITE_001_S0579,SITE_001,-7.557032119125,-13.4789056828456,36.23303985595703,0.1784003873169422,0.0378235839082548,0.1777471936043398,0.0380298020755901,36.23272813365531,36.23272813365531,36.23272813365531,1,True,True,True,A_core_lia_dem_valid
SITE_001_S0580,SITE_001,-6.85232667233198,-17.5221649320427,44.28311157226562,0.1130893252955542,0.0288192861816949,0.1169529010850684,0.0284340693097249,44.28305119949155,44.28305119949155,44.28305119949155,1,True,True,True,A_core_lia_dem_valid
SITE_001_S0581,SITE_001,-9.48548695210419,-11.8535054709403,36.23392486572266,0.2029413282043404,0.0499228760869138,0.2032989520772739,0.0505594122388818,36.23415005789395,36.23415005789395,36.23415005789395,1,True,True,True,A_core_lia_dem_valid
SITE_001_S0582,SITE_001,-3.43429470174191,-11.5037058212821,44.28975677490234,0.1643127544736396,0.0355109332791633,0.1652936619591344,0.0356771617693205,44.28981808108079,44.28981808108077,44.28981808108079,1,True,True,True,A_core_lia_dem_valid
SITE_001_S0583,SITE_001,-7.22660579686647,-12.0354771047344,36.22706985473633,0.1400185234844684,0.0349808967837856,0.1410941785602602,0.034855377341816,36.22701080615151,36.22701080615151,36.22701080615151,1,True,True,True,A_core_lia_dem_valid
SITE_001_S0584,SITE_001,-9.17485984626194,-14.959859682533,44.2871208190918,0.1480533239493767,0.0350950706744655,0.1488203708248006,0.0355096287277237,44.28731504404842,44.28731504404842,44.28731504404842,1,True,True,True,A_core_lia_dem_valid
SITE_001_S0585,SITE_001,-9.6365315835688,-10.7340674979845,36.22526168823242,0.1551710243507498,0.0407561719748708,0.1574752702134182,0.0405385667104044,36.22511048903071,36.22511048903071,36.22511048903071,1,True,True,True,A_core_lia_dem_valid
SITE_001_S0586,SITE_001,-7.04211701470788,-10.633323134511,44.28538131713867,0.1490105046994156,0.0484900413669343,0.1512791443441385,0.0480310753074416,44.28514071108978,44.28514071108978,44.28514071108978,1,True,True,True,A_core_lia_dem_valid
SITE_001_S0587,SITE_001,-2.0632055426433,-8.89578302866166,36.22793197631836,0.2489399617377118,0.0604492521281525,0.2378398976760958,0.0581001901730542,36.22777851329838,36.22777851329838,36.22777851329838,1,True,True,True,A_core_lia_dem_valid
SITE_001_S0588,SITE_001,-6.08000206006214,-16.0643476791069,44.28137969970703,0.1271762908415662,0.0332292911041226,0.1259177684931107,0.0336659291281264,44.28163840673975,44.28163840673975,44.28163840673975,1,True,True,True,A_core_lia_dem_valid
SITE_001_S0589,SITE_001,-3.65152051818375,-14.1886958494259,36.24812316894531,0.1896175061598324,0.0387872531885902,0.1742430763128835,0.0386226198447431,36.24826916748623,36.24826916748623,36.24826916748623,1,True,True,True,A_core_lia_dem_valid
SITE_001_S0590,SITE_001,-4.11671494707165,-14.1435151409815,44.28743743896485,0.2302922943582156,0.0340460343732275,0.2167304881368952,0.0356018505372466,44.28714179390227,44.28714179390228,44.28714179390227,1,True,True,True,A_core_lia_dem_valid
SITE_001_S0591,SITE_001,-4.48679516329744,-14.6854451914696,36.22700881958008,0.1766881509539153,0.0389680073135905,0.1788500569392869,0.039309181320257,36.22681729584173,36.22681729584173,36.22681729584173,1,True,True,True,A_core_lia_dem_valid
SITE_001_S0592,SITE_001,-4.92523825301153,-14.5805748487596,44.28805541992188,0.1531984449843952,0.0298093735768149,0.1512076992396389,0.029887691149488,44.28796525084389,44.28796525084389,44.28796525084389,1,True,True,True,A_core_lia_dem_valid
SITE_001_S0593,SITE_001,-4.61683917697819,-13.5826190083646,36.22530364990234,0.1565059323608875,0.0362860535892347,0.160056030460433,0.0365443455122043,36.22545068881463,36.22545068881463,36.22545068881463,1,True,True,True,A_core_lia_dem_valid
SITE_001_S0594,SITE_001,-6.79030063742,-14.9823195087995,44.28748321533203,0.1226039252264632,0.0308087103843555,0.1233154139198638,0.0309047054457217,44.2874548799816,44.2874548799816,44.2874548799816,1,True,True,True,A_core_lia_dem_valid
SITE_001_S0595,SITE_001,-7.35972134820514,-17.0782614563824,36.22822189331055,0.1854400492739604,0.0302385712404631,0.222392602378871,0.0306912539286515,36.22846407678826,36.22846407678826,36.22846407678826,1,True,True,True,A_core_lia_dem_valid
SITE_001_S0596,SITE_001,-6.90233484922048,-15.6626077447477,44.29003524780273,0.1124220336018796,0.0250748836880342,0.1106455749902271,0.025503262925446,44.28986035629666,44.28986035629666,44.28986035629666,1,True,True,True,A_core_lia_dem_valid
SITE_001_S0597,SITE_001,-5.52890089640763,-15.2129489069982,44.28411865234375,0.1292475708242919,0.0219753807896955,0.1301864216524018,0.0221509120715667,44.28394259773725,44.28394259773725,44.28394259773725,1,True,True,True,A_core_lia_dem_valid
SITE_001_S0598,SITE_001,-4.04029719598914,-12.2306472767082,36.22775650024414,0.1737162706421481,0.0451755562486747,0.1742785544997666,0.0454477203993793,36.2277132001261,36.2277132001261,36.2277132001261,1,True,True,True,A_core_lia_dem_valid
SITE_001_S0599,SITE_001,-5.56748340948486,-13.2368521140112,44.28331756591797,0.1351894212700707,0.0346311136003997,0.1340021471770565,0.0348888119268748,44.28309085258793,44.28309085258793,44.28309085258793,1,True,True,True,A_core_lia_dem_valid
SITE_001_S0600,SITE_001,-6.27674279355594,-11.976609345201,36.23219299316406,0.1616748310305052,0.045524500295841,0.16381605405382,0.0451575220724231,36.23230044307031,36.23230044307031,36.23230044307031,1,True,True,True,A_core_lia_dem_valid
SITE_001_S0601,SITE_001,-7.24099362522775,-14.5269053769729,44.39215850830078,0.1582956807344784,0.0394911730527463,0.1603746793446092,0.039616489060752,44.39215133186401,44.39215133186401,44.39215133186401,1,True,True,True,A_core_lia_dem_valid
SITE_001_S0602,SITE_001,-7.67307427042236,-14.1541923609024,44.28580856323242,0.142300103439225,0.0430070830094722,0.1430466745867405,0.0426009854988864,44.28577662328616,44.28577662328616,44.28577662328616,1,True,True,True,A_core_lia_dem_valid
SITE_001_S0603,SITE_001,-9.03076474726686,-14.8903538319998,36.23178482055664,0.167122491730584,0.0477973016960707,0.1687799621989697,0.0477201530392223,36.23160089987918,36.23160089987917,36.23160089987918,1,True,True,True,A_core_lia_dem_valid
SITE_001_S0604,SITE_001,-5.51515996675093,-15.9748452653727,44.28517532348633,0.1210095150065091,0.0287435312631229,0.1214555653456,0.0286438301318313,44.28527938540856,44.28527938540856,44.28527938540856,1,True,True,True,A_core_lia_dem_valid
SITE_001_S0605,SITE_001,-6.01509745506398,-11.1506146576566,36.22944259643555,0.1986170135935147,0.048953961196045,0.1975828945066457,0.0496304535134523,36.22963754982038,36.22963754982038,36.22963754982038,1,True,True,True,A_core_lia_dem_valid
SITE_001_S0606,SITE_001,-8.10715310923788,-12.893055952016,44.27993392944336,0.1604762290149955,0.0378212595027354,0.1598103230468458,0.0380721319071304,44.28010925167976,44.28010925167976,44.28010925167976,1,True,True,True,A_core_lia_dem_valid
SITE_001_S0607,SITE_001,-4.3846780909525,-14.4862645932863,36.23907089233398,0.1851319570673836,0.0512375915174682,0.1840836791473406,0.0517172420746934,36.23891343551122,36.23891343551122,36.23891343551122,1,True,True,True,A_core_lia_dem_valid
SITE_001_S0608,SITE_001,-7.08347264227673,-10.0077169229414,44.28470230102539,0.1494508029081361,0.0368602550547156,0.1488293087658481,0.037095451798106,44.28460300617044,44.28460300617044,44.28460300617044,1,True,True,True,A_core_lia_dem_valid
SITE_001_S0609,SITE_001,-6.17556323112725,-13.5163736378262,36.22671508789063,0.191909152633614,0.0537295274643434,0.1920598335968859,0.0532541047243608,36.22657870435339,36.22657870435339,36.22657870435339,1,True,True,True,A_core_lia_dem_valid
SITE_001_S0610,SITE_001,-8.45377297003316,-11.7288206697468,44.28611373901367,0.1015138387514485,0.0269510430035491,0.1013370981407754,0.0268361289010463,44.28595195195841,44.28595195195841,44.28595195195841,1,True,True,True,A_core_lia_dem_valid
SITE_001_S0611,SITE_001,-4.5058644648951,-10.5554641612174,36.22507095336914,0.1331634252435631,0.0384994625424345,0.1341829532561468,0.038447893705265,36.22483659023229,36.22483659023229,36.22483659023229,1,True,True,True,A_core_lia_dem_valid
SITE_001_S0612,SITE_001,-10.3821704612955,-16.7198587915816,44.28862762451172,0.0939434584726889,0.0212794841784368,0.0938660466073103,0.0216288102042205,44.28875310556993,44.28875310556993,44.28875310556993,1,True,True,True,A_core_lia_dem_valid
SITE_001_S0613,SITE_001,-5.92194225469153,-11.8441138738364,36.22512817382812,0.1687093410392602,0.0348267831363611,0.1671566058456162,0.034717828279913,36.22486661707897,36.22486661707897,36.22486661707897,1,True,True,True,A_core_lia_dem_valid
SITE_001_S0614,SITE_001,-8.09579627225743,-12.0350407469104,44.28750991821289,0.1395470064050621,0.0455053032479352,0.14009205341891,0.0455068405699214,44.28744670494496,44.28744670494496,44.28744670494496,1,True,True,True,A_core_lia_dem_valid
SITE_001_S0615,SITE_001,-8.30851971573051,-15.3770021385743,36.23062515258789,0.1413141182561715,0.0489012778653866,0.1423591890195269,0.0488062406112842,36.23088959619994,36.23088959619994,36.23088959619994,1,True,True,True,A_core_lia_dem_valid
SITE_001_S0616,SITE_001,-8.00132895784748,-11.9817667298644,44.28763961791992,0.1275232344646516,0.0438871637026882,0.127450685217909,0.0427034584402236,44.2878257713066,44.2878257713066,44.2878257713066,1,True,True,True,A_core_lia_dem_valid
SITE_001_S0617,SITE_001,-3.2912007679473,-11.9102730290092,36.23183822631836,0.2042929924941725,0.0466864415754874,0.2033678126997505,0.0469103380655984,36.23175754486951,36.23175754486951,36.23175754486951,1,True,True,True,A_core_lia_dem_valid
SITE_001_S0618,SITE_001,-7.79512459427001,-12.7619931744393,44.28310394287109,0.1292325127042002,0.0378898779882325,0.1289495687692621,0.03798598377379,44.28334419192835,44.28334419192834,44.28334419192835,1,True,True,True,A_core_lia_dem_valid
SITE_001_S0619,SITE_001,-4.23241683018757,-13.5423453149974,36.23288726806641,0.1959650404420164,0.0465072539158993,0.1964325635907826,0.0463758150276578,36.23273098675156,36.23273098675155,36.23273098675156,1,True,True,True,A_core_lia_dem_valid
SITE_001_S0620,SITE_001,-8.94522004355584,-10.8898621051306,44.29117965698242,0.1254233458638191,0.0341916032435579,0.1262146524109958,0.03406497476381,44.29109567250193,44.29109567250193,44.29109567250193,1,True,True,True,A_core_lia_dem_valid
SITE_001_S0621,SITE_001,-5.25377383306444,-15.6470015344643,36.23270797729492,0.1995906390415297,0.0569895168186889,0.2016432678405149,0.0564349849784263,36.23294728396443,36.23294728396444,36.23294728396443,1,True,True,True,A_core_lia_dem_valid
SITE_001_S0622,SITE_001,-8.32204302880266,-15.9277933171502,44.2909049987793,0.1231788145254055,0.0435769352565209,0.12406001693121,0.0435694438016708,44.29100705756516,44.29100705756515,44.29100705756516,1,True,True,True,A_core_lia_dem_valid
SITE_001_S0623,SITE_001,-5.8963705118675,-12.5945212059569,36.23190689086914,0.1445211208528942,0.0404609283184011,0.1449613542431666,0.0405971613944864,36.23166450284561,36.23166450284561,36.23166450284561,1,True,True,True,A_core_lia_dem_valid
SITE_001_S0624,SITE_001,-10.1925037246957,-13.5453183801528,44.28907012939453,0.1112241769747601,0.0385908126831054,0.1112215341636796,0.0392577592752597,44.28928823113854,44.28928823113854,44.28928823113854,1,True,True,True,A_core_lia_dem_valid
SITE_001_S0625,SITE_001,-8.37682142088228,-13.2142112456441,36.22660064697266,0.1914789602160453,0.0491727747188674,0.1912425125877798,0.049033031379919,36.22688040427887,36.22688040427885,36.22688040427887,1,True,True,True,A_core_lia_dem_valid
SITE_001_S0626,SITE_001,-7.40118148896925,-10.6493305457221,44.28065872192383,0.1461134476794137,0.0480152464264796,0.146009718902685,0.0476584095551551,44.28064585391832,44.28064585391832,44.28064585391832,1,True,True,True,A_core_lia_dem_valid
SITE_001_S0627,SITE_001,-7.14810439200744,-12.3338334955658,36.22443389892578,0.1265578917827871,0.0452696547326114,0.1268881083767355,0.0456522132433574,36.2244116615625,36.2244116615625,36.2244116615625,1,True,True,True,A_core_lia_dem_valid
SITE_001_S0628,SITE_001,-10.3947034390291,-15.2871066643383,44.2845458984375,0.1314047016782893,0.0379260800432206,0.1303073922940242,0.0374370087157176,44.28442079494017,44.28442079494017,44.28442079494017,1,True,True,True,A_core_lia_dem_valid
SITE_001_S0629,SITE_001,-8.76230058940562,-16.2107568874244,36.2230224609375,0.1395210472577148,0.0476790408997072,0.1384809501708289,0.0478119978282116,36.22315933198685,36.22315933198685,36.22315933198685,1,True,True,True,A_core_lia_dem_valid
SITE_001_S0630,SITE_001,-8.81473922186307,-15.5152120996186,44.292724609375,0.0904692791816261,0.0283260992922756,0.0894817576732164,0.0279217656962034,44.29280052954248,44.29280052954248,44.29280052954248,1,True,True,True,A_core_lia_dem_valid
SITE_001_S0631,SITE_001,-4.72298115371753,-11.638144935451,36.23124694824219,0.1504390870779752,0.054635256189439,0.1498174773055462,0.054275793912418,36.2311085625043,36.2311085625043,36.2311085625043,1,True,True,True,A_core_lia_dem_valid
SITE_001_S0632,SITE_001,-8.87366475621631,-17.0289877731355,44.28792572021485,0.089860921026104,0.0280096891398231,0.0903584490261144,0.0281593883193937,44.28763668927113,44.28763668927113,44.28763668927113,1,True,True,True,A_core_lia_dem_valid
SITE_001_S0633,SITE_001,-9.67575189436783,-14.5871587957944,36.23213958740234,0.1436265495010535,0.0414624733188086,0.1471201127594346,0.041036384611586,36.23243835741642,36.23243835741642,36.23243835741642,1,True,True,True,A_core_lia_dem_valid
SITE_001_S0634,SITE_001,-9.85060645880087,-14.1442225545804,44.28379058837891,0.1008461391056577,0.0343486440158768,0.1011335010064163,0.0342188356546712,44.28376040544445,44.28376040544445,44.28376040544445,1,True,True,True,A_core_lia_dem_valid
SITE_001_S0635,SITE_001,-6.65064498560977,-12.4346801868856,36.22928619384766,0.1534779739545451,0.0385623075771662,0.1529771102192225,0.0384671901120447,36.22947280581587,36.22947280581587,36.22947280581587,1,True,True,True,A_core_lia_dem_valid
SITE_001_S0636,SITE_001,-11.5775902298365,-13.2937270873666,44.28572845458984,0.1157666206608215,0.0329443807630903,0.1149554837476692,0.0329548531530287,44.28584323901136,44.28584323901136,44.28584323901136,1,True,True,True,A_core_lia_dem_valid
SITE_001_S0637,SITE_001,-8.38321355873263,-13.6064518256878,36.2216796875,0.1242179832773076,0.0370467826196303,0.1238055204425329,0.037097166110129,36.22150818801683,36.22150818801683,36.22150818801683,1,True,True,True,A_core_lia_dem_valid
SITE_001_S0638,SITE_001,-11.2972438429201,-15.4343268685076,44.28532028198242,0.1148623044788837,0.034170686604662,0.1137528646948897,0.0339638503371841,44.28544065567319,44.28544065567318,44.28544065567319,1,True,True,True,A_core_lia_dem_valid
SITE_001_S0639,SITE_001,-6.74343785558263,-10.0637286001019,36.22492599487305,0.1386688951982392,0.0500382981221709,0.1391799763764863,0.0501316158871859,36.22469968654869,36.22469968654869,36.22469968654869,1,True,True,True,A_core_lia_dem_valid
SITE_001_S0640,SITE_001,-6.97978210172624,-12.7111762824881,44.28497695922852,0.1346727286486162,0.040555993095685,0.1337082637243984,0.0408463254289611,44.28503579044462,44.28503579044463,44.28503579044462,1,True,True,True,A_core_lia_dem_valid
SITE_001_S0641,SITE_001,-7.6557742565049,-9.4946862103258,36.21975708007812,0.1592616053670644,0.0638247052484678,0.1586108317851652,0.0546246402878049,36.21952741823635,36.21952741823636,36.21952741823635,1,True,True,True,A_core_lia_dem_valid
SITE_001_S0642,SITE_001,-6.51967770180729,-14.4890822836393,36.19743347167969,0.1744361331467615,0.028352499562833,0.1804899582857906,0.0286928704643139,36.19712936964724,36.19712936964724,36.19712936964724,1,True,True,True,A_core_lia_dem_valid
SITE_001_S0643,SITE_001,-9.700940962532,-12.5622652794141,44.28030395507812,0.1298491728021191,0.02655619835688,0.1313599999441158,0.0268335295427176,44.28015688303355,44.28015688303356,44.28015688303355,1,True,True,True,A_core_lia_dem_valid
SITE_001_S0644,SITE_001,-8.03449385131637,-11.2204951109336,36.21777725219727,0.1352224308882288,0.0313989711573554,0.1351461428017125,0.0319123047997278,36.21786168456454,36.21786168456454,36.21786168456454,1,True,True,True,A_core_lia_dem_valid
SITE_001_S0645,SITE_001,-9.96179735907086,-15.6624921332156,44.23376846313477,0.1000168036752277,0.0204006670073916,0.1007098277060338,0.02073022714204,44.23370499444405,44.23370499444405,44.23370499444405,1,True,True,True,A_core_lia_dem_valid
SITE_001_S0646,SITE_001,-8.60776587410269,-12.3906866974788,36.19440460205078,0.1267922486530409,0.027307045592202,0.1279224453149018,0.0279434274365576,36.19433248662183,36.19433248662183,36.19433248662183,1,True,True,True,A_core_lia_dem_valid
SITE_001_S0647,SITE_001,-6.88727256774471,-15.1820547010552,44.27137756347656,0.1254065411318033,0.0255651136508418,0.1232688592290623,0.0254673508298442,44.27128939705099,44.27128939705099,44.27128939705099,1,True,True,True,A_core_lia_dem_valid
SITE_001_S0648,SITE_001,-8.24836258519229,-13.2199836727887,36.21728897094727,0.1415389087216721,0.0352499570084186,0.142001918890042,0.0353110339405255,36.21703725850808,36.21703725850808,36.21703725850808,1,True,True,True,A_core_lia_dem_valid
SITE_001_S0649,SITE_001,-8.74566405102208,-14.114413426491,44.23500823974609,0.098919311174088,0.0292424627310696,0.0993546129519372,0.0275961372765441,44.23485349191364,44.23485349191364,44.23485349191364,1,True,True,True,A_core_lia_dem_valid
SITE_001_S0650,SITE_001,-4.09591715635016,-11.4044764116678,36.17731857299805,0.1682676385177506,0.0506195643061725,0.1713865336131902,0.0528003753650409,36.17720139701412,36.17720139701412,36.17720139701412,1,True,True,True,A_core_lia_dem_valid
SITE_001_S0651,SITE_001,-7.07881778243849,-16.7382020540665,44.26740646362305,0.1429909114580556,0.0312758004394466,0.1493683308667796,0.0308265019393678,44.26760005289072,44.26760005289072,44.26760005289072,1,True,True,True,A_core_lia_dem_valid
SITE_001_S0652,SITE_001,-6.22786845720096,-14.5161938618788,36.25284576416016,0.1706309931228558,0.038256725900703,0.1728357279445307,0.0382526481905837,36.25283263517377,36.25283263517377,36.25283263517377,1,True,True,True,A_core_lia_dem_valid
SITE_001_S0653,SITE_001,-7.84403179933658,-16.6923472789116,44.21835327148438,0.1327822522722819,0.0290868397744393,0.1352202993641169,0.028746884125042,44.21863332793469,44.21863332793469,44.21863332793469,1,True,True,True,A_core_lia_dem_valid
SITE_001_S0654,SITE_001,-4.5564446511392,-16.9291741435062,36.18020248413086,0.1727107983248101,0.0339171243728035,0.171973205137032,0.033866814427595,36.18040417140852,36.18040417140852,36.18040417140852,1,True,True,True,A_core_lia_dem_valid
SITE_001_S0655,SITE_001,-7.22152677123569,-10.5894056399868,44.27019119262695,0.1197916576205353,0.0349804025694058,0.1205709071120195,0.0343097387832518,44.27002265686401,44.27002265686401,44.27002265686401,1,True,True,True,A_core_lia_dem_valid
SITE_001_S0656,SITE_001,-8.06729352350321,-15.2511574200064,36.2461166381836,0.1564647456341319,0.0283978835313504,0.1578584605029529,0.0309198272772393,36.2463591550739,36.2463591550739,36.2463591550739,1,True,True,True,A_core_lia_dem_valid
SITE_001_S0657,SITE_001,-7.03526122767347,-13.9006625065993,44.21455764770508,0.1243134830643733,0.0332735944827156,0.1246688276501717,0.0330063201356703,44.2148159947058,44.2148159947058,44.2148159947058,1,True,True,True,A_core_lia_dem_valid
SITE_001_S0658,SITE_001,-7.83785913460354,-16.7629834457828,36.18389511108398,0.1452067154480351,0.0298986992115775,0.1451294894222124,0.0301355626530669,36.18399536609651,36.18399536609651,36.18399536609651,1,True,True,True,A_core_lia_dem_valid
SITE_001_S0659,SITE_001,-7.47787274554631,-11.9667571783399,44.27322006225586,0.1288188651257343,0.0333581235561288,0.1266287235533562,0.033090208540881,44.27343986964534,44.27343986964534,44.27343986964534,1,True,True,True,A_core_lia_dem_valid
SITE_001_S0660,SITE_001,-5.52920325156112,-14.5325317636362,36.24481201171875,0.1666694089273611,0.0324254950746479,0.1673528665598528,0.0324660331136144,36.24499319664336,36.24499319664336,36.24499319664336,1,True,True,True,A_core_lia_dem_valid
SITE_001_S0661,SITE_001,-11.5326093365084,-13.8846467296437,44.21176528930664,0.1040747898459149,0.0292163267254172,0.1044929149901758,0.0291785868947504,44.21173494276955,44.21173494276955,44.21173494276955,1,True,True,True,A_core_lia_dem_valid
SITE_001_S0662,SITE_001,-6.65034272943382,-14.842000498881,36.18763732910156,0.1322319883190923,0.0359783981517992,0.1336277233450501,0.0361962317195318,36.18773931219836,36.18773931219836,36.18773931219836,1,True,True,True,A_core_lia_dem_valid
SITE_001_S0663,SITE_001,-6.93320723958446,-17.4112261530021,44.27256393432617,0.1259006621895565,0.0273207450895695,0.1259623570588451,0.0273147370856748,44.27281702038019,44.27281702038019,44.27281702038019,1,True,True,True,A_core_lia_dem_valid
SITE_001_S0664,SITE_001,-5.46653892123909,-14.2443664156505,36.25154876708984,0.1690542844103442,0.0327093596083836,0.168340632026946,0.0327919539444746,36.25135670787883,36.25135670787883,36.25135670787883,1,True,True,True,A_core_lia_dem_valid
SITE_001_S0665,SITE_001,-5.9288001390673,-11.8359132237372,44.21732330322266,0.1642250060869587,0.0325467099643699,0.1643610022461386,0.0308540571301615,44.21748374003285,44.21748374003285,44.21748374003285,1,True,True,True,A_core_lia_dem_valid
SITE_001_S0666,SITE_001,-6.67169296825816,-12.4479611440277,36.1790657043457,0.1249946080893278,0.0335533140908481,0.1252626347569404,0.0343658728795233,36.17910841239553,36.17910841239553,36.17910841239553,1,True,True,True,A_core_lia_dem_valid
SITE_001_S0667,SITE_001,-6.16183219064894,-13.7180270188722,44.27022552490234,0.1281730246468581,0.0269845393990148,0.1172947461033021,0.0269386401634646,44.27004960025244,44.27004960025244,44.27004960025244,1,True,True,True,A_core_lia_dem_valid
SITE_001_S0668,SITE_001,-9.22694580140012,-11.5375990220455,36.21679306030273,0.1457397526585393,0.0423760370337749,0.1459936432356451,0.043661893729696,36.21672710334465,36.21672710334465,36.21672710334465,1,True,True,True,A_core_lia_dem_valid
SITE_001_S0669,SITE_001,-7.84066076218939,-17.2036713817828,44.22247695922852,0.1462591988651929,0.0287929815964566,0.1396715790170932,0.0287681651234264,44.22261211502128,44.22261211502128,44.22261211502128,1,True,True,True,A_core_lia_dem_valid
SITE_001_S0670,SITE_001,-9.93258875514279,-14.2620861474879,36.17627716064453,0.1599121641948635,0.0316940182964834,0.1675353793544792,0.0316490911912867,36.17644861196106,36.17644861196106,36.17644861196106,1,True,True,True,A_core_lia_dem_valid
SITE_001_S0671,SITE_001,-5.59419457827455,-12.4353737421907,44.27383804321289,0.1516283354072271,0.0301755810632473,0.1483281897458154,0.0304890396805516,44.27387441360931,44.27387441360931,44.27387441360931,1,True,True,True,A_core_lia_dem_valid
SITE_001_S0672,SITE_001,-8.84855921792832,-13.9241097238107,36.21869277954102,0.1597572329143683,0.0338453165793584,0.157654133795956,0.0345482220770906,36.21890552024435,36.21890552024435,36.21890552024435,1,True,True,True,A_core_lia_dem_valid
SITE_001_S0673,SITE_001,-8.31445249462125,-14.6112322483105,44.21676254272461,0.1429557527967593,0.0351368587671054,0.1445959681466898,0.035221476710321,44.21685835717226,44.21685835717227,44.21685835717226,1,True,True,True,A_core_lia_dem_valid
SITE_001_S0674,SITE_001,-3.46544898922178,-15.7241368034534,36.17901611328125,0.2370820693202212,0.0392792639301882,0.2284937631327185,0.0389381672510946,36.17873158280516,36.17873158280516,36.17873158280516,1,True,True,True,A_core_lia_dem_valid
SITE_001_S0675,SITE_001,-9.29102882463035,-14.7957324862136,44.27738189697266,0.1126882157705175,0.0280098742582871,0.1105209889790299,0.0249045858758761,44.27759137580554,44.27759137580555,44.27759137580554,1,True,True,True,A_core_lia_dem_valid
SITE_001_S0676,SITE_001,-7.09616482431392,-18.4422648277169,44.21615600585938,0.1199247071567003,0.0281819149603446,0.1219157629112263,0.0280322175778816,44.21612735663094,44.21612735663093,44.21612735663094,1,True,True,True,A_core_lia_dem_valid
SITE_001_S0677,SITE_001,-7.77906257037119,-15.0204330688733,36.17972564697266,0.1327595288885964,0.0277773714603649,0.1319335995651321,0.0276033647254937,36.17957455246983,36.17957455246983,36.17957455246983,1,True,True,True,A_core_lia_dem_valid
SITE_001_S0678,SITE_001,-6.36462394957963,-11.8274934216914,44.28450775146485,0.1296865992910332,0.0273508511359492,0.1309327075856657,0.027707206742539,44.28431021252518,44.28431021252518,44.28431021252518,1,True,True,True,A_core_lia_dem_valid
SITE_001_S0679,SITE_001,-6.81203321264372,-12.5872027116567,36.22151184082031,0.1687536817126804,0.0390688508296628,0.1680204898523695,0.0364900940976614,36.22143126254719,36.22143126254719,36.22143126254719,1,True,True,True,A_core_lia_dem_valid
SITE_001_S0680,SITE_001,-8.33592267808698,-12.3722959613038,44.21352386474609,0.1104966488329396,0.0307948744174294,0.1096466485171649,0.0281924340103111,44.21357227363922,44.21357227363922,44.21357227363922,1,True,True,True,A_core_lia_dem_valid
SITE_001_S0681,SITE_001,-4.32520529394644,-13.7390497562306,36.18334197998047,0.1781087388803412,0.0358987874962735,0.165091661089631,0.0373413933515513,36.18357498265368,36.18357498265368,36.18357498265368,1,True,True,True,A_core_lia_dem_valid
SITE_001_S0682,SITE_001,-7.70599654719445,-16.9479508165806,44.28837203979492,0.1126931966965397,0.0258701219451096,0.1128150096365515,0.0262497824510327,44.2882999794674,44.2882999794674,44.2882999794674,1,True,True,True,A_core_lia_dem_valid
SITE_001_S0683,SITE_001,-5.68973922035539,-17.1986325025362,36.22982025146485,0.1591771426348558,0.0328300611850702,0.1546507409224046,0.0328915816481747,36.22991310704285,36.22991310704285,36.22991310704285,1,True,True,True,A_core_lia_dem_valid
SITE_001_S0684,SITE_001,-6.37209375453263,-13.5360652532571,44.22339630126953,0.1250199777425991,0.0288072853751132,0.1246408351423379,0.0287227604858953,44.22358407674344,44.22358407674344,44.22358407674344,1,True,True,True,A_core_lia_dem_valid
SITE_001_S0685,SITE_001,-5.74651494901974,-13.9278828386665,36.17413711547852,0.1888836552270319,0.033691773600489,0.1916540060093892,0.0344027022148009,36.1742728274278,36.1742728274278,36.1742728274278,1,True,True,True,A_core_lia_dem_valid
SITE_001_S0686,SITE_001,-5.09466566331094,-12.1925420311515,44.28396987915039,0.2122526354240435,0.0394700673428779,0.2049373362660949,0.0375690006667584,44.28400480420981,44.28400480420981,44.28400480420981,1,True,True,True,A_core_lia_dem_valid
SITE_001_S0687,SITE_001,-8.77800507365812,-15.741128663472,36.23452377319336,0.1360081979259848,0.029036449410344,0.1379513079815901,0.0296721437760761,36.23448637354091,36.23448637354091,36.23448637354091,1,True,True,True,A_core_lia_dem_valid
SITE_001_S0688,SITE_001,-7.72420858192787,-14.9122696370896,44.21972274780273,0.1256260318072881,0.0234014914453857,0.1214852138000607,0.0235608915855855,44.22001046779852,44.22001046779852,44.22001046779852,1,True,True,True,A_core_lia_dem_valid
SITE_001_S0689,SITE_001,-5.27919783633111,-10.063121509032,36.17744064331055,0.1379204263413946,0.0527377680368753,0.1373496582577772,0.0465511364451892,36.17752800865426,36.17752800865426,36.17752800865426,1,True,True,True,A_core_lia_dem_valid
SITE_001_S0690,SITE_001,-8.84647271631943,-14.7451915493387,44.287109375,0.1077284005946583,0.022632404671361,0.1074282622408537,0.022511482356737,44.28717408192249,44.28717408192249,44.28717408192249,1,True,True,True,A_core_lia_dem_valid
SITE_001_S0691,SITE_001,-8.02615667154647,-13.6867904479166,36.23514938354492,0.1350099874205059,0.0308524536527693,0.133932259320109,0.0305312827634222,36.23488675520208,36.23488675520208,36.23488675520208,1,True,True,True,A_core_lia_dem_valid
SITE_001_S0692,SITE_001,-7.32536761921285,-17.0428573997831,44.22163772583008,0.1105433110396067,0.0230794106382462,0.1108544367947328,0.0233934012673372,44.22175405964707,44.22175405964707,44.22175405964707,1,True,True,True,A_core_lia_dem_valid
SITE_001_S0693,SITE_001,-7.17081360727136,-15.3618475758303,36.18587112426758,0.1630461147288694,0.0262242883630096,0.1724743720450972,0.0265670798390091,36.18574864158787,36.18574864158786,36.18574864158787,1,True,True,True,A_core_lia_dem_valid
SITE_001_S0694,SITE_001,-5.02995447691902,-13.9582032564953,44.28877258300781,0.1736387660495343,0.0246712135399381,0.1522162423183853,0.0248803458017883,44.28858772172003,44.28858772172003,44.28858772172003,1,True,True,True,A_core_lia_dem_valid
SITE_001_S0695,SITE_001,-9.11969625554182,-13.127365809267,36.22168731689453,0.1408185897022486,0.0370805499164594,0.1412689358630666,0.0374511108679528,36.22164258812413,36.22164258812413,36.22164258812413,1,True,True,True,A_core_lia_dem_valid
SITE_001_S0696,SITE_001,-5.9926776252013,-18.9855922211979,44.21762847900391,0.1175887748433484,0.0257787724936174,0.1193323057353257,0.0260761396069493,44.21757458620852,44.21757458620852,44.21757458620852,1,True,True,True,A_core_lia_dem_valid
SITE_001_S0697,SITE_001,-8.00683670101228,-19.5854051153139,36.18313980102539,0.1698211873011391,0.0335616466009782,0.1749596772908835,0.0334847387177064,36.1829973988563,36.1829973988563,36.1829973988563,1,True,True,True,A_core_lia_dem_valid
SITE_001_S0698,SITE_001,-4.45558349736886,-13.952791810855,44.28737640380859,0.1295078072236368,0.0300635562940604,0.1306811707862584,0.0302317843275765,44.28746825754549,44.28746825754549,44.28746825754549,1,True,True,True,A_core_lia_dem_valid
SITE_001_S0699,SITE_001,-11.3690920681282,-12.1832304145241,36.2256965637207,0.146731941451629,0.034633051202529,0.1470171429032896,0.0347903430259522,36.2257508587762,36.2257508587762,36.2257508587762,1,True,True,True,A_core_lia_dem_valid
SITE_001_S0700,SITE_001,-3.33902156828971,-10.8273835908887,44.21298217773438,0.1642806095984211,0.0363579170095423,0.1537951315484292,0.0365275219236903,44.21320024205874,44.21320024205874,44.21320024205874,1,True,True,True,A_core_lia_dem_valid
SITE_001_S0701,SITE_001,-8.81178670534346,-10.8163343519335,44.28757858276367,0.1250411575453149,0.0358607414447599,0.1257749125646588,0.0363779674567006,44.2875234176684,44.2875234176684,44.2875234176684,1,True,True,True,A_core_lia_dem_valid
SITE_001_S0702,SITE_001,-6.2986605604705,-10.7077792381758,36.22336959838867,0.1747071601947148,0.0456499747911261,0.1751710337198074,0.0453821769230251,36.22361296863443,36.22361296863443,36.22361296863443,1,True,True,True,A_core_lia_dem_valid
SITE_001_S0703,SITE_001,-9.0904445156258,-12.0363204749661,44.2125244140625,0.1081784398357073,0.0406139676253938,0.1095821777335655,0.0376139208039898,44.21272112356488,44.21272112356488,44.21272112356488,1,True,True,True,A_core_lia_dem_valid
SITE_001_S0704,SITE_001,-8.58640353884338,-11.3627840177081,36.17611312866211,0.1548477836075277,0.0473723077629175,0.1590384630186185,0.0471365673138679,36.175870228687,36.175870228687,36.175870228687,1,True,True,True,A_core_lia_dem_valid
SITE_001_S0705,SITE_001,-8.20089481840306,-11.7894578850015,44.28272247314453,0.1287297335432635,0.036519614521207,0.1273648183507683,0.0367018582208518,44.28291783626611,44.28291783626612,44.28291783626611,1,True,True,True,A_core_lia_dem_valid
SITE_001_S0706,SITE_001,-3.40606263619371,-9.59084145425647,44.21461868286133,0.1853185353981919,0.0417229398133026,0.1875187789068787,0.0418530242267831,44.2148462443635,44.2148462443635,44.2148462443635,1,True,True,True,A_core_lia_dem_valid
SITE_001_S0707,SITE_001,-12.419185026975,-17.4776053656015,44.27071380615234,0.0960281943985157,0.022870560270631,0.0960735358072467,0.0229145500518478,44.27082838030863,44.27082838030864,44.27082838030863,1,True,True,True,A_core_lia_dem_valid
SITE_001_S0708,SITE_001,-7.73156266119934,-14.2193061155305,36.22234344482422,0.1282690378444062,0.0377009585644635,0.1276932506815151,0.037321081271648,36.22249030766525,36.22249030766525,36.22249030766525,1,True,True,True,A_core_lia_dem_valid
SITE_001_S0709,SITE_001,-8.25557766573945,-11.2011189379833,44.21865081787109,0.1487127910885546,0.0368068914011948,0.1487859165318953,0.0372566640710481,44.21856325437834,44.21856325437834,44.21856325437834,1,True,True,True,A_core_lia_dem_valid
SITE_001_S0710,SITE_001,-5.42077697058991,-9.73723372356435,36.1743278503418,0.1633868970473607,0.0441049820515844,0.163914518304813,0.0442587514091488,36.17426148280007,36.17426148280007,36.17426148280007,1,True,True,True,A_core_lia_dem_valid
SITE_001_S0711,SITE_001,-7.26070345643479,-14.3674404691631,44.27390670776367,0.1493945390610591,0.0397218950175258,0.1510904334811795,0.0398742590545002,44.27393930947496,44.27393930947496,44.27393930947496,1,True,True,True,A_core_lia_dem_valid
SITE_001_S0712,SITE_001,-6.67439314110981,-11.0421321155295,36.21591567993164,0.1712402815951241,0.0595056468641592,0.1732176660608362,0.0596086089526889,36.21577842875445,36.21577842875445,36.21577842875445,1,True,True,True,A_core_lia_dem_valid
SITE_001_S0713,SITE_001,-10.0581255072949,-12.9642686789891,44.21509170532227,0.1373968457382997,0.0504369540967875,0.1453427240767806,0.0498187798804339,44.21517358160515,44.21517358160515,44.21517358160515,1,True,True,True,A_core_lia_dem_valid
SITE_001_S0714,SITE_001,-7.49806624184726,-12.0395201520719,36.17583084106445,0.1438306973377863,0.0408148281814323,0.1436903014061627,0.0404970921442648,36.17581333054436,36.17581333054436,36.17581333054436,1,True,True,True,A_core_lia_dem_valid
SITE_001_S0715,SITE_001,-7.90170591478771,-14.6214574607692,44.27471542358398,0.1270893943475352,0.0406959852286511,0.1272764887127243,0.0404957006361197,44.27444369689015,44.27444369689015,44.27444369689015,1,True,True,True,A_core_lia_dem_valid
SITE_001_S0716,SITE_001,-6.08257248277235,-11.1131828791191,36.21249008178711,0.1403652615017361,0.0439048157301214,0.1408391817337201,0.0437647739613865,36.21262234752589,36.21262234752589,36.21262234752589,1,True,True,True,A_core_lia_dem_valid
SITE_001_S0717,SITE_001,-11.5487292984254,-15.8798401853699,44.21084213256836,0.1266379479414907,0.0386104470160272,0.1255467148230264,0.0386354066712068,44.21088985464696,44.21088985464696,44.21088985464696,1,True,True,True,A_core_lia_dem_valid
SITE_001_S0718,SITE_001,-12.2815355733957,-12.3440044162234,36.18433380126953,0.1055517716788583,0.0255726077055765,0.1056830758500246,0.0253392405010024,36.18433564268216,36.18433564268216,36.18433564268216,1,True,True,True,A_core_lia_dem_valid
SITE_001_S0719,SITE_001,-9.22549042708414,-12.2604120910986,44.28044509887695,0.0998407680541277,0.0281173142521745,0.0992624087502927,0.0283568800560394,44.28045182646313,44.28045182646313,44.28045182646313,1,True,True,True,A_core_lia_dem_valid
SITE_002_S0001,SITE_002,-16.1307507197923,-18.582851183553,35.80564880371094,0.044391563692917,0.0156899853962848,0.0564218994564544,0.0160220270351564,35.80573308629314,35.80573308629314,35.80573308629314,1,True,True,True,A_core_lia_dem_valid
SITE_002_S0002,SITE_002,-11.2608361028689,-19.7671634349695,43.85711669921875,0.0582360903251683,0.0110621962550477,0.0560159228699718,0.0113460013141242,43.85709328098291,43.8570932809829,43.85709328098291,1,True,True,True,A_core_lia_dem_valid
SITE_002_S0003,SITE_002,-15.4515871613003,-20.190743796487,35.76938629150391,0.0343544452005528,0.0102454277741583,0.0487633466379697,0.0103662831338489,35.7692369394545,35.7692369394545,35.7692369394545,1,True,True,True,A_core_lia_dem_valid
SITE_002_S0004,SITE_002,-14.4114488505247,-23.8215433756435,43.86122131347656,0.035942865729009,0.0062717702861886,0.0412105780892807,0.0066253289604223,43.86106110218934,43.86106110218934,43.86106110218934,1,True,True,True,A_core_lia_dem_valid
SITE_002_S0005,SITE_002,-13.9517041411771,-19.2388622538805,35.79915237426758,0.0454706470610195,0.0128904900424687,0.0575002308659818,0.0138081884006657,35.79891896886149,35.79891896886149,35.79891896886149,1,True,True,True,A_core_lia_dem_valid
SITE_002_S0006,SITE_002,-13.1869849726096,-24.0618245994885,43.87026977539063,0.0304277535946286,0.0093470210996299,0.0305830630872755,0.0104745202847741,43.87032120204446,43.87032120204446,43.87032120204446,1,True,True,True,A_core_lia_dem_valid
SITE_002_S0007,SITE_002,-12.4228419369773,-20.6583732539806,35.78186798095703,0.0590928892897559,0.012219996712067,0.0661119511716348,0.0122356485436314,35.78155830786118,35.78155830786118,35.78155830786118,1,True,True,True,A_core_lia_dem_valid
SITE_002_S0008,SITE_002,-19.0151102749542,-23.4152032157821,43.87072372436523,0.0203856658465288,0.007123935830575,0.0225187207741007,0.0073704540380099,43.87088829839203,43.87088829839203,43.87088829839203,1,True,True,True,A_core_lia_dem_valid
SITE_002_S0009,SITE_002,-16.8079860587047,-19.1676476882442,35.78276062011719,0.0393416379224778,0.0148992741397685,0.04371593124862,0.0147679704427719,35.78279610934852,35.78279610934852,35.78279610934852,1,True,True,True,A_core_lia_dem_valid
SITE_002_S0010,SITE_002,-12.5755177171415,-21.3316245985368,43.88199996948242,0.0430835500523744,0.012759728996982,0.0412265436748221,0.0128337888241892,43.88185894613503,43.88185894613503,43.88185894613503,1,True,True,True,A_core_lia_dem_valid
SITE_002_S0011,SITE_002,-16.5016612447467,-20.504063178973,35.77386856079102,0.0441722819306557,0.013984155949826,0.050757556348355,0.0140357551421326,35.77394977835721,35.77394977835721,35.77394977835721,1,True,True,True,A_core_lia_dem_valid
SITE_002_S0012,SITE_002,-12.573824783874,-21.6385583403939,35.78009033203125,0.0583743857923481,0.0162193958295716,0.0584477968008061,0.0160706206834242,35.78004449059974,35.78004449059974,35.78004449059974,1,True,True,True,A_core_lia_dem_valid
SITE_002_S0013,SITE_002,-12.1405320758709,-17.3253640360638,43.88310623168945,0.043186808392587,0.0158936628971529,0.0421616208724342,0.0143975940423906,43.88319913709355,43.88319913709355,43.88319913709355,1,True,True,True,A_core_lia_dem_valid
SITE_002_S0014,SITE_002,-15.5884148457773,-25.4974134571512,43.87746810913086,0.0345200061389009,0.0087047633287271,0.0407797984573811,0.0095702168385646,43.87737477925876,43.87737477925876,43.87737477925876,1,True,True,True,A_core_lia_dem_valid
SITE_002_S0015,SITE_002,-17.9299853900937,-20.2159637029125,35.78549194335938,0.0338017031360967,0.0113222386677645,0.0375714567286697,0.0112918596030302,35.7854970980636,35.78549709806359,35.7854970980636,1,True,True,True,A_core_lia_dem_valid
SITE_002_S0016,SITE_002,-14.6189265492962,-25.9381294510633,43.88032531738281,0.0382868579525961,0.0064246695496549,0.0376839766696992,0.0076369541097046,43.88012396108802,43.88012396108802,43.88012396108802,1,True,True,True,A_core_lia_dem_valid
SITE_002_S0017,SITE_002,-16.7633024744847,-21.2307513182091,35.77926254272461,0.0471110038169008,0.0156417936092852,0.048191410932751,0.0154332892625689,35.77935781295887,35.77935781295887,35.77935781295887,1,True,True,True,A_core_lia_dem_valid
SITE_002_S0018,SITE_002,-15.6987190858752,-23.1741167891029,43.87694931030273,0.0337952157109975,0.0085434771692334,0.0338198270561334,0.0096014733734991,43.87712250860525,43.87712250860525,43.87712250860525,1,True,True,True,A_core_lia_dem_valid
SITE_002_S0019,SITE_002,-10.7108812149364,-17.5089269456191,35.77989959716797,0.0689787408461173,0.0194869730973409,0.0693172656634339,0.0193027647016684,35.77960878619986,35.77960878619986,35.77960878619986,1,True,True,True,A_core_lia_dem_valid
SITE_002_S0020,SITE_002,-14.4898815000314,-19.3475822990018,43.87761688232422,0.0377961237425372,0.0110428175764779,0.0376725496284323,0.0109970991090399,43.87767732117104,43.87767732117104,43.87767732117104,1,True,True,True,A_core_lia_dem_valid
SITE_002_S0021,SITE_002,-16.3866537872537,-21.4797136420511,35.77866363525391,0.0370266010310098,0.0114977078338682,0.0390386030426983,0.0116439989899049,35.77896951272726,35.77896951272726,35.77896951272726,1,True,True,True,A_core_lia_dem_valid
SITE_002_S0022,SITE_002,-16.5887569148046,-20.3772972077468,43.87441253662109,0.0422679877074228,0.010056464046772,0.0423654323834695,0.0090101456205337,43.87436427799737,43.87436427799737,43.87436427799737,1,True,True,True,A_core_lia_dem_valid
SITE_002_S0023,SITE_002,-14.2200674526945,-24.3204561843688,35.77663040161133,0.044260697496655,0.0100124189150079,0.0440018338903916,0.0104269386846198,35.7767702662158,35.7767702662158,35.7767702662158,1,True,True,True,A_core_lia_dem_valid
SITE_002_S0024,SITE_002,-14.4512128551339,-22.5112536883898,43.86938858032227,0.0447399006978524,0.0099706669931826,0.0477893080636662,0.0103246907317353,43.86918801449396,43.86918801449396,43.86918801449396,1,True,True,True,A_core_lia_dem_valid
SITE_002_S0025,SITE_002,-14.5737017177606,-16.9240835526363,35.76182174682617,0.0566284142765733,0.013542983720286,0.0564058866880623,0.0135939260293948,35.76198573082497,35.76198573082497,35.76198573082497,1,True,True,True,A_core_lia_dem_valid
SITE_002_S0026,SITE_002,-15.8092365201482,-21.2868992171347,43.87102127075195,0.046560751353195,0.0114136880191249,0.0479713603989088,0.0114937714729918,43.87075807106294,43.87075807106293,43.87075807106294,1,True,True,True,A_core_lia_dem_valid
SITE_002_S0027,SITE_002,-16.2233562808176,-19.5782207215786,35.7802619934082,0.0395916801643584,0.0117604596877782,0.0415261343269154,0.0115525426299711,35.78019442890406,35.78019442890406,35.78019442890406,1,True,True,True,A_core_lia_dem_valid
SITE_002_S0028,SITE_002,-11.6747450460223,-22.479255886432,43.87881088256836,0.0507591217107823,0.0110068663064804,0.0496539680904924,0.0109508566588255,43.87880532308058,43.87880532308058,43.87880532308058,1,True,True,True,A_core_lia_dem_valid
SITE_002_S0029,SITE_002,-10.807575949359,-22.4761674616002,35.76385116577148,0.0687056247641643,0.0148352254513237,0.0689690474372685,0.0147063482971287,35.76389447281414,35.76389447281414,35.76389447281414,1,True,True,True,A_core_lia_dem_valid
SITE_002_S0030,SITE_002,-12.5128661319824,-19.5825476401194,43.87148284912109,0.044022550686366,0.0127314357759637,0.0444623265383236,0.0127261928931154,43.87161903682666,43.87161903682666,43.87161903682666,1,True,True,True,A_core_lia_dem_valid
SITE_002_S0031,SITE_002,-16.7780702161552,-19.7230259105877,43.88312911987305,0.0540033108741045,0.0142301867798798,0.0542471306522687,0.014158003354836,43.88325566809947,43.88325566809947,43.88325566809947,1,True,True,True,A_core_lia_dem_valid
SITE_002_S0032,SITE_002,-15.9311729094877,-18.7703274099803,35.76526260375977,0.0568186851960755,0.01380003082359,0.0576303611077813,0.0137470743982236,35.76532070527521,35.76532070527522,35.76532070527521,1,True,True,True,A_core_lia_dem_valid
SITE_002_S0033,SITE_002,-13.4446585382599,-19.4998382965359,35.77451324462891,0.0619759377837181,0.0175254271593358,0.062134594094974,0.0172568873909336,35.77488924706437,35.77488924706437,35.77488924706437,1,True,True,True,A_core_lia_dem_valid
SITE_002_S0034,SITE_002,-13.298614424727,-22.253514050927,35.7667121887207,0.0590111553400955,0.0102576881191796,0.0588729438916692,0.0102837898301673,35.76659231947175,35.76659231947175,35.76659231947175,1,True,True,True,A_core_lia_dem_valid
SITE_002_S0035,SITE_002,-14.2781307491796,-20.5799125175509,43.87388610839844,0.0446359297752163,0.0122333580152028,0.0445891630809826,0.0121593666606709,43.8737468317746,43.8737468317746,43.8737468317746,1,True,True,True,A_core_lia_dem_valid
SITE_002_S0036,SITE_002,-11.4999435408314,-21.4463117109281,35.77537155151367,0.0606872876071267,0.0107272681242061,0.060845011719215,0.0107033923105049,35.77551143215975,35.77551143215975,35.77551143215975,1,True,True,True,A_core_lia_dem_valid
SITE_002_S0037,SITE_002,-13.2483369366129,-22.6051033361861,43.88182067871094,0.0659292171243638,0.0117140633426606,0.0653082070443582,0.0116858118088387,43.88179967748295,43.88179967748295,43.88179967748295,1,True,True,True,A_core_lia_dem_valid
SITE_002_S0038,SITE_002,-12.4856928183934,-21.6081870328759,43.87480545043945,0.0668773357021252,0.0159970678192459,0.0664792025440216,0.0161603073806812,43.87477937009601,43.87477937009601,43.87477937009601,1,True,True,True,A_core_lia_dem_valid
SITE_002_S0039,SITE_002,-15.6222945008197,-18.3198338323942,35.77681350708008,0.0549988412939839,0.0130284670471317,0.0552467952061582,0.0129406849059563,35.77663878550837,35.77663878550837,35.77663878550837,1,True,True,True,A_core_lia_dem_valid
SITE_002_S0040,SITE_002,-15.387492616425,-19.7850068661134,35.76039886474609,0.053953857879316,0.0122525063331901,0.0539283489600143,0.0120283029280753,35.76056734461037,35.76056734461037,35.76056734461037,1,True,True,True,A_core_lia_dem_valid
SITE_002_S0041,SITE_002,-15.7505983373771,-21.7172427175471,43.86932373046875,0.0398688188567757,0.0082918556894049,0.0395019461086912,0.0080522111914519,43.86953329791547,43.86953329791547,43.86953329791547,1,True,True,True,A_core_lia_dem_valid
SITE_002_S0042,SITE_002,-12.2541010374296,-18.8402988685062,35.78156661987305,0.0662233563025976,0.0152419565837885,0.0696817722649343,0.0165476860963508,35.78158856523323,35.78158856523323,35.78158856523323,1,True,True,True,A_core_lia_dem_valid
SITE_002_S0043,SITE_002,-16.0134508542967,-18.0145763383693,43.88450622558594,0.0602131910746296,0.0128312077124913,0.0604277989797202,0.0129960494981733,43.88470064626345,43.88470064626344,43.88470064626345,1,True,True,True,A_core_lia_dem_valid
SITE_002_S0044,SITE_002,-13.931584026354,-24.3819619768511,35.75850677490234,0.0688238227694201,0.0185106273854358,0.0699361383938844,0.0183894924179041,35.75859866380239,35.75859866380239,35.75859866380239,1,True,True,True,A_core_lia_dem_valid
SITE_002_S0045,SITE_002,-9.14945839079343,-20.3441542958349,43.8685302734375,0.0542594254389405,0.010982752932445,0.0542846305829323,0.0126288875061915,43.86833961299563,43.86833961299562,43.86833961299563,1,True,True,True,A_core_lia_dem_valid
SITE_002_S0046,SITE_002,-13.4472008201857,-18.4348313839899,35.77954864501953,0.0664057372436078,0.0128527818429761,0.0681053195809845,0.0124463643333445,35.77978096716282,35.77978096716282,35.77978096716282,1,True,True,True,A_core_lia_dem_valid
SITE_002_S0047,SITE_002,-12.8540105155853,-19.1965251649489,35.76128768920898,0.064898579435216,0.0178368602007733,0.0651437727297529,0.0178847296928176,35.76124785148186,35.76124785148186,35.76124785148186,1,True,True,True,A_core_lia_dem_valid
SITE_002_S0048,SITE_002,-16.0852361890842,-19.8764977620104,43.86453247070312,0.0449918452050122,0.0119851043300822,0.0448956575973626,0.0118036790444423,43.86452071845024,43.86452071845024,43.86452071845024,1,True,True,True,A_core_lia_dem_valid
SITE_002_S0049,SITE_002,-14.1890443268104,-17.4469201171708,35.77288818359375,0.0640303895291354,0.0171312069965416,0.0629488354842761,0.0170425593898557,35.77300586574205,35.77300586574205,35.77300586574205,1,True,True,True,A_core_lia_dem_valid
SITE_002_S0050,SITE_002,-14.7419954465115,-22.1058748568516,43.87493515014648,0.0587951809581783,0.0096209075985606,0.0582562163959682,0.0103318297783746,43.87496849771171,43.87496849771171,43.87496849771171,1,True,True,True,A_core_lia_dem_valid
SITE_002_S0051,SITE_002,-14.0351102910431,-21.0296626481565,35.76882934570312,0.0456662590192834,0.0077750560429897,0.0453603859913535,0.0077818496177449,35.7686575446466,35.7686575446466,35.7686575446466,1,True,True,True,A_core_lia_dem_valid
SITE_002_S0052,SITE_002,-14.5101616853369,-28.5672056038849,43.87422561645508,0.0508650244288507,0.0063979475705671,0.0512869626968812,0.0079868405155438,43.8744837999194,43.8744837999194,43.8744837999194,1,True,True,True,A_core_lia_dem_valid
SITE_002_S0053,SITE_002,-14.4756314148644,-23.3415021645749,35.77237701416016,0.0405846671748656,0.0073633377086421,0.0451680256080813,0.0086572207983879,35.77252165726316,35.77252165726316,35.77252165726316,1,True,True,True,A_core_lia_dem_valid
SITE_002_S0054,SITE_002,-13.9245829812157,-21.6757171500812,43.87288665771485,0.0511623739120033,0.0106703640974735,0.0509371498889393,0.0105409755628228,43.8727637255143,43.8727637255143,43.8727637255143,1,True,True,True,A_core_lia_dem_valid
SITE_002_S0055,SITE_002,-16.1777969606615,-22.8309508295603,35.7715950012207,0.0701663299549902,0.0124204435240891,0.0702175619724916,0.0123175839026585,35.77141809059022,35.77141809059022,35.77141809059022,1,True,True,True,A_core_lia_dem_valid
SITE_002_S0056,SITE_002,-10.7961769562001,-22.171675384187,43.87846374511719,0.046602762589852,0.0082772145714033,0.0465869650442475,0.0090606416422507,43.87827416322596,43.87827416322596,43.87827416322596,1,True,True,True,A_core_lia_dem_valid
SITE_002_S0057,SITE_002,-12.3084642210902,-19.397551532166,35.77705383300781,0.0656326130564862,0.014701447916504,0.0670326606251203,0.0144403465474213,35.77706750094104,35.77706750094104,35.77706750094104,1,True,True,True,A_core_lia_dem_valid
SITE_002_S0058,SITE_002,-12.4754550599687,-22.9689645680179,43.87556457519531,0.0462864793310186,0.0060164012582811,0.0458753249392225,0.0058009878923853,43.87548855715577,43.87548855715577,43.87548855715577,1,True,True,True,A_core_lia_dem_valid
SITE_002_S0059,SITE_002,-12.8735125560283,-18.6518908366713,35.7673225402832,0.0921536894804901,0.0171430300238231,0.0909227331220909,0.0170699321418816,35.76736819774138,35.76736819774138,35.76736819774138,1,True,True,True,A_core_lia_dem_valid
SITE_002_S0060,SITE_002,-11.6667437796618,-22.1926351088303,43.8755989074707,0.0568331483006477,0.0103583627670891,0.0570490591172818,0.0107015050667546,43.87576886246256,43.87576886246256,43.87576886246256,1,True,True,True,A_core_lia_dem_valid
SITE_002_S0061,SITE_002,-13.4652527294839,-20.0122423890007,35.77938079833984,0.0793937736501296,0.0136031613773763,0.0784734031498181,0.0138903547628901,35.77938323728421,35.77938323728421,35.77938323728421,1,True,True,True,A_core_lia_dem_valid
SITE_002_S0062,SITE_002,-9.9530320260882,-21.259820705594,43.87808227539063,0.0592132000293996,0.0103092157359545,0.0590769546442193,0.0103900136245,43.87786497151667,43.87786497151669,43.87786497151667,1,True,True,True,A_core_lia_dem_valid
SITE_002_S0063,SITE_002,-10.3659648112686,-19.4364222751,35.75893402099609,0.081955807407697,0.0119849505679061,0.0821433335864617,0.011884905555067,35.75911658013585,35.75911658013585,35.75911658013585,1,True,True,True,A_core_lia_dem_valid
SITE_002_S0064,SITE_002,-15.1444372067812,-19.2098006184722,43.86959075927734,0.0674907041754987,0.0118072621828455,0.0672817951210855,0.0122874467406857,43.86971028725781,43.86971028725781,43.86971028725781,1,True,True,True,A_core_lia_dem_valid
SITE_002_S0065,SITE_002,-10.4012239500473,-21.3623114159169,35.78425598144531,0.0934273349576526,0.0160554430809949,0.0925906020531683,0.0162742813982032,35.78423396357605,35.78423396357605,35.78423396357605,1,True,True,True,A_core_lia_dem_valid
SITE_002_S0066,SITE_002,-13.5550050095258,-18.5290308869582,43.88100433349609,0.0512001696684294,0.0108028015639518,0.0503656782159282,0.0105427094596237,43.88096275389664,43.88096275389664,43.88096275389664,1,True,True,True,A_core_lia_dem_valid
SITE_002_S0067,SITE_002,-11.8648239357553,-17.4462236457136,35.76288986206055,0.1017127103772428,0.0203059284689111,0.1015589991230287,0.0202263399735975,35.76273072096203,35.76273072096203,35.76273072096203,1,True,True,True,A_core_lia_dem_valid
SITE_002_S0068,SITE_002,-15.4866259363441,-21.0524274939856,43.87056350708008,0.049658703058958,0.0094158679999829,0.0493553682025751,0.0098114069083151,43.87078901507104,43.87078901507104,43.87078901507104,1,True,True,True,A_core_lia_dem_valid
SITE_002_S0069,SITE_002,-11.990226762384,-18.5282782998545,35.78425979614258,0.1041534021000067,0.0213182036081949,0.1039039832997469,0.0212862506370853,35.78424139308179,35.78424139308179,35.78424139308179,1,True,True,True,A_core_lia_dem_valid
SITE_002_S0070,SITE_002,-10.5808323049467,-21.2915134389272,43.88441848754883,0.064571076358358,0.010981511534709,0.0643764106460191,0.0110816400468257,43.88420795980818,43.88420795980818,43.88420795980818,1,True,True,True,A_core_lia_dem_valid
SITE_002_S0071,SITE_002,-14.8982784854614,-18.6266121344949,35.77008438110352,0.0977668171293205,0.0189933747271422,0.0974149620680161,0.0190658661900021,35.77023902352401,35.77023902352401,35.77023902352401,1,True,True,True,A_core_lia_dem_valid
SITE_002_S0072,SITE_002,-10.5301186728753,-17.539598698669,43.87501525878906,0.083927905642324,0.0174361563349763,0.0829891399864429,0.0174046341168843,43.87526325994077,43.87526325994077,43.87526325994077,1,True,True,True,A_core_lia_dem_valid
SITE_002_S0073,SITE_002,-14.8596410403793,-17.7464677413557,35.77554321289062,0.0760925173593892,0.0128751231833235,0.075049839289284,0.014607275436803,35.77575350572238,35.77575350572238,35.77575350572238,1,True,True,True,A_core_lia_dem_valid
SITE_002_S0074,SITE_002,-16.0297384669358,-19.7987877521585,43.87008285522461,0.0515126182759801,0.01079554838603,0.0508405367450581,0.0105794688430325,43.87027066696662,43.87027066696662,43.87027066696662,1,True,True,True,A_core_lia_dem_valid
SITE_002_S0075,SITE_002,-11.4877299302763,-15.3231007873835,35.77273559570312,0.1071446929706467,0.0194350513453698,0.1064247019710931,0.0193319712925334,35.77290672772781,35.77290672772781,35.77290672772781,1,True,True,True,A_core_lia_dem_valid
SITE_002_S0076,SITE_002,-15.1121457385024,-20.1339382457706,43.87961959838867,0.0694749921666893,0.0185284869093447,0.0705714032638585,0.0184331243673776,43.87973560434144,43.87973560434144,43.87973560434144,1,True,True,True,A_core_lia_dem_valid
SITE_002_S0077,SITE_002,-13.7261629887867,-19.2683342898759,35.77667999267578,0.0797426391972435,0.0159101806625899,0.0792206876550191,0.0160024457122312,35.7766713790366,35.7766713790366,35.7766713790366,1,True,True,True,A_core_lia_dem_valid
SITE_002_S0078,SITE_002,-13.3122254189024,-22.5225532411916,43.86864852905273,0.0550511823180649,0.0082122153589434,0.0547614714484891,0.0093196773309425,43.86867840524286,43.86867840524286,43.86867840524286,1,True,True,True,A_core_lia_dem_valid
SITE_002_S0079,SITE_002,-11.1144014286583,-21.6282835513187,35.76958084106445,0.074988935497927,0.015688185541787,0.0753260466671572,0.015763775150602,35.76977333148046,35.76977333148046,35.76977333148046,1,True,True,True,A_core_lia_dem_valid
SITE_002_S0080,SITE_002,-7.23646214558359,-18.3263154052409,43.8781623840332,0.1579733291748377,0.0114537826521943,0.164251502273566,0.0115279222117667,43.87797836327704,43.87797836327704,43.87797836327704,1,True,True,True,A_core_lia_dem_valid
SITE_002_S0081,SITE_002,-11.4337907018698,-25.873384955656,35.78189468383789,0.0628946633092358,0.0105605598228715,0.0677295772683656,0.0105157007928744,35.78177156334475,35.78177156334475,35.78177156334475,1,True,True,True,A_core_lia_dem_valid
SITE_002_S0082,SITE_002,-8.25689007848106,-20.6137344088692,43.87227249145508,0.1244020191471264,0.0098400910748979,0.1342229410634212,0.0109991088041372,43.87209262691856,43.87209262691856,43.87209262691856,1,True,True,True,A_core_lia_dem_valid
SITE_002_S0083,SITE_002,-12.2164164007518,-21.0428746249552,35.7672119140625,0.0551200558884433,0.0125247256285185,0.0557738270032754,0.0126449561485825,35.76721618435394,35.76721618435395,35.76721618435394,1,True,True,True,A_core_lia_dem_valid
SITE_002_S0084,SITE_002,-9.56119987587503,-20.6456014403566,43.87424087524414,0.0993524335224727,0.0095623452205287,0.1217680166254401,0.0094948886509905,43.87437293574495,43.87437293574495,43.87437293574495,1,True,True,True,A_core_lia_dem_valid
SITE_002_S0085,SITE_002,-11.7639799635474,-20.533433401362,35.78422927856445,0.0521085363967414,0.0092318860864763,0.0544336046961261,0.0095415986035681,35.7839755205193,35.7839755205193,35.7839755205193,1,True,True,True,A_core_lia_dem_valid
SITE_002_S0086,SITE_002,-12.2993970974236,-25.3680262883096,43.87470626831055,0.0578615460418593,0.0046236198368058,0.0741382216518303,0.0056994826068019,43.874865882263,43.874865882263,43.874865882263,1,True,True,True,A_core_lia_dem_valid
SITE_002_S0087,SITE_002,-14.0401282052448,-20.9123687464221,35.7614631652832,0.0432421569054024,0.0106994369416497,0.0489946706969454,0.010736795542388,35.76169768759291,35.76169768759291,35.76169768759291,1,True,True,True,A_core_lia_dem_valid
SITE_002_S0088,SITE_002,-8.45769484262529,-25.5363687737417,43.8721809387207,0.1257231532033353,0.0041736106717601,0.1356735109969517,0.0046645403824733,43.87210188538577,43.87210188538577,43.87210188538577,1,True,True,True,A_core_lia_dem_valid
SITE_002_S0089,SITE_002,-12.2104622730686,-22.9473085408368,35.78161239624023,0.0541883142082768,0.0080074084313789,0.0696725892999744,0.0102293169090346,35.78144834135033,35.78144834135033,35.78144834135033,1,True,True,True,A_core_lia_dem_valid
SITE_002_S0090,SITE_002,-9.55261241921078,-20.7218551468005,43.87301635742188,0.0936457511577669,0.0097300541938298,0.0996606380347897,0.0098272929720851,43.87302370149337,43.87302370149337,43.87302370149337,1,True,True,True,A_core_lia_dem_valid
SITE_002_S0091,SITE_002,-11.7701411262395,-18.7312011528585,35.76520919799805,0.0571178316330198,0.0137369839019245,0.0614039317232631,0.013566465926483,35.76492364528833,35.76492364528833,35.76492364528833,1,True,True,True,A_core_lia_dem_valid
SITE_002_S0092,SITE_002,-12.3119469378551,-18.7813256718937,43.87096405029297,0.0534140953693368,0.0122368849402404,0.0666574770992185,0.0101183329710314,43.87079845207466,43.87079845207466,43.87079845207466,1,True,True,True,A_core_lia_dem_valid
SITE_002_S0093,SITE_002,-11.4948489919649,-20.2289274454372,35.77604675292969,0.0650636543747451,0.016386916766771,0.0642643334744153,0.016219797319859,35.77607440045956,35.77607440045955,35.77607440045956,1,True,True,True,A_core_lia_dem_valid
SITE_002_S0094,SITE_002,-11.9653726257431,-20.4606186590154,43.87083435058594,0.0617682511354141,0.0096031625530043,0.0737540520010739,0.0092696212868979,43.87087589745848,43.87087589745848,43.87087589745848,1,True,True,True,A_core_lia_dem_valid
SITE_002_S0095,SITE_002,-11.1711843194326,-16.1028146121826,35.76874160766602,0.0628742197859618,0.0140866757825844,0.0628500138013253,0.0141163038563581,35.76853238683987,35.76853238683987,35.76853238683987,1,True,True,True,A_core_lia_dem_valid
SITE_002_S0096,SITE_002,-12.7979436441494,-19.8504842991021,43.87510299682617,0.0510217650875799,0.0115478344177424,0.0602250562005632,0.0113690925409212,43.87533472319589,43.87533472319589,43.87533472319589,1,True,True,True,A_core_lia_dem_valid
SITE_002_S0097,SITE_002,-13.1554173218172,-22.0962880839194,43.87237548828125,0.044624435106468,0.0079420854997129,0.053242891367011,0.0086440247628304,43.87221224802845,43.87221224802845,43.87221224802845,1,True,True,True,A_core_lia_dem_valid
SITE_002_S0098,SITE_002,-16.9939211995277,-21.8745865557314,35.77211761474609,0.0352172910858037,0.0105499002223627,0.0362696349306954,0.0105255497806923,35.77242258678918,35.77242258678918,35.77242258678918,1,True,True,True,A_core_lia_dem_valid
SITE_002_S0099,SITE_002,-12.6051157894187,-22.5354950894024,43.85344314575195,0.0489431277961701,0.0103099660337385,0.051738788905898,0.010295573030081,43.85337960320941,43.85337960320941,43.85337960320941,1,True,True,True,A_core_lia_dem_valid
SITE_002_S0100,SITE_002,-15.5247274605875,-20.6981856024857,35.75967407226562,0.0375137060756484,0.0095626137395285,0.0375712880109674,0.0097044839460494,35.75995280315907,35.75995280315907,35.75995280315907,1,True,True,True,A_core_lia_dem_valid
SITE_002_S0101,SITE_002,-13.9256814566455,-20.5505092548554,43.85902404785156,0.0514928402831851,0.0108803973554919,0.0544340247092539,0.0109235626944873,43.85885309338983,43.85885309338985,43.85885309338983,1,True,True,True,A_core_lia_dem_valid
SITE_002_S0102,SITE_002,-15.5892321824605,-19.2653609936431,35.75956726074219,0.0403688294564684,0.0115474187613775,0.040074991898828,0.0114448662224099,35.75960458693696,35.75960458693696,35.75960458693696,1,True,True,True,A_core_lia_dem_valid
SITE_002_S0103,SITE_002,-10.4219572065369,-16.817599782866,43.86104202270508,0.0611603198572993,0.016427912885944,0.0609496069630539,0.0164001067293187,43.8610745127373,43.8610745127373,43.8610745127373,1,True,True,True,A_core_lia_dem_valid
SITE_002_S0104,SITE_002,-13.0717818574446,-18.032327836692,35.76442337036133,0.0546941992557711,0.0148328362632956,0.0547066639498592,0.0148018409976344,35.76421797890333,35.76421797890333,35.76421797890333,1,True,True,True,A_core_lia_dem_valid
SITE_002_S0105,SITE_002,-14.0017864517531,-20.5782029961357,43.85613250732422,0.0487745896088589,0.0139677826516951,0.0505153315712814,0.013934648382006,43.85617535180349,43.85617535180349,43.85617535180349,1,True,True,True,A_core_lia_dem_valid
SITE_002_S0106,SITE_002,-16.7565744385093,-20.3971727016694,35.76548385620117,0.051450511585368,0.0144160682045751,0.0510141764471,0.0145091807237469,35.7654268828578,35.76542688285781,35.7654268828578,1,True,True,True,A_core_lia_dem_valid
SITE_002_S0107,SITE_002,-13.6725705532332,-19.5525482014526,43.85666656494141,0.0479177523576968,0.0124544702242645,0.0479308793552721,0.0126303989235541,43.85683963565376,43.85683963565376,43.85683963565376,1,True,True,True,A_core_lia_dem_valid
SITE_002_S0108,SITE_002,-13.9235993824801,-18.1092876321554,35.76449203491211,0.0591718848587738,0.016004695403907,0.0584735241240883,0.0160310906118908,35.7645088958981,35.7645088958981,35.7645088958981,1,True,True,True,A_core_lia_dem_valid
SITE_002_S0109,SITE_002,-11.3328016719543,-19.5390358164943,43.85272216796875,0.0619942500933019,0.012886333791539,0.0635628062216941,0.0127998180950727,43.85273891278526,43.85273891278526,43.85273891278526,1,True,True,True,A_core_lia_dem_valid
SITE_002_S0110,SITE_002,-13.5676270345605,-20.352011150536,35.76249313354492,0.0528097964078187,0.0179764479191766,0.052503972750433,0.0178581879143085,35.7626483953224,35.7626483953224,35.7626483953224,1,True,True,True,A_core_lia_dem_valid
SITE_002_S0111,SITE_002,-11.6828864562704,-18.7018106881955,43.86087417602539,0.0474243050151401,0.0146775008831173,0.0469834643694353,0.0146063182819174,43.86073828960797,43.86073828960797,43.86073828960797,1,True,True,True,A_core_lia_dem_valid
SITE_002_S0112,SITE_002,-13.5647640263414,-21.9624046526286,35.76562118530273,0.0564403224984804,0.0142855295818299,0.0559854965094556,0.0143842585783819,35.76545406769146,35.76545406769144,35.76545406769146,1,True,True,True,A_core_lia_dem_valid
SITE_002_S0113,SITE_002,-13.0148076832824,-17.147623427792,43.85945129394531,0.0524726075389319,0.0124243511414776,0.051879088802746,0.0124309382794853,43.85949941087597,43.85949941087597,43.85949941087597,1,True,True,True,A_core_lia_dem_valid
SITE_002_S0114,SITE_002,-14.4811649368092,-20.2487904719226,35.76203536987305,0.0551464606656087,0.0145518379389411,0.0545328637074387,0.0145189526033254,35.7622372047621,35.7622372047621,35.7622372047621,1,True,True,True,A_core_lia_dem_valid
SITE_002_S0115,SITE_002,-13.889300345192,-20.835802756175,43.85784530639648,0.0440212040268647,0.011145446592321,0.0427173389208197,0.0111664125278454,43.85769381030265,43.85769381030264,43.85769381030265,1,True,True,True,A_core_lia_dem_valid
SITE_002_S0116,SITE_002,-13.5938147001281,-21.0477678710723,43.853515625,0.045648960638181,0.0106896046724998,0.0456831075159158,0.0106922844946844,43.85363158167576,43.85363158167576,43.85363158167576,1,True,True,True,A_core_lia_dem_valid
SITE_002_S0117,SITE_002,-13.5726242583951,-18.4313091076167,35.7646598815918,0.0550009544635909,0.0157606786944799,0.0606002513180309,0.0157056424596611,35.76441250009817,35.76441250009817,35.76441250009817,1,True,True,True,A_core_lia_dem_valid
SITE_002_S0118,SITE_002,-17.0240133093664,-20.2402736426693,43.85425186157227,0.0459293131530284,0.0149442956431044,0.0463226756011998,0.0149211640869853,43.85437898840825,43.85437898840825,43.85437898840825,1,True,True,True,A_core_lia_dem_valid
SITE_002_S0119,SITE_002,-11.5370582611179,-18.3879273942686,35.76412200927734,0.070187066603038,0.0156121605883042,0.0699969573196317,0.0157548742046878,35.76381918803944,35.76381918803944,35.76381918803944,1,True,True,True,A_core_lia_dem_valid
SITE_002_S0120,SITE_002,-11.4470199178083,-23.3023132166984,43.85564041137695,0.0491999526044683,0.0089267963454021,0.0465324722780913,0.0101749518755473,43.855657447386,43.855657447386,43.855657447386,1,True,True,True,A_core_lia_dem_valid
SITE_002_S0121,SITE_002,-12.6691950568579,-18.4373648916432,35.75907516479492,0.0742810365309318,0.020027562946909,0.0743897412248231,0.0199603906448608,35.75891319890643,35.75891319890643,35.75891319890643,1,True,True,True,A_core_lia_dem_valid
SITE_002_S0122,SITE_002,-15.0374798172173,-22.371019794001,43.85747909545898,0.0437411250880846,0.0135680391991304,0.0441958147163619,0.0136133796553828,43.85724781677786,43.85724781677786,43.85724781677786,1,True,True,True,A_core_lia_dem_valid
SITE_002_S0123,SITE_002,-12.2566728333848,-17.3515293231762,35.75633239746094,0.0676172089584899,0.015886611468676,0.0678051234047047,0.0158762280284254,35.75649641380442,35.75649641380442,35.75649641380442,1,True,True,True,A_core_lia_dem_valid
SITE_002_S0124,SITE_002,-13.9223549281905,-20.0940989500747,43.85803985595703,0.049082595941921,0.0154765417457868,0.0492951129933382,0.0152323184511067,43.85795964405226,43.85795964405226,43.85795964405226,1,True,True,True,A_core_lia_dem_valid
SITE_002_S0125,SITE_002,-13.6201012848038,-18.7010518519108,35.75976181030273,0.0670104690310027,0.017001302594112,0.0675170700426822,0.0168081227135787,35.75996815194571,35.75996815194571,35.75996815194571,1,True,True,True,A_core_lia_dem_valid
SITE_002_S0126,SITE_002,-14.6642005971418,-17.4790139568623,43.85456085205078,0.0562050570519345,0.0162250703656011,0.057664464468431,0.0161061241319058,43.85451747053924,43.85451747053924,43.85451747053924,1,True,True,True,A_core_lia_dem_valid
SITE_002_S0127,SITE_002,-10.670078244039,-17.0536659705198,35.76482391357422,0.07374786319832,0.0197350953498648,0.0736263081642948,0.0197722789819961,35.76473898427924,35.76473898427924,35.76473898427924,1,True,True,True,A_core_lia_dem_valid
SITE_002_S0128,SITE_002,-14.2718386126674,-20.3214194599826,43.85111618041992,0.0543388733764489,0.0131868587798201,0.0537627333597133,0.0145403121524307,43.85118104351056,43.85118104351056,43.85118104351056,1,True,True,True,A_core_lia_dem_valid
SITE_002_S0129,SITE_002,-11.13115073327,-17.2711214917285,35.76363754272461,0.0858234425634145,0.0218636095689402,0.0855091364240204,0.0219492341863152,35.76397887186788,35.76397887186788,35.76397887186788,1,True,True,True,A_core_lia_dem_valid
SITE_002_S0130,SITE_002,-13.2264847119388,-18.2608147930963,43.85100555419922,0.0510761213799317,0.0153002093545958,0.0506677767289457,0.0154874971346911,43.85116736473788,43.85116736473788,43.85116736473788,1,True,True,True,A_core_lia_dem_valid
SITE_002_S0131,SITE_002,-13.9250199414349,-18.2155882247467,35.75723648071289,0.0847603218257427,0.0220768434885475,0.085212612428047,0.0220341304427495,35.75697999289541,35.7569799928954,35.75697999289541,1,True,True,True,A_core_lia_dem_valid
SITE_002_S0132,SITE_002,-19.0345668059595,-21.0959259239277,43.85531616210938,0.0524789398453301,0.0114474921580404,0.0532395955100063,0.0113072153233433,43.85539558723521,43.85539558723521,43.85539558723521,1,True,True,True,A_core_lia_dem_valid
SITE_002_S0133,SITE_002,-11.028153052897,-18.2942946800176,35.75394439697266,0.0823087524788247,0.0182729627688725,0.0822025496144721,0.0183911451244335,35.75416554514806,35.75416554514806,35.75416554514806,1,True,True,True,A_core_lia_dem_valid
SITE_002_S0134,SITE_002,-13.0477098146517,-22.3307554935749,43.8564453125,0.0523586598452594,0.010063995239269,0.0523162273334229,0.0101285520465865,43.8562368766213,43.8562368766213,43.8562368766213,1,True,True,True,A_core_lia_dem_valid
SITE_002_S0135,SITE_002,-12.860187731218,-18.2879580368134,35.75730133056641,0.0736124115685621,0.0147496701031923,0.0736113186042617,0.0146879513816976,35.7574340273643,35.7574340273643,35.7574340273643,1,True,True,True,A_core_lia_dem_valid
SITE_002_S0136,SITE_002,-12.6098957511082,-19.6537621005662,43.85386657714844,0.0646498601469728,0.0136466410906215,0.0644237759571384,0.0132241256394661,43.85404884316792,43.85404884316792,43.85404884316792,1,True,True,True,A_core_lia_dem_valid
SITE_002_S0137,SITE_002,-11.7113227174665,-19.4474591514047,35.76706314086914,0.0783306319266557,0.0164384901088972,0.0768867830575644,0.016375033210871,35.76717083021666,35.76717083021666,35.76717083021666,1,True,True,True,A_core_lia_dem_valid
SITE_002_S0138,SITE_002,-14.1112147923266,-19.3217981187647,43.85085678100586,0.0587145414120621,0.015602642406399,0.0591376942920464,0.015494328463726,43.85089276020808,43.85089276020808,43.85089276020808,1,True,True,True,A_core_lia_dem_valid
SITE_002_S0139,SITE_002,-13.4795801215881,-21.2641221325064,35.76482009887695,0.0757066618651151,0.0081349335794333,0.0753981928593777,0.0081169727056449,35.76475365666632,35.76475365666632,35.76475365666632,1,True,True,True,A_core_lia_dem_valid
SITE_002_S0140,SITE_002,-10.2940742192514,-25.7539785597694,43.85061645507812,0.0570688026770949,0.0054977953583829,0.0574573599768889,0.0053198899956948,43.85037842180383,43.85037842180383,43.85037842180383,1,True,True,True,A_core_lia_dem_valid
SITE_002_S0141,SITE_002,-15.3302912749228,-19.5432510323882,35.76172637939453,0.050485429577399,0.0101766101746923,0.0513998720366911,0.0102618353548287,35.76147729201499,35.76147729201498,35.76147729201499,1,True,True,True,A_core_lia_dem_valid
SITE_002_S0142,SITE_002,-12.5566526924796,-24.6964716578113,43.85803985595703,0.0501462562267749,0.0050343540731016,0.0478539018952066,0.0055513504748309,43.85813230506726,43.85813230506726,43.85813230506726,1,True,True,True,A_core_lia_dem_valid
SITE_002_S0143,SITE_002,-12.0315798732403,-18.7925307286224,43.8620719909668,0.0620717605987833,0.0137043218312746,0.0634887551797876,0.0140707955797629,43.86191720113548,43.86191720113548,43.86191720113548,1,True,True,True,A_core_lia_dem_valid
SITE_002_S0144,SITE_002,-11.7542699300518,-16.3635493086447,35.76047515869141,0.0825993504216884,0.0187270446941299,0.0868510939060804,0.0190870402260247,35.76041703790632,35.76041703790632,35.76041703790632,1,True,True,True,A_core_lia_dem_valid
SITE_002_S0145,SITE_002,-8.34185990316066,-21.0399665026437,43.86368560791016,0.07637018294798,0.013784387779867,0.076322590643425,0.0138132742346707,43.86345757846008,43.86345757846009,43.86345757846008,1,True,True,True,A_core_lia_dem_valid
SITE_002_S0146,SITE_002,-8.70327000605483,-19.0544482533641,35.76752471923828,0.1222090582611687,0.0143610700074399,0.1037443339569254,0.0142581156652023,35.76734833324728,35.76734833324728,35.76734833324728,1,True,True,True,A_core_lia_dem_valid
SITE_002_S0147,SITE_002,-12.217446347111,-19.2987737310386,43.85384750366211,0.0620123620124326,0.0136893236409458,0.0613176815464724,0.0136258214022274,43.85392849975162,43.85392849975161,43.85392849975162,1,True,True,True,A_core_lia_dem_valid
SITE_002_S0148,SITE_002,-11.5103929603314,-20.7959339408686,35.76562118530273,0.0761276133132726,0.0130884587517525,0.0845594076044366,0.0128467303498466,35.76555813736653,35.76555813736653,35.76555813736653,1,True,True,True,A_core_lia_dem_valid
SITE_002_S0149,SITE_002,-13.0619264061625,-22.6777224242129,43.85481643676758,0.0498793907155785,0.0093140916174962,0.0511830713034465,0.0101152517647694,43.85489183172312,43.85489183172312,43.85489183172312,1,True,True,True,A_core_lia_dem_valid
SITE_002_S0150,SITE_002,-14.6360750042562,-17.4896338221158,35.77126693725586,0.0390304792659189,0.0129919953649992,0.0383653088683486,0.0118202542159272,35.77109432010597,35.77109432010597,35.77109432010597,1,True,True,True,A_core_lia_dem_valid
SITE_002_S0151,SITE_002,-15.4352556829028,-25.4326576932029,43.85588836669922,0.0316723908554569,0.0060534614153486,0.0358600336088882,0.0081502940886587,43.85572748781566,43.85572748781566,43.85572748781566,1,True,True,True,A_core_lia_dem_valid
SITE_002_S0152,SITE_002,-15.6574457699549,-35.5216207100579,35.7593879699707,0.0330148725528366,0.0037735579877853,0.0495352167581614,0.0046160684539551,35.75970935401941,35.75970935401941,35.75970935401941,1,True,True,True,A_core_lia_dem_valid
SITE_002_S0153,SITE_002,-14.648573704591,-18.1464088810457,43.85849761962891,0.0431525585386488,0.0116074317119394,0.0430272882776679,0.0115954389939958,43.85843545672205,43.85843545672205,43.85843545672205,1,True,True,True,A_core_lia_dem_valid
SITE_002_S0154,SITE_002,-11.7536574134434,-25.0425029917902,35.77095794677734,0.0669794198938242,0.0074006483904044,0.0595097217159116,0.0073871115594657,35.77085175602775,35.77085175602775,35.77085175602775,1,True,True,True,A_core_lia_dem_valid
SITE_002_S0155,SITE_002,-16.1679993063672,-18.6287816106452,43.85383224487305,0.0426233759688006,0.0116407128771199,0.043041962959485,0.0114848051657914,43.85385204268417,43.85385204268417,43.85385204268417,1,True,True,True,A_core_lia_dem_valid
SITE_002_S0156,SITE_002,-10.5780350843159,-23.4807165588742,35.76918411254883,0.0775775607376605,0.0077860357565981,0.0801699686112924,0.0094827507546079,35.76897199640943,35.76897199640943,35.76897199640943,1,True,True,True,A_core_lia_dem_valid
SITE_002_S0157,SITE_002,-12.7447924343909,-23.7160219572133,43.85509490966797,0.0472683680885367,0.0104061336880009,0.0475125157238353,0.0119651558280446,43.85518789095648,43.85518789095648,43.85518789095648,1,True,True,True,A_core_lia_dem_valid
SITE_002_S0158,SITE_002,-16.5166518693254,-19.5489557090776,35.75892639160156,0.0348736822024139,0.0129800988076253,0.0445581764393384,0.0130299957008875,35.75897145714067,35.75897145714068,35.75897145714067,1,True,True,True,A_core_lia_dem_valid
SITE_002_S0159,SITE_002,-16.1740285685956,-20.9364052525802,43.85807037353516,0.0447114755041422,0.0119237054914269,0.044454765903126,0.0121266374090638,43.85813306412607,43.85813306412607,43.85813306412607,1,True,True,True,A_core_lia_dem_valid
SITE_002_S0160,SITE_002,-13.4561164610337,-20.7040421511145,43.85791397094727,0.0446322923890132,0.0103278603800111,0.0446326529190282,0.0098982900053807,43.85792811676497,43.85792811676497,43.85792811676497,1,True,True,True,A_core_lia_dem_valid
SITE_002_S0161,SITE_002,-16.4373052178482,-27.0711229820257,35.76348876953125,0.0304627246816249,0.0069671086600991,0.04072355258407,0.0083162233109285,35.76347192008541,35.76347192008541,35.76347192008541,1,True,True,True,A_core_lia_dem_valid
SITE_002_S0162,SITE_002,-13.2009897415353,-21.5137303651849,43.86125946044922,0.0448934790726493,0.0095336048922117,0.0445506787936007,0.0101501259183426,43.8614132401321,43.8614132401321,43.8614132401321,1,True,True,True,A_core_lia_dem_valid
SITE_002_S0163,SITE_002,-12.3967112358431,-19.0888361631862,35.76339721679688,0.0644430048720861,0.0126537021971036,0.0662034303769503,0.01252799446826,35.76909657977076,35.76909657977075,35.76909657977076,1,True,True,True,A_core_lia_dem_valid
SITE_002_S0164,SITE_002,-12.757502970173,-21.5201192209775,43.85650253295898,0.0474441499788127,0.0088264811552183,0.0473837973089589,0.0087150251790041,43.87481482273531,43.87481482273531,43.87481482273531,1,True,True,True,A_core_lia_dem_valid
SITE_002_S0165,SITE_002,-14.7501763170245,-25.6281567019003,35.77149200439453,0.0504312635038396,0.0101024107650978,0.0565687437137396,0.0118237612199999,35.77163632131155,35.77163632131155,35.77163632131155,1,True,True,True,A_core_lia_dem_valid
SITE_002_S0166,SITE_002,-10.6014154815888,-17.6238316221495,35.77426147460938,0.0777667415061133,0.0172184705274271,0.071411992928174,0.016809999742669,35.77434267624723,35.77434267624722,35.77434267624723,1,True,True,True,A_core_lia_dem_valid
SITE_002_S0167,SITE_002,-12.8173806839985,-27.2094056709613,43.87678527832031,0.0583454815410278,0.0106415728981503,0.0624953112564134,0.0107676598561014,43.87666530326962,43.87666530326962,43.87666530326962,1,True,True,True,A_core_lia_dem_valid
SITE_002_S0168,SITE_002,-14.9515462188314,-44.8096082427476,35.76896667480469,0.0394731138276165,0.0079865524896422,0.0580631189238327,0.009347149670827,35.76458837316076,35.76458837316076,35.76458837316076,1,True,True,True,A_core_lia_dem_valid
SITE_002_S0169,SITE_002,-13.7593084299268,-15.0994773545113,35.77202987670898,0.0603751668988708,0.0257815879613043,0.0760345640331084,0.0218682834749633,35.77209277789296,35.77209277789297,35.77209277789296,1,True,True,True,A_core_lia_dem_valid
SITE_002_S0170,SITE_002,-13.1953042790604,-20.6849757269118,43.85710525512695,0.0456202931792165,0.0098259665941198,0.0461303302174634,0.0099221792096778,43.87602230519394,43.87602230519394,43.87602230519394,1,True,True,True,A_core_lia_dem_valid
SITE_002_S0171,SITE_002,-13.8396245619112,-20.9528726770992,35.76776123046875,0.0407047767532621,0.0083925673646249,0.044387500673339,0.0089619276137526,35.76198857930469,35.76198857930469,35.76198857930469,1,True,True,True,A_core_lia_dem_valid
SITE_002_S0172,SITE_002,-16.3169270318892,-16.5596600801381,35.77415466308594,0.0466320672323333,0.0202158408172464,0.0454970010951776,0.0171664683137251,35.77450415441417,35.77450415441417,35.77450415441417,1,True,True,True,A_core_lia_dem_valid
SITE_002_S0173,SITE_002,-16.7624874813913,-19.3297534958307,43.85935974121094,0.0337027483111029,0.0100041485149482,0.0448616281975216,0.0104521883970502,43.87655864509733,43.87655864509733,43.87655864509733,1,True,True,True,A_core_lia_dem_valid
SITE_002_S0174,SITE_002,-12.5986319725107,-20.3137259607233,35.76942825317383,0.0642873884258061,0.014795908413257,0.0683192045770682,0.0146898867464306,35.76203100164244,35.76203100164244,35.76203100164244,1,True,True,True,A_core_lia_dem_valid
SITE_002_S0175,SITE_002,-12.849691125203,-21.9333242098693,35.77254104614258,0.0536243320608322,0.0074128682712974,0.0583059579032915,0.0074886772874221,35.77275431310293,35.77275431310292,35.77275431310293,1,True,True,True,A_core_lia_dem_valid
SITE_002_S0176,SITE_002,-17.2922477485953,-23.0160622893757,43.87479782104492,0.0328631827078195,0.0064610485948349,0.0347893700125645,0.0071042555784326,43.87476551015097,43.87476551015096,43.87476551015097,1,True,True,True,A_core_lia_dem_valid
SITE_002_S0177,SITE_002,-14.7897782113596,-23.9316544338702,35.77392196655273,0.0455237005608041,0.0080933857418939,0.0545928671172709,0.0080276758134927,35.77374198877416,35.77374198877416,35.77374198877416,1,True,True,True,A_core_lia_dem_valid
SITE_002_S0178,SITE_002,-15.7941846839595,-21.487496524431,35.76850128173828,0.0431626926643384,0.009264756627241,0.056580903436623,0.009627512606035,35.76825726099691,35.76825726099691,35.76825726099691,1,True,True,True,A_core_lia_dem_valid
SITE_002_S0179,SITE_002,-15.9302287289995,-23.4123271026863,43.86957931518555,0.0396726407234867,0.006518443151914,0.0396042545227172,0.0071654401985417,43.86961058800637,43.86961058800638,43.86961058800637,1,True,True,True,A_core_lia_dem_valid
SITE_002_S0180,SITE_002,-18.0004540471532,-26.0062295952231,35.77634048461914,0.0332229067795357,0.0052420367996645,0.0355049320881588,0.0065231753156262,35.77672047618047,35.77672047618047,35.77672047618047,1,True,True,True,A_core_lia_dem_valid
SITE_002_S0181,SITE_002,-15.7981491815004,-22.3648230598116,35.76874542236328,0.0435932358698865,0.0075395445465108,0.0488257013355271,0.0095132505130921,35.76843913680834,35.76843913680835,35.76843913680834,1,True,True,True,A_core_lia_dem_valid
SITE_002_S0182,SITE_002,-15.1687696106485,-19.9645306898169,43.86788558959961,0.0561071168631315,0.0125279724056571,0.0559014966081322,0.0126182971357982,43.86783264760896,43.86783264760896,43.86783264760896,1,True,True,True,A_core_lia_dem_valid
SITE_002_S0183,SITE_002,-11.5452875966486,-21.3975412288166,43.87147521972656,0.0562274557136866,0.0126344051514954,0.0561925695930098,0.0128043709456609,43.87140593060318,43.87140593060317,43.87140593060318,1,True,True,True,A_core_lia_dem_valid
SITE_002_S0184,SITE_002,-14.2517779961704,-33.8877848756775,35.75700759887695,0.0553172428951005,0.0122315906872972,0.0675669592699176,0.0121573344881381,35.76651970920675,35.76651970920675,35.76651970920675,1,True,True,True,A_core_lia_dem_valid
SITE_002_S0185,SITE_002,-13.6886205301316,-21.5118056288659,35.76773452758789,0.0562470873795763,0.0075725919876409,0.0615898374094589,0.0089630873952645,35.77399559392518,35.77399559392518,35.77399559392518,1,True,True,True,A_core_lia_dem_valid
SITE_002_S0186,SITE_002,-15.8095493583444,-23.892368625713,43.87332153320312,0.0351429210975766,0.0062929625516402,0.0354986064514847,0.0069603093281757,43.87335108147293,43.87335108147293,43.87335108147293,1,True,True,True,A_core_lia_dem_valid
SITE_002_S0187,SITE_002,-10.7450493516022,-20.1040616422183,35.75704574584961,0.0910941460840106,0.0123971646136433,0.0893703894259443,0.0125920190283186,35.76615274214729,35.76615274214729,35.76615274214729,1,True,True,True,A_core_lia_dem_valid
SITE_002_S0188,SITE_002,-12.9661756689749,-17.8872750024499,35.76750946044922,0.0607668940479378,0.0145782876401822,0.0628609729008242,0.0132439124095005,35.77365182844688,35.77365182844687,35.77365182844688,1,True,True,True,A_core_lia_dem_valid
SITE_002_S0189,SITE_002,-14.2828481423886,-21.4717150747934,43.85820388793945,0.0584180898716052,0.0132595452996798,0.0590267005962906,0.0145372947793351,43.87583212041449,43.87583212041449,43.87583212041449,1,True,True,True,A_core_lia_dem_valid
SITE_002_S0190,SITE_002,-8.2414042174599,-21.1841874922629,35.76435852050781,0.1284345609644494,0.0127329177140361,0.1213108978793402,0.0128141173451885,35.76408332817489,35.76408332817489,35.76408332817489,1,True,True,True,A_core_lia_dem_valid
SITE_002_S0191,SITE_002,-13.3068120692511,-20.6537456835312,43.87458038330078,0.0488482762583427,0.0098109824316003,0.0491927861532679,0.0108341841087696,43.87457816016594,43.87457816016594,43.87457816016594,1,True,True,True,A_core_lia_dem_valid
SITE_002_S0192,SITE_002,-13.5162118545155,-19.4040116951801,35.77072906494141,0.0509040927042162,0.0090622196698903,0.0555494278221794,0.0090502786427743,35.77051716744806,35.77051716744806,35.77051716744806,1,True,True,True,A_core_lia_dem_valid
SITE_002_S0193,SITE_002,-9.5475742114434,-20.9057597154241,35.75925064086914,0.0956274176306194,0.0183412056181777,0.0973939499111823,0.020148221621348,35.76567126503171,35.76567126503171,35.76567126503171,1,True,True,True,A_core_lia_dem_valid
SITE_002_S0194,SITE_002,-14.3624487723519,-19.0048269272401,43.84931182861328,0.0473595438367109,0.014285271803124,0.0484727644890798,0.0141916499716908,43.86861996385035,43.86861996385035,43.86861996385035,1,True,True,True,A_core_lia_dem_valid
SITE_002_S0195,SITE_002,-11.8213483542154,-26.3359574279653,35.76652908325195,0.0647500061365545,0.0060442012963427,0.0668351820302193,0.0078925555815792,35.76640794680808,35.76640794680808,35.76640794680808,1,True,True,True,A_core_lia_dem_valid
SITE_002_S0196,SITE_002,-12.1120448413692,-18.7956401059848,35.76201248168945,0.0787524517163577,0.0135642756266148,0.0820927456194822,0.0143026121304131,35.76894568438507,35.76894568438507,35.76894568438507,1,True,True,True,A_core_lia_dem_valid
SITE_002_S0197,SITE_002,-15.9015925125308,-24.3781274314285,43.85287475585938,0.0464047756108144,0.010846519905891,0.0467886160784441,0.0108421937256564,43.85284882767024,43.85284882767024,43.85284882767024,1,True,True,True,A_core_lia_dem_valid
SITE_002_S0198,SITE_002,-11.5265680166646,-16.8649387981978,35.75834274291992,0.0782114950105099,0.0187288868717027,0.0746018958310921,0.0165305375647429,35.7582670461828,35.7582670461828,35.7582670461828,1,True,True,True,A_core_lia_dem_valid
SITE_002_S0199,SITE_002,-17.0161840114813,-18.2296741443914,43.8585205078125,0.0483359191286631,0.0109039918054324,0.0485665684170869,0.00994874435387,43.85858100212359,43.85858100212359,43.85858100212359,1,True,True,True,A_core_lia_dem_valid
SITE_002_S0200,SITE_002,-13.1716719745818,-21.3199848386991,35.75728607177734,0.0542063585860119,0.006673551534546,0.0567509402842284,0.0060467711874989,35.75736209350239,35.75736209350238,35.75736209350239,1,True,True,True,A_core_lia_dem_valid
SITE_002_S0201,SITE_002,-14.9464316481112,-18.9978430337978,43.85637283325195,0.0508690057487951,0.0137458506454196,0.0509380595481825,0.0136872407653725,43.85637683356165,43.85637683356165,43.85637683356165,1,True,True,True,A_core_lia_dem_valid
SITE_002_S0202,SITE_002,-15.7890713980875,-21.2694584554671,35.75514984130859,0.0405185537845053,0.0080037128214545,0.0531584311884274,0.0092705016739056,35.75505636443133,35.75505636443133,35.75505636443133,1,True,True,True,A_core_lia_dem_valid
SITE_002_S0203,SITE_002,-13.2306769743365,-19.1720564023228,43.85455322265625,0.0557222989124145,0.0127353710359221,0.0568733341770614,0.0128863452578809,43.85433185498169,43.85433185498169,43.85433185498169,1,True,True,True,A_core_lia_dem_valid
SITE_002_S0204,SITE_002,-11.0461118857366,-24.7857158878909,35.76874923706055,0.0804250142376715,0.007175973152545,0.0823602157974521,0.0092059565236586,35.76855739157403,35.76855739157403,35.76855739157403,1,True,True,True,A_core_lia_dem_valid
SITE_002_S0205,SITE_002,-13.7255674173572,-22.3035809094742,43.84929656982422,0.0480114528915318,0.0086409096337662,0.0486124877392424,0.0096177997378038,43.84938591669972,43.84938591669972,43.84938591669972,1,True,True,True,A_core_lia_dem_valid
SITE_002_S0206,SITE_002,-10.0369503478784,-25.0211736552443,35.76423263549805,0.100868737415697,0.005485605941427,0.0927548941526662,0.005955097990826,35.76444430969295,35.76444430969295,35.76444430969295,1,True,True,True,A_core_lia_dem_valid
SITE_002_S0207,SITE_002,-11.1792686245118,-19.524979040404,43.85131454467773,0.0624809058176146,0.0119121259395026,0.0625858417852425,0.0116729052340966,43.85129086737068,43.85129086737068,43.85129086737068,1,True,True,True,A_core_lia_dem_valid
SITE_002_S0208,SITE_002,-9.38386978535042,-24.9992940687675,35.7621955871582,0.1000947733221165,0.0128233242785233,0.0914111532279856,0.0140812894356667,35.76220888753575,35.76220888753575,35.76220888753575,1,True,True,True,A_core_lia_dem_valid
SITE_002_S0209,SITE_002,-14.0805867712391,-19.9684262737143,43.85917663574219,0.0554002165703094,0.0140000170729901,0.0560624516535083,0.0142351696942784,43.85934718129617,43.85934718129617,43.85934718129617,1,True,True,True,A_core_lia_dem_valid
SITE_002_S0210,SITE_002,-11.5580789430794,-16.84795257713,35.76278305053711,0.071406831183996,0.0170932476909832,0.0670743644553003,0.0169244527895556,35.76267756868754,35.76267756868754,35.76267756868754,1,True,True,True,A_core_lia_dem_valid
SITE_002_S0211,SITE_002,-13.807976310161,-25.3404771713045,43.85977554321289,0.0454334689423241,0.0102852263989754,0.0474400107336494,0.0101427500160483,43.85985709229479,43.85985709229479,43.85985709229479,1,True,True,True,A_core_lia_dem_valid
SITE_002_S0212,SITE_002,-12.9306917190634,-15.9379685669745,35.7622184753418,0.063705048927705,0.019645098787215,0.0594784989298453,0.0198390078388571,35.76209632563162,35.76209632563162,35.76209632563162,1,True,True,True,A_core_lia_dem_valid
SITE_002_S0213,SITE_002,-13.9128805098974,-21.5155292375815,43.86043167114258,0.0463531945356064,0.010187742839271,0.0465381055546027,0.0101451147749978,43.8605237820375,43.8605237820375,43.8605237820375,1,True,True,True,A_core_lia_dem_valid
SITE_002_S0214,SITE_002,-11.2764970123681,-18.6782724206463,35.76267242431641,0.0803251262416687,0.0189708070812916,0.0790985119870298,0.0197690599023738,35.76247601779001,35.76247601779001,35.76247601779001,1,True,True,True,A_core_lia_dem_valid
SITE_002_S0215,SITE_002,-10.5604493007707,-22.7097111151959,35.76661682128906,0.0877752202552734,0.0134554320811197,0.0918967257878315,0.0149050127825255,35.76635016734205,35.76635016734205,35.76635016734205,1,True,True,True,A_core_lia_dem_valid
SITE_002_S0216,SITE_002,-14.1331327045703,-20.9528973584556,43.85549545288086,0.0586954562280087,0.0133663306953348,0.0590772449588563,0.0133591300613711,43.85550326815346,43.85550326815346,43.85550326815346,1,True,True,True,A_core_lia_dem_valid
SITE_002_S0217,SITE_002,-14.5438515907925,-24.0042388952831,35.76631546020508,0.0512449626964702,0.008890317743388,0.0600902709927106,0.0100556566885738,35.76615109713573,35.76615109713573,35.76615109713573,1,True,True,True,A_core_lia_dem_valid
SITE_002_S0218,SITE_002,-15.6208399066096,-19.3647982541904,43.85576629638672,0.0491057209380798,0.0124853076769226,0.0497135577732582,0.0148191741093563,43.85571072964277,43.85571072964277,43.85571072964277,1,True,True,True,A_core_lia_dem_valid
SITE_002_S0219,SITE_002,-17.0413926370801,-23.0983941042379,35.76723480224609,0.0354702332416931,0.0082107754040037,0.0440514422239668,0.009165271104924,35.76710005480834,35.76710005480834,35.76710005480834,1,True,True,True,A_core_lia_dem_valid
SITE_002_S0220,SITE_002,-10.3032434220648,-24.96087856334,43.8555908203125,0.0619950602162215,0.0102382766018411,0.0625932358987169,0.0111828647458122,43.85578556728875,43.85578556728875,43.85578556728875,1,True,True,True,A_core_lia_dem_valid
SITE_002_S0221,SITE_002,-18.2594226290597,-16.750530095461,35.75695419311523,0.0449921616004396,0.0167260768659968,0.0548706199910393,0.0147396315165683,35.75666875737333,35.75666875737333,35.75666875737333,1,True,True,True,A_core_lia_dem_valid
SITE_002_S0222,SITE_002,-14.4831362211531,-24.2307799604316,43.85996627807617,0.0607841548350564,0.0078709892524523,0.0617029714789708,0.0088958827353859,43.85996526227128,43.85996526227128,43.85996526227128,1,True,True,True,A_core_lia_dem_valid
SITE_002_S0223,SITE_002,-18.7056642028745,-21.3756790037852,35.76248168945312,0.0417379756950672,0.0115066713343877,0.0508749127745912,0.0128542809880543,35.76257516638338,35.76257516638338,35.76257516638338,1,True,True,True,A_core_lia_dem_valid
SITE_002_S0224,SITE_002,-13.7689438323146,-17.841487627036,43.85705184936523,0.0623277212984474,0.015060526513391,0.0646741809231422,0.0150457364628246,43.85703604785426,43.85703604785425,43.85703604785426,1,True,True,True,A_core_lia_dem_valid
SITE_002_S0225,SITE_002,-17.0258050098154,-19.7913976040916,35.76422119140625,0.0390812703633689,0.0121675081444986,0.0463787636573335,0.0115932747963201,35.7644267985315,35.7644267985315,35.7644267985315,1,True,True,True,A_core_lia_dem_valid
SITE_002_S0226,SITE_002,-10.9306330464396,-20.263275378488,43.85680770874024,0.0578619632497429,0.0092327852785173,0.0579384437686315,0.0092574502675173,43.85701429250486,43.85701429250486,43.85701429250486,1,True,True,True,A_core_lia_dem_valid
SITE_002_S0227,SITE_002,-11.4010001202025,-16.7452388679007,35.76578140258789,0.090556573040288,0.0150975820282474,0.0917776172782488,0.0152032361108878,35.7656130564074,35.7656130564074,35.7656130564074,1,True,True,True,A_core_lia_dem_valid
SITE_002_S0228,SITE_002,-14.1328695540764,-20.0338159290506,43.85274505615234,0.0599978284749705,0.0130788834372328,0.0619389326728447,0.0130163299024427,43.85286070985615,43.85286070985615,43.85286070985615,1,True,True,True,A_core_lia_dem_valid
SITE_002_S0229,SITE_002,-12.5652928974878,-19.6466841854194,35.75941467285156,0.0800931105355979,0.0121438894156182,0.087028151233831,0.0136598986669024,35.75963988260694,35.75963988260694,35.75963988260694,1,True,True,True,A_core_lia_dem_valid
SITE_002_S0230,SITE_002,-11.6378613726774,-17.2281577199365,43.8532829284668,0.0551170902409487,0.012216563730811,0.0576771552740241,0.012154192249485,43.85330149228258,43.85330149228258,43.85330149228258,1,True,True,True,A_core_lia_dem_valid
SITE_002_S0231,SITE_002,-14.6145240571079,-16.3744930511541,35.75688171386719,0.078395562993767,0.019891297622772,0.085523908433355,0.0197239284289574,35.7567441641104,35.7567441641104,35.7567441641104,1,True,True,True,A_core_lia_dem_valid
SITE_002_S0232,SITE_002,-9.2286267902258,-18.9708163399116,43.85818481445312,0.0820322712761248,0.0169532544248633,0.0782251633930427,0.0169307301954114,43.85814941146975,43.85814941146975,43.85814941146975,1,True,True,True,A_core_lia_dem_valid
SITE_002_S0233,SITE_002,-15.6467177044682,-17.2770052829438,35.7559814453125,0.1013299818502532,0.0174583948208013,0.1003855360735404,0.0192895834399231,35.75634649770343,35.75634649770343,35.75634649770343,1,True,True,True,A_core_lia_dem_valid
SITE_002_S0234,SITE_002,-12.7823876898469,-19.8986455871155,43.85674285888672,0.0674486087246954,0.0125373110223979,0.0683925984292456,0.0135054725425246,43.85662880543642,43.85662880543642,43.85662880543642,1,True,True,True,A_core_lia_dem_valid
SITE_002_S0235,SITE_002,-12.3397469082041,-19.1556349954429,35.75845336914062,0.0857189564448264,0.0171405288081506,0.0860307549283569,0.0177897134010759,35.7587385960099,35.7587385960099,35.7587385960099,1,True,True,True,A_core_lia_dem_valid
SITE_002_S0236,SITE_002,-13.2311631180169,-19.6872036794869,43.85284805297852,0.0553691681640015,0.0123689066632378,0.0552321331147794,0.0135121458642028,43.85257038885635,43.85257038885635,43.85257038885635,1,True,True,True,A_core_lia_dem_valid
SITE_002_S0237,SITE_002,-14.1319624775377,-18.1488154722577,35.76461791992188,0.0760477373644412,0.0155737902816253,0.077614760089014,0.0155246589717805,35.76473859707189,35.76473859707189,35.76473859707189,1,True,True,True,A_core_lia_dem_valid
SITE_002_S0238,SITE_002,-11.8777701899874,-21.0710995778281,43.85007858276367,0.059044239529305,0.0095189750912656,0.0587883056194326,0.0097234661100714,43.85006017124305,43.85006017124305,43.85006017124305,1,True,True,True,A_core_lia_dem_valid
SITE_002_S0239,SITE_002,-15.0015701566692,-17.0943048364173,35.76621246337891,0.0668723722543106,0.0182833287753811,0.0671448669795176,0.017774585862573,35.76603806266089,35.76603806266089,35.76603806266089,1,True,True,True,A_core_lia_dem_valid
SITE_002_S0240,SITE_002,-13.0685710692502,-18.0226846231423,43.85202026367188,0.0689075623723184,0.0159751052669251,0.0735173000810316,0.0166244401527905,43.8520874812272,43.8520874812272,43.8520874812272,1,True,True,True,A_core_lia_dem_valid
SITE_002_S0241,SITE_002,-15.8246008149493,-16.0698356971868,35.76013565063477,0.0890156943268246,0.0213115879745296,0.0858446462497896,0.0180279382441471,35.7600623319609,35.7600623319609,35.7600623319609,1,True,True,True,A_core_lia_dem_valid
SITE_002_S0242,SITE_002,-16.7491388546853,-21.0468083397435,43.85484313964844,0.0634981597297721,0.0129670376305667,0.0631333601497757,0.0128810326911582,43.85488105946992,43.85488105946992,43.85488105946992,1,True,True,True,A_core_lia_dem_valid
SITE_002_S0243,SITE_002,-12.4695974858919,-22.1404456036721,35.75240707397461,0.0777948224067002,0.0141161687320305,0.0855934484322736,0.0141313713170792,35.75211713534898,35.75211713534898,35.75211713534898,1,True,True,True,A_core_lia_dem_valid
SITE_002_S0244,SITE_002,-12.0008396494602,-19.7940024365221,43.85838317871094,0.0764522014392746,0.0182048944133305,0.0762157232323546,0.0188466324742034,43.85865204552099,43.85865204552099,43.85865204552099,1,True,True,True,A_core_lia_dem_valid
SITE_002_S0245,SITE_002,-13.2408117916651,-21.8195103285682,35.75868606567383,0.084529554148515,0.0112987395607405,0.0832700064430307,0.012239128650264,35.75842298938537,35.75842298938537,35.75842298938537,1,True,True,True,A_core_lia_dem_valid
SITE_002_S0246,SITE_002,-10.4727535064311,-22.3488593680589,43.85839462280273,0.0703190264519718,0.0106954995319502,0.0695735529938965,0.0107915357417068,43.85867204789445,43.85867204789445,43.85867204789445,1,True,True,True,A_core_lia_dem_valid
SITE_002_S0247,SITE_002,-11.4425657062227,-18.2005799685673,35.76597213745117,0.0786097642992798,0.0154106146842164,0.070686476592376,0.015867315216055,35.76616680239009,35.76616680239009,35.76616680239009,1,True,True,True,A_core_lia_dem_valid
SITE_002_S0248,SITE_002,-12.9572819394906,-18.9603732869644,43.85235214233398,0.0709257772068182,0.0160368020219323,0.070489390467604,0.0161417255310158,43.85221952600055,43.85221952600055,43.85221952600055,1,True,True,True,A_core_lia_dem_valid
SITE_002_S0249,SITE_002,-9.04028123340282,-19.6957174050791,35.76663970947266,0.108434116635598,0.0133857688717978,0.1065602622805943,0.0133301056148224,35.76656273578713,35.76656273578713,35.76656273578713,1,True,True,True,A_core_lia_dem_valid
SITE_002_S0250,SITE_002,-9.63386504635218,-20.554827219687,43.85215377807617,0.0633350899525814,0.0103967788280816,0.0628498978563297,0.0112406262713627,43.85242997918168,43.85242997918168,43.85242997918168,1,True,True,True,A_core_lia_dem_valid
SITE_002_S0251,SITE_002,-12.0588050452597,-19.6491980301093,35.76234817504883,0.0716905632578924,0.010986338297409,0.0790892804451386,0.0105900127911689,35.76262880585465,35.76262880585465,35.76262880585465,1,True,True,True,A_core_lia_dem_valid
SITE_002_S0252,SITE_002,-11.0875518770198,-18.8046686198844,43.85775756835938,0.0418123513584335,0.0105452263042227,0.0417430885343088,0.0106033118448605,43.85781937967135,43.85781937967135,43.85781937967135,1,True,True,True,A_core_lia_dem_valid
SITE_002_S0253,SITE_002,-15.1268372124106,-16.62758939926,35.76998138427734,0.0422252329640673,0.012626090749288,0.0513554849056765,0.0128076595799028,35.77031527535136,35.77031527535136,35.77031527535136,1,True,True,True,A_core_lia_dem_valid
SITE_002_S0254,SITE_002,-10.8875211070448,-22.6385793756408,43.85720825195312,0.0463740215367741,0.0095072766827385,0.0463345952290627,0.0093289417467499,43.8572830760261,43.8572830760261,43.8572830760261,1,True,True,True,A_core_lia_dem_valid
SITE_002_S0255,SITE_002,-17.9910946865895,-21.560440184818,35.76667404174805,0.026836684581837,0.0091921721563313,0.0340559222269309,0.0091700450217626,35.76694112578991,35.76694112578991,35.76694112578991,1,True,True,True,A_core_lia_dem_valid
SITE_002_S0256,SITE_002,-13.687116016813,-18.8079619078721,43.85493850708008,0.0465965313292922,0.0110491761677508,0.0479933009201984,0.0107507186461622,43.85484893909224,43.85484893909224,43.85484893909224,1,True,True,True,A_core_lia_dem_valid
SITE_002_S0257,SITE_002,-8.77424625566967,-18.5927742543208,35.75987243652344,0.1245414873323636,0.0139616791484667,0.1134755636891864,0.012996870430147,35.75992421376758,35.75992421376758,35.75992421376758,1,True,True,True,A_core_lia_dem_valid
SITE_002_S0258,SITE_002,-13.1129622316143,-16.5543294903463,43.85668182373047,0.0623793671801333,0.0168027122732665,0.0621152376789318,0.0172612379521658,43.85662420324638,43.85662420324638,43.85662420324638,1,True,True,True,A_core_lia_dem_valid
SITE_002_S0259,SITE_002,-11.1788233226471,-19.3807024432576,35.7590446472168,0.0766008003964091,0.012188226695351,0.0712552675802442,0.0126870733707462,35.7591463272642,35.7591463272642,35.7591463272642,1,True,True,True,A_core_lia_dem_valid
SITE_002_S0260,SITE_002,-9.31336400557383,-20.7375014979332,43.86067581176758,0.0478842092822823,0.0102055914331762,0.0483247485704322,0.0101697891718543,43.86051600341413,43.86051600341413,43.86051600341413,1,True,True,True,A_core_lia_dem_valid
SITE_002_S0261,SITE_002,-13.0287640717355,-18.004300518153,35.76348114013672,0.0565417780095904,0.0151752186912498,0.0520689126202625,0.0145155648119067,35.76357743387454,35.76357743387454,35.76357743387454,1,True,True,True,A_core_lia_dem_valid
SITE_002_S0262,SITE_002,-10.5969503599085,-18.4633196093355,43.85798263549805,0.0602247206204467,0.0167683700981015,0.0601471924036741,0.0162531406508132,43.85816803340099,43.85816803340099,43.85816803340099,1,True,True,True,A_core_lia_dem_valid
SITE_002_S0263,SITE_002,-15.988052083814,-20.6013173711998,35.76646041870117,0.034498712598335,0.0106919479706642,0.0378631740724217,0.0128613571802814,35.76661144020495,35.76661144020495,35.76661144020495,1,True,True,True,A_core_lia_dem_valid
SITE_002_S0264,SITE_002,-11.6360820968326,-17.405089714662,43.85575866699219,0.0514769713115961,0.0118347816515446,0.0513243695678319,0.0114792670530268,43.85596348355174,43.85596348355174,43.85596348355174,1,True,True,True,A_core_lia_dem_valid
SITE_002_S0265,SITE_002,-10.2108540683854,-20.4202360163586,35.76324462890625,0.0898050572662824,0.0127951793850311,0.0845465637564279,0.013191327752384,35.76340858656081,35.76340858656081,35.76340858656081,1,True,True,True,A_core_lia_dem_valid
SITE_002_S0266,SITE_002,-11.7350184821973,-19.0889679890731,43.85140228271485,0.0529557156231668,0.0111383920212863,0.0538504016599258,0.0112107290428642,43.85160573203495,43.85160573203495,43.85160573203495,1,True,True,True,A_core_lia_dem_valid
SITE_002_S0267,SITE_002,-11.2416903540854,-17.3733924253412,35.76126480102539,0.0753356850097222,0.0143202874424189,0.0766057580454995,0.0152040750296633,35.76104667637108,35.76104667637108,35.76104667637108,1,True,True,True,A_core_lia_dem_valid
SITE_002_S0268,SITE_002,-9.97055792159582,-18.6338705802188,43.8588981628418,0.0722336599614542,0.0151910245235123,0.0732045765517788,0.0156381724500827,43.85864174028401,43.85864174028401,43.85864174028401,1,True,True,True,A_core_lia_dem_valid
SITE_002_S0269,SITE_002,-9.0798176959304,-21.2593863647451,43.85801696777344,0.0740101452751292,0.0147205142152795,0.0745149367578603,0.0165796127513051,43.85778714247898,43.85778714247898,43.85778714247898,1,True,True,True,A_core_lia_dem_valid
SITE_002_S0270,SITE_002,-13.4202011738137,-25.8928009444336,35.76190567016602,0.0564971063252555,0.0052207648982498,0.0625466326723973,0.0086113622546442,35.76167206348471,35.7616720634847,35.76167206348471,1,True,True,True,A_core_lia_dem_valid
SITE_003_S0001,SITE_003,-9.4379875487621,-22.1952979483472,44.21026611328125,0.114400496756993,0.014008671600648,0.1071899087142043,0.0150169239635264,44.21008557421659,44.21008557421659,44.21008557421659,1,True,True,True,A_core_lia_dem_valid
SITE_003_S0002,SITE_003,-11.9815920799107,-17.4885053335088,36.16870880126953,0.0804250130950974,0.0146552909391355,0.0897457928466882,0.0144367235030129,36.16860778986357,36.16860778986356,36.16860778986357,1,True,True,True,A_core_lia_dem_valid
SITE_003_S0003,SITE_003,-9.63615424780164,-20.4225700510857,44.205078125,0.108819349983745,0.0123733617893578,0.094724953319007,0.0135484879553363,44.20503116889128,44.20503116889128,44.20503116889128,1,True,True,True,A_core_lia_dem_valid
SITE_003_S0004,SITE_003,-11.8154164251228,-22.4282232816414,44.20192718505859,0.0895937931174103,0.0146238870028432,0.0948914731942665,0.0156412328929859,44.2019733392854,44.2019733392854,44.2019733392854,1,True,True,True,A_core_lia_dem_valid
SITE_003_S0005,SITE_003,-14.0766480806906,-21.6590021550572,36.18034744262695,0.0745260624601774,0.0131642108568393,0.079265664967845,0.0142598497804258,36.18031865397776,36.18031865397776,36.18031865397776,1,True,True,True,A_core_lia_dem_valid
SITE_003_S0006,SITE_003,-11.1548783452807,-16.1254016826238,36.17929840087891,0.1100988091104057,0.0210213803541329,0.1321194947031053,0.02105993942875,36.17961604847768,36.17961604847768,36.17961604847768,1,True,True,True,A_core_lia_dem_valid
SITE_003_S0007,SITE_003,-11.5500648531133,-15.2377952250962,36.17050170898438,0.1019160031420345,0.0268904255206386,0.1099295771765599,0.0268503232033532,36.17064754326086,36.17064754326086,36.17064754326086,1,True,True,True,A_core_lia_dem_valid
SITE_003_S0008,SITE_003,-14.6691145479099,-17.7960625345155,44.19599533081055,0.0558596719549421,0.0159090759129854,0.0656121521410984,0.0159989427094817,44.19592823631138,44.19592823631138,44.19592823631138,1,True,True,True,A_core_lia_dem_valid
SITE_003_S0009,SITE_003,-10.8945379507484,-19.4086318365428,36.16958618164063,0.0913914447928144,0.0200693757397433,0.0904315218274682,0.020051592287412,36.16971384212702,36.16971384212702,36.16971384212702,1,True,True,True,A_core_lia_dem_valid
SITE_003_S0010,SITE_003,-13.4594469231607,-16.029413250148,44.19915008544922,0.0781341108176089,0.0216634005162546,0.0798480629821877,0.0224325138773992,44.19918299746121,44.19918299746121,44.19918299746121,1,True,True,True,A_core_lia_dem_valid
SITE_003_S0011,SITE_003,-9.99509860545435,-19.1214162523525,36.16022491455078,0.1080356294078961,0.0219152249416543,0.1112346654510774,0.0218680138577833,36.16006566961581,36.16006566961581,36.16006566961581,1,True,True,True,A_core_lia_dem_valid
SITE_003_S0012,SITE_003,-12.4468068516689,-16.7712438936568,44.19824600219727,0.0710957148972538,0.0196301688757494,0.0851704426825667,0.0195118070064141,44.19825752791255,44.19825752791255,44.19825752791255,1,True,True,True,A_core_lia_dem_valid
SITE_003_S0013,SITE_003,-10.9715471404077,-16.7314132892593,36.16586303710938,0.0824293334997474,0.019579047974182,0.0797980278328927,0.0195234168029907,36.16565456462266,36.16565456462266,36.16565456462266,1,True,True,True,A_core_lia_dem_valid
SITE_003_S0014,SITE_003,-11.2461418746328,-16.8303567897735,36.16730499267578,0.084530791307617,0.0245437292336172,0.0878386103662304,0.0245141712207123,36.1674717157581,36.1674717157581,36.1674717157581,1,True,True,True,A_core_lia_dem_valid
SITE_003_S0015,SITE_003,-15.2550699891561,-18.7978907987029,44.1948471069336,0.0644428718964761,0.0166466972811354,0.0710933609452412,0.0166018270294147,44.19477281093447,44.19477281093447,44.19477281093447,1,True,True,True,A_core_lia_dem_valid
SITE_003_S0016,SITE_003,-9.36399057932458,-17.2819629203625,36.15931701660156,0.1110817032533404,0.0193711781377593,0.0995851165459213,0.0195049944467106,36.15961609971467,36.15961609971467,36.15961609971467,1,True,True,True,A_core_lia_dem_valid
SITE_003_S0017,SITE_003,-12.0238324975903,-17.7018605830928,44.19895553588867,0.0661350693082982,0.0137375291178209,0.0575615933591281,0.0138342229687367,44.19865860076981,44.19865860076981,44.19865860076981,1,True,True,True,A_core_lia_dem_valid
SITE_003_S0018,SITE_003,-11.1646019483277,-15.7024680378924,36.15913009643555,0.0790473372973266,0.0241399848461739,0.0813744335227115,0.0249237633691951,36.15902658986098,36.15902658986098,36.15902658986098,1,True,True,True,A_core_lia_dem_valid
SITE_003_S0019,SITE_003,-13.7372686901317,-18.0013602042711,44.20165252685547,0.0635894971485106,0.0167235830163452,0.0831412377442657,0.0192256092844824,44.20184145387353,44.20184145387353,44.20184145387353,1,True,True,True,A_core_lia_dem_valid
SITE_003_S0020,SITE_003,-11.6184796184731,-17.2669116487771,36.15677642822266,0.0796210532109025,0.0201899705374526,0.0864599302208695,0.0196409025435294,36.15648823380282,36.15648823380282,36.15648823380282,1,True,True,True,A_core_lia_dem_valid
SITE_003_S0021,SITE_003,-11.2786717014783,-20.0028756047664,44.2034912109375,0.0815667223194632,0.011873106756457,0.0912028331844236,0.013511651949992,44.20337559276224,44.20337559276224,44.20337559276224,1,True,True,True,A_core_lia_dem_valid
SITE_003_S0022,SITE_003,-12.2919120428022,-20.4517735014233,36.17068099975586,0.0755223093972847,0.0142106318489337,0.088653120353358,0.0143438078275529,36.17064883429563,36.17064883429563,36.17064883429563,1,True,True,True,A_core_lia_dem_valid
SITE_003_S0023,SITE_003,-11.1783496293162,-19.627954553052,44.19821166992188,0.0948564537242612,0.0138752538234435,0.1238012343458889,0.0152059445255607,44.19846096476532,44.19846096476532,44.19846096476532,1,True,True,True,A_core_lia_dem_valid
SITE_003_S0024,SITE_003,-12.7023147656092,-21.8316166756076,44.19691848754883,0.0648069372818494,0.0168304231801008,0.0668945142297872,0.0175529558605193,44.19676434427866,44.19676434427866,44.19676434427866,1,True,True,True,A_core_lia_dem_valid
SITE_003_S0025,SITE_003,-12.9650525090316,-18.5913776756278,44.20198440551758,0.0750657134791049,0.0163760211444194,0.0851926566722583,0.0165246835521564,44.20212748739957,44.20212748739957,44.20212748739957,1,True,True,True,A_core_lia_dem_valid
SITE_003_S0026,SITE_003,-14.0722476613267,-16.9399302297501,44.2003059387207,0.0582610116301576,0.0184051321573278,0.0749277540793825,0.0180542955915448,44.2005033108205,44.2005033108205,44.2005033108205,1,True,True,True,A_core_lia_dem_valid
SITE_003_S0027,SITE_003,-11.8976223415743,-15.4322748506322,44.20456314086914,0.0844504802163862,0.0200042481637663,0.0930997434073972,0.0201527905337499,44.20435924104307,44.20435924104307,44.20435924104307,1,True,True,True,A_core_lia_dem_valid
SITE_003_S0028,SITE_003,-10.2099350130219,-16.6135392569981,44.20347595214844,0.0984079598731919,0.0211520733337096,0.1048951707452498,0.0194821544784903,44.20331406690818,44.20331406690818,44.20331406690818,1,True,True,True,A_core_lia_dem_valid
SITE_003_S0029,SITE_003,-9.6980731068732,-20.8781233711071,44.1820068359375,0.1017884993421594,0.0130667585957498,0.1177583199085654,0.0133614951764819,44.1818339793048,44.1818339793048,44.1818339793048,1,True,True,True,A_core_lia_dem_valid
SITE_003_S0030,SITE_003,-9.81498737669278,-15.8084697766052,36.18890762329102,0.1239735810699,0.0276248974794476,0.1255402092267971,0.0287689710758452,36.18880319745569,36.18880319745569,36.18880319745569,1,True,True,True,A_core_lia_dem_valid
SITE_003_S0031,SITE_003,-12.5552447777848,-19.7517072751116,44.18805313110352,0.0628875614944728,0.0139165458624784,0.0694250227470357,0.0162680474898352,44.18808149186887,44.18808149186887,44.18808149186887,1,True,True,True,A_core_lia_dem_valid
SITE_003_S0032,SITE_003,-11.6034587218492,-21.2833403968213,44.17960739135742,0.0741212721422284,0.0127072744504905,0.074644458722645,0.0143702082505458,44.17948146793663,44.17948146793663,44.17948146793663,1,True,True,True,A_core_lia_dem_valid
SITE_003_S0033,SITE_003,-10.9725917869671,-21.9547493328832,36.18193435668945,0.093848074275417,0.0219890249259252,0.0992228780294688,0.0220440073431768,36.18205626276137,36.18205626276137,36.18205626276137,1,True,True,True,A_core_lia_dem_valid
SITE_003_S0034,SITE_003,-12.2924545294437,-21.9435768045433,44.19300842285156,0.0699724566957046,0.014410130290671,0.0677459322047714,0.0160841192048624,44.19300458055505,44.19300458055506,44.19300458055505,1,True,True,True,A_core_lia_dem_valid
SITE_003_S0035,SITE_003,-13.93745897741,-18.0367425839078,36.18620681762695,0.0638942424520322,0.0172833158343398,0.0693866643724487,0.017667205920864,36.18620911533347,36.18620911533347,36.18620911533347,1,True,True,True,A_core_lia_dem_valid
SITE_003_S0036,SITE_003,-16.6666907605249,-19.0381198992293,44.19382476806641,0.0490765780038842,0.016470842762252,0.05755599397211,0.017839237214814,44.19397857435766,44.19397857435766,44.19397857435766,1,True,True,True,A_core_lia_dem_valid
SITE_003_S0037,SITE_003,-16.8879931815169,-19.9938177529927,44.18695068359375,0.0479147557426327,0.0145270017471035,0.061416044932835,0.0151769265784832,44.18705134315336,44.18705134315336,44.18705134315336,1,True,True,True,A_core_lia_dem_valid
SITE_003_S0038,SITE_003,-11.0827985918136,-16.9226061265863,36.19083023071289,0.1010028636654813,0.0218368119277524,0.1249375986765628,0.0225013320114586,36.19101638890093,36.19101638890093,36.19101638890093,1,True,True,True,A_core_lia_dem_valid
SITE_003_S0039,SITE_003,-14.4777730260826,-17.9840208711948,44.1851921081543,0.0655193291682803,0.0169992049209409,0.0779989133087659,0.0167905466733111,44.18514209576866,44.18514209576866,44.18514209576866,1,True,True,True,A_core_lia_dem_valid
SITE_003_S0040,SITE_003,-10.7702085296881,-16.8155480373828,36.1848258972168,0.1039707363206512,0.0167885423705188,0.104750186673426,0.0166292945212419,36.18457508626634,36.18457508626634,36.18457508626634,1,True,True,True,A_core_lia_dem_valid
SITE_003_S0041,SITE_003,-14.3614641943039,-21.8591392336722,44.19137573242188,0.0584769375878081,0.0119516507553417,0.061753813022692,0.0138449158213396,44.19159901656504,44.19159901656504,44.19159901656504,1,True,True,True,A_core_lia_dem_valid
SITE_003_S0042,SITE_003,-10.5601356522304,-20.1569709254312,36.19417190551758,0.0925799432830979,0.0139689950429286,0.0887601897775101,0.0151540231918766,36.19441182496117,36.19441182496117,36.19441182496117,1,True,True,True,A_core_lia_dem_valid
SITE_003_S0043,SITE_003,-11.2941879361435,-21.2503504740311,44.17612075805664,0.0814933827684845,0.0168028036991341,0.0842210829832898,0.0168778760715123,44.17616285458959,44.17616285458959,44.17616285458959,1,True,True,True,A_core_lia_dem_valid
SITE_003_S0044,SITE_003,-12.3844573056302,-21.7986704586771,36.19840240478516,0.0674752482240766,0.0129109152440721,0.0746278087198719,0.0141002667115022,36.19869542558661,36.19869542558661,36.19869542558661,1,True,True,True,A_core_lia_dem_valid
SITE_003_S0045,SITE_003,-12.1697499759833,-21.2178263551981,44.18031311035156,0.0628989542200575,0.0099946407837382,0.0548928650056499,0.0104167129822833,44.18032941323919,44.18032941323919,44.18032941323919,1,True,True,True,A_core_lia_dem_valid
SITE_003_S0046,SITE_003,-15.9991967669904,-16.3041292823876,36.19194793701172,0.0389701254335448,0.0194007410625188,0.0562515662029844,0.0177351743506438,36.19192523219248,36.19192523219248,36.19192523219248,1,True,True,True,A_core_lia_dem_valid
SITE_003_S0047,SITE_003,-14.3221474431465,-20.4901551219048,36.20156860351562,0.0547101790145294,0.0121450869548489,0.0812619347866357,0.0130181341387391,36.2018312537779,36.2018312537779,36.2018312537779,1,True,True,True,A_core_lia_dem_valid
SITE_003_S0048,SITE_003,-14.1795139383175,-17.2729486080927,44.18800354003906,0.0557263927020643,0.0181395304298701,0.0630138913034412,0.0187817193416255,44.18822535922176,44.18822535922176,44.18822535922176,1,True,True,True,A_core_lia_dem_valid
SITE_003_S0049,SITE_003,-17.5158031788216,-19.130162861881,36.17535781860352,0.0519247224037396,0.0157088449464064,0.0656312160684522,0.0182372037699087,36.17525760833201,36.17525760833201,36.17525760833201,1,True,True,True,A_core_lia_dem_valid
SITE_003_S0050,SITE_003,-13.666248495795,-18.4623991949638,44.18846130371094,0.0532059973143505,0.0159877262616051,0.0657513882245689,0.0162568489832922,44.18827079465468,44.18827079465468,44.18827079465468,1,True,True,True,A_core_lia_dem_valid
SITE_003_S0051,SITE_003,-12.8035620839397,-23.9098721423427,36.17624282836914,0.0641481979023054,0.01086270721999,0.0655211619572098,0.0123478130546092,36.17648175533417,36.17648175533417,36.17648175533417,1,True,True,True,A_core_lia_dem_valid
SITE_003_S0052,SITE_003,-13.1738812503601,-20.1778954722008,44.19907760620117,0.0593186760747126,0.0162744655853344,0.0599015368803519,0.016341831057022,44.19911677074643,44.19911677074643,44.19911677074643,1,True,True,True,A_core_lia_dem_valid
SITE_003_S0053,SITE_003,-12.44348269198,-17.4317551398074,36.16740036010742,0.1022779016017718,0.0237449020706117,0.0889628250925103,0.0238106419011536,36.16768164023067,36.16768164023067,36.16768164023067,1,True,True,True,A_core_lia_dem_valid
SITE_003_S0054,SITE_003,-9.00403995075821,-16.6133879284172,36.17359161376953,0.123003126062509,0.0212962818945053,0.124853089439279,0.0212311492859916,36.17375862542099,36.17375862542099,36.17375862542099,1,True,True,True,A_core_lia_dem_valid
SITE_003_S0055,SITE_003,-8.73168286692644,-20.563654728785,44.2006950378418,0.0851747076089183,0.0186961340966324,0.0855503271991281,0.0187130525827775,44.2004311246896,44.2004311246896,44.2004311246896,1,True,True,True,A_core_lia_dem_valid
SITE_003_S0056,SITE_003,-14.4265519664854,-21.116587907263,44.19463348388672,0.0604121472439783,0.0150169803202152,0.065143208382613,0.0149589564118994,44.1947207667065,44.1947207667065,44.1947207667065,1,True,True,True,A_core_lia_dem_valid
SITE_003_S0057,SITE_003,-11.6149930115104,-20.4513049698489,36.17896270751953,0.0894548597304868,0.0228046058904793,0.0959101664039251,0.0229525738405544,36.17917748049718,36.17917748049718,36.17917748049718,1,True,True,True,A_core_lia_dem_valid
SITE_003_S0058,SITE_003,-13.5021597268769,-25.3274493172798,44.19741821289063,0.0553016203948596,0.0113734888818635,0.0565089461034254,0.0140128590112089,44.19739412411798,44.19739412411798,44.19739412411798,1,True,True,True,A_core_lia_dem_valid
SITE_003_S0059,SITE_003,-9.23258290381542,-21.7238589148433,36.17338943481445,0.1185809820446766,0.020628611150183,0.0961668479558037,0.0221211717583925,36.17306361748332,36.17306361748332,36.17306361748332,1,True,True,True,A_core_lia_dem_valid
SITE_003_S0060,SITE_003,-15.7569620235435,-22.8257021621008,44.19457626342773,0.0371501890545263,0.0126516301537935,0.045308139090049,0.0124208812096597,44.19439433438716,44.19439433438716,44.19439433438716,1,True,True,True,A_core_lia_dem_valid
SITE_003_S0061,SITE_003,-13.580215380529,-20.0744270206926,36.17339706420898,0.0538561206844559,0.0176491845817359,0.0753716427113085,0.0192322187148569,36.17331398084653,36.17331398084653,36.17331398084653,1,True,True,True,A_core_lia_dem_valid
SITE_003_S0062,SITE_003,-12.9266877193845,-24.7931060896139,44.19473648071289,0.0609790877843893,0.0142013302921421,0.0797362054371163,0.0144354385298891,44.19497333161644,44.19497333161645,44.19497333161644,1,True,True,True,A_core_lia_dem_valid
SITE_003_S0063,SITE_003,-15.3654231850118,-20.9391117659002,36.17279434204102,0.036278537546474,0.0132798253754138,0.0441831533704167,0.0150790204355867,36.17267621017817,36.17267621017817,36.17267621017817,1,True,True,True,A_core_lia_dem_valid
SITE_003_S0064,SITE_003,-14.0120132664928,-20.815593463861,44.19163131713867,0.0497584999025719,0.0124984420483611,0.0543906644503912,0.0130024269989,44.19166698971311,44.19166698971309,44.19166698971311,1,True,True,True,A_core_lia_dem_valid
SITE_003_S0065,SITE_003,-13.2222472273182,-15.959764261689,36.17076873779297,0.0549183815694268,0.0208094754653692,0.0693282295693224,0.0199036239247706,36.17049036227376,36.17049036227376,36.17049036227376,1,True,True,True,A_core_lia_dem_valid
SITE_003_S0066,SITE_003,-13.4541606240913,-18.9953833011814,44.18712615966797,0.0497781976142674,0.0127354429825078,0.0526005357693525,0.0130724680395519,44.18710109612142,44.1871010961214,44.18710109612142,1,True,True,True,A_core_lia_dem_valid
SITE_003_S0067,SITE_003,-12.3559895500693,-20.6595312705497,36.15602874755859,0.0693904739598263,0.0164587163961476,0.0893535647915447,0.0172553118046057,36.15626036276028,36.15626036276029,36.15626036276028,1,True,True,True,A_core_lia_dem_valid
SITE_003_S0068,SITE_003,-15.1486473165221,-21.1673300548418,44.18815612792969,0.0449864332945898,0.0137701768326031,0.0554619499617999,0.0136305888122566,44.18806493027407,44.18806493027406,44.18806493027407,1,True,True,True,A_core_lia_dem_valid
SITE_003_S0069,SITE_003,-12.0867010418624,-18.9436545527346,36.17375183105469,0.0648035346696078,0.0136957056132363,0.0665013915746811,0.0140050056935702,36.17389823301488,36.17389823301488,36.17389823301488,1,True,True,True,A_core_lia_dem_valid
SITE_003_S0070,SITE_003,-13.2039602774531,-18.5730654652331,44.19647598266602,0.0544829575193329,0.0131538578256361,0.0599209084333225,0.013927865509855,44.19664326736979,44.19664326736979,44.19664326736979,1,True,True,True,A_core_lia_dem_valid
SITE_003_S0071,SITE_003,-13.4540964720739,-19.2606600776771,36.15790176391602,0.0597749439717684,0.014164763452001,0.0783864344031615,0.0149715142895219,36.15815750932738,36.15815750932738,36.15815750932738,1,True,True,True,A_core_lia_dem_valid
SITE_003_S0072,SITE_003,-13.8761833917704,-21.5006970619168,44.18912506103516,0.0494631773311057,0.0118578666065582,0.0517076583846611,0.0138878468943492,44.18890659722756,44.18890659722756,44.18890659722756,1,True,True,True,A_core_lia_dem_valid
SITE_003_S0073,SITE_003,-11.5065077001539,-17.366975192247,44.20126724243164,0.0762443501058602,0.0180034904324288,0.07774205230141,0.0178992039446091,44.20103949385219,44.20103949385219,44.20103949385219,1,True,True,True,A_core_lia_dem_valid
SITE_003_S0074,SITE_003,-9.72303562524503,-20.6604965202848,36.15929412841797,0.1080679046167533,0.0145127055956287,0.1253731707307979,0.0162124887705442,36.15955954914057,36.15955954914057,36.15955954914057,1,True,True,True,A_core_lia_dem_valid
SITE_003_S0075,SITE_003,-9.29818160777179,-17.9438427331301,36.16865539550781,0.1244872091045744,0.0191983861895596,0.1204729525545774,0.0190910612596356,36.16860975855616,36.16860975855616,36.16860975855616,1,True,True,True,A_core_lia_dem_valid
SITE_003_S0076,SITE_003,-12.6841817096343,-19.3115802452877,36.16072845458984,0.0653913016152718,0.0137326731805207,0.0716149185230348,0.0148875895139256,36.16082520042126,36.16082520042126,36.16082520042126,1,True,True,True,A_core_lia_dem_valid
SITE_003_S0077,SITE_003,-12.736797508275,-18.4383638593303,44.1910285949707,0.0623155590309208,0.0151549133659715,0.0713018114770222,0.0148293713037848,44.19106443055141,44.19106443055141,44.19106443055141,1,True,True,True,A_core_lia_dem_valid
SITE_003_S0078,SITE_003,-13.9423664626552,-21.5338394648654,36.16888427734375,0.0608160503397793,0.0091235273352902,0.0726774071603145,0.008951408196933,36.16923136537861,36.16923136537861,36.16923136537861,1,True,True,True,A_core_lia_dem_valid
SITE_003_S0079,SITE_003,-16.1643276996679,-19.4166864934284,44.19902038574219,0.0491747840750536,0.0159540642007593,0.0709105572601199,0.0169552885378875,44.19917998433,44.19917998433,44.19917998433,1,True,True,True,A_core_lia_dem_valid
SITE_003_S0080,SITE_003,-13.0268157643819,-18.758037932883,44.19203186035156,0.0731649836879853,0.0189799590230299,0.0884433061087511,0.021157788168532,44.19208908321048,44.19208908321048,44.19208908321048,1,True,True,True,A_core_lia_dem_valid
SITE_003_S0081,SITE_003,-12.3107263196467,-19.3301327200571,36.17031097412109,0.0666648808228991,0.0179363996380319,0.0667323689563786,0.0179079565601308,36.17034674096296,36.17034674096296,36.17034674096296,1,True,True,True,A_core_lia_dem_valid
SITE_003_S0082,SITE_003,-10.8441038687451,-16.9070168693603,36.15506744384766,0.0884994891957786,0.016990670842486,0.0842849831711529,0.0174846584290527,36.15480853042052,36.15480853042052,36.15480853042052,1,True,True,True,A_core_lia_dem_valid
SITE_003_S0083,SITE_003,-11.5050193630241,-20.5862615194602,44.18698120117188,0.0699200448891326,0.0088802566517243,0.0655547342140794,0.0087643236729815,44.18683379011277,44.18683379011277,44.18683379011277,1,True,True,True,A_core_lia_dem_valid
SITE_003_S0084,SITE_003,-12.1769714240768,-18.0324507365176,36.1750373840332,0.0813794869557422,0.0213531777583476,0.0828412970909495,0.0213483128109142,36.17526719552144,36.17526719552144,36.17526719552144,1,True,True,True,A_core_lia_dem_valid
SITE_003_S0085,SITE_003,-12.4346096188107,-13.3758413050121,44.20217895507812,0.0663065221721225,0.0254764464061341,0.0780987453143476,0.0214034632262014,44.20201746382349,44.20201746382349,44.20201746382349,1,True,True,True,A_core_lia_dem_valid
SITE_003_S0086,SITE_003,-12.7595475892173,-18.0015782207059,36.1525764465332,0.0716929064431799,0.0206868563214512,0.0873846039826529,0.0206811025960478,36.15287303384405,36.15287303384405,36.15287303384405,1,True,True,True,A_core_lia_dem_valid
SITE_003_S0087,SITE_003,-11.8063818924823,-16.4032809793263,44.18567276000977,0.073270209564951,0.0218093274476834,0.0800306527232867,0.0221741006872783,44.18565754216127,44.18565754216127,44.18565754216127,1,True,True,True,A_core_lia_dem_valid
SITE_003_S0088,SITE_003,-15.3524021682974,-15.2462895962905,36.17365264892578,0.0456491346402835,0.0220851581078878,0.0496384330304407,0.0190197349595248,36.1734588577448,36.1734588577448,36.1734588577448,1,True,True,True,A_core_lia_dem_valid
SITE_003_S0089,SITE_003,-15.1905389996428,-17.4708512027684,36.15533447265625,0.0560558756068928,0.0188271012921985,0.0759301073208985,0.0188543017537476,36.15550861196647,36.15550861196647,36.15550861196647,1,True,True,True,A_core_lia_dem_valid
SITE_003_S0090,SITE_003,-13.5894659142708,-19.0924867921349,44.18170166015625,0.0582901015382652,0.019438202832308,0.0728065276606628,0.0195494491620748,44.18186568853764,44.18186568853764,44.18186568853764,1,True,True,True,A_core_lia_dem_valid
SITE_003_S0091,SITE_003,-13.6014007185748,-17.0860323629299,36.16703796386719,0.0547211112136114,0.0193181098058016,0.0696321576929739,0.0192655193825494,36.16672980036786,36.16672980036786,36.16672980036786,1,True,True,True,A_core_lia_dem_valid
SITE_003_S0092,SITE_003,-15.4544827237161,-20.077149267137,44.19261169433594,0.0467293318039141,0.0141023103414072,0.0581892002588153,0.0157981444603879,44.19282094177131,44.19282094177132,44.19282094177131,1,True,True,True,A_core_lia_dem_valid
SITE_003_S0093,SITE_003,-16.413039581596,-18.8761236212999,36.16281890869141,0.0339440556838356,0.0099557508628061,0.0422553595685542,0.0100155253816962,36.16286553957963,36.16286553957963,36.16286553957963,1,True,True,True,A_core_lia_dem_valid
SITE_003_S0094,SITE_003,-15.689057439613,-20.2105569504077,44.19187545776367,0.0433808965400595,0.0153264310324933,0.063925831371437,0.0182318204014976,44.19177653130831,44.19177653130831,44.19177653130831,1,True,True,True,A_core_lia_dem_valid
SITE_003_S0095,SITE_003,-10.7493852813537,-21.3891805924282,36.16653060913086,0.0759205486435849,0.0099272681372777,0.0678835800189179,0.01106191824697,36.16625603157927,36.16625603157927,36.16625603157927,1,True,True,True,A_core_lia_dem_valid
SITE_003_S0096,SITE_003,-12.816666380808,-18.4767360026233,36.16556167602539,0.0810344386951568,0.0134979503915742,0.0862244589570578,0.0144150753567218,36.16559840030358,36.16559840030358,36.16559840030358,1,True,True,True,A_core_lia_dem_valid
SITE_003_S0097,SITE_003,-12.5489326979927,-24.2116265784447,44.195556640625,0.0589726992157539,0.0067576452172968,0.0620834724498391,0.0109433189551579,44.19554458738312,44.19554458738312,44.19554458738312,1,True,True,True,A_core_lia_dem_valid
SITE_003_S0098,SITE_003,-12.6180365583137,-23.0123475501704,36.17055511474609,0.0721407465532053,0.0078581252439304,0.0693489740185248,0.0089750120887009,36.17078031653529,36.17078031653529,36.17078031653529,1,True,True,True,A_core_lia_dem_valid
SITE_003_S0099,SITE_003,-11.7888125417589,-22.5267208187803,44.1932373046875,0.0655287404395165,0.0070755114914958,0.0587278568202232,0.008621872779165,44.19334047496376,44.19334047496376,44.19334047496376,1,True,True,True,A_core_lia_dem_valid
SITE_003_S0100,SITE_003,-15.036429264962,-16.5317413709613,36.16133117675781,0.0585053484353832,0.0206791726268696,0.0778615525410778,0.0200531349175444,36.16158126960529,36.16158126960529,36.16158126960529,1,True,True,True,A_core_lia_dem_valid
SITE_003_S0101,SITE_003,-12.2011105846507,-19.9597941535608,44.19324111938477,0.068404677210363,0.0127057510293819,0.0655743710801634,0.0152982839292733,44.19305540278634,44.19305540278634,44.19305540278634,1,True,True,True,A_core_lia_dem_valid
SITE_003_S0102,SITE_003,-12.3852190994762,-19.3033724367873,36.17287063598633,0.0748593018187339,0.0176070526766603,0.0834501826814246,0.0179183633059703,36.17307860545007,36.17307860545007,36.17307860545007,1,True,True,True,A_core_lia_dem_valid
SITE_003_S0103,SITE_003,-13.1337472181392,-19.6893125667018,44.19573593139648,0.0615897136313304,0.0133313457601708,0.0665348246403128,0.0141975559843426,44.19569050575085,44.19569050575085,44.19569050575085,1,True,True,True,A_core_lia_dem_valid
SITE_003_S0104,SITE_003,-12.7616350339236,-21.3940149493371,36.15364074707031,0.0719007565516122,0.0104636600921987,0.0754589543662552,0.0115787608710802,36.15339885426346,36.15339885426346,36.15339885426346,1,True,True,True,A_core_lia_dem_valid
SITE_003_S0105,SITE_003,-15.4174415722314,-20.8938426330778,44.18725204467773,0.0482624419318699,0.0093951413594378,0.0515571769147871,0.0096890319012063,44.1870157773476,44.1870157773476,44.1870157773476,1,True,True,True,A_core_lia_dem_valid
SITE_003_S0106,SITE_003,-10.2505544607912,-18.7530943470832,36.17771148681641,0.1106935857381807,0.0170413009090225,0.112334639201319,0.0170588284924457,36.17790078680461,36.17790078680461,36.17790078680461,1,True,True,True,A_core_lia_dem_valid
SITE_003_S0107,SITE_003,-12.8549451548271,-21.9326917208952,44.19873809814453,0.0643708233298091,0.0159597532288455,0.0684395096528159,0.0180096734833773,44.19877959691814,44.19877959691815,44.19877959691814,1,True,True,True,A_core_lia_dem_valid
SITE_003_S0108,SITE_003,-14.0370026521128,-22.6561460200219,44.18822479248047,0.0594637563804878,0.0098979844747338,0.067211894199774,0.0117475630075093,44.18809135499508,44.18809135499508,44.18809135499508,1,True,True,True,A_core_lia_dem_valid
SITE_003_S0109,SITE_003,-11.3090201027812,-15.6846248778951,36.16471099853516,0.0927812602775613,0.023797860862351,0.0959399392207469,0.0229825727041461,36.16444174878367,36.16444174878367,36.16444174878367,1,True,True,True,A_core_lia_dem_valid
SITE_003_S0110,SITE_003,-9.4084405972788,-18.3698454582998,36.16981506347656,0.1061136140510036,0.0148496175993991,0.099180131737492,0.0151171791690427,36.16946873203206,36.16946873203206,36.16946873203206,1,True,True,True,A_core_lia_dem_valid
SITE_003_S0111,SITE_003,-15.7755966277823,-17.4746697042425,44.1883430480957,0.0572936195938115,0.0173966599525481,0.0736060441745973,0.0182919366042244,44.18817265667646,44.18817265667647,44.18817265667646,1,True,True,True,A_core_lia_dem_valid
SITE_003_S0112,SITE_003,-11.8056879326091,-23.1224504243876,36.16734313964844,0.0807464187307653,0.0185301536445516,0.0734931254839014,0.0193419739995382,36.16709676898499,36.167096768985,36.16709676898499,1,True,True,True,A_core_lia_dem_valid
SITE_003_S0113,SITE_003,-15.1174435899292,-17.8776653506926,44.19725036621094,0.0438935485019223,0.0187398286150961,0.057854978205832,0.0186102004515727,44.19701210557284,44.19701210557284,44.19701210557284,1,True,True,True,A_core_lia_dem_valid
SITE_003_S0114,SITE_003,-15.7931589657034,-18.9166644229636,36.17018890380859,0.058658058849093,0.0166176532929141,0.0723051879852321,0.0168096620493977,36.17038937799194,36.17038937799194,36.17038937799194,1,True,True,True,A_core_lia_dem_valid
SITE_003_S0115,SITE_003,-15.3107257130262,-24.1813102839653,44.18642044067383,0.053267912665358,0.0148921623846722,0.0561962299768728,0.0149917232378501,44.18662890032005,44.18662890032005,44.18662890032005,1,True,True,True,A_core_lia_dem_valid
SITE_003_S0116,SITE_003,-12.5228240863526,-17.2467258251628,36.16423416137695,0.0669716963233637,0.019431462562102,0.0706527154906298,0.0190232272039523,36.16400444240347,36.16400444240347,36.16400444240347,1,True,True,True,A_core_lia_dem_valid
SITE_003_S0117,SITE_003,-15.1339738118689,-19.8372164867907,44.19525909423828,0.0597608417811862,0.0146357144025036,0.0715858662848514,0.0157780738333039,44.19525447309432,44.19525447309432,44.19525447309432,1,True,True,True,A_core_lia_dem_valid
SITE_003_S0118,SITE_003,-11.2518910882099,-17.4907371839185,36.17539215087891,0.0739618477723952,0.0154605820949616,0.080977637331375,0.0163504847962788,36.17548207785429,36.17548207785429,36.17548207785429,1,True,True,True,A_core_lia_dem_valid
SITE_003_S0119,SITE_003,-18.3006717607917,-20.9564786489079,44.19000244140625,0.0369684755889505,0.0119044560123715,0.0474484609224505,0.0131038460606134,44.19000016121954,44.19000016121954,44.19000016121954,1,True,True,True,A_core_lia_dem_valid
SITE_003_S0120,SITE_003,-15.2143510215814,-21.0260194981791,36.16125869750977,0.0539819773876927,0.0121039746339339,0.0708258439573517,0.0145316358699801,36.16147327393077,36.16147327393077,36.16147327393077,1,True,True,True,A_core_lia_dem_valid
SITE_003_S0121,SITE_003,-13.6405415815874,-20.0068385650794,44.19189453125,0.0456634158383423,0.0122792382790755,0.0461795360871999,0.0153659110465933,44.19167378470467,44.19167378470467,44.19167378470467,1,True,True,True,A_core_lia_dem_valid
SITE_003_S0122,SITE_003,-13.0293184773078,-21.1554956187755,36.17770767211914,0.0566290771522576,0.009297377951516,0.0538948387384736,0.0098260873295354,36.17766087809886,36.17766087809886,36.17766087809886,1,True,True,True,A_core_lia_dem_valid
SITE_003_S0123,SITE_003,-14.4248446059797,-22.2831819996218,44.19293975830078,0.0399588630299135,0.0091971750187984,0.047274986761167,0.0108390701555276,44.19274038607013,44.19274038607013,44.19274038607013,1,True,True,True,A_core_lia_dem_valid
SITE_003_S0124,SITE_003,-12.7567477794176,-23.1626629417138,36.15617370605469,0.0596491403568818,0.0093782139044369,0.0780680757706629,0.0133447319756021,36.15598440697264,36.15598440697264,36.15598440697264,1,True,True,True,A_core_lia_dem_valid
SITE_003_S0125,SITE_003,-15.1062450779013,-26.4777997653768,44.18937683105469,0.0409356979807942,0.0067791216779692,0.0553733958979723,0.0106048782197582,44.18947686905288,44.18947686905288,44.18947686905288,1,True,True,True,A_core_lia_dem_valid
SITE_003_S0126,SITE_003,-14.7778474299327,-19.9205026402172,36.17510604858398,0.042183366952244,0.0131095676751534,0.0517561891640352,0.0141876047043049,36.17515732825893,36.17515732825893,36.17515732825893,1,True,True,True,A_core_lia_dem_valid
SITE_003_S0127,SITE_003,-14.9013841818989,-23.3419736323249,44.19073867797852,0.0441705789743214,0.0136465640255715,0.049043662651925,0.0150911847354778,44.19092452300601,44.19092452300601,44.19092452300601,1,True,True,True,A_core_lia_dem_valid
SITE_003_S0128,SITE_003,-14.1484480109958,-19.6512874184991,36.15927505493164,0.0521479425604917,0.0195113912099679,0.054517861088691,0.0195927176108227,36.15919989508552,36.15919989508552,36.15919989508552,1,True,True,True,A_core_lia_dem_valid
SITE_003_S0129,SITE_003,-17.8792262671709,-20.0582399579094,44.18817901611328,0.0361754447989778,0.0123883314204655,0.0545480251523749,0.0145310204849904,44.18819004780538,44.18819004780538,44.18819004780538,1,True,True,True,A_core_lia_dem_valid
SITE_003_S0130,SITE_003,-14.2583154105411,-16.242883007466,36.16955947875977,0.0782036262643626,0.0229446881476383,0.0924672998920598,0.0222355645011197,36.16979962463572,36.16979962463572,36.16979962463572,1,True,True,True,A_core_lia_dem_valid
SITE_003_S0131,SITE_003,-14.2351639859333,-17.6211509581532,44.18857192993164,0.0574516798229457,0.0159385693932159,0.060895143506223,0.0159624149002653,44.18878486289461,44.18878486289461,44.18878486289461,1,True,True,True,A_core_lia_dem_valid
SITE_003_S0132,SITE_003,-13.2780320256896,-15.2681739545039,36.16277313232422,0.0633743693863256,0.0252534963969774,0.0750659105534155,0.0258426092260577,36.16278086481867,36.16278086481867,36.16278086481867,1,True,True,True,A_core_lia_dem_valid
SITE_003_S0133,SITE_003,-11.0063565950709,-17.3556429412589,44.1927490234375,0.0770200908005189,0.0156121356123023,0.0798071833796966,0.0157845722717765,44.19262874573234,44.19262874573234,44.19262874573234,1,True,True,True,A_core_lia_dem_valid
SITE_003_S0134,SITE_003,-11.420222458114,-16.5266892277793,36.18582916259766,0.0751856229690835,0.0203921583931614,0.0788625460679338,0.020972544848826,36.18570477180758,36.18570477180758,36.18570477180758,1,True,True,True,A_core_lia_dem_valid
SITE_003_S0135,SITE_003,-13.117786532406,-21.5664720445335,44.19009399414063,0.0513438616856799,0.0098701667044001,0.0543189328242981,0.0117377842288479,44.19010974273586,44.19010974273585,44.19010974273586,1,True,True,True,A_core_lia_dem_valid
SITE_003_S0136,SITE_003,-12.2454607721434,-16.6727751220522,36.16650390625,0.0612801313620225,0.017657142407491,0.0623839349101728,0.0176921585644677,36.16623431103731,36.16623431103731,36.16623431103731,1,True,True,True,A_core_lia_dem_valid
SITE_003_S0137,SITE_003,-13.2600907454147,-18.1215052601148,44.1934928894043,0.0498529725498851,0.0115773849618382,0.0574390459152776,0.0118214460750937,44.19323643361491,44.19323643361491,44.19323643361491,1,True,True,True,A_core_lia_dem_valid
SITE_003_S0138,SITE_003,-9.33772500020144,-16.8418818338223,36.18289184570312,0.1008259679135553,0.0174686266884575,0.0918682877972018,0.016346480521839,36.1826059154365,36.1826059154365,36.1826059154365,1,True,True,True,A_core_lia_dem_valid
SITE_003_S0139,SITE_003,-13.1392599455418,-17.5984609564082,44.17180252075195,0.0599725023661813,0.0151989056073449,0.0690827667905718,0.015304644539601,44.17191751142806,44.17191751142806,44.17191751142806,1,True,True,True,A_core_lia_dem_valid
SITE_003_S0140,SITE_003,-13.7371011429855,-18.4299798328431,36.15415954589844,0.052186676339327,0.0158523846076942,0.056227414670723,0.015547639932067,36.15386514279344,36.15386514279344,36.15386514279344,1,True,True,True,A_core_lia_dem_valid
SITE_003_S0141,SITE_003,-14.055390111997,-17.4491419334541,44.18754959106445,0.0512902118637893,0.0183338315672394,0.0548933065783285,0.0187093337199992,44.18748217288803,44.18748217288803,44.18748217288803,1,True,True,True,A_core_lia_dem_valid
SITE_003_S0142,SITE_003,-15.0589424190123,-22.8777043613541,36.18782806396485,0.0560811326020471,0.0120302666628468,0.0632858469503161,0.012425289609939,36.18801053927356,36.18801053927356,36.18801053927356,1,True,True,True,A_core_lia_dem_valid
SITE_003_S0143,SITE_003,-14.3963121470029,-22.4904881745251,44.17729568481445,0.0459029486590075,0.0099708969276525,0.0524930404320291,0.0119998732884921,44.17730375279072,44.17730375279072,44.17730375279072,1,True,True,True,A_core_lia_dem_valid
SITE_003_S0144,SITE_003,-13.2925052486666,-21.0274084441562,36.15341949462891,0.0658761509706872,0.0112395976954199,0.0684415700405711,0.0118013221163663,36.15352411348066,36.15352411348066,36.15352411348066,1,True,True,True,A_core_lia_dem_valid
SITE_003_S0145,SITE_003,-13.2348361462125,-17.6108129929051,44.18328475952149,0.0618827180144242,0.0212602972293425,0.0826215745648317,0.0236600068939612,44.18351592248388,44.18351592248388,44.18351592248388,1,True,True,True,A_core_lia_dem_valid
SITE_003_S0146,SITE_003,-7.91753529747852,-18.2072193654937,36.18885040283203,0.1640206166270992,0.0184120285717451,0.1739370408767421,0.0200685809460989,36.18877940828151,36.18877940828151,36.18877940828151,1,True,True,True,A_core_lia_dem_valid
SITE_003_S0147,SITE_003,-9.91155447688354,-19.7197897865591,44.17929840087891,0.110598559372716,0.0134708395942905,0.1200846760254834,0.0151036006911325,44.1794995616208,44.1794995616208,44.1794995616208,1,True,True,True,A_core_lia_dem_valid
SITE_003_S0148,SITE_003,-9.052412270842,-18.2861736020672,36.15815734863281,0.1136602856451204,0.0158926137989699,0.1104053929017248,0.0160466114021828,36.15810428955231,36.15810428955231,36.15810428955231,1,True,True,True,A_core_lia_dem_valid
SITE_003_S0149,SITE_003,-8.7132160893423,-16.2757498660868,36.18198776245117,0.1246384671226576,0.0230683308676391,0.1223396058612895,0.0213820466975444,36.18214824749757,36.18214824749757,36.18214824749757,1,True,True,True,A_core_lia_dem_valid
SITE_003_S0150,SITE_003,-9.80320762948994,-15.8012087610968,44.17238235473633,0.1019631734552717,0.0174720015097409,0.0882483706665124,0.0176957308845939,44.17214499165694,44.17214499165694,44.17214499165694,1,True,True,True,A_core_lia_dem_valid
SITE_003_S0151,SITE_003,-9.68815981737304,-18.6258607228535,36.15839004516602,0.11225873488629,0.0172437541812729,0.1143890985290206,0.0175213434507998,36.1582939718416,36.1582939718416,36.1582939718416,1,True,True,True,A_core_lia_dem_valid
SITE_003_S0152,SITE_003,-12.0252487120355,-16.973702988742,44.19005966186523,0.0715859887922628,0.0188502738354821,0.0724076260589543,0.01790054879671,44.18981291605184,44.18981291605184,44.18981291605184,1,True,True,True,A_core_lia_dem_valid
SITE_003_S0153,SITE_003,-11.2490045294858,-19.4738374130424,36.18381881713867,0.083833557742104,0.0165330512271634,0.0832735972084801,0.0173484726806011,36.18402924483541,36.18402924483542,36.18402924483541,1,True,True,True,A_core_lia_dem_valid
SITE_003_S0154,SITE_003,-10.5818111105302,-14.8950421658953,44.17306137084961,0.1003661811792303,0.0249040419812973,0.094812644417334,0.0229462934335805,44.17283523146522,44.17283523146522,44.17283523146522,1,True,True,True,A_core_lia_dem_valid
SITE_003_S0155,SITE_003,-11.9186833829607,-17.3252521733856,36.1578483581543,0.0967637194167174,0.0243769641981218,0.0985547634106591,0.025880336644138,36.15769131898431,36.15769131898431,36.15769131898431,1,True,True,True,A_core_lia_dem_valid
SITE_003_S0156,SITE_003,-13.1014913770159,-20.3321840535594,44.18938827514648,0.0494128667915695,0.0152060281020325,0.0639085373864755,0.0158720881312675,44.18922124418823,44.18922124418823,44.18922124418823,1,True,True,True,A_core_lia_dem_valid
SITE_003_S0157,SITE_003,-11.167994777254,-15.9369749798592,36.18636322021485,0.0853230699897441,0.0206054974471529,0.0770153556567125,0.020614145812406,36.18602504760356,36.18602504760356,36.18602504760356,1,True,True,True,A_core_lia_dem_valid
SITE_003_S0158,SITE_003,-13.2802399642442,-21.7626616571727,44.17391586303711,0.0639359337783479,0.0121169292188289,0.0788304023050035,0.0157035950907174,44.17410538997296,44.17410538997296,44.17410538997296,1,True,True,True,A_core_lia_dem_valid
SITE_003_S0159,SITE_003,-11.7771844747388,-17.9322184295074,36.15291595458984,0.0887795209906552,0.0219784810742024,0.0960804827532976,0.0227484500518159,36.15282186791792,36.15282186791792,36.15282186791792,1,True,True,True,A_core_lia_dem_valid
SITE_003_S0160,SITE_003,-12.2566638565092,-17.103786316478,44.18463516235352,0.0687751132912119,0.0196827309746095,0.0817920785394289,0.0213212323887756,44.1846986102757,44.1846986102757,44.1846986102757,1,True,True,True,A_core_lia_dem_valid
SITE_003_S0161,SITE_003,-8.65166369807499,-17.4507522581939,36.18628311157227,0.1128867727157884,0.0186974179175141,0.1162460714215842,0.0197436307378343,36.18606107244699,36.18606107244699,36.18606107244699,1,True,True,True,A_core_lia_dem_valid
SITE_003_S0162,SITE_003,-13.6496449665454,-21.037994077279,44.17578125,0.0508710632858168,0.0096496638617006,0.0550092654833452,0.0121806969032604,44.17572216906484,44.17572216906484,44.17572216906484,1,True,True,True,A_core_lia_dem_valid
SITE_003_S0163,SITE_003,-12.1033417634655,-17.7811429326488,36.15010452270508,0.09257479816373,0.021958729733906,0.0976961160649615,0.0220383003103554,36.15041452859798,36.15041452859799,36.15041452859798,1,True,True,True,A_core_lia_dem_valid
SITE_003_S0164,SITE_003,-13.8941703395175,-19.3428134893764,44.18187713623047,0.0532423240885549,0.0138024486484704,0.0634775802198065,0.0143826396524576,44.18191471208295,44.18191471208295,44.18191471208295,1,True,True,True,A_core_lia_dem_valid
SITE_003_S0165,SITE_003,-7.4145216185014,-17.2881100986743,36.18646621704102,0.1219705218901131,0.0194818322153179,0.1108888505248731,0.0190982665157743,36.18612552378912,36.18612552378912,36.18612552378912,1,True,True,True,A_core_lia_dem_valid
SITE_003_S0166,SITE_003,-12.7434372181154,-18.9201484968281,44.17632675170898,0.0670456152090337,0.0165517841795263,0.0774015762535347,0.0172214781472923,44.17642782852314,44.17642782852314,44.17642782852314,1,True,True,True,A_core_lia_dem_valid
SITE_003_S0167,SITE_003,-10.5482528514471,-17.8184378868252,36.15358734130859,0.104062283487685,0.0217913406135307,0.1124167559358198,0.0219524168738244,36.15385376451452,36.15385376451452,36.15385376451452,1,True,True,True,A_core_lia_dem_valid
SITE_003_S0168,SITE_003,-10.6810555989532,-17.8243933851342,44.18664169311523,0.093893675048268,0.0178430809500489,0.1111918704216583,0.0191043339273279,44.18653131672358,44.18653131672358,44.18653131672358,1,True,True,True,A_core_lia_dem_valid
SITE_003_S0169,SITE_003,-10.4785631602295,-17.6413191784788,36.18085479736328,0.1212000543239563,0.0217727261300229,0.1347170927054589,0.020909085627576,36.18075145276528,36.18075145276528,36.18075145276528,1,True,True,True,A_core_lia_dem_valid
SITE_003_S0170,SITE_003,-9.92672204581412,-17.0880852477754,44.17284393310547,0.1041091735806121,0.0218933093568462,0.1035802543408194,0.0213251744110144,44.17297703138279,44.17297703138279,44.17297703138279,1,True,True,True,A_core_lia_dem_valid
SITE_003_S0171,SITE_003,-13.6079141668713,-20.8683293755123,36.15861129760742,0.0921863231247107,0.0166000164786645,0.1076603814159658,0.0187038635880722,36.15859624994626,36.15859624994626,36.15859624994626,1,True,True,True,A_core_lia_dem_valid
SITE_003_S0172,SITE_003,-10.0125513937104,-17.3819506746701,44.18901824951172,0.0963759655369678,0.0195056358625061,0.0931972137274333,0.0192656936583243,44.18879505128644,44.18879505128644,44.18879505128644,1,True,True,True,A_core_lia_dem_valid
SITE_003_S0173,SITE_003,-10.6792648480306,-20.3113814579589,36.18077087402344,0.1035849315352301,0.0304125459492206,0.1159055503172946,0.030417553578032,36.18067267381251,36.18067267381251,36.18067267381251,1,True,True,True,A_core_lia_dem_valid
SITE_003_S0174,SITE_003,-13.4019463445109,-18.9746347991946,44.16941833496094,0.0736108475641003,0.0169426669503165,0.0790512827510649,0.0183675346943388,44.16965635715318,44.16965635715318,44.16965635715318,1,True,True,True,A_core_lia_dem_valid
SITE_003_S0175,SITE_003,-9.61597711107422,-14.1966328684629,36.15806198120117,0.1068147482160782,0.0348651974902806,0.1141017508557876,0.0333026730355262,36.15783197987378,36.15783197987378,36.15783197987378,1,True,True,True,A_core_lia_dem_valid
SITE_003_S0176,SITE_003,-14.6884361166513,-18.9164327759848,44.18981552124024,0.047112898384857,0.0158123568717979,0.0525738675782852,0.0171612958538322,44.19003920472252,44.19003920472252,44.19003920472252,1,True,True,True,A_core_lia_dem_valid
SITE_003_S0177,SITE_003,-9.99367994692236,-19.829328255118,44.16982650756836,0.0966370349673804,0.0118042220191491,0.0866381766041938,0.0169998740371926,44.16963122876285,44.16963122876285,44.16963122876285,1,True,True,True,A_core_lia_dem_valid
SITE_003_S0178,SITE_003,-6.21421949935652,-17.4163711742262,36.15107727050781,0.1852485720590186,0.03046009525086,0.1609211335180422,0.0302035153150256,36.15088466844431,36.15088466844431,36.15088466844431,1,True,True,True,A_core_lia_dem_valid
SITE_003_S0179,SITE_003,-9.97800669737964,-19.8293527547207,44.18717956542969,0.104491794687831,0.0199521759569536,0.0997511012476765,0.0216496181922436,44.18697584954904,44.18697584954904,44.18697584954904,1,True,True,True,A_core_lia_dem_valid
SITE_003_S0180,SITE_003,-11.3666956670413,-15.2658927058626,36.18818664550781,0.1026605199321099,0.0251926235016435,0.1182280005326264,0.0256755369103038,36.1885135361825,36.1885135361825,36.1885135361825,1,True,True,True,A_core_lia_dem_valid
SITE_003_S0181,SITE_003,-14.7429120297743,-22.9426277937112,44.17362213134766,0.0565879150185658,0.0128756875038785,0.0721677122068506,0.015545334607775,44.17387481785421,44.17387481785421,44.17387481785421,1,True,True,True,A_core_lia_dem_valid
SITE_003_S0182,SITE_003,-7.79340914839044,-16.202244504754,36.14835739135742,0.1629078150362074,0.0256854021632009,0.1457210388584668,0.025814653813471,36.14808912021908,36.14808912021908,36.14808912021908,1,True,True,True,A_core_lia_dem_valid
SITE_003_S0183,SITE_003,-9.64274150008629,-16.8047196684489,36.18601989746094,0.1075703016030942,0.0177703738716026,0.119113750507871,0.0178426000582866,36.18609236226393,36.18609236226393,36.18609236226393,1,True,True,True,A_core_lia_dem_valid
SITE_003_S0184,SITE_003,-13.7916302584942,-22.2376038548801,44.17474365234375,0.0503004463507552,0.0096939269772016,0.0578633782641213,0.0123246377402941,44.17471358411894,44.17471358411894,44.17471358411894,1,True,True,True,A_core_lia_dem_valid
SITE_003_S0185,SITE_003,-10.21963871447,-20.1004862485396,36.15106582641602,0.1010557085251807,0.0130845034840958,0.1230750405403697,0.0162760441402826,36.15134448962968,36.15134448962968,36.15134448962968,1,True,True,True,A_core_lia_dem_valid
SITE_003_S0186,SITE_003,-12.1165685992128,-20.4327024455052,44.181884765625,0.0672404119886072,0.013106992916268,0.0801833966251746,0.0130928086344617,44.18195864311283,44.18195864311282,44.18195864311283,1,True,True,True,A_core_lia_dem_valid
SITE_003_S0187,SITE_003,-11.3610346851054,-17.8343598362838,36.1798095703125,0.08217243878841,0.0227019390151704,0.1003501792553578,0.0225949844697962,36.17976912492476,36.17976912492477,36.17976912492476,1,True,True,True,A_core_lia_dem_valid
SITE_003_S0188,SITE_003,-10.3053313282906,-16.0758412116369,44.17267227172852,0.0921646255003979,0.0229075981850204,0.0831759961154751,0.0182064045674362,44.17249671880803,44.17249671880804,44.17249671880803,1,True,True,True,A_core_lia_dem_valid
SITE_003_S0189,SITE_003,-10.0453846148982,-16.7699709676124,36.16083145141602,0.1055529255940067,0.0234047997235837,0.1247422363384602,0.0233614056363103,36.16100477548641,36.16100477548642,36.16100477548641,1,True,True,True,A_core_lia_dem_valid
SITE_003_S0190,SITE_003,-11.7461223903753,-18.6043977421273,44.18880081176758,0.0824154331393007,0.0173106505814656,0.0918795246046825,0.0208741658325532,44.18890969605147,44.18890969605147,44.18890969605147,1,True,True,True,A_core_lia_dem_valid
SITE_003_S0191,SITE_003,-13.3173027496636,-16.349224708691,36.1778678894043,0.057858137259509,0.0232543881683362,0.0816993149073354,0.0234292371453186,36.17769946020839,36.17769946020839,36.17769946020839,1,True,True,True,A_core_lia_dem_valid
SITE_003_S0192,SITE_003,-12.3516004461283,-20.4557302103285,36.15852737426758,0.0655532464492067,0.0095963236637421,0.0654573015366016,0.0089896798859346,36.15861816598608,36.15861816598608,36.15861816598608,1,True,True,True,A_core_lia_dem_valid
SITE_003_S0193,SITE_003,-13.1461172250993,-23.7066258171462,44.18796157836914,0.0512396723936725,0.0057641329598021,0.0462704631670565,0.0074537886948496,44.18790008097126,44.18790008097126,44.18790008097126,1,True,True,True,A_core_lia_dem_valid
SITE_003_S0194,SITE_003,-13.6353976323619,-18.8747764890125,36.17969131469727,0.0708193877103684,0.0133814769925533,0.0748129938368707,0.0120920747028282,36.17962151270369,36.1796215127037,36.17962151270369,1,True,True,True,A_core_lia_dem_valid
SITE_003_S0195,SITE_003,-15.2723554545549,-21.153687899567,44.16897583007812,0.0498792442588639,0.0086046378195919,0.0550176440009232,0.0097357688390699,44.16891291587933,44.16891291587933,44.16891291587933,1,True,True,True,A_core_lia_dem_valid
SITE_003_S0196,SITE_003,-14.4099171275924,-18.0437646913689,36.15546417236328,0.0544462628164526,0.0161401271325344,0.0622635012138438,0.0184588099017008,36.15536731504045,36.15536731504045,36.15536731504045,1,True,True,True,A_core_lia_dem_valid
SITE_003_S0197,SITE_003,-10.7374831875667,-20.6991908405516,44.18805694580078,0.0702211389779,0.0092454221252296,0.0670299082357449,0.0110094417057874,44.18794245437295,44.18794245437294,44.18794245437295,1,True,True,True,A_core_lia_dem_valid
SITE_003_S0198,SITE_003,-11.51097623255,-31.6015844942502,36.18869400024414,0.0704855877390056,0.0055534966297852,0.0627658268949001,0.0077805608650799,36.18841113400586,36.18841113400586,36.18841113400586,1,True,True,True,A_core_lia_dem_valid
SITE_003_S0199,SITE_003,-10.8727415556359,-21.6794911561675,44.17681884765625,0.0668498351252535,0.007561242920184,0.05479628962015,0.0081077346027344,44.17655832062726,44.17655832062726,44.17655832062726,1,True,True,True,A_core_lia_dem_valid
SITE_003_S0200,SITE_003,-11.3503860974706,-21.586929421516,36.19226455688477,0.0887722926493797,0.0150445614915895,0.1014864453994466,0.0163426867385216,36.19215047453155,36.19215047453155,36.19215047453155,1,True,True,True,A_core_lia_dem_valid
SITE_003_S0201,SITE_003,-14.1363429154763,-19.0542211762661,44.18034362792969,0.0688402932137964,0.0202230254017001,0.0807584796853839,0.0205275297861701,44.18036740548818,44.1803674054882,44.18036740548818,1,True,True,True,A_core_lia_dem_valid
SITE_003_S0202,SITE_003,-12.5051376752459,-22.8631416925832,36.15423583984375,0.0846760612831961,0.0109470120444122,0.0921521680124857,0.0114671305282761,36.15433017269965,36.15433017269965,36.15433017269965,1,True,True,True,A_core_lia_dem_valid
SITE_003_S0203,SITE_003,-9.71002291234242,-14.6414141307787,36.18998718261719,0.1111174636081626,0.0276721432723068,0.1127587167042016,0.021885718186167,36.18977037784806,36.18977037784806,36.18977037784806,1,True,True,True,A_core_lia_dem_valid
SITE_003_S0204,SITE_003,-12.3286507484356,-16.2494012430473,44.18194580078125,0.0706970299114997,0.0195799155141747,0.0792609376205168,0.019768896880476,44.18189787662318,44.18189787662318,44.18189787662318,1,True,True,True,A_core_lia_dem_valid
SITE_003_S0205,SITE_003,-12.7535471554152,-20.0004551477085,36.16131973266602,0.0671094207373482,0.0119436256130244,0.0665038012269255,0.0116998669429064,36.16121108898113,36.16121108898113,36.16121108898113,1,True,True,True,A_core_lia_dem_valid
SITE_003_S0206,SITE_003,-10.4359026606927,-20.4561214971144,44.18830871582031,0.0972021431835358,0.0157046273642878,0.099225425808865,0.0169526821720293,44.18819706210406,44.18819706210406,44.18819706210406,1,True,True,True,A_core_lia_dem_valid
SITE_003_S0207,SITE_003,-8.83407416350165,-20.5868078052639,36.18314743041992,0.1339965876081378,0.01572597526507,0.1170079113441592,0.0157273394036196,36.18332018838751,36.18332018838751,36.18332018838751,1,True,True,True,A_core_lia_dem_valid
SITE_003_S0208,SITE_003,-13.2445445598878,-18.3881818924856,44.17272567749024,0.0598239670826913,0.0159492911624118,0.0700520282791036,0.0158142333782038,44.1724516974822,44.1724516974822,44.1724516974822,1,True,True,True,A_core_lia_dem_valid
SITE_003_S0209,SITE_003,-12.8855762052004,-16.8908934384082,36.15944290161133,0.0709739837280474,0.0200735521194944,0.0756980770317782,0.0167201371977438,36.15945022073099,36.15945022073099,36.15945022073099,1,True,True,True,A_core_lia_dem_valid
SITE_003_S0210,SITE_003,-12.8373982379449,-19.8158367677166,44.19152069091797,0.0805953881582795,0.0152319892232161,0.0820362129282755,0.0169985688980601,44.1916339594675,44.1916339594675,44.1916339594675,1,True,True,True,A_core_lia_dem_valid
SITE_003_S0211,SITE_003,-18.0618258847455,-18.5362390938661,36.18393325805664,0.0324102690698307,0.0153489196213242,0.0523096277952453,0.0154254704155043,36.18402663474189,36.18402663474189,36.18402663474189,1,True,True,True,A_core_lia_dem_valid
SITE_003_S0212,SITE_003,-14.9299276674901,-21.5872881975125,44.17316818237305,0.056954611284113,0.0146678378324395,0.078184039132832,0.0160422814250371,44.1734119773024,44.1734119773024,44.1734119773024,1,True,True,True,A_core_lia_dem_valid
SITE_003_S0213,SITE_003,-13.9809556427846,-21.945083045279,36.16503524780273,0.0529898333037104,0.0095369742040624,0.0622594776141696,0.0135694280419842,36.16493047664277,36.16493047664277,36.16493047664277,1,True,True,True,A_core_lia_dem_valid
SITE_003_S0214,SITE_003,-15.390452934798,-24.810812926384,44.19427871704102,0.0431970484991289,0.0127235553567012,0.053529182020305,0.0126800842367603,44.19430161242216,44.19430161242216,44.19430161242216,1,True,True,True,A_core_lia_dem_valid
SITE_003_S0215,SITE_003,-14.9490425374286,-19.0445888240339,36.18535232543945,0.0532553183212245,0.0151724895734938,0.069859145849097,0.0166979606796734,36.1856599651045,36.18565996510448,36.1856599651045,1,True,True,True,A_core_lia_dem_valid
SITE_003_S0216,SITE_003,-17.3342081156457,-21.7087823479121,44.17423248291016,0.0319687691655154,0.0097747082829804,0.0425197622505569,0.0099348220457457,44.17424912918892,44.17424912918892,44.17424912918892,1,True,True,True,A_core_lia_dem_valid
SITE_003_S0217,SITE_003,-13.2121237271547,-17.5008475068689,36.1537971496582,0.0542396702496956,0.0170141690429363,0.0622744446252376,0.0150396393498673,36.15363006760111,36.15363006760111,36.15363006760111,1,True,True,True,A_core_lia_dem_valid
SITE_003_S0218,SITE_003,-13.3736735964878,-23.3287317804378,44.18785858154297,0.052910790077536,0.009363965598614,0.056081544578687,0.0110051146676801,44.18797979600929,44.18797979600929,44.18797979600929,1,True,True,True,A_core_lia_dem_valid
SITE_003_S0219,SITE_003,-16.0906918209647,-15.0180902420634,36.18698501586914,0.0426822876678265,0.0199585972754646,0.0507004988784121,0.0182132215358146,36.18709216981422,36.18709216981422,36.18709216981422,1,True,True,True,A_core_lia_dem_valid
SITE_003_S0220,SITE_003,-11.301233099492,-23.7325615653368,44.17682266235352,0.066615949982423,0.0129441836652242,0.069152596180173,0.0132260397444536,44.17693926076421,44.17693926076421,44.17693926076421,1,True,True,True,A_core_lia_dem_valid
SITE_003_S0221,SITE_003,-11.2222916283137,-20.6382603884685,36.18851089477539,0.0798639327369201,0.0142583373074129,0.0863844750144773,0.014506163113367,36.18829555986658,36.18829555986658,36.18829555986658,1,True,True,True,A_core_lia_dem_valid
SITE_003_S0222,SITE_003,-10.0627039164159,-21.0400245740627,44.17975997924805,0.0916794415170819,0.0123610690939757,0.0817567116503779,0.0116296829839715,44.17955359462232,44.17955359462232,44.17955359462232,1,True,True,True,A_core_lia_dem_valid
SITE_003_S0223,SITE_003,-14.2169015770758,-16.7038518173041,36.15867233276367,0.0570296181026566,0.0149186334894068,0.0676100517755757,0.0140263945114764,36.15864399810696,36.15864399810696,36.15864399810696,1,True,True,True,A_core_lia_dem_valid
SITE_003_S0224,SITE_003,-11.5961758863083,-16.3170902003458,44.18760681152344,0.0680037863460195,0.0147983503593474,0.066861151669281,0.0144992486126143,44.18739051866802,44.18739051866802,44.18739051866802,1,True,True,True,A_core_lia_dem_valid
SITE_003_S0225,SITE_003,-11.6018455489298,-15.5491006411449,36.18877410888672,0.1028893328545249,0.0356513157238562,0.1031822239819099,0.0356266827426022,36.1885932688466,36.1885932688466,36.1885932688466,1,True,True,True,A_core_lia_dem_valid
SITE_003_S0226,SITE_003,-13.1550222133771,-16.4693407028797,44.18003463745117,0.0853670611977577,0.0231524964587555,0.0844926079640149,0.023428686373734,44.18012445393996,44.18012445393996,44.18012445393996,1,True,True,True,A_core_lia_dem_valid
SITE_003_S0227,SITE_003,-11.6760018865451,-20.2399043190509,36.16463851928711,0.0742472757189777,0.0157303924248416,0.074336879618545,0.0156984987820729,36.16468857430123,36.16468857430122,36.16468857430123,1,True,True,True,A_core_lia_dem_valid
SITE_003_S0228,SITE_003,-13.4997418971626,-18.7406364610392,44.19169235229492,0.0570748727820509,0.0146009652114783,0.0597820287173945,0.0147967367078729,44.19168014814542,44.19168014814542,44.19168014814542,1,True,True,True,A_core_lia_dem_valid
SITE_003_S0229,SITE_003,-11.3900482127202,-19.3880322616846,36.18074035644531,0.0737647402193917,0.0139906735760613,0.0714874880944001,0.0143607625186125,36.18063428142878,36.18063428142879,36.18063428142878,1,True,True,True,A_core_lia_dem_valid
SITE_003_S0230,SITE_003,-12.9161262379205,-17.1864958691359,44.17218780517578,0.0538781010981531,0.0118374653833193,0.0547032710395221,0.0119383128595618,44.17238503702032,44.17238503702032,44.17238503702032,1,True,True,True,A_core_lia_dem_valid
SITE_003_S0231,SITE_003,-13.1851159797471,-21.8450896923294,36.1629753112793,0.0614020819287584,0.0091391576545827,0.0682459485782688,0.0101776391281203,36.1628283109959,36.1628283109959,36.1628283109959,1,True,True,True,A_core_lia_dem_valid
SITE_003_S0232,SITE_003,-14.3623308232404,-19.6831311035828,44.19277191162109,0.0456175806751687,0.0137217125617131,0.0523132251924877,0.0136719576248114,44.19260495955446,44.19260495955445,44.19260495955446,1,True,True,True,A_core_lia_dem_valid
SITE_003_S0233,SITE_003,-11.9718590507274,-19.9330064478378,36.18266296386719,0.0710054097517602,0.0141178916317751,0.0741351230737587,0.0156955051653873,36.18274804511104,36.18274804511104,36.18274804511104,1,True,True,True,A_core_lia_dem_valid
SITE_003_S0234,SITE_003,-15.17302415026,-17.1267971615032,44.17395782470703,0.0390694848089457,0.0108885926947308,0.0461162137588946,0.0113537472435454,44.17369950764718,44.17369950764718,44.17369950764718,1,True,True,True,A_core_lia_dem_valid
SITE_003_S0235,SITE_003,-12.6820030454869,-18.0452652705679,36.15279388427734,0.0805925008554915,0.0139366917182376,0.0784236169842199,0.0163143996203639,36.15290583760989,36.15290583760989,36.15290583760989,1,True,True,True,A_core_lia_dem_valid
SITE_003_S0236,SITE_003,-12.7209246288038,-18.8384065115868,44.18944931030273,0.0610439252801439,0.0131193828769028,0.0629868065425454,0.0138501278196995,44.18951424660831,44.18951424660831,44.18951424660831,1,True,True,True,A_core_lia_dem_valid
SITE_003_S0237,SITE_003,-15.5062001119409,-22.7585664580627,36.19115447998047,0.0392006583597412,0.0111349332733362,0.0472853223486376,0.011739117575766,36.19083663978866,36.19083663978866,36.19083663978866,1,True,True,True,A_core_lia_dem_valid
SITE_003_S0238,SITE_003,-14.7657384629517,-20.6578305988155,44.17639923095703,0.0458079167933244,0.0127805671390766,0.0509130782173668,0.0130050161744778,44.17663569651691,44.17663569651691,44.17663569651691,1,True,True,True,A_core_lia_dem_valid
SITE_003_S0239,SITE_003,-13.748825903554,-19.0888705949348,36.1562728881836,0.0547460356390473,0.0127641540708679,0.0614954667360627,0.0127155806400133,36.15633876728563,36.15633876728563,36.15633876728563,1,True,True,True,A_core_lia_dem_valid
SITE_003_S0240,SITE_003,-12.8928295044819,-22.0376166809243,44.18561553955078,0.0666559028310155,0.0120383908608965,0.0705035700175658,0.0123649350957101,44.18581060149752,44.18581060149752,44.18581060149752,1,True,True,True,A_core_lia_dem_valid
SITE_003_S0241,SITE_003,-10.5114883533042,-18.4182911828757,36.18979644775391,0.0881321697026321,0.0150070424515468,0.0839463090828011,0.0147657331260718,36.18968219666969,36.18968219666969,36.18968219666969,1,True,True,True,A_core_lia_dem_valid
SITE_003_S0242,SITE_003,-13.4202918533446,-21.8821700616352,44.17625427246094,0.0583917378785003,0.0109894017104266,0.0671405975098035,0.0111122029670216,44.17644371335203,44.17644371335202,44.17644371335203,1,True,True,True,A_core_lia_dem_valid
SITE_003_S0243,SITE_003,-13.8822804580558,-23.7146879199918,36.15724563598633,0.0523924991694441,0.0078345472766057,0.0605845402506437,0.0092699979653772,36.15738268189553,36.15738268189553,36.15738268189553,1,True,True,True,A_core_lia_dem_valid
SITE_003_S0244,SITE_003,-15.2515046335597,-23.0226672753251,44.18791580200195,0.0561420806745437,0.0121088512885979,0.0604128752128197,0.012989564878414,44.18788613614432,44.18788613614432,44.18788613614432,1,True,True,True,A_core_lia_dem_valid
SITE_003_S0245,SITE_003,-12.2915157796675,-20.6184221184386,36.18938064575195,0.0663746088578842,0.010682470789902,0.0795775734389868,0.0133503141088821,36.18965091603389,36.18965091603389,36.18965091603389,1,True,True,True,A_core_lia_dem_valid
SITE_003_S0246,SITE_003,-13.736253178153,-22.3630308897735,44.18003463745117,0.0483129482591574,0.0100263701203382,0.0514345809797039,0.0095885278957506,44.17983322287549,44.17983322287549,44.17983322287549,1,True,True,True,A_core_lia_dem_valid
SITE_003_S0247,SITE_003,-12.7197593244781,-22.8493447773103,36.16902542114258,0.0410541972956803,0.0064056771457454,0.0465760846319604,0.0075255992776562,36.16368170755965,36.16368170755965,36.16368170755965,1,True,True,True,A_core_lia_dem_valid
SITE_003_S0248,SITE_003,-13.7054613668891,-19.3126203896124,44.18904495239258,0.0638033068612632,0.0114282939158097,0.0687048376217211,0.011841291786081,44.18863846224464,44.18863846224464,44.18863846224464,1,True,True,True,A_core_lia_dem_valid
SITE_003_S0249,SITE_003,-12.0606008828375,-16.8833038289655,36.16354370117188,0.0691750756312752,0.0173209156512538,0.0700885409105236,0.0160225878036639,36.16327914478568,36.16327914478568,36.16327914478568,1,True,True,True,A_core_lia_dem_valid
SITE_003_S0250,SITE_003,-14.3162409969728,-21.9932390343269,44.17483520507812,0.065251693269376,0.0100297556825038,0.0699330914883874,0.0103634018570809,44.19224166870119,44.19224166870119,44.19224166870119,1,True,True,True,A_core_lia_dem_valid
SITE_003_S0251,SITE_003,-9.96071691783234,-18.6990974842817,36.16112899780273,0.0873102729331314,0.0135197934012062,0.0960182288172325,0.0129347726131777,36.16570206024996,36.16570206024996,36.16570206024996,1,True,True,True,A_core_lia_dem_valid
SITE_003_S0252,SITE_003,-11.4370690025408,-22.6775366013814,44.19207382202149,0.0723011853097539,0.0102616409323976,0.0715871299647487,0.01255753102942,44.19235710079244,44.19235710079244,44.19235710079244,1,True,True,True,A_core_lia_dem_valid
SITE_003_S0253,SITE_003,-10.3718659061177,-23.5488186200117,36.1682243347168,0.0855577902603303,0.0150016758533312,0.0732901233382131,0.016559461330392,36.16845854534327,36.16845854534327,36.16845854534327,1,True,True,True,A_core_lia_dem_valid
SITE_003_S0254,SITE_003,-12.1966133130202,-19.6086418402987,44.19361114501953,0.0734993364168129,0.017016380979783,0.083823754333991,0.0170588988748689,44.19366960546499,44.19366960546499,44.19366960546499,1,True,True,True,A_core_lia_dem_valid
SITE_003_S0255,SITE_003,-10.6351055248151,-18.4532468387726,36.15822982788086,0.0858477570450614,0.0162694507792278,0.0806653409622979,0.0178388299083034,36.15846503159177,36.15846503159177,36.15846503159177,1,True,True,True,A_core_lia_dem_valid
SITE_003_S0256,SITE_003,-15.3283736220736,-19.3266339522687,44.18674850463867,0.0698274123284809,0.0158993951541682,0.0836037906630175,0.015941064056055,44.18686320202702,44.18686320202702,44.18686320202702,1,True,True,True,A_core_lia_dem_valid
SITE_003_S0257,SITE_003,-14.532955817,-20.4763930174996,36.16605758666992,0.051114079500811,0.0110380917460614,0.0558369651769185,0.009904328109453,36.16627306649181,36.16627306649181,36.16627306649181,1,True,True,True,A_core_lia_dem_valid
SITE_003_S0258,SITE_003,-15.2518930794338,-22.5800581465793,44.17543792724609,0.0445353904780308,0.0101694754774571,0.0558929261260585,0.0112005623131583,44.19357396851545,44.19357396851545,44.19357396851545,1,True,True,True,A_core_lia_dem_valid
SITE_003_S0259,SITE_003,-15.2833491745397,-22.2644260535465,36.15576553344727,0.0433242369936338,0.0072518160289401,0.0557993599953165,0.0069868495476773,36.15590060345227,36.15590060345227,36.15590060345227,1,True,True,True,A_core_lia_dem_valid
SITE_003_S0260,SITE_003,-10.0025446241511,-19.1602858715561,44.1890754699707,0.1033777100826787,0.0130598016673078,0.1131497485341444,0.0130268088385554,44.18911164775749,44.18911164775749,44.18911164775749,1,True,True,True,A_core_lia_dem_valid
SITE_003_S0261,SITE_003,-15.5223380100666,-28.2620838584003,36.16885757446289,0.0397465645839075,0.0040179579401792,0.0455679383030077,0.0063949416661282,36.16863752880937,36.16863752880936,36.16863752880937,1,True,True,True,A_core_lia_dem_valid
SITE_003_S0262,SITE_003,-15.6026455669898,-23.8836402835366,44.19417953491211,0.0346436690687104,0.0085157338742315,0.0704052939499377,0.0101065159339458,44.19407160861868,44.19407160861868,44.19407160861868,1,True,True,True,A_core_lia_dem_valid
SITE_003_S0263,SITE_003,-10.4508528219786,-18.6706020115647,36.1630859375,0.088792159122771,0.017308088547265,0.085798506588567,0.0179360595358898,36.15593208091848,36.15593208091847,36.15593208091848,1,True,True,True,A_core_lia_dem_valid
SITE_003_S0264,SITE_003,-12.2855523430091,-19.1419385634151,44.18825912475586,0.0586216240416448,0.0094900774578357,0.0695151743782295,0.012197806208041,44.18586638443114,44.18586638443114,44.18586638443114,1,True,True,True,A_core_lia_dem_valid
SITE_003_S0265,SITE_003,-13.9052907784714,-20.5219176146264,36.16661834716797,0.049689237486029,0.0089758791975765,0.0540005219819476,0.0088174431416931,36.16688809579215,36.16688809579215,36.16688809579215,1,True,True,True,A_core_lia_dem_valid
SITE_003_S0266,SITE_003,-13.3604395804392,-20.9109168297,44.19203948974609,0.0474512075123985,0.0091736420064958,0.0487937996143838,0.009993163222087,44.19218525342051,44.19218525342051,44.19218525342051,1,True,True,True,A_core_lia_dem_valid
SITE_003_S0267,SITE_003,-12.9452816696418,-22.357498372545,36.15611267089844,0.0518999454786409,0.009066370763649,0.0581420996498603,0.0093667172639821,36.16794087447521,36.16794087447521,36.16794087447521,1,True,True,True,A_core_lia_dem_valid
SITE_003_S0268,SITE_003,-14.7007537759622,-21.6104060810668,44.19110107421875,0.0428836973591618,0.0091966265062031,0.0606788882945221,0.0110462896711898,44.18888801015873,44.18888801015873,44.18888801015873,1,True,True,True,A_core_lia_dem_valid
SITE_003_S0269,SITE_003,-14.4901562788552,-21.9883518657241,36.16254806518555,0.0451828727400749,0.0084971690010611,0.051690465305823,0.0099827947072137,36.16245585960434,36.16245585960434,36.16245585960434,1,True,True,True,A_core_lia_dem_valid
SITE_003_S0270,SITE_003,-13.0061229352766,-20.3730013738752,44.18671035766602,0.0549411986010635,0.0110267937669424,0.0584333454467328,0.011404584674553,44.18691911277531,44.18691911277531,44.18691911277531,1,True,True,True,A_core_lia_dem_valid
SITE_003_S0271,SITE_003,-14.8824122415117,-22.3951986304954,44.18826293945312,0.045118599374925,0.0114898122518806,0.0464247858477406,0.0114713343209309,44.18806961806842,44.18806961806842,44.18806961806842,1,True,True,True,A_core_lia_dem_valid
SITE_003_S0272,SITE_003,-15.3278133051931,-17.0932596111282,36.16280746459961,0.0395756549698472,0.0175597564078623,0.0376766141150038,0.017613642617958,36.16265168857454,36.16265168857454,36.16265168857454,1,True,True,True,A_core_lia_dem_valid
SITE_003_S0273,SITE_003,-13.0538431188496,-20.9852159964397,44.18502426147461,0.0644871052447128,0.0130629131118987,0.0684870076563433,0.0153263129621252,44.18515013330546,44.18515013330546,44.18515013330546,1,True,True,True,A_core_lia_dem_valid
SITE_003_S0274,SITE_003,-12.689974888143,-19.4619282290862,36.15407180786133,0.0696566581119527,0.0127739477883037,0.0702743074922351,0.013755726745006,36.16543047323167,36.16543047323167,36.16543047323167,1,True,True,True,A_core_lia_dem_valid
SITE_003_S0275,SITE_003,-11.4080834680343,-14.280226976622,44.18703079223633,0.077634731353201,0.0200393513397589,0.0779083667858862,0.0193204474418207,44.1868678438247,44.1868678438247,44.1868678438247,1,True,True,True,A_core_lia_dem_valid
SITE_003_S0276,SITE_003,-10.9806007217008,-21.1147181444286,36.16361236572266,0.0758154804244447,0.0089797568541122,0.0804949837435522,0.0112492044520343,36.16391060361345,36.16391060361346,36.16391060361345,1,True,True,True,A_core_lia_dem_valid
SITE_003_S0277,SITE_003,-10.7362466974763,-19.6154899038927,44.18857192993164,0.0794222201247275,0.0128606704032669,0.0791746850263519,0.0129049788589623,44.188682320975,44.188682320975,44.188682320975,1,True,True,True,A_core_lia_dem_valid
SITE_003_S0278,SITE_003,-14.2409383490428,-19.3474587427155,36.1507682800293,0.081683908857093,0.0186378368952622,0.0923480354623537,0.018590053499996,36.16025386546393,36.16025386546393,36.16025386546393,1,True,True,True,A_core_lia_dem_valid
SITE_003_S0279,SITE_003,-13.3578210250446,-20.100420847164,44.18436050415039,0.0612566395723859,0.0168400320183071,0.062630765525959,0.0170594719868534,44.18250319325101,44.18250319325101,44.18250319325101,1,True,True,True,A_core_lia_dem_valid
SITE_003_S0280,SITE_003,-10.4144311071609,-19.2068098317987,36.16793441772461,0.0837749923022767,0.0126657118773948,0.0837478488583395,0.0122643309863469,36.16810584316573,36.16810584316573,36.16810584316573,1,True,True,True,A_core_lia_dem_valid
SITE_003_S0281,SITE_003,-13.5454808853916,-20.6505224236883,44.17513275146485,0.0537597349785588,0.0073272849380042,0.0591242913244717,0.0096964439016324,44.1907482802436,44.1907482802436,44.1907482802436,1,True,True,True,A_core_lia_dem_valid
SITE_003_S0282,SITE_003,-10.7106437832239,-18.0000457001137,36.15081024169922,0.1030448196617259,0.01214604578003,0.0998850523071449,0.0121940813729986,36.15992399773435,36.15992399773435,36.15992399773435,1,True,True,True,A_core_lia_dem_valid
SITE_003_S0283,SITE_003,-12.5546474772465,-21.9236465460551,44.18247604370117,0.0453633410185243,0.0088212062310126,0.0481209658119652,0.0095086091969468,44.18250211401221,44.18250211401221,44.18250211401221,1,True,True,True,A_core_lia_dem_valid
SITE_003_S0284,SITE_003,-12.1250599359445,-18.2488791182342,36.16781234741211,0.0654803873784176,0.0140052438398466,0.0726949200783327,0.0140075403487766,36.16777523917769,36.16777523917769,36.16777523917769,1,True,True,True,A_core_lia_dem_valid
SITE_003_S0285,SITE_003,-13.8300379652699,-19.217621176343,44.1932258605957,0.0624364768592645,0.0168528899886903,0.068576393671327,0.0175598778592984,44.19335700431808,44.19335700431809,44.19335700431808,1,True,True,True,A_core_lia_dem_valid
SITE_003_S0286,SITE_003,-11.1698938187675,-16.2217712222561,36.15808868408203,0.0917887042539526,0.0168791079541875,0.0923928389911251,0.0168827415255085,36.15796154628829,36.15796154628829,36.15796154628829,1,True,True,True,A_core_lia_dem_valid
SITE_003_S0287,SITE_003,-13.0934245543441,-19.1855310908936,44.18060684204102,0.0539955728122074,0.0121888153665995,0.0581156977162143,0.0135152240960824,44.18061489715625,44.18061489715625,44.18061489715625,1,True,True,True,A_core_lia_dem_valid
SITE_003_S0288,SITE_003,-18.1467478089292,-22.7548023335336,44.19107055664063,0.0626490563960907,0.0134183478841765,0.0644336697385151,0.0134820664360153,44.19124953212799,44.19124953212799,44.19124953212799,1,True,True,True,A_core_lia_dem_valid
SITE_003_S0289,SITE_003,-15.091464398764,-19.4354365850539,36.16007232666016,0.0536633309051645,0.0112809922362351,0.0709858610763483,0.0091982934306826,36.1645265012174,36.1645265012174,36.1645265012174,1,True,True,True,A_core_lia_dem_valid
SITE_003_S0290,SITE_003,-12.7647382691585,-18.4745400889536,44.19230651855469,0.0572681793781488,0.0143768000104036,0.0670822058242228,0.0144106960342107,44.19042146652141,44.19042146652141,44.19042146652141,1,True,True,True,A_core_lia_dem_valid
SITE_003_S0291,SITE_003,-8.17403618337076,-15.1398475687797,36.15991592407227,0.1544001067158,0.0260461379674189,0.1674000244716098,0.0258871295755128,36.15981900139012,36.15981900139012,36.15981900139012,1,True,True,True,A_core_lia_dem_valid
SITE_003_S0292,SITE_003,-14.8994966016497,-20.505030829961,44.18571090698242,0.0524468809892616,0.0116981531365313,0.0577284420639391,0.0122460467143276,44.18554122288219,44.18554122288219,44.18554122288219,1,True,True,True,A_core_lia_dem_valid
SITE_003_S0293,SITE_003,-11.3905789963866,-16.0448224408035,36.15707015991211,0.0788968321377303,0.0227415600996448,0.0832298435932218,0.0214046325317758,36.16045314661742,36.16045314661743,36.16045314661742,1,True,True,True,A_core_lia_dem_valid
SITE_003_S0294,SITE_003,-13.1499218182599,-19.4799356004676,44.18913650512695,0.0653955280419326,0.014680159163798,0.0691736375175637,0.0150154918325337,44.18723584545984,44.18723584545984,44.18723584545984,1,True,True,True,A_core_lia_dem_valid
SITE_003_S0295,SITE_003,-13.7298198549933,-20.4599720036875,36.16311264038086,0.0608555712675142,0.0117947135599146,0.07075988682929,0.0132409066281689,36.16302132711802,36.16302132711802,36.16302132711802,1,True,True,True,A_core_lia_dem_valid
SITE_003_S0296,SITE_003,-12.6931623729288,-26.1771661802603,44.17116165161133,0.0687467172914266,0.0084311875127646,0.0702564469170415,0.0105336202772179,44.17131406632527,44.17131406632527,44.17131406632527,1,True,True,True,A_core_lia_dem_valid
SITE_003_S0297,SITE_003,-9.67691269371381,-16.08231581839,36.15209579467773,0.0991246392422302,0.0189266600072828,0.0981079469457837,0.0168967414116139,36.15217331014291,36.15217331014291,36.15217331014291,1,True,True,True,A_core_lia_dem_valid
SITE_003_S0298,SITE_003,-13.2259055785622,-17.5625329863824,44.18607330322266,0.0568626064461382,0.0143676248081124,0.0642818464263193,0.0142589082985073,44.18613676961903,44.18613676961902,44.18613676961903,1,True,True,True,A_core_lia_dem_valid
SITE_003_S0299,SITE_003,-10.6358336694404,-17.112888229965,36.18745040893555,0.0944959461873726,0.0185095531451566,0.1001502546409084,0.0208898766970561,36.18750399274053,36.18750399274054,36.18750399274053,1,True,True,True,A_core_lia_dem_valid
SITE_003_S0300,SITE_003,-10.0602234823915,-18.71621169284,44.17732238769531,0.095570412644556,0.0153407859247954,0.0831925975613986,0.014989062110016,44.1770321386765,44.1770321386765,44.1770321386765,1,True,True,True,A_core_lia_dem_valid
SITE_003_S0301,SITE_003,-8.75186385063105,-15.32385369702,36.18352127075195,0.1203732666548749,0.0191357763604508,0.1171113858567734,0.0187818959100754,36.18319681736146,36.18319681736145,36.18319681736146,1,True,True,True,A_core_lia_dem_valid
SITE_003_S0302,SITE_003,-15.8459280317914,-19.8293616990545,44.17467498779297,0.0606315422607627,0.0187331712245941,0.0799539938814194,0.0189046831751985,44.17485719759534,44.17485719759534,44.17485719759534,1,True,True,True,A_core_lia_dem_valid
SITE_003_S0303,SITE_003,-11.5123808975519,-30.4189338898578,36.14893341064453,0.0767380426746553,0.0057133107040974,0.084257707866272,0.0069695762217075,36.14899320902314,36.14899320902314,36.14899320902314,1,True,True,True,A_core_lia_dem_valid
SITE_003_S0304,SITE_003,-14.7296003273282,-23.6049717020962,44.1803092956543,0.0452867428308321,0.0106442692444427,0.048095831331132,0.0107730204262695,44.18042952181527,44.18042952181527,44.18042952181527,1,True,True,True,A_core_lia_dem_valid
SITE_003_S0305,SITE_003,-10.7459218007434,-19.7921540206463,36.18338012695312,0.093277025756506,0.0156302423624997,0.0922884177282647,0.0163181167641134,36.18314701955076,36.18314701955076,36.18314701955076,1,True,True,True,A_core_lia_dem_valid
SITE_003_S0306,SITE_003,-11.4011899974224,-19.5298520693244,44.1728401184082,0.0785894535529201,0.0158302441868897,0.0890741750802885,0.0166508153675469,44.17279606933786,44.17279606933786,44.17279606933786,1,True,True,True,A_core_lia_dem_valid
SITE_003_S0307,SITE_003,-13.7971892382961,-22.7898914987707,36.16242599487305,0.0590089969194033,0.008180705213232,0.0664652837194891,0.0101182722097439,36.16238858269864,36.16238858269863,36.16238858269864,1,True,True,True,A_core_lia_dem_valid
SITE_003_S0308,SITE_003,-10.8935357586863,-17.5221027497502,36.17917633056641,0.0938033296646066,0.0178729870604972,0.0974610645297265,0.0179018700582015,36.17915100654967,36.17915100654967,36.17915100654967,1,True,True,True,A_core_lia_dem_valid
SITE_003_S0309,SITE_003,-17.6780578862088,-20.1733330592525,44.16819381713867,0.0502298871847545,0.0116683104281553,0.0514518390209038,0.0118471724559413,44.16793153564262,44.16793153564262,44.16793153564262,1,True,True,True,A_core_lia_dem_valid
SITE_003_S0310,SITE_003,-13.9680990916274,-22.4239907953204,36.15858840942383,0.051252794109049,0.0065256717152594,0.0778722874186364,0.0093060029571039,36.15830834396827,36.15830834396827,36.15830834396827,1,True,True,True,A_core_lia_dem_valid
SITE_003_S0311,SITE_003,-14.6939621050862,-22.9664817299757,44.18750762939453,0.0559174764459567,0.0098043261634099,0.0572795718652339,0.0109838144562809,44.18757580219288,44.18757580219287,44.18757580219288,1,True,True,True,A_core_lia_dem_valid
SITE_003_S0312,SITE_003,-8.42711953817578,-17.0073302460933,36.17709350585938,0.1342326015481537,0.0187651462758868,0.1203346431618955,0.0182598288597586,36.17714128800352,36.17714128800351,36.17714128800352,1,True,True,True,A_core_lia_dem_valid
SITE_003_S0313,SITE_003,-12.2180817957034,-15.8551710431245,44.169677734375,0.071098012743516,0.0213445685631762,0.0713883826659137,0.0202542175129111,44.16983401576616,44.16983401576616,44.16983401576616,1,True,True,True,A_core_lia_dem_valid
SITE_003_S0314,SITE_003,-12.4202647720196,-14.2927686832906,36.15594482421875,0.0695362865980891,0.030250080058078,0.0746244190047706,0.0229095718350094,36.15610941213597,36.15610941213597,36.15610941213597,1,True,True,True,A_core_lia_dem_valid
SITE_003_S0315,SITE_003,-14.4128841304691,-19.9834597607568,44.18692779541016,0.0535647510021038,0.0156021278558505,0.0643336767730483,0.0155469282810794,44.18710751846583,44.18710751846583,44.18710751846583,1,True,True,True,A_core_lia_dem_valid
SITE_003_S0316,SITE_003,-14.0620488518396,-18.1706905563318,36.18743515014648,0.0560930895735226,0.0185149449208298,0.0751527595104643,0.0191949242376398,36.1876780111883,36.1876780111883,36.1876780111883,1,True,True,True,A_core_lia_dem_valid
SITE_003_S0317,SITE_003,-12.9715546562364,-17.6420420129103,44.17795944213867,0.0625359280981895,0.0184729582295182,0.0888794407632886,0.0186637640399148,44.17777415478776,44.17777415478776,44.17777415478776,1,True,True,True,A_core_lia_dem_valid
SITE_003_S0318,SITE_003,-13.031637608605,-16.1498675738537,36.1558723449707,0.0697947065426544,0.0147696780586687,0.0767668172970483,0.014774447290729,36.15582499812791,36.15582499812791,36.15582499812791,1,True,True,True,A_core_lia_dem_valid
SITE_003_S0319,SITE_003,-14.1089843585333,-15.9574238494723,44.18395614624024,0.0499018160494027,0.0143498817910756,0.058773280875829,0.013748904085452,44.18416230684563,44.18416230684563,44.18416230684563,1,True,True,True,A_core_lia_dem_valid
SITE_003_S0320,SITE_003,-15.2474807201208,-17.6415165595558,36.18697357177734,0.0527779444911089,0.0153893611366393,0.0547855277813436,0.016045132905606,36.18727305853258,36.18727305853258,36.18727305853258,1,True,True,True,A_core_lia_dem_valid
SITE_003_S0321,SITE_003,-15.1623459474688,-18.7951717798548,44.17869186401367,0.0392141934072538,0.0131025340255376,0.045797218952278,0.0141292890174624,44.17891078203408,44.17891078203408,44.17891078203408,1,True,True,True,A_core_lia_dem_valid
SITE_003_S0322,SITE_003,-11.6578309770314,-23.1528589544836,36.15163803100586,0.0761895704287498,0.0090462725749138,0.0797222935365931,0.0104556259670896,36.15160526305672,36.15160526305672,36.15160526305672,1,True,True,True,A_core_lia_dem_valid
SITE_003_S0323,SITE_003,-15.6942877628731,-19.5701153663222,44.18205261230469,0.0406832201581546,0.0117666937323219,0.0507348377450412,0.0112871322391385,44.18232315121039,44.18232315121039,44.18232315121039,1,True,True,True,A_core_lia_dem_valid
SITE_003_S0324,SITE_003,-14.1713282498551,-20.8252857493482,36.18695831298828,0.0442641368276015,0.0092734978170134,0.0441366062971928,0.0097246379933095,36.18661369309344,36.18661369309344,36.18661369309344,1,True,True,True,A_core_lia_dem_valid
SITE_003_S0325,SITE_003,-17.0343900580732,-19.5484220125171,44.17692184448242,0.0330945423962982,0.0112611577544143,0.0391857975108104,0.010981228258831,44.17680759653048,44.17680759653048,44.17680759653048,1,True,True,True,A_core_lia_dem_valid
SITE_003_S0326,SITE_003,-14.8489784462941,-18.5878748975936,36.15562057495117,0.0403185424241637,0.0123001171040866,0.0592311810203863,0.0117448532119264,36.15542972383729,36.15542972383729,36.15542972383729,1,True,True,True,A_core_lia_dem_valid
SITE_003_S0327,SITE_003,-14.5563385901975,-20.641189975809,44.18434906005859,0.0460519599508418,0.0120022308139849,0.0475103409297834,0.0130734239178267,44.18408172026274,44.18408172026273,44.18408172026274,1,True,True,True,A_core_lia_dem_valid
SITE_003_S0328,SITE_003,-16.7784404391225,-17.8711052158207,36.18034744262695,0.0532250763799696,0.0142434003883432,0.0612696680619318,0.0140545606338158,36.18008817144809,36.18008817144809,36.18008817144809,1,True,True,True,A_core_lia_dem_valid
SITE_003_S0329,SITE_003,-14.4404136215795,-18.6344582778772,44.17377853393555,0.0520588834616553,0.0136169726758574,0.0550446374730144,0.0137465001289215,44.1737676600634,44.17376766006339,44.1737676600634,1,True,True,True,A_core_lia_dem_valid
SITE_003_S0330,SITE_003,-12.0218734575204,-19.3862581689048,36.15835952758789,0.0794392797983842,0.0199841278284374,0.0925433465007444,0.0198587608754772,36.15849585143275,36.15849585143275,36.15849585143275,1,True,True,True,A_core_lia_dem_valid
SITE_003_S0331,SITE_003,-11.9544896829968,-17.5068798198797,44.18693923950195,0.0742738961532481,0.0179140531471505,0.0733212523846841,0.0154902359260866,44.18706221630096,44.18706221630097,44.18706221630096,1,True,True,True,A_core_lia_dem_valid
SITE_003_S0332,SITE_003,-15.6032527780467,-20.9182712177037,36.17692184448242,0.0450141387848259,0.0102531697797232,0.0638759377697282,0.010280210075846,36.17699762403252,36.17699762403252,36.17699762403252,1,True,True,True,A_core_lia_dem_valid
SITE_003_S0333,SITE_003,-14.4184899284629,-19.0356385509822,44.16841125488281,0.0526983070427445,0.0152252802107897,0.0592391109662681,0.0152818117385017,44.16867115092728,44.16867115092728,44.16867115092728,1,True,True,True,A_core_lia_dem_valid
SITE_003_S0334,SITE_003,-9.61709478424789,-16.1218149156712,36.1598014831543,0.1132754393099287,0.0215952470218514,0.0996573145846231,0.0219422637295297,36.15986827278618,36.15986827278618,36.15986827278618,1,True,True,True,A_core_lia_dem_valid
SITE_003_S0335,SITE_003,-13.1664013951712,-19.6160781874946,44.19304656982422,0.0776498321718029,0.0181459994883173,0.0848599932477594,0.018418168750718,44.19303569038433,44.19303569038433,44.19303569038433,1,True,True,True,A_core_lia_dem_valid
SITE_003_S0336,SITE_003,-13.135005778012,-15.8363365068571,36.18357086181641,0.0598137147298967,0.0134596338418001,0.0606555567709962,0.0133554211799649,36.18342266406451,36.18342266406451,36.18342266406451,1,True,True,True,A_core_lia_dem_valid
SITE_003_S0337,SITE_003,-14.6800683273424,-21.1327217643641,44.17271423339844,0.0504403201772955,0.0130581335702704,0.0516058204488579,0.0130346273786077,44.17294497018663,44.17294497018662,44.17294497018663,1,True,True,True,A_core_lia_dem_valid
SITE_003_S0338,SITE_003,-15.3530081194071,-24.8882197289185,36.15236282348633,0.0435874902033556,0.0095596962866886,0.0490267735041373,0.0104786658908207,36.15254890528374,36.15254890528374,36.15254890528374,1,True,True,True,A_core_lia_dem_valid
SITE_003_S0339,SITE_003,-14.1416295477754,-18.8149155697216,44.18491744995117,0.0441633260630086,0.0119035094376239,0.0561959004086775,0.0120348427399854,44.18486593653849,44.18486593653849,44.18486593653849,1,True,True,True,A_core_lia_dem_valid
SITE_003_S0340,SITE_003,-8.69718948123253,-20.0759451602739,36.18523406982422,0.1319070152181539,0.014143299182401,0.1182707424891788,0.0153676038163356,36.18541666907721,36.18541666907722,36.18541666907721,1,True,True,True,A_core_lia_dem_valid
SITE_003_S0341,SITE_003,-11.9381257334799,-20.6951627393524,44.17437362670898,0.0630544701214916,0.0106641426091982,0.0623638855255163,0.0115888222760167,44.17432247147415,44.17432247147416,44.17432247147415,1,True,True,True,A_core_lia_dem_valid
SITE_003_S0342,SITE_003,-12.6414635427179,-23.772401666306,36.15275192260742,0.0634670438746323,0.009283935372027,0.0682977685642774,0.0097132947944335,36.15298490740491,36.15298490740491,36.15298490740491,1,True,True,True,A_core_lia_dem_valid
SITE_003_S0343,SITE_003,-10.8647697659646,-19.8028547240633,44.18408966064453,0.0782980132402304,0.0113630291529781,0.0681288145325797,0.0122503576682723,44.18384610096236,44.18384610096237,44.18384610096236,1,True,True,True,A_core_lia_dem_valid
SITE_003_S0344,SITE_003,-12.7867285232831,-16.7112094436876,36.19054412841797,0.0612707109755582,0.0185189695397443,0.0640957162330838,0.0180796437848488,36.19028507743296,36.19028507743296,36.19028507743296,1,True,True,True,A_core_lia_dem_valid
SITE_003_S0345,SITE_003,-12.4861714418536,-22.0527245884755,44.1804084777832,0.0642134227313548,0.0080293132057059,0.0699266276022727,0.0114495010608415,44.18024855699584,44.18024855699584,44.18024855699584,1,True,True,True,A_core_lia_dem_valid
SITE_003_S0346,SITE_003,-9.46241359051262,-15.854188431781,36.15482711791992,0.114581527386596,0.0223926667418951,0.1089553827768226,0.0224109738130973,36.15507227587759,36.15507227587759,36.15507227587759,1,True,True,True,A_core_lia_dem_valid
SITE_003_S0347,SITE_003,-9.72694966747254,-16.8310430630647,44.18862152099609,0.1104848038571037,0.0219599268554825,0.0972200069731483,0.0228935058760957,44.1886793592441,44.1886793592441,44.1886793592441,1,True,True,True,A_core_lia_dem_valid
SITE_003_S0348,SITE_003,-12.5494378390631,-20.8896503270957,36.18610382080078,0.0635537952927469,0.0140659138184688,0.0751842128015276,0.014028993383043,36.18622908102046,36.18622908102046,36.18622908102046,1,True,True,True,A_core_lia_dem_valid
SITE_003_S0349,SITE_003,-13.1025228049981,-16.1976280190933,44.17565155029297,0.0530941365167178,0.0209728956482738,0.0475878307502611,0.0208624112330761,44.17550089855927,44.17550089855927,44.17550089855927,1,True,True,True,A_core_lia_dem_valid
SITE_003_S0350,SITE_003,-14.5356292711731,-20.3329971146455,36.16143035888672,0.0488896478625048,0.0118393651315088,0.0534376535687121,0.0135176026902098,36.16156018571035,36.16156018571035,36.16156018571035,1,True,True,True,A_core_lia_dem_valid
SITE_003_S0351,SITE_003,-13.9967443949367,-21.449634494073,44.1904296875,0.0518965464208199,0.0094237451306305,0.0578768341220424,0.0097716979659803,44.19051827151433,44.19051827151433,44.19051827151433,1,True,True,True,A_core_lia_dem_valid
SITE_003_S0352,SITE_003,-10.5078780643763,-16.7695926228599,36.18118667602539,0.1155122500617068,0.0143386969755523,0.0923994193696096,0.0145059810004075,36.18082549382483,36.18082549382483,36.18082549382483,1,True,True,True,A_core_lia_dem_valid
SITE_003_S0353,SITE_003,-16.06930785271,-21.5855895925531,44.16976928710938,0.0361412128714894,0.0095621948147919,0.0429988092870337,0.0109502264714584,44.1700161319602,44.1700161319602,44.1700161319602,1,True,True,True,A_core_lia_dem_valid
SITE_003_S0354,SITE_003,-11.0429449745368,-18.5094117580289,36.15420532226562,0.0882394895354749,0.0198447906983639,0.0932498041619283,0.0196137622601419,36.15435372323483,36.15435372323483,36.15435372323483,1,True,True,True,A_core_lia_dem_valid
SITE_003_S0355,SITE_003,-14.7380959829746,-21.5867105564832,44.19283294677734,0.0425054171169799,0.0105146512045778,0.0509030815506997,0.0127411426050798,44.19285833843114,44.19285833843114,44.19285833843114,1,True,True,True,A_core_lia_dem_valid
SITE_003_S0356,SITE_003,-10.1733175687754,-22.2924567236627,36.18381500244141,0.0900613000600515,0.00992398490731,0.0832858648962423,0.0108410117999035,36.18392043653553,36.18392043653552,36.18392043653553,1,True,True,True,A_core_lia_dem_valid
SITE_003_S0357,SITE_003,-14.2427248862951,-21.1208337484671,44.17278289794922,0.0442820328458005,0.009848875256353,0.040486384820066,0.0106929825207778,44.17248731296069,44.17248731296069,44.17248731296069,1,True,True,True,A_core_lia_dem_valid
SITE_003_S0358,SITE_003,-17.2449869168846,-17.2662098301172,44.18814468383789,0.0484188788961196,0.0200759695483801,0.059427062327149,0.0222355015997555,44.18830357667553,44.18830357667554,44.18830357667553,1,True,True,True,A_core_lia_dem_valid
SITE_003_S0359,SITE_003,-13.0432776349368,-21.6132422540417,36.18963241577149,0.0625307040829417,0.0106585263072767,0.0662661888161695,0.0120607438294621,36.18978105667711,36.18978105667711,36.18978105667711,1,True,True,True,A_core_lia_dem_valid
SITE_003_S0360,SITE_003,-17.1873233389476,-21.4526605733065,44.17804718017578,0.030945487663412,0.0109359654232246,0.044748741147099,0.0128160363278163,44.17830014717537,44.17830014717537,44.17830014717537,1,True,True,True,A_core_lia_dem_valid
SITE_003_S0361,SITE_003,-8.39967769965285,-19.0528573368817,36.15596771240234,0.129472011447997,0.019156343604238,0.1342976573872034,0.0195255379519574,36.156002721034,36.156002721034,36.156002721034,1,True,True,True,A_core_lia_dem_valid
SITE_003_S0362,SITE_003,-14.0400921109866,-19.4786400906373,44.18667984008789,0.053080742050306,0.0163177852053195,0.0535304922046763,0.0164804549679973,44.1865679800548,44.1865679800548,44.1865679800548,1,True,True,True,A_core_lia_dem_valid
SITE_003_S0363,SITE_003,-11.1784438545182,-16.6333475508469,36.18913650512695,0.0789121224981798,0.0201166127347525,0.0809524596660386,0.0190548329548608,36.18922322207639,36.18922322207639,36.18922322207639,1,True,True,True,A_core_lia_dem_valid
SITE_003_S0364,SITE_003,-12.2927768172442,-22.3686510625179,44.17921447753906,0.0603069052780887,0.0087221037824241,0.06099807157714,0.0090410086190845,44.17895417963183,44.17895417963183,44.17895417963183,1,True,True,True,A_core_lia_dem_valid
SITE_003_S0365,SITE_003,-7.6963681075132,-18.612761260976,36.15642929077149,0.1584129682071118,0.0181754861778884,0.1557233031787857,0.0192133709889728,36.15638459194804,36.15638459194804,36.15638459194804,1,True,True,True,A_core_lia_dem_valid
SITE_003_S0366,SITE_003,-13.070141555735,-19.5655237677269,44.18598175048828,0.0606304409916107,0.0139310620483769,0.0617153678764102,0.0142714666378844,44.18604953890171,44.1860495389017,44.18604953890171,1,True,True,True,A_core_lia_dem_valid
SITE_003_S0367,SITE_003,-12.195864846216,-21.6445131047203,36.18254470825195,0.070998023716901,0.0130944645984967,0.0872053853610109,0.014169225991644,36.18231126680149,36.18231126680149,36.18231126680149,1,True,True,True,A_core_lia_dem_valid
SITE_003_S0368,SITE_003,-13.0327908084718,-20.519267927552,44.1746826171875,0.0771024043988493,0.016067762142608,0.0834850633598767,0.0171881079425004,44.17481595343617,44.17481595343617,44.17481595343617,1,True,True,True,A_core_lia_dem_valid
SITE_003_S0369,SITE_003,-12.3702936458944,-16.7833472360447,36.16034317016602,0.0665799817064967,0.0143470947293321,0.0652146243677125,0.0129272149957089,36.16022670370261,36.1602267037026,36.16022670370261,1,True,True,True,A_core_lia_dem_valid
SITE_003_S0370,SITE_003,-15.5533548178378,-18.5252401657501,44.18918991088867,0.0543503722107381,0.0160300334967258,0.0641232524192862,0.0161001151549503,44.18931175433591,44.18931175433591,44.18931175433591,1,True,True,True,A_core_lia_dem_valid
SITE_003_S0371,SITE_003,-11.0505552144504,-23.4255098254178,36.18230438232422,0.0798002511512458,0.0115344987520293,0.0822478854938233,0.0125013331444893,36.18229090908708,36.18229090908708,36.18229090908708,1,True,True,True,A_core_lia_dem_valid
SITE_003_S0372,SITE_003,-12.3107279722492,-19.3692523174299,44.17392730712891,0.0711684581836869,0.0167023310510234,0.0707262946236092,0.0166872261749741,44.17401696211137,44.17401696211137,44.17401696211137,1,True,True,True,A_core_lia_dem_valid
SITE_003_S0373,SITE_003,-9.37610426544325,-17.0586543985216,36.16004180908203,0.1109285659627897,0.0183544347138431,0.1034594126426338,0.0170317721882529,36.16003265429055,36.16003265429055,36.16003265429055,1,True,True,True,A_core_lia_dem_valid
SITE_003_S0374,SITE_003,-11.7205086222503,-18.6046004228279,44.19083023071289,0.0680854048151656,0.0152047521505956,0.069801332271727,0.0152643390393882,44.19098946642449,44.19098946642449,44.19098946642449,1,True,True,True,A_core_lia_dem_valid
SITE_003_S0375,SITE_003,-6.12731473150662,-16.0288274025928,36.18733596801758,0.194979910231049,0.020556189557563,0.1678365306219988,0.020607811942087,36.187151737177,36.18715173717699,36.187151737177,1,True,True,True,A_core_lia_dem_valid
SITE_003_S0376,SITE_003,-11.6050462720433,-19.8271269661209,44.17410278320312,0.0822964695074754,0.0183526541496628,0.103361834650011,0.0190454843039952,44.17422469857358,44.17422469857357,44.17422469857358,1,True,True,True,A_core_lia_dem_valid
SITE_003_S0377,SITE_003,-11.5892775375265,-18.0481260577161,36.16094589233398,0.0732792558330031,0.0157845451518064,0.0731846232743334,0.01513420916916,36.16096436261606,36.16096436261605,36.16096436261606,1,True,True,True,A_core_lia_dem_valid
SITE_003_S0378,SITE_003,-9.28821786350265,-20.6135871987704,44.18879699707031,0.1079396412025922,0.0103649268687392,0.1003649778996833,0.0105875860519618,44.18856221236583,44.18856221236583,44.18856221236583,1,True,True,True,A_core_lia_dem_valid
SITE_003_S0379,SITE_003,-12.8422498307513,-20.8057250670759,36.18434524536133,0.0730219844993977,0.0110110122249613,0.0748635760431329,0.0132914784057124,36.1845408946004,36.1845408946004,36.1845408946004,1,True,True,True,A_core_lia_dem_valid
SITE_003_S0380,SITE_003,-13.4946910436401,-16.7905507466396,44.17439651489258,0.0514664986479175,0.0135180358009205,0.0609088173143378,0.0137503493799171,44.1742365724865,44.1742365724865,44.1742365724865,1,True,True,True,A_core_lia_dem_valid
SITE_003_S0381,SITE_003,-9.79774062229821,-12.9256918179731,36.15074157714844,0.112398157774548,0.0439348490262986,0.107570450567121,0.0357008519455681,36.15060528382561,36.15060528382561,36.15060528382561,1,True,True,True,A_core_lia_dem_valid
SITE_003_S0382,SITE_003,-13.4078314008243,-17.4104961671385,44.18251037597656,0.0738629508801515,0.0205476701884555,0.0724893852024579,0.0215977417177909,44.18274260123295,44.18274260123295,44.18274260123295,1,True,True,True,A_core_lia_dem_valid
SITE_003_S0383,SITE_003,-8.33028654010986,-18.1369962580511,36.18706130981445,0.1297987981123234,0.0174323487946869,0.1421985395917817,0.0166076051205974,36.18717570391894,36.18717570391894,36.18717570391894,1,True,True,True,A_core_lia_dem_valid
SITE_003_S0384,SITE_003,-9.9991596933382,-17.9992459615913,44.17825317382812,0.0843479972170463,0.0168855739960569,0.0898140837746029,0.0160044253675436,44.17842820895938,44.17842820895938,44.17842820895938,1,True,True,True,A_core_lia_dem_valid
SITE_003_S0385,SITE_003,-9.14781015496938,-17.6583145577474,36.15621185302734,0.1236989520399341,0.0208599994465323,0.1285592774810023,0.0216799422015847,36.15645528079278,36.15645528079278,36.15645528079278,1,True,True,True,A_core_lia_dem_valid
SITE_003_S0386,SITE_003,-11.5281300022026,-17.6544353715642,44.18649291992188,0.075682995484834,0.0177599708155145,0.0746275486303022,0.0206203886601575,44.18650406456235,44.18650406456234,44.18650406456235,1,True,True,True,A_core_lia_dem_valid
SITE_003_S0387,SITE_003,-5.40864579167207,-15.4884770777525,36.18681335449219,0.1761270671002524,0.0241015673710505,0.166197414217678,0.0223760689891303,36.18677548679052,36.18677548679052,36.18677548679052,1,True,True,True,A_core_lia_dem_valid
SITE_003_S0388,SITE_003,-9.54837345813417,-14.100792734022,44.1754150390625,0.1305086991466969,0.0187540385337271,0.1256691066592367,0.0183723791856747,44.17548331746662,44.17548331746662,44.17548331746662,1,True,True,True,A_core_lia_dem_valid
SITE_003_S0389,SITE_003,-9.84884637804479,-21.8534993351589,36.15801620483398,0.0994253744479772,0.0150925807381812,0.1105590428125598,0.016376371003364,36.15828196367426,36.15828196367426,36.15828196367426,1,True,True,True,A_core_lia_dem_valid
SITE_003_S0390,SITE_003,-11.1171873116559,-15.3729311072621,44.18967437744141,0.0698729785115546,0.015920387733872,0.070350532040052,0.0159512661092752,44.18965873345098,44.18965873345098,44.18965873345098,1,True,True,True,A_core_lia_dem_valid
SITE_003_S0391,SITE_003,-9.00136626105863,-20.3248027326491,36.18121719360352,0.119024720752002,0.0104418536134149,0.1055293091825215,0.0101807451377893,36.18126196294816,36.18126196294816,36.18126196294816,1,True,True,True,A_core_lia_dem_valid
SITE_003_S0392,SITE_003,-11.4663073432063,-23.391433580324,44.17562484741211,0.0669326539951301,0.0057344907876251,0.0635629576626733,0.0071547492392369,44.17547356318736,44.17547356318736,44.17547356318736,1,True,True,True,A_core_lia_dem_valid
SITE_003_S0393,SITE_003,-10.4073323948906,-18.0026485491148,36.15947723388672,0.0984092418922841,0.0186669080645392,0.1007828076180221,0.0190872808099353,36.15946274714828,36.15946274714828,36.15946274714828,1,True,True,True,A_core_lia_dem_valid
SITE_003_S0394,SITE_003,-14.5803467767412,-17.9915561902801,44.1870002746582,0.0560363374438669,0.0146257928820947,0.0624093339754662,0.0147590394623945,44.18710579420359,44.18710579420359,44.18710579420359,1,True,True,True,A_core_lia_dem_valid
SITE_003_S0395,SITE_003,-9.01815267157368,-15.1214376653214,36.18119430541992,0.1204049144525065,0.0242820439264959,0.1107658670335881,0.0196022239648378,36.18098468060763,36.18098468060763,36.18098468060763,1,True,True,True,A_core_lia_dem_valid
SITE_003_S0396,SITE_003,-13.0442288006411,-17.9891498804352,36.18340682983398,0.0637507529164414,0.0175051236749437,0.0764010277499699,0.0181628246896775,36.18360141535963,36.18360141535963,36.18360141535963,1,True,True,True,A_core_lia_dem_valid
SITE_003_S0397,SITE_003,-14.0802187384872,-21.0474759740313,44.17156982421875,0.0665778766616609,0.0123493351575194,0.0700778625557199,0.0124132179047326,44.1717641660542,44.17176416605421,44.1717641660542,1,True,True,True,A_core_lia_dem_valid
SITE_003_S0398,SITE_003,-12.7198077464832,-19.1612417188456,36.15064239501953,0.0969884490399225,0.01595155664904,0.1012566842097573,0.0153505051340881,36.15065960386355,36.15065960386355,36.15065960386355,1,True,True,True,A_core_lia_dem_valid
SITE_003_S0399,SITE_003,-16.373468118462,-19.5925111929641,44.18247222900391,0.0486710009930268,0.0115887141275994,0.054934183744249,0.0131491825778927,44.18257151556286,44.18257151556285,44.18257151556286,1,True,True,True,A_core_lia_dem_valid
SITE_003_S0400,SITE_003,-13.1077928249008,-24.0441927784132,36.1887092590332,0.0574603625147547,0.0066469320229923,0.0605987586861337,0.0076799996570384,36.18896293940318,36.18896293940318,36.18896293940318,1,True,True,True,A_core_lia_dem_valid
SITE_003_S0401,SITE_003,-11.4143066851998,-18.4624406406456,44.17647171020508,0.0842457544118034,0.0180843873166789,0.093611446121725,0.0183614630442998,44.17661229055081,44.17661229055081,44.17661229055081,1,True,True,True,A_core_lia_dem_valid
SITE_003_S0402,SITE_003,-13.3160638458018,-21.187380181107,36.15046310424805,0.0636686984781504,0.0190213766638085,0.0762699942872801,0.019405413485072,36.15025624591495,36.15025624591495,36.15025624591495,1,True,True,True,A_core_lia_dem_valid
SITE_003_S0403,SITE_003,-14.885372068237,-17.0180836265955,44.1812858581543,0.0726792716208516,0.0178828462669266,0.0740803217363285,0.0183217698163205,44.18154734485554,44.18154734485554,44.18154734485554,1,True,True,True,A_core_lia_dem_valid
SITE_003_S0404,SITE_003,-12.5051852026967,-17.5327493421048,36.18391418457031,0.0872904760194205,0.0198067442250127,0.1113180845889006,0.0198972468408698,36.18377055057176,36.18377055057176,36.18377055057176,1,True,True,True,A_core_lia_dem_valid
SITE_003_S0405,SITE_003,-10.0780818251359,-19.6576341396928,44.17504501342773,0.0956837348001735,0.0146230966328746,0.0949127143881076,0.0148645173859449,44.17511010305533,44.17511010305533,44.17511010305533,1,True,True,True,A_core_lia_dem_valid
SITE_003_S0406,SITE_003,-8.8915097849182,-17.6672201682807,36.15283203125,0.1301911629424569,0.0213466187016127,0.1311613368919245,0.0216768744772906,36.15262702409498,36.15262702409498,36.15262702409498,1,True,True,True,A_core_lia_dem_valid
SITE_003_S0407,SITE_003,-10.1102002578738,-18.2762255696867,44.1818733215332,0.0954389997033351,0.0174171863216906,0.0907312757198082,0.0175295616365555,44.18205913583325,44.18205913583325,44.18205913583325,1,True,True,True,A_core_lia_dem_valid
SITE_003_S0408,SITE_003,-10.9120960883411,-26.1099044314029,36.17827606201172,0.0779894361691101,0.0046143753023091,0.0730178266890601,0.0045928568955092,36.17825004153246,36.17825004153246,36.17825004153246,1,True,True,True,A_core_lia_dem_valid
SITE_003_S0409,SITE_003,-13.1182774508478,-20.6249304631702,44.17113876342773,0.0662361477522386,0.0133264295498116,0.0667051530679986,0.0134922716700035,44.17103504561895,44.17103504561895,44.17103504561895,1,True,True,True,A_core_lia_dem_valid
SITE_003_S0410,SITE_003,-13.1878238717915,-17.8670402299419,36.15831756591797,0.0890375263219519,0.0204143378435999,0.1002319797689218,0.0227273869918483,36.15858594751568,36.15858594751568,36.15858594751568,1,True,True,True,A_core_lia_dem_valid
SITE_003_S0411,SITE_003,-15.5402684199188,-19.4740065422592,44.18805694580078,0.0757679230286599,0.0154168176744133,0.0767842434351939,0.0155693657138603,44.1877546631416,44.1877546631416,44.1877546631416,1,True,True,True,A_core_lia_dem_valid
SITE_003_S0412,SITE_003,-14.1580469445779,-20.8078758349794,36.1767463684082,0.0690863721509748,0.0223347819283501,0.0856820717138484,0.0224779711344709,36.17687817765842,36.17687817765842,36.17687817765842,1,True,True,True,A_core_lia_dem_valid
SITE_003_S0413,SITE_003,-11.5986541964267,-23.8357642374689,44.16839218139648,0.0762748082102474,0.0107292662353979,0.0722230546621457,0.0109429890371537,44.16854991511106,44.16854991511106,44.16854991511106,1,True,True,True,A_core_lia_dem_valid
SITE_003_S0414,SITE_003,-11.1073837750228,-20.475590572312,36.15998458862305,0.093979420473159,0.0194847153349676,0.0957571428578725,0.0195173416603376,36.15987998902329,36.15987998902328,36.15987998902329,1,True,True,True,A_core_lia_dem_valid
SITE_003_S0415,SITE_003,-11.3727026885917,-17.1818205591884,44.18984222412109,0.0797742511843945,0.0153795814596944,0.0879299910294178,0.0156257429831649,44.1897025709443,44.18970257094431,44.1897025709443,1,True,True,True,A_core_lia_dem_valid
SITE_003_S0416,SITE_003,-10.5072136063393,-21.8164898524792,36.18136978149414,0.0960887111072957,0.0156078126414197,0.0956540709949878,0.0162739836307013,36.18119711246131,36.18119711246131,36.18119711246131,1,True,True,True,A_core_lia_dem_valid
SITE_003_S0417,SITE_003,-13.6366350184944,-20.1768922821335,44.17032241821289,0.0651685223071626,0.0135020367501469,0.0694372190874282,0.015785485198887,44.17056048607046,44.17056048607045,44.17056048607046,1,True,True,True,A_core_lia_dem_valid
SITE_003_S0418,SITE_003,-11.5252102448577,-14.9206016193851,36.15387725830078,0.0914035966990604,0.0207544458540564,0.102256266833683,0.0214666671581004,36.15396048544036,36.15396048544036,36.15396048544036,1,True,True,True,A_core_lia_dem_valid
SITE_003_S0419,SITE_003,-14.0235531661283,-20.8348560839042,44.18743133544922,0.0601644446798524,0.0173350048945527,0.0623931582190755,0.017761498544931,44.18763606154451,44.18763606154451,44.18763606154451,1,True,True,True,A_core_lia_dem_valid
SITE_003_S0420,SITE_003,-12.6799655133317,-16.3633094541029,36.18367767333984,0.0733881174278343,0.0213892082272266,0.0758954833676535,0.0219055451513422,36.18332241117258,36.18332241117258,36.18332241117258,1,True,True,True,A_core_lia_dem_valid
SITE_003_S0421,SITE_003,-9.62605277416691,-18.5645684208574,44.17451095581055,0.0869874528976714,0.0164906271691455,0.0765303505173448,0.0167994667001728,44.17471845028791,44.17471845028791,44.17471845028791,1,True,True,True,A_core_lia_dem_valid
SITE_003_S0422,SITE_003,-10.593392248256,-18.0326008949999,36.14531707763672,0.0939103155139281,0.0167094143584983,0.0964074912014887,0.0166879761692602,36.14517682697097,36.14517682697097,36.14517682697097,1,True,True,True,A_core_lia_dem_valid
SITE_003_S0423,SITE_003,-10.9035959905056,-17.0744876199376,44.26103591918945,0.0894408060642487,0.0180004009956908,0.0902214319607182,0.0174885679758159,44.26114896560355,44.26114896560355,44.26114896560355,1,True,True,True,A_core_lia_dem_valid
SITE_003_S0424,SITE_003,-12.6420523927522,-18.0696920315091,36.18603134155273,0.0777934016911696,0.0153443243223802,0.0920972246525478,0.015527873136194,36.18617729482204,36.18617729482204,36.18617729482204,1,True,True,True,A_core_lia_dem_valid
SITE_003_S0425,SITE_003,-9.9275477515087,-16.5276353297701,44.17855834960938,0.1041717490335982,0.0208235597016372,0.0855425260989682,0.0204125373049852,44.1784760542742,44.1784760542742,44.1784760542742,1,True,True,True,A_core_lia_dem_valid
SITE_003_S0426,SITE_003,-12.1403286769285,-20.3110625225779,36.15155029296875,0.0688099160199291,0.0149904859726009,0.069159228557964,0.0170407722884319,36.15143574742321,36.15143574742321,36.15143574742321,1,True,True,True,A_core_lia_dem_valid
SITE_003_S0427,SITE_003,-13.540590822642,-19.4494305210998,44.26454162597656,0.0743581302253446,0.0177898429470683,0.0765721674877278,0.0186403331807296,44.26451172599326,44.26451172599326,44.26451172599326,1,True,True,True,A_core_lia_dem_valid
SITE_003_S0428,SITE_003,-13.1893595208626,-19.8128604416125,36.18218612670898,0.0606451384017503,0.0173943885459034,0.0734002257497135,0.0182559899259567,36.18243897445559,36.18243897445559,36.18243897445559,1,True,True,True,A_core_lia_dem_valid
SITE_003_S0429,SITE_003,-12.2225255238077,-23.0437351760494,44.17856979370117,0.0693377732365876,0.0083620239273786,0.0691177887669771,0.0121203063423892,44.17849485211944,44.17849485211944,44.17849485211944,1,True,True,True,A_core_lia_dem_valid
SITE_003_S0430,SITE_003,-11.8823427552054,-16.6674395265062,36.15940475463867,0.0800376877716487,0.0176572834896958,0.0823808069908731,0.0182979364736441,36.1591151014734,36.1591151014734,36.1591151014734,1,True,True,True,A_core_lia_dem_valid
SITE_003_S0431,SITE_003,-11.1127162911018,-18.093928620779,44.26841735839844,0.0761879418576053,0.0157821791940038,0.0723479504075653,0.0146627204443544,44.26823435531343,44.26823435531343,44.26823435531343,1,True,True,True,A_core_lia_dem_valid
SITE_003_S0432,SITE_003,-9.91560670028524,-14.9711424163242,36.17448425292969,0.1095300528741795,0.0218589043701024,0.1229557209895913,0.0219061953034741,36.17444014624277,36.17444014624277,36.17444014624277,1,True,True,True,A_core_lia_dem_valid
SITE_003_S0433,SITE_003,-11.3824340878521,-16.6352728572524,44.17202758789063,0.0853439209546499,0.0212381683094538,0.0882138552814522,0.021361073842521,44.17207162954163,44.17207162954162,44.17207162954163,1,True,True,True,A_core_lia_dem_valid
SITE_003_S0434,SITE_003,-10.8114996767207,-21.63349567583,36.15945434570312,0.0936695880679195,0.0148323186766356,0.1029842268054071,0.0147874745088826,36.15953235018325,36.15953235018324,36.15953235018325,1,True,True,True,A_core_lia_dem_valid
SITE_003_S0435,SITE_003,-11.9646751738255,-21.3805200234243,44.27029418945312,0.0701279191400991,0.0140253834840324,0.0664082719792278,0.0140560191671736,44.27020557986198,44.27020557986198,44.27020557986198,1,True,True,True,A_core_lia_dem_valid
SITE_003_S0436,SITE_003,-8.82996696114166,-22.1305953425119,36.17707824707031,0.1107119877200186,0.0122333855327627,0.1096735505676083,0.0130073685650143,36.17684466504675,36.17684466504674,36.17684466504675,1,True,True,True,A_core_lia_dem_valid
SITE_003_S0437,SITE_003,-10.2078517259821,-17.2636712112369,44.17244338989258,0.0883029965469422,0.0149073599842843,0.0805096552806023,0.0147937852192644,44.17226972982579,44.17226972982579,44.17226972982579,1,True,True,True,A_core_lia_dem_valid
SITE_003_S0438,SITE_003,-10.0530982323404,-18.9741866906897,36.15594100952149,0.0822472699954418,0.0145920252711082,0.082870170966735,0.015506742844954,36.15590843474018,36.15590843474018,36.15590843474018,1,True,True,True,A_core_lia_dem_valid
SITE_003_S0439,SITE_003,-11.157933220687,-17.4969004670368,44.26950073242188,0.0750029487694218,0.0148576720731539,0.0630210479799638,0.015093766206896,44.26960812454704,44.26960812454704,44.26960812454704,1,True,True,True,A_core_lia_dem_valid
SITE_003_S0440,SITE_003,-15.1040638061687,-19.8139193613959,44.26337432861328,0.0474737958650461,0.0123511624946687,0.0673003123509148,0.0133235642363042,44.263486328125,44.263486328125,44.263486328125,1,True,True,True,A_core_lia_dem_valid
SITE_003_S0441,SITE_003,-7.50672828343741,-18.3919352401004,36.18486022949219,0.1253752739537751,0.010614521007191,0.1224188641646013,0.0150480832927834,36.18454989067413,36.18454989067413,36.18454989067413,1,True,True,True,A_core_lia_dem_valid
SITE_003_S0442,SITE_003,-14.8939985450303,-18.6598980901451,44.17885971069336,0.0424691755509945,0.0165639153676343,0.0570569176210114,0.0167920601056457,44.17906671493333,44.17906671493333,44.17906671493333,1,True,True,True,A_core_lia_dem_valid
SITE_003_S0443,SITE_003,-9.42047690293252,-17.2203810380412,36.15582275390625,0.1170928875733676,0.0180775376312174,0.1119265684100465,0.014212695325158,36.15561330085884,36.15561330085884,36.15561330085884,1,True,True,True,A_core_lia_dem_valid
SITE_003_S0444,SITE_003,-12.3405391704786,-21.2434916232215,44.26766586303711,0.0645588325524908,0.0105347938023057,0.0587379112246371,0.0128397651619702,44.26752000391559,44.26752000391559,44.26752000391559,1,True,True,True,A_core_lia_dem_valid
SITE_003_S0445,SITE_003,-12.7329940640115,-17.20073507581,36.18443298339844,0.0675218522910174,0.0185253596807278,0.0688339683091556,0.0155169849686845,36.18472422911888,36.18472422911889,36.18472422911888,1,True,True,True,A_core_lia_dem_valid
SITE_003_S0446,SITE_003,-11.695565667788,-20.8830147854101,44.17741012573242,0.0756175698461193,0.0116176329033188,0.0916382343067108,0.0140089436660665,44.17764021969264,44.17764021969264,44.17764021969264,1,True,True,True,A_core_lia_dem_valid
SITE_003_S0447,SITE_003,-11.7021887623029,-16.9382095752006,36.16347503662109,0.0476852851938008,0.0115411088915451,0.0670762664963234,0.0134572278045494,36.16323980454901,36.16323980454901,36.16323980454901,1,True,True,True,A_core_lia_dem_valid
SITE_003_S0448,SITE_003,-14.2071726745308,-20.2274929785447,44.27117156982422,0.0607977258328358,0.0131532038277429,0.0680864413795802,0.0133629819689046,44.27133643129834,44.27133643129834,44.27133643129834,1,True,True,True,A_core_lia_dem_valid
SITE_003_S0449,SITE_003,-10.6800783901631,-18.0010936978759,36.18185043334961,0.0879767630720263,0.0151564671922623,0.0836972337544337,0.0150945824485952,36.18190181552704,36.18190181552704,36.18190181552704,1,True,True,True,A_core_lia_dem_valid
SITE_003_S0450,SITE_003,-14.8082955540527,-22.1086154788589,44.17685699462891,0.0489624013398862,0.0101293093548495,0.0564081794207194,0.0126608621398536,44.17710453982025,44.17710453982025,44.17710453982025,1,True,True,True,A_core_lia_dem_valid
SITE_003_S0451,SITE_003,-10.2796539388207,-25.7388504380506,36.16020202636719,0.0953835101317414,0.0087698782786204,0.0910840355887469,0.0110309043729012,36.15989598098871,36.15989598098871,36.15989598098871,1,True,True,True,A_core_lia_dem_valid
SITE_003_S0452,SITE_003,-11.5838092329579,-25.8817801389,44.27286529541016,0.0689517984666169,0.0094729699267763,0.0653674654741852,0.0116187870073733,44.27303955395115,44.27303955395115,44.27303955395115,1,True,True,True,A_core_lia_dem_valid
SITE_003_S0453,SITE_003,-12.934444392629,-18.9368091100067,36.18473815917969,0.0580386708885464,0.0149125870198974,0.0541165742456157,0.0158412309901445,36.18464551053008,36.18464551053008,36.18464551053008,1,True,True,True,A_core_lia_dem_valid
SITE_003_S0454,SITE_003,-13.1566105600611,-20.7749906623486,44.17470169067383,0.0523686743230579,0.0104241650022828,0.0554759878004035,0.0119940525180452,44.17469057526979,44.17469057526979,44.17469057526979,1,True,True,True,A_core_lia_dem_valid
SITE_003_S0455,SITE_003,-10.8761105451241,-21.8457930707558,36.15273666381836,0.0848888870903917,0.0120967331819268,0.084375770147275,0.013260429690208,36.15293771515852,36.15293771515852,36.15293771515852,1,True,True,True,A_core_lia_dem_valid
SITE_003_S0456,SITE_003,-11.4337794482317,-23.8973498204211,44.26843643188477,0.0724183321849629,0.0089508354148507,0.0861857623722451,0.0103609536670189,44.26858615635327,44.26858615635327,44.26858615635327,1,True,True,True,A_core_lia_dem_valid
SITE_003_S0457,SITE_003,-12.8706621409308,-20.3199980954728,36.1832160949707,0.0610287185610541,0.0113515004855595,0.070356995225989,0.0106260319808081,36.18305227866447,36.18305227866447,36.18305227866447,1,True,True,True,A_core_lia_dem_valid
SITE_003_S0458,SITE_003,-12.8810459747422,-17.0092296482675,44.17633438110352,0.0609922496278115,0.0207500257881151,0.0702929401202424,0.0207245947687346,44.17645506261655,44.17645506261655,44.17645506261655,1,True,True,True,A_core_lia_dem_valid
SITE_003_S0459,SITE_003,-12.1649222753127,-18.9647058126773,36.15199661254883,0.0670335460664666,0.0166685555194688,0.0720865190018989,0.0161646697908045,36.1521643729123,36.1521643729123,36.1521643729123,1,True,True,True,A_core_lia_dem_valid
SITE_003_S0460,SITE_003,-11.0709492693437,-16.691804177545,44.26395034790039,0.0775666670485664,0.0139195675909933,0.0760285585693823,0.0139193249331718,44.26380604057707,44.26380604057707,44.26380604057707,1,True,True,True,A_core_lia_dem_valid
SITE_003_S0461,SITE_003,-12.7589401489159,-21.0298113293841,36.18545913696289,0.0625951563887108,0.0116209944274361,0.0737780655242639,0.0118339597063748,36.18537692415786,36.18537692415786,36.18537692415786,1,True,True,True,A_core_lia_dem_valid
SITE_003_S0462,SITE_003,-16.5477200109628,-17.9391625015155,44.18030548095703,0.041625146683055,0.0130335145195072,0.0474013684919718,0.0129628405539919,44.18032641913948,44.18032641913948,44.18032641913948,1,True,True,True,A_core_lia_dem_valid
SITE_003_S0463,SITE_003,-11.4575594195707,-20.8754496403932,36.15639495849609,0.0809330675799363,0.0127276089831291,0.0870697685854219,0.0149867410664982,36.15655848712544,36.15655848712544,36.15655848712544,1,True,True,True,A_core_lia_dem_valid
SITE_003_S0464,SITE_003,-9.94315523959921,-20.2399449260138,44.26789855957031,0.1019212170803288,0.0136813587757175,0.0996159729695739,0.0150982017566556,44.26801347883156,44.26801347883156,44.26801347883156,1,True,True,True,A_core_lia_dem_valid
SITE_003_S0465,SITE_003,-11.5451162527949,-17.7948754133879,36.18363189697266,0.0826331969912893,0.0182690568975706,0.0928924931835075,0.0185301778793708,36.18375544691805,36.18375544691804,36.18375544691805,1,True,True,True,A_core_lia_dem_valid
SITE_003_S0466,SITE_003,-10.1391824815051,-16.849326106512,44.17814636230469,0.1017546372461012,0.0173372263813184,0.1094048460194178,0.0173909227998444,44.17797357344875,44.17797357344875,44.17797357344875,1,True,True,True,A_core_lia_dem_valid
SITE_003_S0467,SITE_003,-13.9866778085248,-18.1120806683522,36.15936279296875,0.0684826927853808,0.015042893085792,0.0884057325817091,0.0150947312998238,36.15957835461258,36.15957835461257,36.15957835461258,1,True,True,True,A_core_lia_dem_valid
SITE_003_S0468,SITE_003,-12.253010177091,-17.7537559526369,44.27251434326172,0.0650502317050285,0.0178550605410133,0.0701087062441079,0.0181816512953718,44.27240948534388,44.27240948534388,44.27240948534388,1,True,True,True,A_core_lia_dem_valid
SITE_003_S0469,SITE_003,-12.1408978471553,-20.5014080165799,36.17919540405273,0.0678250846224472,0.0128241103775916,0.0657346960633841,0.0127812344245975,36.17893461115292,36.17893461115292,36.17893461115292,1,True,True,True,A_core_lia_dem_valid
SITE_003_S0470,SITE_003,-11.4957251412462,-24.4339364388543,44.17593002319336,0.0713269736220743,0.0139599947145001,0.0672998452204339,0.0139110359985027,44.17578154657861,44.17578154657861,44.17578154657861,1,True,True,True,A_core_lia_dem_valid
SITE_003_S0471,SITE_003,-13.0536133598236,-16.934766715437,36.15608596801758,0.0622542163325047,0.0197227735625067,0.0761954070781122,0.0194792195888982,36.15639545501988,36.15639545501988,36.15639545501988,1,True,True,True,A_core_lia_dem_valid
SITE_003_S0472,SITE_003,-14.8690394925847,-19.7684643522685,44.26717758178711,0.0482183382390746,0.0128909399757644,0.0520222412073946,0.0140748068326669,44.26741487737034,44.26741487737035,44.26741487737034,1,True,True,True,A_core_lia_dem_valid
SITE_003_S0473,SITE_003,-12.0247071334054,-22.2279025545823,36.17732238769531,0.0750778852070856,0.0106813311993588,0.0797869286642962,0.0122969789354925,36.17727621401385,36.17727621401385,36.17727621401385,1,True,True,True,A_core_lia_dem_valid
SITE_003_S0474,SITE_003,-9.82247076925742,-17.0980735468477,44.17160415649414,0.0960211608531656,0.0151781658320879,0.0963865786816533,0.0149218739129795,44.17145391140345,44.17145391140345,44.17145391140345,1,True,True,True,A_core_lia_dem_valid
SITE_003_S0475,SITE_003,-9.01711729377101,-19.0018077976048,36.15412139892578,0.1121256932908262,0.0129623568298427,0.1078739880182764,0.0120501683029543,36.15405551719845,36.15405551719845,36.15405551719845,1,True,True,True,A_core_lia_dem_valid
SITE_003_S0476,SITE_003,-10.5187452942978,-19.2147590131593,44.26937484741211,0.0772467091097875,0.0119543535363969,0.0742096556933064,0.0124825526411701,44.26944547572776,44.26944547572776,44.26944547572776,1,True,True,True,A_core_lia_dem_valid
SITE_003_S0477,SITE_003,-12.2421285465248,-23.6780077912245,36.1858024597168,0.0665333617563118,0.0067788546253302,0.0701418277386161,0.0096058306455188,36.18591552897724,36.18591552897724,36.18591552897724,1,True,True,True,A_core_lia_dem_valid
SITE_003_S0478,SITE_003,-9.81733531367866,-16.6992844016009,44.17854309082031,0.0995070667186951,0.0193562474795883,0.0992722672586137,0.0200740776063481,44.17846004622752,44.17846004622752,44.17846004622752,1,True,True,True,A_core_lia_dem_valid
SITE_003_S0479,SITE_003,-11.7953265538469,-18.9965060916441,44.26694107055664,0.0756452043086519,0.0132419615959035,0.0807228355008904,0.0153717096563176,44.26716212033102,44.26716212033102,44.26716212033102,1,True,True,True,A_core_lia_dem_valid
SITE_003_S0480,SITE_003,-9.27804290863301,-17.7479542661754,36.1846923828125,0.1175342303682404,0.016868516357976,0.1275835769102063,0.0150961179817318,36.18486082903044,36.18486082903044,36.18486082903044,1,True,True,True,A_core_lia_dem_valid
SITE_003_S0481,SITE_003,-10.8166881486117,-19.4962552683633,44.17766571044922,0.0954369673484445,0.0169956851672764,0.0907081646219846,0.0172927290050626,44.17760961090221,44.17760961090222,44.17760961090221,1,True,True,True,A_core_lia_dem_valid
SITE_003_S0482,SITE_003,-12.592817910937,-16.4923779636924,36.15475845336914,0.0970665098327541,0.0212985086272008,0.0981029770194321,0.0193282880276578,36.15467683952613,36.15467683952613,36.15467683952613,1,True,True,True,A_core_lia_dem_valid
SITE_003_S0483,SITE_003,-14.323445803484,-18.8521389173778,44.26844787597656,0.051469816201752,0.0143684352068483,0.0616804115581655,0.0151757032213118,44.26821002551832,44.26821002551832,44.26821002551832,1,True,True,True,A_core_lia_dem_valid
SITE_003_S0484,SITE_003,-13.0575928825759,-25.4433434152169,36.18074798583984,0.0884282957448195,0.0105609155033,0.0899073129360737,0.0118005993173599,36.180853412272,36.18085341227201,36.180853412272,1,True,True,True,A_core_lia_dem_valid
SITE_003_S0485,SITE_003,-12.7799379609773,-21.1373158149513,44.17525100708008,0.0675696449918637,0.0135053262869964,0.0748436150914342,0.0140805440520975,44.17513395225478,44.17513395225478,44.17513395225478,1,True,True,True,A_core_lia_dem_valid
SITE_003_S0486,SITE_003,-14.3392792557301,-18.2350969690284,36.15542221069336,0.0774896556666176,0.0197336534286538,0.0844082179936524,0.0196809546088937,36.15568188858752,36.15568188858752,36.15568188858752,1,True,True,True,A_core_lia_dem_valid
SITE_003_S0487,SITE_003,-10.508003911886,-19.1418661979808,44.26805114746094,0.0808373397704477,0.0150000514773031,0.0800482079793748,0.0151324489882882,44.2681755128336,44.2681755128336,44.2681755128336,1,True,True,True,A_core_lia_dem_valid
SITE_003_S0488,SITE_003,-13.0414811946658,-20.1664700455661,36.17778015136719,0.05626104911753,0.0107609013388204,0.057380621194784,0.0112555017273476,36.17799313179913,36.17799313179913,36.17799313179913,1,True,True,True,A_core_lia_dem_valid
SITE_003_S0489,SITE_003,-14.4183489681252,-22.969026667175,44.17305374145508,0.0480687677256268,0.0108784366494903,0.0494442571097731,0.0115310887159909,44.17314175653052,44.17314175653051,44.17314175653052,1,True,True,True,A_core_lia_dem_valid
SITE_003_S0490,SITE_003,-8.92147532366584,-14.5916528393085,36.15745544433594,0.1251287580412452,0.0255245369824806,0.1123283274073348,0.0224449698978764,36.15727749661585,36.15727749661585,36.15727749661585,1,True,True,True,A_core_lia_dem_valid
SITE_003_S0491,SITE_003,-11.0633743345655,-18.2843784563609,44.26895523071289,0.083654027923107,0.0157985834338737,0.088826951269981,0.0150345306156249,44.26895046894321,44.2689504689432,44.26895046894321,1,True,True,True,A_core_lia_dem_valid
SITE_003_S0492,SITE_003,-12.4302179502915,-19.456733521734,36.18069839477539,0.091800005340779,0.0234092854037942,0.1038367222398082,0.022886427685476,36.18089447381928,36.18089447381928,36.18089447381928,1,True,True,True,A_core_lia_dem_valid
SITE_003_S0493,SITE_003,-13.7451177484625,-17.0412530641805,44.17586135864258,0.0598016873522142,0.0155123406545155,0.0621543143812049,0.0154007875008715,44.17571914056918,44.17571914056918,44.17571914056918,1,True,True,True,A_core_lia_dem_valid
SITE_003_S0494,SITE_003,-10.7275551994112,-16.9401989436727,36.15486907958984,0.1082224982504019,0.0216361216796994,0.1107918174577721,0.0212372132369943,36.15514496578732,36.15514496578732,36.15514496578732,1,True,True,True,A_core_lia_dem_valid
SITE_003_S0495,SITE_003,-9.79433780411147,-15.7338478154102,44.2664909362793,0.1053133369077899,0.0179885743072049,0.0952292190734497,0.0180748659490757,44.26643837342519,44.26643837342519,44.26643837342519,1,True,True,True,A_core_lia_dem_valid
SITE_003_S0496,SITE_003,-8.96419716519816,-18.581539486118,36.18199920654297,0.124335060008156,0.0171693887068369,0.13630918763818,0.0182590346196793,36.18205124141663,36.18205124141663,36.18205124141663,1,True,True,True,A_core_lia_dem_valid
SITE_003_S0497,SITE_003,-12.8879097848687,-17.8489810669589,44.17741012573242,0.0625463907507193,0.0157728525967857,0.079270484301455,0.0153941069936528,44.17766987651597,44.17766987651597,44.17766987651597,1,True,True,True,A_core_lia_dem_valid
SITE_003_S0498,SITE_003,-10.7697908916055,-21.6578389754054,36.1557502746582,0.0924544605126582,0.010510058443951,0.0960605241437844,0.0116248882792171,36.15556903572635,36.15556903572634,36.15556903572635,1,True,True,True,A_core_lia_dem_valid
SITE_003_S0499,SITE_003,-10.971967235396,-20.7713355995587,44.26587295532227,0.0834772127567116,0.0146950928183893,0.0974079654569272,0.0147460516693113,44.26587228672994,44.26587228672994,44.26587228672994,1,True,True,True,A_core_lia_dem_valid
SITE_003_S0500,SITE_003,-11.4507054279937,-19.0500064650445,36.1851692199707,0.0870814743883014,0.0146094036588897,0.1030081415551288,0.014623270648595,36.1852427585225,36.1852427585225,36.1852427585225,1,True,True,True,A_core_lia_dem_valid
SITE_003_S0501,SITE_003,-11.220058417875,-19.3263908030988,44.18075942993164,0.0814617029783007,0.0134963494639455,0.0865158289246928,0.0129653221222114,44.18058953361764,44.18058953361763,44.18058953361764,1,True,True,True,A_core_lia_dem_valid
SITE_003_S0502,SITE_003,-8.9136679596269,-15.4681603543209,36.15326690673828,0.1275925330058379,0.0231250543022504,0.1294052753175255,0.0229577701193723,36.15314099413794,36.15314099413793,36.15314099413794,1,True,True,True,A_core_lia_dem_valid
SITE_003_S0503,SITE_003,-9.7290282435446,-19.114069654229,44.26383590698242,0.1078903290603332,0.019483513151192,0.0981071855661443,0.0195899606776642,44.26359187565764,44.26359187565763,44.26359187565764,1,True,True,True,A_core_lia_dem_valid
SITE_003_S0504,SITE_003,-12.1586935852492,-18.6676100149634,36.17937088012695,0.0786355145204077,0.0152015462434382,0.0880069000203453,0.0157265280277316,36.17942174275717,36.17942174275717,36.17942174275717,1,True,True,True,A_core_lia_dem_valid
SITE_003_S0505,SITE_003,-11.5482171904812,-20.3380780444816,44.17423248291016,0.0791821156039084,0.0124962955994864,0.1037282904179233,0.0127298643419374,44.17450058445203,44.17450058445204,44.17450058445203,1,True,True,True,A_core_lia_dem_valid
SITE_003_S0506,SITE_003,-13.5431580774951,-16.4362546733648,36.15488433837891,0.0669387097532644,0.0181385172726871,0.0794542048752267,0.0188087285160569,36.1546618435526,36.1546618435526,36.1546618435526,1,True,True,True,A_core_lia_dem_valid
SITE_003_S0507,SITE_003,-12.305154841571,-16.2769342530025,44.28457641601562,0.0735507506717979,0.0179669973267316,0.0757265964448721,0.0175672156971527,44.28453942799922,44.28453942799921,44.28453942799922,1,True,True,True,A_core_lia_dem_valid
SITE_003_S0508,SITE_003,-9.01495546107826,-17.349537907796,36.17761993408203,0.1268033953794346,0.0194540506713663,0.1209239061941207,0.0188783866121026,36.17758099678481,36.17758099678481,36.17758099678481,1,True,True,True,A_core_lia_dem_valid
SITE_003_S0509,SITE_003,-12.8332105780795,-16.4635048496202,44.17214584350586,0.0727832766648372,0.0170459961146116,0.0827494276084519,0.0168539466726531,44.17236956583468,44.17236956583468,44.17236956583468,1,True,True,True,A_core_lia_dem_valid
SITE_003_S0510,SITE_003,-9.73296929646025,-26.2088745706172,36.15713500976562,0.1086697160828618,0.0137049038827212,0.1109116612849456,0.0138279471783266,36.15683823400057,36.15683823400057,36.15683823400057,1,True,True,True,A_core_lia_dem_valid
SITE_003_S0511,SITE_003,-11.2393558950961,-18.1860125485135,44.28693389892578,0.0842685563037047,0.0163984247110784,0.0906547791244521,0.0163024523534616,44.28712138272201,44.28712138272201,44.28712138272201,1,True,True,True,A_core_lia_dem_valid
SITE_003_S0512,SITE_003,-8.48600557673306,-17.4387384650676,36.17927932739258,0.1127032136066677,0.0188460114127616,0.1039590056512936,0.0196879257351141,36.17935957278845,36.17935957278845,36.17935957278845,1,True,True,True,A_core_lia_dem_valid
SITE_003_S0513,SITE_003,-12.629953467471,-22.9978364689591,44.17068099975586,0.0584122167984174,0.0063525503794969,0.0587975957653182,0.0081229260304965,44.17049338906011,44.17049338906011,44.17049338906011,1,True,True,True,A_core_lia_dem_valid
SITE_003_S0514,SITE_003,-10.441236942313,-16.7218745608701,36.1519775390625,0.0969605831161134,0.0182461420808815,0.103776833592337,0.0181375641080765,36.15186544417133,36.15186544417133,36.15186544417133,1,True,True,True,A_core_lia_dem_valid
SITE_003_S0515,SITE_003,-12.4495715831461,-20.2481955828527,44.28203201293945,0.0639867343707864,0.0107820106169487,0.0699553485933241,0.012636352450243,44.28220422992489,44.28220422992489,44.28220422992489,1,True,True,True,A_core_lia_dem_valid
SITE_003_S0516,SITE_003,-10.4203539136365,-19.4678408094813,36.1811408996582,0.0978107180373286,0.0122675335366034,0.1006651332823798,0.0124312927811625,36.18130386578701,36.18130386578701,36.18130386578701,1,True,True,True,A_core_lia_dem_valid
SITE_003_S0517,SITE_003,-11.8989408668882,-15.8095287072466,44.17366790771485,0.0807976039909289,0.022244377850234,0.090228932515522,0.0221951434417262,44.17394227368234,44.17394227368234,44.17394227368234,1,True,True,True,A_core_lia_dem_valid
SITE_003_S0518,SITE_003,-11.6926219646842,-17.3481803484389,36.14826583862305,0.1105101381092161,0.0270399054688298,0.1240744572119843,0.0271026810250578,36.14826366616494,36.14826366616494,36.14826366616494,1,True,True,True,A_core_lia_dem_valid
SITE_003_S0519,SITE_003,-10.2982176157436,-14.6856874164031,44.26294708251953,0.0990713583658857,0.0240203433780583,0.0930805842987225,0.0245353939519634,44.26283498173014,44.26283498173014,44.26283498173014,1,True,True,True,A_core_lia_dem_valid
SITE_003_S0520,SITE_003,-10.8380873853609,-18.7732336912027,36.18433380126953,0.1000479367642019,0.0274016351542539,0.1098715951832432,0.0275663968736985,36.18420874167615,36.18420874167615,36.18420874167615,1,True,True,True,A_core_lia_dem_valid
SITE_003_S0521,SITE_003,-10.1180645430279,-17.8760950740517,44.1782112121582,0.1027642335505063,0.0197355420213265,0.0970828190379357,0.0206907162096752,44.17837551842349,44.17837551842349,44.17837551842349,1,True,True,True,A_core_lia_dem_valid
SITE_003_S0522,SITE_003,-12.2873521300501,-17.5106252609173,36.1485710144043,0.0964651673712348,0.0232906119277079,0.1191681400651538,0.0231207533283044,36.14882122424743,36.14882122424743,36.14882122424743,1,True,True,True,A_core_lia_dem_valid
SITE_003_S0523,SITE_003,-10.7798512508106,-19.3964693774688,44.26071166992188,0.0928084377892805,0.0154385561649504,0.0961424123918392,0.0155905561638695,44.26069982276773,44.26069982276773,44.26069982276773,1,True,True,True,A_core_lia_dem_valid
SITE_004_S0001,SITE_004,-18.4864112922292,-23.6479026195756,40.20514297485352,0.0348078466496533,0.0042835844935573,0.0351037981011617,0.0044078313766455,40.20500849802006,40.20500849802006,40.20500849802006,1,True,True,True,A_core_lia_dem_valid
SITE_004_S0002,SITE_004,-16.9903449107056,-31.4952363089615,40.20777130126953,0.0381313664673103,0.0035251013013293,0.0384518889066429,0.0039952825036774,40.20790447578611,40.20790447578611,40.20790447578611,1,True,True,True,A_core_lia_dem_valid
SITE_004_S0003,SITE_004,-18.1831441557813,-20.2574223143293,40.1995964050293,0.0432157064891523,0.0049009576396363,0.0429981888766274,0.0049764955681376,40.19939257670399,40.19939257670399,40.19939257670399,1,True,True,True,A_core_lia_dem_valid
SITE_004_S0004,SITE_004,-15.5133446355652,-26.3840569335916,40.19926834106445,0.042945597887867,0.0046545099580586,0.0428010267226232,0.0046992779553963,40.19926429561045,40.19926429561045,40.19926429561045,1,True,True,True,A_core_lia_dem_valid
SITE_004_S0005,SITE_004,-19.3714086197566,-28.6187346745188,40.20695877075195,0.0453748247234357,0.0050934409647662,0.0450785402829448,0.0051241222865733,40.20670208735422,40.20670208735422,40.20670208735422,1,True,True,True,A_core_lia_dem_valid
SITE_004_S0006,SITE_004,-17.9125124326951,-25.3280720737741,40.20700454711914,0.0428753721300098,0.004643061066098,0.0428782426823436,0.0046017745953346,40.20733104685307,40.20733104685307,40.20733104685307,1,True,True,True,A_core_lia_dem_valid
SITE_004_S0007,SITE_004,-16.4876005289117,-25.7124978471822,40.20352554321289,0.0373728189037905,0.0050807286760148,0.0375820151458919,0.0051020245217821,40.20325791462431,40.20325791462432,40.20325791462431,1,True,True,True,A_core_lia_dem_valid
SITE_004_S0008,SITE_004,-20.0014094931721,-27.6845717544353,40.20125579833984,0.036112844020956,0.0052621134895727,0.0362134318784983,0.0045752517638345,40.20137044307818,40.20137044307819,40.20137044307818,1,True,True,True,A_core_lia_dem_valid
SITE_004_S0009,SITE_004,-17.9611920442586,-22.8581882954086,40.20466613769531,0.0415837487868136,0.0055051793264121,0.0413725940381855,0.0055683274005459,40.20446465221191,40.2044646522119,40.20446465221191,1,True,True,True,A_core_lia_dem_valid
SITE_004_S0010,SITE_004,-18.8399730964873,-23.0591225896159,40.20256805419922,0.0420686057334144,0.0054150311374946,0.0421368861805509,0.0054974705312932,40.20255772152333,40.20255772152333,40.20255772152333,1,True,True,True,A_core_lia_dem_valid
SITE_004_S0011,SITE_004,-17.5609761786814,-26.3805533436284,40.20185852050781,0.0385710593871772,0.0040014409790294,0.0387721784332376,0.0040648659631066,40.20197259840843,40.20197259840842,40.20197259840843,1,True,True,True,A_core_lia_dem_valid
SITE_004_S0012,SITE_004,-19.5261865398843,-22.9909787740239,40.20371627807617,0.0439941962580714,0.005096890389334,0.0437146753304994,0.0050663443140815,40.2037165321485,40.2037165321485,40.2037165321485,1,True,True,True,A_core_lia_dem_valid
SITE_004_S0013,SITE_004,-14.6809153622648,-22.8784690329423,40.20125579833984,0.0456937684325708,0.0057192360719481,0.0456217248093934,0.0056695243919128,40.20138460734821,40.20138460734821,40.20138460734821,1,True,True,True,A_core_lia_dem_valid
SITE_004_S0014,SITE_004,-16.6368510821852,-24.5835143799549,40.20135498046875,0.0432606879952881,0.0053221029231938,0.0430914985719654,0.005313693377371,40.20131416742648,40.20131416742648,40.20131416742648,1,True,True,True,A_core_lia_dem_valid
SITE_004_S0015,SITE_004,-16.9770853173756,-27.4158589408999,40.20018005371094,0.0410569053909017,0.0050274888045775,0.0409107392734307,0.0049985293802109,40.20051971474091,40.20051971474091,40.20051971474091,1,True,True,True,A_core_lia_dem_valid
SITE_004_S0016,SITE_004,-17.8311690057729,-22.5022774084471,40.20403671264648,0.0411360963765117,0.0054386639083265,0.040936831191734,0.0053826178100774,40.20391861823258,40.20391861823258,40.20391861823258,1,True,True,True,A_core_lia_dem_valid
SITE_004_S0017,SITE_004,-13.3277070880079,-26.0499256751728,40.20185470581055,0.0412125760565201,0.0041045745121348,0.0408590519106314,0.004149406702321,40.20205444998103,40.20205444998103,40.20205444998103,1,True,True,True,A_core_lia_dem_valid
SITE_004_S0018,SITE_004,-16.7029835363822,-25.574293960594,40.20563888549805,0.0385600768485003,0.0041668379333293,0.0388027963833308,0.0044795135240573,40.20553726981385,40.20553726981385,40.20553726981385,1,True,True,True,A_core_lia_dem_valid
SITE_004_S0019,SITE_004,-18.6352442632111,-28.384830032178,40.19884872436523,0.0400822446743647,0.0046545567911946,0.0398416849874236,0.0047066781007581,40.19869039272688,40.19869039272688,40.19869039272688,1,True,True,True,A_core_lia_dem_valid
SITE_004_S0020,SITE_004,-18.7060959518691,-28.4629207722802,40.20218658447266,0.0404388022919495,0.0032221906912093,0.040134648470047,0.0033059970520649,40.20227950451231,40.20227950451231,40.20227950451231,1,True,True,True,A_core_lia_dem_valid
SITE_004_S0021,SITE_004,-17.5786793195738,-29.3339575773357,40.204345703125,0.0387217395131786,0.0046092754633476,0.0388736142747012,0.0045945007621057,40.2045825631209,40.2045825631209,40.2045825631209,1,True,True,True,A_core_lia_dem_valid
SITE_004_S0022,SITE_004,-17.7226368849478,-31.5591642459382,40.19999694824219,0.0415121308796935,0.0047500482127846,0.0417528914154311,0.004763693892672,40.20022963755743,40.20022963755743,40.20022963755743,1,True,True,True,A_core_lia_dem_valid
SITE_004_S0023,SITE_004,-15.5077318173549,-30.9075003794125,40.19805908203125,0.0386463869363069,0.0035701095060136,0.0387003907216367,0.0037070404208857,40.19798263250708,40.19798263250708,40.19798263250708,1,True,True,True,A_core_lia_dem_valid
SITE_004_S0024,SITE_004,-18.6508735499451,-24.3825430539085,40.19905853271485,0.0430980376775066,0.0044620391721056,0.0430955854237631,0.004487559165411,40.19884663367549,40.19884663367549,40.19884663367549,1,True,True,True,A_core_lia_dem_valid
SITE_004_S0025,SITE_004,-17.5330330648846,-25.6237235945092,40.20445251464844,0.0391788181207246,0.0032316802919388,0.039195386112932,0.0036987365940652,40.20424183970568,40.20424183970568,40.20424183970568,1,True,True,True,A_core_lia_dem_valid
SITE_004_S0026,SITE_004,-15.4158327117477,-23.3546123099264,40.20944595336914,0.0403915415497289,0.0040471129388666,0.0407539308337885,0.0038967666613037,40.20959397955283,40.20959397955282,40.20959397955283,1,True,True,True,A_core_lia_dem_valid
SITE_004_S0027,SITE_004,-17.8194958386431,-27.0914241365536,40.20884704589844,0.0391227575846844,0.0039818609869011,0.0390172032446221,0.004087618167212,40.20877847556754,40.20877847556754,40.20877847556754,1,True,True,True,A_core_lia_dem_valid
SITE_004_S0028,SITE_004,-18.1707022353613,-22.52651420832,40.20762634277344,0.0410551166927648,0.0045269985351634,0.0411834508295596,0.0041713837470661,40.20762357359472,40.20762357359472,40.20762357359472,1,True,True,True,A_core_lia_dem_valid
SITE_004_S0029,SITE_004,-15.3374931343297,-26.0622346959124,40.20105743408203,0.0430552793583936,0.0041187946637755,0.043300872788661,0.0043916010068022,40.20126165334413,40.20126165334413,40.20126165334413,1,True,True,True,A_core_lia_dem_valid
SITE_004_S0030,SITE_004,-16.4096723250709,-24.224981789589,40.1997299194336,0.042928075335092,0.0042734770935905,0.0423816360478047,0.0042313115825749,40.19994800220398,40.19994800220398,40.19994800220398,1,True,True,True,A_core_lia_dem_valid
SITE_004_S0031,SITE_004,-18.4893915254892,-24.8155406136386,40.20407867431641,0.0443886850443151,0.0043759078749389,0.0441820922802076,0.0048303198015709,40.20414445614242,40.20414445614242,40.20414445614242,1,True,True,True,A_core_lia_dem_valid
SITE_004_S0032,SITE_004,-16.311863543529,-23.8776878909477,40.06254959106445,0.0451700460662444,0.00439441084713,0.0449144795178263,0.004400866919438,40.0625613658756,40.0625613658756,40.0625613658756,1,True,True,True,A_core_lia_dem_valid
SITE_004_S0033,SITE_004,-17.5743763341977,-19.2049142280622,40.20661163330078,0.0442335925623774,0.0042830785038596,0.0440150479273295,0.0044136851324079,40.20651073159958,40.20651073159958,40.20651073159958,1,True,True,True,A_core_lia_dem_valid
SITE_004_S0034,SITE_004,-15.5289855560403,-28.5423268412919,40.20389938354492,0.0389498958571089,0.0029522220575011,0.0387126819830801,0.0030723771539707,40.20359927147834,40.20359927147834,40.20359927147834,1,True,True,True,A_core_lia_dem_valid
SITE_004_S0035,SITE_004,-16.3765099262958,-24.3409010453746,40.20425415039063,0.0377952286187145,0.0037355251290686,0.0378686890981079,0.0037033943427763,40.2042007867603,40.20420078676031,40.2042007867603,1,True,True,True,A_core_lia_dem_valid
SITE_004_S0036,SITE_004,-15.440762243933,-25.3806893122544,40.20676040649414,0.0439012678981655,0.003907329295284,0.0437882384733745,0.003946774789187,40.20655366583212,40.20655366583212,40.20655366583212,1,True,True,True,A_core_lia_dem_valid
SITE_004_S0037,SITE_004,-15.4189839798148,-29.4334630358383,40.20137786865234,0.0408304405460755,0.0029666777374611,0.0411397314490175,0.0031522041645847,40.20142617366027,40.20142617366027,40.20142617366027,1,True,True,True,A_core_lia_dem_valid
SITE_004_S0038,SITE_004,-18.8554373374503,-24.9885121943807,40.20264053344727,0.0398767716830803,0.0036966403107504,0.0400190870328173,0.0037095124242126,40.202626537803,40.202626537803,40.202626537803,1,True,True,True,A_core_lia_dem_valid
SITE_004_S0039,SITE_004,-15.2457251518063,-20.5662399447604,40.20833206176758,0.0531900599764453,0.00606823234439,0.0534111049660929,0.0057002854796498,40.20861890644733,40.20861890644733,40.20861890644733,1,True,True,True,A_core_lia_dem_valid
SITE_004_S0040,SITE_004,-16.9346293293729,-27.1255490906322,40.20120620727539,0.0464277029347916,0.0032043452507124,0.0466317204112348,0.003790937294867,40.20101830123463,40.20101830123463,40.20101830123463,1,True,True,True,A_core_lia_dem_valid
SITE_004_S0041,SITE_004,-17.2981263801452,-20.0681169373671,40.20083618164063,0.0338600838246444,0.0050192379776609,0.0341282278646565,0.0044821748398252,40.20080141467277,40.20080141467277,40.20080141467277,1,True,True,True,A_core_lia_dem_valid
SITE_004_S0042,SITE_004,-16.3967910513679,-21.1060059083383,40.20191955566406,0.0346199184759623,0.0047047634735974,0.0353570908990999,0.004720459212125,40.20190448875632,40.20190448875632,40.20190448875632,1,True,True,True,A_core_lia_dem_valid
SITE_004_S0043,SITE_004,-19.8869861042725,-23.554061118383,40.20235443115234,0.0363431597252686,0.0035494915680857,0.03689041779687,0.0031432568794593,40.20260760206989,40.20260760206988,40.20260760206989,1,True,True,True,A_core_lia_dem_valid
SITE_004_S0044,SITE_004,-17.5740084587486,-38.8295316177016,40.20754623413086,0.0364909674351414,0.0025770665719927,0.0366132378612679,0.0027460759843576,40.20768567863359,40.20768567863359,40.20768567863359,1,True,True,True,A_core_lia_dem_valid
SITE_004_S0045,SITE_004,-18.6745587791476,-19.8690096249278,40.2003288269043,0.04036953613369,0.004662949187877,0.041023635301555,0.0045263147379717,40.20010681681494,40.20010681681494,40.20010681681494,1,True,True,True,A_core_lia_dem_valid
SITE_004_S0046,SITE_004,-16.9936940781247,-24.4989300154927,40.19955062866211,0.0390363847671283,0.003227257213655,0.0392466417244739,0.0032561254128649,40.19941460046395,40.19941460046395,40.19941460046395,1,True,True,True,A_core_lia_dem_valid
SITE_004_S0047,SITE_004,-17.9272686088902,-21.0958551273276,40.20549011230469,0.0377121070068743,0.0047230906643095,0.0382843480981242,0.0039850514792851,40.20527373332875,40.20527373332875,40.20527373332875,1,True,True,True,A_core_lia_dem_valid
SITE_004_S0048,SITE_004,-21.0518817413233,-23.6028692408256,40.20146942138672,0.0376491453953915,0.0031648419396274,0.0382659319185732,0.0028603845823557,40.20130007121796,40.20130007121796,40.20130007121796,1,True,True,True,A_core_lia_dem_valid
SITE_004_S0049,SITE_004,-14.5484476455401,-25.1019119126063,40.2042236328125,0.0352939523963464,0.0027564737689127,0.0360134848478583,0.0024164339062129,40.20433831425363,40.20433831425363,40.20433831425363,1,True,True,True,A_core_lia_dem_valid
SITE_004_S0050,SITE_004,-18.0964764239577,-28.8579844696447,40.2013053894043,0.0363292344287037,0.00280728408899,0.0368235439361061,0.0028243884385016,40.20104528213317,40.20104528213317,40.20104528213317,1,True,True,True,A_core_lia_dem_valid
SITE_004_S0051,SITE_004,-16.4650340486809,-25.0424474524879,40.19905090332031,0.0354628814342949,0.0036137235733394,0.0357907906758748,0.0035961731887857,40.19889516321536,40.19889516321536,40.19889516321536,1,True,True,True,A_core_lia_dem_valid
SITE_004_S0052,SITE_004,-17.2041192441581,-29.089926142457,39.99923706054688,0.0347108730156388,0.0033540876674017,0.0354423821186301,0.0033645194701244,39.99922805054942,39.99922805054942,39.99922805054942,1,True,True,True,A_core_lia_dem_valid
SITE_004_S0053,SITE_004,-19.54104374761,-27.0350195296627,40.00419235229492,0.0344325344264507,0.0029032483069435,0.0349572360970907,0.0029627385127699,40.00437256572447,40.00437256572448,40.00437256572447,1,True,True,True,A_core_lia_dem_valid
SITE_004_S0054,SITE_004,-15.8531792675426,-29.3336522627126,40.00730514526367,0.0314977976141704,0.001911833172288,0.0319886323832619,0.0026682956591526,40.00733677219961,40.00733677219961,40.00733677219961,1,True,True,True,A_core_lia_dem_valid
SITE_004_S0055,SITE_004,-17.9294118676689,-20.8678497385688,40.00453186035156,0.04450141503993,0.0064264162587739,0.0452334598447253,0.005224880871448,40.00461119807972,40.00461119807972,40.00461119807972,1,True,True,True,A_core_lia_dem_valid
SITE_004_S0056,SITE_004,-17.4785273256452,-26.4812788357628,40.00261688232422,0.0331128523415989,0.0032650104248456,0.0335000445785713,0.0032605762848773,40.00260971272078,40.00260971272078,40.00260971272078,1,True,True,True,A_core_lia_dem_valid
SITE_004_S0057,SITE_004,-18.1628376840364,-24.2972304521199,40.00160217285156,0.0356287992911206,0.0036155925138017,0.0362294946776496,0.0036308682262406,40.00168322397723,40.00168322397723,40.00168322397723,1,True,True,True,A_core_lia_dem_valid
SITE_004_S0058,SITE_004,-18.2604971951742,-22.8666640095608,40.0018424987793,0.0375096631753775,0.0034991472804351,0.0378454864416041,0.0034694096590641,40.00186993613713,40.00186993613713,40.00186993613713,1,True,True,True,A_core_lia_dem_valid
SITE_004_S0059,SITE_004,-16.3204210771297,-22.2127494867483,40.00719451904297,0.0368761886925333,0.0038183619526915,0.037263710214354,0.0037711500083196,40.00725976688892,40.00725976688892,40.00725976688892,1,True,True,True,A_core_lia_dem_valid
SITE_004_S0060,SITE_004,-13.0368727204791,-28.3415965507197,40.00975799560547,0.0379980682747231,0.0032747950244002,0.0380540430072097,0.0031307447936706,40.00999422395368,40.00999422395368,40.00999422395368,1,True,True,True,A_core_lia_dem_valid
SITE_004_S0061,SITE_004,-15.7062948723856,-22.3828804191627,40.00581741333008,0.037880544612805,0.0041283447610065,0.0380715785005394,0.003657429681739,40.00573340074344,40.00573340074344,40.00573340074344,1,True,True,True,A_core_lia_dem_valid
SITE_004_S0062,SITE_004,-15.8699688336408,-23.9524394741268,40.00528335571289,0.0342048726996613,0.0037937567869258,0.0346240008532725,0.0037555988138564,40.00510061114267,40.00510061114267,40.00510061114267,1,True,True,True,A_core_lia_dem_valid
SITE_004_S0063,SITE_004,-14.7505670950415,-30.6526503152491,40.00902938842773,0.0393344573097096,0.0024979641050544,0.0395663904955173,0.0029505063075189,40.00875192660847,40.00875192660847,40.00875192660847,1,True,True,True,A_core_lia_dem_valid
SITE_004_S0064,SITE_004,-15.9860735548643,-29.186429712301,40.01000213623047,0.0359939916307727,0.0032248929583139,0.0364198519551643,0.0033988820818246,40.00973945190469,40.00973945190469,40.00973945190469,1,True,True,True,A_core_lia_dem_valid
SITE_004_S0065,SITE_004,-15.1753213116232,-25.6836153521311,40.00235748291016,0.0405664058360788,0.0037876718170499,0.0410347193838269,0.0038992158130677,40.00227816184916,40.00227816184916,40.00227816184916,1,True,True,True,A_core_lia_dem_valid
SITE_004_S0066,SITE_004,-14.0074184983644,-27.2697012919724,40.00486373901367,0.0404523417188061,0.0027462063668647,0.0411347051576515,0.0032733821343141,40.00470080485515,40.00470080485515,40.00470080485515,1,True,True,True,A_core_lia_dem_valid
SITE_004_S0067,SITE_004,-17.9751850045454,-20.9325757486571,40.00672149658203,0.0360805004152158,0.0042937234668615,0.0365739213222246,0.0043527516048319,40.00656524392202,40.00656524392202,40.00656524392202,1,True,True,True,A_core_lia_dem_valid
SITE_004_S0068,SITE_004,-13.3941243589689,-22.8445347779115,40.00323486328125,0.0401473005012505,0.0039761543577899,0.0406623755710452,0.0040339862775572,40.00342774443838,40.00342774443838,40.00342774443838,1,True,True,True,A_core_lia_dem_valid
SITE_004_S0069,SITE_004,-25.1890337326184,-25.1890337326184,40.00307846069336,0.0037064390789264,0.0037064390789264,0.0037182032721775,0.0037182032721775,40.00325922579054,40.00325922579054,40.00325922579054,1,True,True,True,A_core_lia_dem_valid
SITE_004_S0070,SITE_004,-19.2450823012862,-26.5895640149398,40.00326919555664,0.0378699264302849,0.0035419735847972,0.0385432955047782,0.003579666044858,40.00306452038687,40.00306452038687,40.00306452038687,1,True,True,True,A_core_lia_dem_valid
SITE_004_S0071,SITE_004,-16.1235302300873,-27.1226215334858,40.00117874145508,0.042178569763071,0.0032195858549999,0.042553750961375,0.0032291908455813,40.00133875682123,40.00133875682123,40.00133875682123,1,True,True,True,A_core_lia_dem_valid
SITE_004_S0072,SITE_004,-16.3672303735261,-24.5708478987804,40.00143814086914,0.0424090107199218,0.003648302411654,0.042491324963393,0.0036907489126263,40.00138289706213,40.00138289706213,40.00138289706213,1,True,True,True,A_core_lia_dem_valid
SITE_004_S0073,SITE_004,-18.0783212641962,-26.7475799315719,40.00297546386719,0.0411925649353199,0.0034413664960006,0.0415367195493093,0.0035331875490615,40.0030512681612,40.0030512681612,40.0030512681612,1,True,True,True,A_core_lia_dem_valid
SITE_004_S0074,SITE_004,-15.9766899140984,-21.3477539524331,40.0032844543457,0.0407557484755913,0.0034945314801815,0.0408402097864467,0.0035209306049344,40.00338668678792,40.00338668678792,40.00338668678792,1,True,True,True,A_core_lia_dem_valid
SITE_004_S0075,SITE_004,-16.4158962371645,-24.2769872323427,40.00437927246094,0.0433936625967423,0.0035992330236291,0.0434862250227619,0.0035684156037222,40.00446612664901,40.00446612664902,40.00446612664901,1,True,True,True,A_core_lia_dem_valid
SITE_004_S0076,SITE_004,-16.655514807224,-26.1966695081419,40.00133514404297,0.0405175610259175,0.0028796331148045,0.040937852492027,0.0030535587933617,40.00103513151642,40.00103513151642,40.00103513151642,1,True,True,True,A_core_lia_dem_valid
SITE_004_S0077,SITE_004,-18.1009561145968,-27.8996102338246,39.99759674072266,0.0374196034711268,0.0030536783324024,0.0378778639757706,0.0033891733386636,39.99731858742226,39.99731858742226,39.99731858742226,1,True,True,True,A_core_lia_dem_valid
SITE_004_S0078,SITE_004,-16.2206580271915,-27.5991053109867,40.00200653076172,0.038617661351131,0.0029300040916878,0.0390466385040386,0.0032143587523323,40.00171573753417,40.00171573753417,40.00171573753417,1,True,True,True,A_core_lia_dem_valid
SITE_004_S0079,SITE_004,-15.0630286329908,-21.7688335302408,40.00764465332031,0.0400332915120654,0.0041554755618544,0.0402307577095466,0.0037664701401672,40.00786507009256,40.00786507009255,40.00786507009256,1,True,True,True,A_core_lia_dem_valid
SITE_004_S0080,SITE_004,-13.1379088482763,-20.851019466111,40.0097770690918,0.0885032658941216,0.0070051359643405,0.0885051583195174,0.0069379462706741,40.00969965997009,40.00969965997009,40.00969965997009,1,True,True,True,A_core_lia_dem_valid
SITE_004_S0081,SITE_004,-17.9096675827509,-32.3761157923918,40.00060272216797,0.0359055021736356,0.0024221981957735,0.0362473339569053,0.0025012028235944,40.00069272152577,40.00069272152577,40.00069272152577,1,True,True,True,A_core_lia_dem_valid
SITE_004_S0082,SITE_004,-17.2238403176461,-23.0916676711894,39.9975814819336,0.0353986712379588,0.0031903479324829,0.0357546597576619,0.003223212245742,39.99754621924425,39.99754621924425,39.99754621924425,1,True,True,True,A_core_lia_dem_valid
SITE_004_S0083,SITE_004,-14.5610297353404,-24.0441645533449,40.00209045410156,0.0374479057557053,0.0032875067693594,0.0375529806343493,0.0032311573439519,40.00222605472489,40.00222605472489,40.00222605472489,1,True,True,True,A_core_lia_dem_valid
SITE_004_S0084,SITE_004,-17.0175987733375,-22.9004741458938,40.00553512573242,0.0393830680722991,0.0039595820440398,0.0394703644725643,0.0035243527880119,40.00561528374451,40.0056152837445,40.00561528374451,1,True,True,True,A_core_lia_dem_valid
SITE_004_S0085,SITE_004,-14.0343917540644,-24.1204800001394,40.01091384887695,0.0393900438998308,0.0043353165333997,0.0393690272374653,0.0042988917111147,40.01081111118504,40.01081111118504,40.01081111118504,1,True,True,True,A_core_lia_dem_valid
SITE_004_S0086,SITE_004,-15.8559180387687,-23.4632512932182,40.00326919555664,0.0395572495419118,0.0038770103549718,0.0400236685045155,0.0037388335682712,40.00341795309625,40.00341795309625,40.00341795309625,1,True,True,True,A_core_lia_dem_valid
SITE_004_S0087,SITE_004,-15.6384037233563,-31.6987165923252,40.00311279296875,0.0421540298602647,0.0030572449326686,0.0422210460809277,0.003666816231607,40.00305728275369,40.00305728275369,40.00305728275369,1,True,True,True,A_core_lia_dem_valid
SITE_004_S0088,SITE_004,-17.3991428244775,-27.7697159390675,40.01052474975586,0.0405242129787802,0.0037719722375428,0.0406936778670843,0.0038237308493673,40.01036494464172,40.01036494464172,40.01036494464172,1,True,True,True,A_core_lia_dem_valid
SITE_004_S0089,SITE_004,-16.2001916029024,-23.5905383717477,40.00774002075195,0.0419682943282855,0.0038151443005367,0.0423884984110424,0.0037440246381495,40.00769132058833,40.00769132058832,40.00769132058833,1,True,True,True,A_core_lia_dem_valid
SITE_004_S0090,SITE_004,-16.1968673937945,-26.4182326829928,40.00284957885742,0.047255841443936,0.0038899489968016,0.0473201917544191,0.0038392510492462,40.00297429732988,40.00297429732988,40.00297429732988,1,True,True,True,A_core_lia_dem_valid
SITE_004_S0091,SITE_004,-14.3988992062242,-20.2971997600539,40.00407409667969,0.0421218690897027,0.0048921306070496,0.042344319851678,0.004994859495521,40.00405916991726,40.00405916991726,40.00405916991726,1,True,True,True,A_core_lia_dem_valid
SITE_004_S0092,SITE_004,-15.9879294029363,-26.2941127279558,40.00504684448242,0.0420456689823832,0.0032337066088456,0.0422431092596624,0.0034665076783055,40.0051145484373,40.0051145484373,40.0051145484373,1,True,True,True,A_core_lia_dem_valid
SITE_004_S0093,SITE_004,-14.0452697787772,-20.5517610227405,40.00587463378906,0.0444080186759432,0.0037270935953387,0.0444974524435805,0.0037554662146915,40.00606381768785,40.00606381768785,40.00606381768785,1,True,True,True,A_core_lia_dem_valid
SITE_004_S0094,SITE_004,-14.2588955431324,-21.6123093602543,40.00689315795898,0.0435393564734194,0.003757421097786,0.0435511489005552,0.0036373233067062,40.00709281343767,40.00709281343768,40.00709281343767,1,True,True,True,A_core_lia_dem_valid
SITE_004_S0095,SITE_004,-16.0946712829028,-21.3306972471744,40.0062255859375,0.0491175945765442,0.00473479219913,0.0496962072438112,0.0045278798244492,40.00607454102989,40.00607454102988,40.00607454102989,1,True,True,True,A_core_lia_dem_valid
SITE_004_S0096,SITE_004,-17.1804615902821,-22.7815702949015,40.0024528503418,0.0350524679116076,0.0045453349978152,0.0348479735078635,0.0035842147699903,40.00261896230264,40.00261896230264,40.00261896230264,1,True,True,True,A_core_lia_dem_valid
SITE_004_S0097,SITE_004,-15.4214869100488,-21.1968111788647,40.00533294677734,0.0401479008131557,0.0041664808848423,0.0405383985921924,0.00429281736623,40.0056303633634,40.00563036336339,40.0056303633634,1,True,True,True,A_core_lia_dem_valid
SITE_004_S0098,SITE_004,-13.7847493422877,-28.893082684408,40.00540924072266,0.0436094060519503,0.0032952569590739,0.0440145599973146,0.0037049366544617,40.00541892853698,40.00541892853698,40.00541892853698,1,True,True,True,A_core_lia_dem_valid
SITE_004_S0099,SITE_004,-17.7032966392648,-36.2677109112998,40.00383377075195,0.0347117113363411,0.0031934386929795,0.0354314708833893,0.0034294041946757,40.00371508900771,40.00371508900771,40.00371508900771,1,True,True,True,A_core_lia_dem_valid
SITE_004_S0100,SITE_004,-16.5547008818787,-22.571355057914,39.99911499023438,0.0362403521686792,0.0039584080808194,0.0366222498046211,0.0035950617124194,39.99917499455429,39.99917499455429,39.99917499455429,1,True,True,True,A_core_lia_dem_valid
SITE_004_S0101,SITE_004,-14.8720975170724,-27.4190538561708,40.00438690185547,0.0361828780940009,0.0033552935763469,0.0364783824389271,0.0033838178066789,40.00440265810899,40.00440265810899,40.00440265810899,1,True,True,True,A_core_lia_dem_valid
SITE_004_S0102,SITE_004,-15.5640341599552,-29.9507849269622,39.99975967407227,0.0399677974130544,0.0026653184687219,0.0402883953835677,0.0029998510520194,39.99950236732651,39.99950236732651,39.99950236732651,1,True,True,True,A_core_lia_dem_valid
SITE_004_S0103,SITE_004,-16.0587660454502,-21.462898709262,40.00127029418945,0.0388591799885034,0.003649636540144,0.039353766499754,0.0033930738984094,40.00121363695008,40.00121363695008,40.00121363695008,1,True,True,True,A_core_lia_dem_valid
SITE_004_S0104,SITE_004,-15.0679605039435,-30.3989398859355,40.00465393066406,0.0345395263760454,0.0021494050148651,0.0346011392096126,0.0025719193801904,40.00493353701254,40.00493353701254,40.00493353701254,1,True,True,True,A_core_lia_dem_valid
SITE_004_S0105,SITE_004,-15.431094955482,-24.5644589200943,40.0067024230957,0.0370794225753181,0.003467247718557,0.0375588429105226,0.0035138864921158,40.00661772208411,40.00661772208411,40.00661772208411,1,True,True,True,A_core_lia_dem_valid
SITE_004_S0106,SITE_004,-16.1753236788915,-22.9024768147925,40.13521194458008,0.0339041575727363,0.0035163984790649,0.0342095013126087,0.0032299459166664,40.13524019594189,40.13524019594189,40.13524019594189,1,True,True,True,A_core_lia_dem_valid
SITE_004_S0107,SITE_004,-18.0493710498125,-30.5619266203133,40.1384162902832,0.0370201625923315,0.003010994089023,0.0371519397755647,0.0034000490986944,40.13844716805772,40.13844716805772,40.13844716805772,1,True,True,True,A_core_lia_dem_valid
SITE_004_S0108,SITE_004,-16.7266013333197,-26.4645962349053,40.14144897460938,0.0393849958810541,0.0033367264826287,0.0395620842020452,0.0031959148271971,40.14164799215976,40.14164799215976,40.14164799215976,1,True,True,True,A_core_lia_dem_valid
SITE_004_S0109,SITE_004,-18.3360519400584,-30.3405647446872,40.13919067382812,0.0430454381534622,0.0025811900210375,0.0435470676819943,0.0027155381239676,40.13902583716416,40.13902583716416,40.13902583716416,1,True,True,True,A_core_lia_dem_valid
SITE_004_S0110,SITE_004,-14.9388167213279,-30.070108945701,39.99026107788086,0.0398573591311772,0.002351988003328,0.0401353038875041,0.0025359557456302,39.99015545408808,39.99015545408808,39.99015545408808,1,True,True,True,A_core_lia_dem_valid
SITE_004_S0111,SITE_004,-14.4361627234627,-21.5997643905849,39.98873519897461,0.040080919921812,0.0049731317753438,0.040579149990492,0.0044114398389665,39.98866211029217,39.98866211029217,39.98866211029217,1,True,True,True,A_core_lia_dem_valid
SITE_004_S0112,SITE_004,-15.1404647360556,-23.7301271834464,39.99356079101562,0.0400432117614481,0.0035396235556957,0.039827063343959,0.0035884815362197,39.99375073190218,39.99375073190218,39.99375073190218,1,True,True,True,A_core_lia_dem_valid
SITE_004_S0113,SITE_004,-15.198267624952,-20.5457332602365,39.98297500610352,0.0448440114698476,0.0053036444064336,0.0451763796341823,0.0041910345233801,39.98306540286902,39.98306540286902,39.98306540286902,1,True,True,True,A_core_lia_dem_valid
SITE_004_S0114,SITE_004,-17.7844555381697,-22.7053186521914,39.98844909667969,0.0419763675683902,0.0042816296812582,0.0420074409046382,0.0040282650055201,39.98845152695272,39.98845152695272,39.98845152695272,1,True,True,True,A_core_lia_dem_valid
SITE_004_S0115,SITE_004,-16.6192854830328,-23.2317707890273,39.98250579833984,0.0459404865238401,0.0033584324804703,0.0462806667221917,0.0035334224060957,39.98248266307476,39.98248266307476,39.98248266307476,1,True,True,True,A_core_lia_dem_valid
SITE_004_S0116,SITE_004,-15.5096877693313,-22.8966193307947,39.98662948608398,0.0423918092250824,0.0046085556050221,0.0428690267722179,0.004484981515556,39.98647235648522,39.98647235648522,39.98647235648522,1,True,True,True,A_core_lia_dem_valid
SITE_004_S0117,SITE_004,-17.0554913020505,-22.8095503487846,39.98363876342773,0.0453881357941362,0.0047538539165084,0.0453129723649701,0.003352124645456,39.98356740017513,39.98356740017513,39.98356740017513,1,True,True,True,A_core_lia_dem_valid
SITE_004_S0118,SITE_004,-14.456812847754,-37.5683551664892,40.36018753051758,0.0442213393520149,0.0028063811713441,0.0443340093975909,0.003126212648214,40.36006407949893,40.36006407949893,40.36006407949893,1,True,True,True,A_core_lia_dem_valid
SITE_004_S0119,SITE_004,-16.3175055973976,-26.6849289432587,40.36172485351562,0.0412167958211567,0.0042317130900181,0.0409835282138284,0.004081019014073,40.36195595196746,40.36195595196746,40.36195595196746,1,True,True,True,A_core_lia_dem_valid
SITE_004_S0120,SITE_004,-14.7042016301976,-24.6514077793832,40.35851287841797,0.042524307599912,0.0033275710911636,0.042464218173452,0.0033475849312168,40.35864737150604,40.35864737150604,40.35864737150604,1,True,True,True,A_core_lia_dem_valid
SITE_004_S0121,SITE_004,-13.2113651863291,-21.1973765182076,40.35750579833984,0.0515553991330994,0.006544273741154,0.0523740225786596,0.0050997367080408,40.35773562271537,40.35773562271537,40.35773562271537,1,True,True,True,A_core_lia_dem_valid
SITE_004_S0122,SITE_004,-14.5234839859063,-28.0545611990342,40.35215377807617,0.0373890304482645,0.0030145542143792,0.0377144051009766,0.0029919878189717,40.35197553216339,40.35197553216339,40.35197553216339,1,True,True,True,A_core_lia_dem_valid
SITE_004_S0123,SITE_004,-14.8989037457599,-27.4814937935729,40.37066650390625,0.036418129230539,0.0025575499408404,0.0366132686365349,0.0026844515148769,40.37063166019667,40.37063166019667,40.37063166019667,1,True,True,True,A_core_lia_dem_valid
SITE_004_S0124,SITE_004,-12.853307015393,-29.1983341286781,40.36606979370117,0.0373708049746023,0.0031018994841077,0.0375052607799937,0.0029247265696415,40.36587133051698,40.36587133051698,40.36587133051698,1,True,True,True,A_core_lia_dem_valid
SITE_004_S0125,SITE_004,-15.6346063191639,-23.7974164271461,40.36603164672852,0.0379648956656456,0.0034913061765595,0.0381482751175393,0.0032776430626984,40.36578226722048,40.36578226722048,40.36578226722048,1,True,True,True,A_core_lia_dem_valid
SITE_004_S0126,SITE_004,-16.9083135412335,-26.7017693512969,40.35565948486328,0.0395990176664458,0.0033677786280068,0.0399845347535095,0.0032489931093278,40.35594973698745,40.35594973698745,40.35594973698745,1,True,True,True,A_core_lia_dem_valid
SITE_004_S0127,SITE_004,-18.3794506935329,-25.7291172022608,40.36170959472656,0.0378264146339562,0.0029316759335865,0.0375154038445081,0.0030187533344845,40.36154682667165,40.36154682667165,40.36154682667165,1,True,True,True,A_core_lia_dem_valid
SITE_004_S0128,SITE_004,-15.2645918480364,-21.9568934809333,40.34636688232422,0.0402566666901111,0.0042439410951801,0.0402168248911146,0.0038612428510855,40.34668830808648,40.34668830808648,40.34668830808648,1,True,True,True,A_core_lia_dem_valid
SITE_004_S0129,SITE_004,-16.2117366875618,-32.5996832158218,40.35490036010742,0.0484564310477839,0.0027940404239276,0.0485557688335761,0.0030271625229932,40.355118301816,40.355118301816,40.355118301816,1,True,True,True,A_core_lia_dem_valid
SITE_004_S0130,SITE_004,-16.6987430798915,-25.6506184280274,40.36248779296875,0.0379838223879536,0.0028119001443019,0.037814972155072,0.003023169679085,40.36245239615478,40.36245239615478,40.36245239615478,1,True,True,True,A_core_lia_dem_valid
SITE_004_S0131,SITE_004,-17.3324088838976,-27.2895166134091,40.36056518554688,0.043902494865987,0.0032329807358069,0.0437291754851186,0.0031943211189921,40.3605179062736,40.3605179062736,40.3605179062736,1,True,True,True,A_core_lia_dem_valid
SITE_004_S0132,SITE_004,-15.2420397929856,-28.595086249935,40.36444473266602,0.0342254730645153,0.0028863196381079,0.0342217362623799,0.0030646046491708,40.36446908897035,40.36446908897035,40.36446908897035,1,True,True,True,A_core_lia_dem_valid
SITE_004_S0133,SITE_004,-14.2151892566872,-34.2540166361984,40.354248046875,0.0393825110958682,0.0031136272768748,0.0395159411411962,0.0030932579604432,40.35425211347488,40.35425211347488,40.35425211347488,1,True,True,True,A_core_lia_dem_valid
SITE_004_S0134,SITE_004,-13.6010055140131,-28.9341291071432,40.37043762207031,0.0468315131051672,0.0029354257073106,0.0470625366702859,0.0031257643117503,40.37038807207607,40.37038807207607,40.37038807207607,1,True,True,True,A_core_lia_dem_valid
SITE_004_S0135,SITE_004,-15.6019758522881,-27.9981689460275,40.359130859375,0.0357138942554593,0.002511363804956,0.0356876519520157,0.0026533697002324,40.35903679722488,40.35903679722488,40.35903679722488,1,True,True,True,A_core_lia_dem_valid
SITE_004_S0136,SITE_004,-17.0024218898752,-29.4529648573668,40.36116409301758,0.0366826022540529,0.0027137120876133,0.0369241435655657,0.0027044755338668,40.36120726604654,40.36120726604654,40.36120726604654,1,True,True,True,A_core_lia_dem_valid
SITE_004_S0137,SITE_004,-14.7634733298565,-32.9215160734414,40.36120986938477,0.0382427146989438,0.0020702465179765,0.0381479366247852,0.002671210792548,40.36132152556167,40.36132152556167,40.36132152556167,1,True,True,True,A_core_lia_dem_valid
SITE_004_S0138,SITE_004,-15.2273856195273,-26.3739468582862,40.35847473144531,0.0386859614195095,0.0034275796041927,0.038693183781924,0.0035064435584518,40.35827875816585,40.35827875816585,40.35827875816585,1,True,True,True,A_core_lia_dem_valid
SITE_004_S0139,SITE_004,-13.2755613882163,-22.637286738838,40.35868835449219,0.0400036354218092,0.0037750863001888,0.0400055315747949,0.0037859223993123,40.35895429201069,40.35895429201069,40.35895429201069,1,True,True,True,A_core_lia_dem_valid
SITE_004_S0140,SITE_004,-13.4459554276257,-30.2325462503575,40.36098098754883,0.0382153557737668,0.0031304318434894,0.0383326139475828,0.0037875556422225,40.36091318496709,40.36091318496708,40.36091318496709,1,True,True,True,A_core_lia_dem_valid
SITE_004_S0141,SITE_004,-12.91661641446,-25.8470245834322,40.36225128173828,0.0430793279492192,0.0033967765496239,0.0426116740620798,0.0032915197626239,40.36244081456199,40.36244081456199,40.36244081456199,1,True,True,True,A_core_lia_dem_valid
SITE_004_S0142,SITE_004,-11.7278812836319,-23.5862010841705,40.35696029663086,0.0440131401063667,0.0037785890133537,0.0443059035280236,0.0036037185609331,40.35697499772973,40.35697499772974,40.35697499772973,1,True,True,True,A_core_lia_dem_valid
SITE_004_S0143,SITE_004,-13.9711007453522,-22.5728904262939,40.35550308227539,0.0446761685527033,0.0045196307784336,0.0445947024014628,0.0040747712375456,40.35570931457232,40.35570931457231,40.35570931457232,1,True,True,True,A_core_lia_dem_valid
SITE_004_S0144,SITE_004,-15.4089256673327,-29.4267196866255,40.35666275024414,0.0442817947910063,0.0036897692136674,0.0445209049458765,0.0037838120176281,40.35684580145833,40.35684580145833,40.35684580145833,1,True,True,True,A_core_lia_dem_valid
SITE_004_S0145,SITE_004,-16.6219815762643,-25.4672157883935,40.37131118774414,0.047497754883435,0.00425561074064,0.0476667154695332,0.0042515761299198,40.37145584881908,40.37145584881908,40.37145584881908,1,True,True,True,A_core_lia_dem_valid
SITE_004_S0146,SITE_004,-12.4860343591632,-24.4185298121189,40.35771560668945,0.0471269305878215,0.0044320264836206,0.0469644467054325,0.0043162778400719,40.35769154003044,40.35769154003043,40.35769154003044,1,True,True,True,A_core_lia_dem_valid
SITE_004_S0147,SITE_004,-14.8470917691058,-23.7416454707131,40.35783386230469,0.0431379709185825,0.0036902537668999,0.0431487586740174,0.0032172938174523,40.35776817866391,40.35776817866391,40.35776817866391,1,True,True,True,A_core_lia_dem_valid
SITE_004_S0148,SITE_004,-12.5336065303258,-37.5123021724131,40.36544418334961,0.043648635049661,0.0022668581363009,0.0434896388695931,0.0026806105874663,40.36521023902954,40.36521023902954,40.36521023902954,1,True,True,True,A_core_lia_dem_valid
SITE_004_S0149,SITE_004,-16.5524755690515,-25.6032243406873,40.36180114746094,0.0357224169932305,0.0033286378371747,0.0357917036858881,0.0041250629429278,40.3617253386286,40.3617253386286,40.3617253386286,1,True,True,True,A_core_lia_dem_valid
SITE_004_S0150,SITE_004,-15.1093667547067,-23.1369848351564,40.35673904418945,0.0397685023107462,0.0041904877311743,0.0397858286041904,0.0038269705176867,40.3566991249017,40.3566991249017,40.3566991249017,1,True,True,True,A_core_lia_dem_valid
SITE_004_S0151,SITE_004,-17.6380439623634,-23.9821779488052,40.35493087768555,0.0393829400216539,0.0037945478083329,0.0395152158005002,0.004111241794175,40.35487486820336,40.35487486820336,40.35487486820336,1,True,True,True,A_core_lia_dem_valid
SITE_004_S0152,SITE_004,-12.1189777165904,-22.3436473598316,40.36531066894531,0.036113634246091,0.0050253619011094,0.036175483835884,0.0039057353104535,40.36560767141132,40.36560767141132,40.36560767141132,1,True,True,True,A_core_lia_dem_valid
SITE_004_S0153,SITE_004,-13.2340545501182,-29.8477643418753,40.36289596557617,0.0378897842143972,0.0028074932994495,0.038024866618216,0.0030480450462213,40.36304373102246,40.36304373102246,40.36304373102246,1,True,True,True,A_core_lia_dem_valid
SITE_004_S0154,SITE_004,-12.0645044767151,-23.4659690737061,40.36050033569336,0.0392531815171241,0.0025882575509009,0.0394244954960397,0.0037981948490526,40.36072483827129,40.36072483827129,40.36072483827129,1,True,True,True,A_core_lia_dem_valid
SITE_004_S0155,SITE_004,-13.2564932166354,-25.7354076516749,40.35263824462891,0.0526933393710189,0.0037895960575156,0.0533299227491205,0.0039540028603442,40.35294284206062,40.35294284206062,40.35294284206062,1,True,True,True,A_core_lia_dem_valid
SITE_004_S0156,SITE_004,-14.8115672959588,-28.4324958509038,40.36147689819336,0.0391856124872962,0.0024373412806659,0.0392620434414273,0.0030644012116723,40.36159582443165,40.36159582443165,40.36159582443165,1,True,True,True,A_core_lia_dem_valid
SITE_004_S0157,SITE_004,-13.3713649101904,-23.5880848024757,40.36090087890625,0.0507818782702088,0.0052165561870464,0.0509153773332083,0.005293881941493,40.36066404004785,40.36066404004785,40.36066404004785,1,True,True,True,A_core_lia_dem_valid
SITE_004_S0158,SITE_004,-13.8893704666988,-24.3438914701184,40.36132431030273,0.0380299461674359,0.0032421990383314,0.0380334841340412,0.0030022736453038,40.36121663844845,40.36121663844846,40.36121663844845,1,True,True,True,A_core_lia_dem_valid
SITE_004_S0159,SITE_004,-12.4218785351701,-20.9504143109905,40.36822128295898,0.0389199708360764,0.0061098129143741,0.0390819418076195,0.0041977133017573,40.36821487455657,40.36821487455657,40.36821487455657,1,True,True,True,A_core_lia_dem_valid
SITE_004_S0160,SITE_004,-11.6994525568298,-25.9430624441485,40.35630416870117,0.0535056598815653,0.003115638596572,0.0537397533563184,0.0029004611156195,40.35647356585515,40.35647356585515,40.35647356585515,1,True,True,True,A_core_lia_dem_valid
SITE_004_S0161,SITE_004,-15.5105027935968,-22.5390824877505,40.36256790161133,0.0366249053345786,0.0041393204150079,0.0366315845941641,0.003405527762734,40.36247143480514,40.36247143480514,40.36247143480514,1,True,True,True,A_core_lia_dem_valid
SITE_004_S0162,SITE_004,-13.6384208992888,-23.8959217169146,40.36552047729492,0.0444218080076906,0.0037466971918068,0.0441523654492181,0.0038895586119631,40.36558935082058,40.36558935082058,40.36558935082058,1,True,True,True,A_core_lia_dem_valid
SITE_004_S0163,SITE_004,-15.5227260620655,-22.7573665896122,40.36095809936523,0.0325549726074354,0.0041170213077657,0.0327177770161012,0.0043162343563034,40.36098494665103,40.36098494665103,40.36098494665103,1,True,True,True,A_core_lia_dem_valid
SITE_004_S0164,SITE_004,-15.0008521586948,-23.5744064805193,40.35662078857422,0.0388040004712012,0.0041264268888512,0.0389785673519895,0.0040664931845367,40.35654864768789,40.3565486476879,40.35654864768789,1,True,True,True,A_core_lia_dem_valid
SITE_004_S0165,SITE_004,-14.3890104309613,-24.5057391542837,40.34879302978516,0.0426651099075873,0.0037901162465115,0.0425653444920425,0.0037602602441393,40.34873203445333,40.34873203445333,40.34873203445333,1,True,True,True,A_core_lia_dem_valid
SITE_004_S0166,SITE_004,-16.6770267946934,-21.6565401732543,40.34943771362305,0.0461954405696855,0.0052277272240336,0.0462501090971959,0.0047340381295369,40.34944980155071,40.34944980155071,40.34944980155071,1,True,True,True,A_core_lia_dem_valid
SITE_004_S0167,SITE_004,-16.3539685890012,-20.5223646322333,40.34591293334961,0.0391412900098496,0.0051353428379964,0.0392843403970753,0.0044488478402722,40.34575892217231,40.34575892217231,40.34575892217231,1,True,True,True,A_core_lia_dem_valid
SITE_004_S0168,SITE_004,-14.043434973326,-23.6831102110364,40.35179901123047,0.0412656207837992,0.0042140778497661,0.0416518733457282,0.0040911124622079,40.35179798340503,40.35179798340503,40.35179798340503,1,True,True,True,A_core_lia_dem_valid
SITE_004_S0169,SITE_004,-14.9037434353807,-25.2255912698982,40.36337280273438,0.0401154067243138,0.0037043950216511,0.0403380123705223,0.0042392898170223,40.36357289764481,40.36357289764481,40.36357289764481,1,True,True,True,A_core_lia_dem_valid
SITE_004_S0170,SITE_004,-16.1140415569895,-27.9385461232505,40.35713577270508,0.0357665365727411,0.0024235223695066,0.035704264987582,0.0029214440485642,40.35690957127197,40.35690957127197,40.35690957127197,1,True,True,True,A_core_lia_dem_valid
SITE_004_S0171,SITE_004,-15.1631578147946,-24.367375124112,40.35621643066406,0.0366569426986906,0.0034098441927388,0.0369401690313293,0.0032991633858703,40.3559360944076,40.3559360944076,40.3559360944076,1,True,True,True,A_core_lia_dem_valid
SITE_004_S0172,SITE_004,-15.728711550206,-23.8989466380036,40.36125564575195,0.0401508250253068,0.0036550970213484,0.0401101547635999,0.0036162741633028,40.36152337110496,40.36152337110496,40.36152337110496,1,True,True,True,A_core_lia_dem_valid
SITE_004_S0173,SITE_004,-15.2722012991679,-30.9072075412263,40.36771011352539,0.0411437060063083,0.0029548607398493,0.0408786646681435,0.0031829541868685,40.36745495922797,40.36745495922797,40.36745495922797,1,True,True,True,A_core_lia_dem_valid
SITE_004_S0174,SITE_004,-15.7297139873462,-25.163516192153,40.35653305053711,0.0429775926429364,0.0035019071890918,0.0429859196583245,0.0035354821847875,40.35666256233988,40.35666256233988,40.35666256233988,1,True,True,True,A_core_lia_dem_valid
SITE_004_S0175,SITE_004,-16.1922667159706,-24.1917024398209,40.35553359985352,0.0399978397786617,0.0032697964450746,0.0397760711345867,0.0032175297425683,40.35568855590434,40.35568855590434,40.35568855590434,1,True,True,True,A_core_lia_dem_valid
SITE_004_S0176,SITE_004,-13.7778468761785,-24.0733407352349,40.36386489868164,0.041892114256819,0.0034003889541427,0.0419114371642102,0.0036777453862137,40.36386498331835,40.36386498331835,40.36386498331835,1,True,True,True,A_core_lia_dem_valid
SITE_004_S0177,SITE_004,-15.5895957855936,-23.6653449264656,40.35947418212891,0.0395471598621871,0.0040642934731328,0.0394225719782673,0.0039038106624379,40.35920959925697,40.35920959925697,40.35920959925697,1,True,True,True,A_core_lia_dem_valid
SITE_004_S0178,SITE_004,-16.0698932960026,-30.8240957677435,40.35792922973633,0.0413902990395824,0.0021146280994496,0.0415281009618882,0.0035087828898703,40.35775101700528,40.35775101700527,40.35775101700528,1,True,True,True,A_core_lia_dem_valid
SITE_004_S0179,SITE_004,-13.551147848222,-22.6286120521354,40.34758758544922,0.044185883787771,0.0040706368199622,0.0441332788227332,0.0039836102235846,40.34767967830703,40.34767967830702,40.34767967830703,1,True,True,True,A_core_lia_dem_valid
SITE_004_S0180,SITE_004,-14.9878969223408,-21.5199610925107,40.35964584350586,0.0410305446593297,0.0032528272835204,0.0412405837515806,0.0033492787965043,40.35962422487859,40.35962422487859,40.35962422487859,1,True,True,True,A_core_lia_dem_valid
SITE_004_S0181,SITE_004,-15.6254019035676,-26.8751171108726,40.36576843261719,0.0375168397422466,0.0029228079082282,0.0377438954703141,0.0031034736635816,40.36566525631837,40.36566525631837,40.36566525631837,1,True,True,True,A_core_lia_dem_valid
SITE_004_S0182,SITE_004,-16.6571727144334,-24.4805034447108,40.36122894287109,0.0427274409184853,0.0037696369976744,0.0426858840781597,0.0035643380188876,40.3612017598438,40.3612017598438,40.3612017598438,1,True,True,True,A_core_lia_dem_valid
SITE_004_S0183,SITE_004,-15.1648510876197,-27.3116036856344,40.34748840332031,0.0409435233556562,0.0024226596656598,0.0409309044066402,0.0023735792997194,40.34762753169345,40.34762753169345,40.34762753169345,1,True,True,True,A_core_lia_dem_valid
SITE_004_S0184,SITE_004,-11.9927807885676,-22.8012037635104,40.35044097900391,0.0453557896448506,0.0042496111764784,0.0454704035832374,0.0032814710280448,40.35065666251781,40.35065666251781,40.35065666251781,1,True,True,True,A_core_lia_dem_valid
SITE_004_S0185,SITE_004,-13.4184764896023,-25.9730974951772,40.35078430175781,0.0437585925683379,0.0031151015354737,0.0437662232184299,0.0036511196796356,40.35085097629411,40.35085097629412,40.35085097629411,1,True,True,True,A_core_lia_dem_valid
SITE_004_S0186,SITE_004,-13.9646238335843,-23.3771428017593,40.34684371948242,0.0475618357169959,0.0044736223223493,0.0473803333979513,0.0039903790210475,40.34700197568232,40.34700197568231,40.34700197568232,1,True,True,True,A_core_lia_dem_valid
SITE_004_S0187,SITE_004,-16.7944371322677,-26.0686258077263,40.34523391723633,0.0455108907280696,0.0035666806647008,0.0455381618440151,0.0045490827016289,40.34503806119014,40.34503806119013,40.34503806119014,1,True,True,True,A_core_lia_dem_valid
SITE_004_S0188,SITE_004,-12.8023423185216,-24.7681954492834,40.35353088378906,0.0453537734059823,0.0041294784967322,0.0453836542777257,0.0043395278658242,40.35363485967252,40.35363485967252,40.35363485967252,1,True,True,True,A_core_lia_dem_valid
SITE_004_S0189,SITE_004,-15.7222377445173,-24.3657840931254,40.35798263549805,0.0421353290478388,0.0038572343213709,0.0418312522286066,0.0040211431080575,40.35789612081568,40.35789612081568,40.35789612081568,1,True,True,True,A_core_lia_dem_valid
SITE_004_S0190,SITE_004,-16.1573670993099,-28.7587227585637,40.35883712768555,0.0422879047940174,0.0024126812159479,0.0427180919704245,0.0026199012814348,40.35876550791805,40.35876550791805,40.35876550791805,1,True,True,True,A_core_lia_dem_valid
SITE_004_S0191,SITE_004,-14.0183943710103,-22.4008335467102,40.35676956176758,0.0388810464988152,0.0042838078779717,0.0389890300344537,0.0040443050369088,40.35650630189915,40.35650630189915,40.35650630189915,1,True,True,True,A_core_lia_dem_valid
SITE_004_S0192,SITE_004,-14.6394445609081,-25.9366279921661,40.35932159423828,0.0371738544003003,0.0033239416417347,0.0375459173273433,0.0034311774327909,40.35933448374743,40.35933448374743,40.35933448374743,1,True,True,True,A_core_lia_dem_valid
SITE_004_S0193,SITE_004,-15.3514304369708,-26.9452995625655,40.36835861206055,0.0356048734424014,0.0030293423972799,0.0357509837925066,0.0032063059930088,40.36844018344554,40.36844018344554,40.36844018344554,1,True,True,True,A_core_lia_dem_valid
SITE_004_S0194,SITE_004,-16.6535337153302,-25.3780247488064,40.1908073425293,0.0362590842487083,0.0032187914399859,0.0365348209385518,0.003041613911591,40.190632626024,40.19063262602402,40.190632626024,1,True,True,True,A_core_lia_dem_valid
SITE_004_S0195,SITE_004,-14.695962285059,-24.4484242382859,40.1894416809082,0.0352972284497486,0.0033993559278005,0.0357682030096098,0.0032011093943453,40.18959853263816,40.18959853263816,40.18959853263816,1,True,True,True,A_core_lia_dem_valid
SITE_004_S0196,SITE_004,-12.5067550530355,-27.1512754599228,40.18026733398438,0.0531032854277226,0.0026978156091517,0.0533462432270616,0.0026520804440511,40.18039275349226,40.18039275349226,40.18039275349226,1,True,True,True,A_core_lia_dem_valid
SITE_004_S0197,SITE_004,-12.8318333929704,-24.0535607983865,40.18617248535156,0.0433311614683932,0.0032114568514458,0.0433838813931301,0.0026157437905735,40.18625791860013,40.18625791860013,40.18625791860013,1,True,True,True,A_core_lia_dem_valid
SITE_005_S0001,SITE_005,-11.4550920029188,-14.9147331391159,31.62108993530273,0.0921525820013549,0.0299250136688351,0.0919117612097366,0.0300936157757669,31.62097067954366,31.62097067954367,31.62097067954366,1,True,True,True,A_core_lia_dem_valid
SITE_005_S0002,SITE_005,-15.4170425395259,-16.1540694896891,37.21812057495117,0.0830429657134744,0.029491421961122,0.0835086000683131,0.0292298502157683,37.21820282532504,37.21820282532504,37.21820282532504,1,True,True,True,A_core_lia_dem_valid
SITE_005_S0003,SITE_005,-10.9657589870381,-18.797280258518,31.61639976501465,0.1061863124370574,0.0290453481963939,0.1051870444416999,0.0289236863353002,31.61638589556589,31.61638589556589,31.61638589556589,1,True,True,True,A_core_lia_dem_valid
SITE_005_S0004,SITE_005,-11.5548964348784,-15.0534846550381,37.21510314941406,0.0768924204177326,0.0245341013992826,0.076769177382007,0.0246461335615611,37.21487404001378,37.21487404001378,37.21487404001378,1,True,True,True,A_core_lia_dem_valid
SITE_005_S0005,SITE_005,-13.8125935989408,-15.0337101548297,37.22528076171875,0.0918928016225496,0.0271459591016173,0.0918909362933518,0.0269821409628163,37.22504202295406,37.22504202295406,37.22504202295406,1,True,True,True,A_core_lia_dem_valid
SITE_005_S0006,SITE_005,-5.90517547622524,-11.7413440128029,31.61782455444336,0.1643141039295329,0.0470510696950886,0.1642027712962877,0.0468188414363949,31.61803787696011,31.61803787696011,31.61803787696011,1,True,True,True,A_core_lia_dem_valid
SITE_005_S0007,SITE_005,-13.9246129359514,-16.5118067295811,37.22099685668945,0.0820223188731405,0.0226675421785977,0.0823565966001263,0.0226496551599767,37.22091696157396,37.22091696157396,37.22091696157396,1,True,True,True,A_core_lia_dem_valid
SITE_005_S0008,SITE_005,-12.3604672325827,-17.4977592420103,31.62007141113281,0.0906561884449587,0.020624858436899,0.0901190288254508,0.020681529469834,31.61987724806763,31.61987724806763,31.61987724806763,1,True,True,True,A_core_lia_dem_valid
SITE_005_S0009,SITE_005,-11.2835509086498,-12.5207748747343,37.21701431274414,0.1256683456732167,0.0407481816411018,0.1277360584761625,0.0407671713957816,37.21701131154545,37.21701131154545,37.21701131154545,1,True,True,True,A_core_lia_dem_valid
SITE_005_S0010,SITE_005,-7.33484340936219,-14.2749257422921,31.62216377258301,0.0963096778011984,0.0277242029520372,0.0968286961133097,0.0275269760485784,31.62214936123845,31.62214936123845,31.62214936123845,1,True,True,True,A_core_lia_dem_valid
SITE_005_S0011,SITE_005,-10.9777960965816,-14.0218026623703,37.22215270996094,0.0779364356978072,0.0260776917636394,0.0777927618473768,0.0260629372068761,37.2224686003062,37.2224686003062,37.2224686003062,1,True,True,True,A_core_lia_dem_valid
SITE_005_S0012,SITE_005,-12.7441718371053,-17.5705977246087,31.61817932128906,0.0813375368962685,0.0260551544754869,0.0813647270018671,0.0257237367596431,31.61822052936459,31.61822052936459,31.61822052936459,1,True,True,True,A_core_lia_dem_valid
SITE_005_S0013,SITE_005,-8.21684911730365,-16.4797291611113,31.62963485717773,0.1161039872467517,0.0295213485033147,0.1161937891002054,0.0295857795164632,31.62994394036213,31.62994394036213,31.62994394036213,1,True,True,True,A_core_lia_dem_valid
SITE_005_S0014,SITE_005,-11.2252754631343,-17.5328006766786,37.22689819335938,0.077919774370061,0.0256713867684205,0.0789781912535796,0.0256654438838638,37.22671365287219,37.22671365287219,37.22671365287219,1,True,True,True,A_core_lia_dem_valid
SITE_005_S0015,SITE_005,-7.59759385502575,-21.1571348774753,31.62454223632812,0.1068779903650283,0.0270203746627602,0.1059864271349377,0.0270972011385508,31.62475878617896,31.62475878617896,31.62475878617896,1,True,True,True,A_core_lia_dem_valid
SITE_005_S0016,SITE_005,-10.8451407080385,-14.5229870535601,31.64294624328613,0.0910853467633326,0.0255987882489959,0.0923667024379527,0.0252058346679917,31.64299184778235,31.64299184778234,31.64299184778235,1,True,True,True,A_core_lia_dem_valid
SITE_005_S0017,SITE_005,-12.6552181600358,-17.0019643353575,37.25252532958984,0.0848203013671769,0.0259960294473502,0.0842442385079684,0.0259124237252974,37.25277094331178,37.25277094331178,37.25277094331178,1,True,True,True,A_core_lia_dem_valid
SITE_005_S0018,SITE_005,-10.6686569754173,-15.9639787154884,31.6347541809082,0.1144047699040836,0.0365565665728516,0.1155119112520306,0.0365184941630304,31.63450371042727,31.63450371042727,31.63450371042727,1,True,True,True,A_core_lia_dem_valid
SITE_005_S0019,SITE_005,-11.0310987114841,-17.2790112640073,37.23537826538086,0.0780924613856607,0.0265982502119408,0.0783673766328964,0.0263117859871299,37.2354509688113,37.2354509688113,37.2354509688113,1,True,True,True,A_core_lia_dem_valid
SITE_005_S0020,SITE_005,-13.9297922192426,-18.5190905993756,31.61395645141602,0.0643056477978825,0.0190860691666603,0.0643922582259516,0.0190253020972473,31.6137983888837,31.6137983888837,31.6137983888837,1,True,True,True,A_core_lia_dem_valid
SITE_005_S0021,SITE_005,-9.2615384333144,-15.2555097600063,37.2465705871582,0.1194564177758163,0.0357405636997686,0.1191952446443431,0.0356214374529174,37.24647512378951,37.24647512378951,37.24647512378951,1,True,True,True,A_core_lia_dem_valid
SITE_005_S0022,SITE_005,-9.20820732076292,-11.5621311822269,31.61845779418945,0.1156650346683131,0.0298309083593388,0.1158050275069695,0.0299138497499128,31.61805152713127,31.61805152713127,31.61805152713127,1,True,True,True,A_core_lia_dem_valid
SITE_005_S0023,SITE_005,-12.3661930245327,-13.2592096731516,37.25280380249024,0.1041813219587008,0.0338278041386769,0.1042556419931812,0.0337820086184383,37.25311251279325,37.25311251279325,37.25311251279325,1,True,True,True,A_core_lia_dem_valid
SITE_005_S0024,SITE_005,-11.7531472104169,-17.4015124209952,37.24966430664063,0.0711794527040587,0.026805687751621,0.0714947487229918,0.0267065127005363,37.24968173584024,37.24968173584024,37.24968173584024,1,True,True,True,A_core_lia_dem_valid
SITE_005_S0025,SITE_005,-10.019742994281,-16.5585758588157,31.64344215393066,0.0889667443020476,0.0263496946895288,0.0886425547853664,0.026396363813568,31.64309709124431,31.64309709124431,31.64309709124431,1,True,True,True,A_core_lia_dem_valid
SITE_005_S0026,SITE_005,-13.3615452615301,-17.8011623726002,37.24808883666992,0.0760966712236404,0.0281698386205567,0.0752182215295824,0.0278298536412141,37.24822288182513,37.24822288182513,37.24822288182513,1,True,True,True,A_core_lia_dem_valid
SITE_005_S0027,SITE_005,-11.5095289633757,-17.9905344279302,31.6412124633789,0.081983525475694,0.0245964975551598,0.0829026233408572,0.0248608244192085,31.64106399567341,31.64106399567342,31.64106399567341,1,True,True,True,A_core_lia_dem_valid
SITE_005_S0028,SITE_005,-13.1731733670081,-17.382593079854,31.61296081542969,0.0853565347111887,0.0246122721003161,0.0865237464728178,0.0247352032462295,31.6130846541568,31.6130846541568,31.6130846541568,1,True,True,True,A_core_lia_dem_valid
SITE_005_S0029,SITE_005,-12.8792014234279,-15.3084016860498,37.24675369262695,0.0832512588550647,0.0300635983008477,0.0833092399033499,0.0299872773278642,37.24669015381396,37.24669015381396,37.24669015381396,1,True,True,True,A_core_lia_dem_valid
SITE_005_S0030,SITE_005,-8.57617123066377,-13.5671955318054,42.28190994262695,0.0967234679725435,0.0313956818232933,0.0979942532343629,0.0313120950620483,42.28189856564891,42.28189856564891,42.28189856564891,1,True,True,True,A_core_lia_dem_valid
SITE_005_S0031,SITE_005,-11.1500968024251,-17.6902637232254,31.63097763061523,0.0672166241705417,0.0204965656023058,0.0675011307047105,0.0208756142636232,31.63058150098793,31.63058150098793,31.63058150098793,1,True,True,True,A_core_lia_dem_valid
SITE_005_S0032,SITE_005,-14.1388786384737,-20.5381780260644,37.2204704284668,0.0490926114966472,0.0145122506847191,0.0484871404622624,0.0145099121806453,37.2207101036309,37.2207101036309,37.2207101036309,1,True,True,True,A_core_lia_dem_valid
SITE_005_S0033,SITE_005,-10.8115730074344,-19.2708920714653,31.61703872680664,0.0883236486671699,0.0231926385106311,0.0882349597888044,0.0228953354699928,31.61703566846144,31.61703566846144,31.61703566846144,1,True,True,True,A_core_lia_dem_valid
SITE_005_S0034,SITE_005,-13.7554756891818,-17.482374784925,37.25135040283203,0.0636445172131061,0.0263166582625773,0.0632234009180539,0.0261739896587383,37.25163758045107,37.25163758045107,37.25163758045107,1,True,True,True,A_core_lia_dem_valid
SITE_005_S0035,SITE_005,-10.1184871606129,-14.2336147016813,42.28618621826172,0.0608382385141319,0.0231595838566621,0.0608297789446365,0.0229591734302632,42.28604001620792,42.28604001620792,42.28604001620792,1,True,True,True,A_core_lia_dem_valid
SITE_005_S0036,SITE_005,-12.5519848077863,-15.5805814933031,31.63324356079102,0.0565234230127599,0.0186359139459414,0.0566456892479349,0.0188502289268567,31.6334209016284,31.6334209016284,31.6334209016284,1,True,True,True,A_core_lia_dem_valid
SITE_005_S0037,SITE_005,-12.2325350896987,-18.5671668540121,37.22072219848633,0.0665909365067879,0.0237870725658204,0.0661879913223746,0.0235476709890788,37.22066010947359,37.22066010947359,37.22066010947359,1,True,True,True,A_core_lia_dem_valid
SITE_005_S0038,SITE_005,-9.62291975128473,-15.9863981105157,31.62098693847656,0.0867285981608761,0.0300582792485753,0.0868526704774962,0.0298449487648444,31.62091609932063,31.62091609932063,31.62091609932063,1,True,True,True,A_core_lia_dem_valid
SITE_005_S0039,SITE_005,-10.237767304378,-17.1588320729492,37.25454330444336,0.0686817823309037,0.0258408925371865,0.0692859031673934,0.0257259341791548,37.2544991231385,37.2544991231385,37.2544991231385,1,True,True,True,A_core_lia_dem_valid
SITE_005_S0040,SITE_005,-14.2768549597025,-15.4837366078048,42.28986358642578,0.0553912953618499,0.0207254475003315,0.0558837981706048,0.0207272779168906,42.28985628342246,42.28985628342246,42.28985628342246,1,True,True,True,A_core_lia_dem_valid
SITE_005_S0041,SITE_005,-12.2590294969227,-24.5159234374551,37.2466049194336,0.0514101832649774,0.0156715847675999,0.0511311664924393,0.0156401127190196,37.24630186425981,37.24630186425981,37.24630186425981,1,True,True,True,A_core_lia_dem_valid
SITE_005_S0042,SITE_005,-9.97346263711536,-17.5625343708699,31.61430168151855,0.0955030763149261,0.0245463426659504,0.0950818803354545,0.0245815321002845,31.61410043158417,31.61410043158417,31.61410043158417,1,True,True,True,A_core_lia_dem_valid
SITE_005_S0043,SITE_005,-14.7558898129923,-16.7264014742411,31.55474472045898,0.0777237582857993,0.0258108743362956,0.0795610111743466,0.0258314953116631,31.55449431300238,31.55449431300239,31.55449431300238,1,True,True,True,A_core_lia_dem_valid
SITE_005_S0044,SITE_005,-12.2244011685056,-19.4888880790572,37.22933197021485,0.0619328903324074,0.0203181521656612,0.0619372244740341,0.0203478422951827,37.22935180231938,37.22935180231938,37.22935180231938,1,True,True,True,A_core_lia_dem_valid
SITE_005_S0045,SITE_005,-12.0547681624307,-16.3296955480841,42.29077529907227,0.0766143324391709,0.0257591188843879,0.0761816560458621,0.0256548671146141,42.29078522303958,42.29078522303956,42.29078522303958,1,True,True,True,A_core_lia_dem_valid
SITE_005_S0046,SITE_005,-12.4441887316897,-16.9304606912164,31.57224464416504,0.0941051421645614,0.0290641235022081,0.0953029511565411,0.0293053481530076,31.57218781081741,31.57218781081741,31.57218781081741,1,True,True,True,A_core_lia_dem_valid
SITE_005_S0047,SITE_005,-10.5239315641412,-15.2667796552807,37.23199081420898,0.0908417367852396,0.0326941640281842,0.0909191260900762,0.0326736598487161,37.23188127619346,37.23188127619346,37.23188127619346,1,True,True,True,A_core_lia_dem_valid
SITE_005_S0048,SITE_005,-19.0872257182094,-16.6575282767269,42.24299240112305,0.0830949073657393,0.0276662710598773,0.0827657708842997,0.0275767799471447,42.24278356625346,42.24278356625346,42.24278356625346,1,True,True,True,A_core_lia_dem_valid
SITE_005_S0049,SITE_005,-11.1710165241849,-13.9262252049187,31.61443710327148,0.0940828936381472,0.0251380251099665,0.0942822945991784,0.0252726455591619,31.61463828578794,31.61463828578794,31.61463828578794,1,True,True,True,A_core_lia_dem_valid
SITE_005_S0050,SITE_005,-11.1916743337832,-20.3259387786758,37.21977615356445,0.062504640403721,0.0223129283078014,0.062781234257567,0.02212237453916,37.21991268948738,37.21991268948738,37.21991268948738,1,True,True,True,A_core_lia_dem_valid
SITE_005_S0051,SITE_005,-12.6807908491244,-15.0555512732932,42.28745651245117,0.0568256890649596,0.0214432230571077,0.057417810589167,0.0214166725845432,42.28720690733539,42.28720690733539,42.28720690733539,1,True,True,True,A_core_lia_dem_valid
SITE_005_S0052,SITE_005,-11.3733117053722,-17.3965324304676,31.57813835144043,0.1060624107635683,0.0301145281063185,0.1055051183351028,0.0301588825003048,31.57786820402966,31.57786820402967,31.57786820402966,1,True,True,True,A_core_lia_dem_valid
SITE_005_S0053,SITE_005,-9.67385233675125,-14.5557385816434,37.23705291748047,0.1157105949686633,0.0403659204476409,0.1153671269192371,0.0405763903830522,37.2373185804741,37.2373185804741,37.2373185804741,1,True,True,True,A_core_lia_dem_valid
SITE_005_S0054,SITE_005,-13.7350241716774,-15.3800728557511,42.24756622314453,0.0733727043701542,0.0226292642909619,0.0730743872631847,0.0225378934638919,42.24732980410857,42.24732980410857,42.24732980410857,1,True,True,True,A_core_lia_dem_valid
SITE_005_S0055,SITE_005,-9.71009616033854,-13.9914384586707,31.61020851135254,0.0947800480408801,0.0271273005670971,0.0951313251808837,0.0269702339935817,31.61021221885503,31.61021221885503,31.61021221885503,1,True,True,True,A_core_lia_dem_valid
SITE_005_S0056,SITE_005,-10.6303011087455,-18.5061398929919,37.21654510498047,0.072982597152392,0.0221344086610608,0.0725941044956813,0.0221268368307731,37.21643085569564,37.21643085569565,37.21643085569564,1,True,True,True,A_core_lia_dem_valid
SITE_005_S0057,SITE_005,-13.3446047508325,-15.7775255935075,42.28247451782227,0.0937193957219521,0.0320970682468679,0.0936924027412394,0.0321148431213733,42.28267903017842,42.28267903017841,42.28267903017842,1,True,True,True,A_core_lia_dem_valid
SITE_005_S0058,SITE_005,-9.05623079802136,-18.1887218459845,31.5787353515625,0.1247155220309893,0.0271822040238314,0.1247381624082724,0.0274040041988094,31.57879003906729,31.57879003906729,31.57879003906729,1,True,True,True,A_core_lia_dem_valid
SITE_005_S0059,SITE_005,-8.17734749107895,-15.9142907661056,37.23942565917969,0.080499510889252,0.0326949151025878,0.0801473186937747,0.0325069146939081,37.23934383512293,37.23934383512293,37.23934383512293,1,True,True,True,A_core_lia_dem_valid
SITE_005_S0060,SITE_005,-9.87886991639942,-16.1373626137278,42.24960708618164,0.0695654288844929,0.0225564134224421,0.0699090074398267,0.0224577886234122,42.24942627407968,42.24942627407968,42.24942627407968,1,True,True,True,A_core_lia_dem_valid
SITE_005_S0061,SITE_005,-8.2639015260338,-13.4254078219489,31.61671257019043,0.1132345845053593,0.0372971182916727,0.1134752783114895,0.0375011147480504,31.61653511961164,31.61653511961164,31.61653511961164,1,True,True,True,A_core_lia_dem_valid
SITE_005_S0062,SITE_005,-11.664511134044,-14.137437142695,37.21816253662109,0.0889762617647647,0.0300714817767341,0.0896142252893359,0.0300179969487182,37.21812881752919,37.21812881752919,37.21812881752919,1,True,True,True,A_core_lia_dem_valid
SITE_005_S0063,SITE_005,-13.5311792083574,-13.4149187152747,42.28292846679688,0.0799974877054761,0.0293792443101604,0.0818745839811536,0.0294441472840162,42.28283436016514,42.28283436016514,42.28283436016514,1,True,True,True,A_core_lia_dem_valid
SITE_005_S0064,SITE_005,-8.22286807610898,-15.7752229247512,31.57197761535645,0.1077751577893892,0.0322712425928976,0.1072321142789758,0.032249050900616,31.57182233667763,31.57182233667763,31.57182233667763,1,True,True,True,A_core_lia_dem_valid
SITE_005_S0065,SITE_005,-13.0132570760328,-14.1579167175602,37.23605346679688,0.1060881738199128,0.0370969426838888,0.1068809208568231,0.037145162414563,37.23623838855993,37.23623838855993,37.23623838855993,1,True,True,True,A_core_lia_dem_valid
SITE_005_S0066,SITE_005,-12.2164948308905,-13.3075711814529,42.24721527099609,0.0829259991066323,0.0286337564347518,0.0827566153059403,0.0287327953503915,42.24715024981667,42.24715024981667,42.24715024981667,1,True,True,True,A_core_lia_dem_valid
SITE_005_S0067,SITE_005,-11.7677156685265,-15.1607505405797,37.22296905517578,0.0895305006040467,0.0277424095778001,0.0899116490376584,0.0277456402677444,37.22314356739838,37.22314356739838,37.22314356739838,1,True,True,True,A_core_lia_dem_valid
SITE_005_S0068,SITE_005,-10.3126656923104,-15.5707648480847,31.57124519348145,0.0868211291978756,0.0247769419848918,0.0869988983391243,0.02491295348163,31.5713823956659,31.5713823956659,31.5713823956659,1,True,True,True,A_core_lia_dem_valid
SITE_005_S0069,SITE_005,-12.357985558356,-16.1848344300168,37.23493194580078,0.076066769734025,0.0272876892880433,0.0763879612308961,0.0275210903598754,37.23497197376423,37.23497197376423,37.23497197376423,1,True,True,True,A_core_lia_dem_valid
SITE_005_S0070,SITE_005,-15.9570743472827,-14.9935683530753,42.24765777587891,0.0612501911777589,0.0224157140238417,0.0606925761308751,0.0223295095470952,42.24759119696721,42.24759119696721,42.24759119696721,1,True,True,True,A_core_lia_dem_valid
SITE_005_S0071,SITE_005,-11.338508297898,-13.9561670891753,31.61813354492188,0.0747017628451188,0.027571181928118,0.0747024075631742,0.0275519900350475,31.6184405759842,31.6184405759842,31.6184405759842,1,True,True,True,A_core_lia_dem_valid
SITE_005_S0072,SITE_005,-10.1473227371117,-14.0956103866246,37.22234725952149,0.1125104113005929,0.0301032838328844,0.1112000248608765,0.0303629535666586,37.22246424437019,37.22246424437019,37.22246424437019,1,True,True,True,A_core_lia_dem_valid
SITE_005_S0073,SITE_005,-8.43546852969583,-13.6453676542316,31.56955909729004,0.1490040013690789,0.0417668510642316,0.1479335024824113,0.0418174308607423,31.56948532767083,31.56948532767083,31.56948532767083,1,True,True,True,A_core_lia_dem_valid
SITE_005_S0074,SITE_005,-10.8799370200752,-16.3652647422655,37.23015975952149,0.1174650439288881,0.0332628331830104,0.1162212990739463,0.0331999119120523,37.23038210991563,37.23038210991562,37.23038210991563,1,True,True,True,A_core_lia_dem_valid
SITE_005_S0075,SITE_005,-14.4741902089363,-14.2261573940561,42.24209976196289,0.0613622205414705,0.0228564872095982,0.0612025628344696,0.0227932833608837,42.24181471997169,42.24181471997169,42.24181471997169,1,True,True,True,A_core_lia_dem_valid
SITE_005_S0076,SITE_005,-11.7675951117441,-20.382836644582,31.61605644226075,0.0831092093057102,0.0244806783242772,0.084040270426575,0.0244044720194084,31.61613105177093,31.61613105177093,31.61613105177093,1,True,True,True,A_core_lia_dem_valid
SITE_005_S0077,SITE_005,-13.8730378149149,-15.1320873631747,37.22259902954102,0.0599500635431872,0.022059684952514,0.0601286543960924,0.0221264097892483,37.22237586675859,37.22237586675859,37.22237586675859,1,True,True,True,A_core_lia_dem_valid
SITE_005_S0078,SITE_005,-7.52408863352908,-13.796246865999,31.58028984069824,0.1150139405661159,0.0311451949551701,0.1148566326039073,0.0313086529991325,31.58055013373156,31.58055013373156,31.58055013373156,1,True,True,True,A_core_lia_dem_valid
SITE_005_S0079,SITE_005,-10.2106404199099,-15.9082953384659,42.24784851074219,0.0951185872488551,0.0366678690372241,0.0955782788881549,0.0367234973356495,42.24773495364438,42.24773495364438,42.24773495364438,1,True,True,True,A_core_lia_dem_valid
SITE_005_S0080,SITE_005,-9.70745063308599,-15.2256556682401,31.61757469177246,0.090363067926632,0.0278656285069882,0.0918300753417942,0.0279239774787407,31.61744712147794,31.61744712147794,31.61744712147794,1,True,True,True,A_core_lia_dem_valid
SITE_005_S0081,SITE_005,-11.4644795520651,-13.2533801168611,37.21643829345703,0.0911153728432125,0.0319816149398684,0.0913722946761566,0.031910674172557,37.21635274484969,37.21635274484969,37.21635274484969,1,True,True,True,A_core_lia_dem_valid
SITE_005_S0082,SITE_005,-9.66826356517751,-13.8446500893715,31.57710647583008,0.0892712181640995,0.0253399908687505,0.0895951366939662,0.0252708697279938,31.57746132325104,31.57746132325104,31.57746132325104,1,True,True,True,A_core_lia_dem_valid
SITE_005_S0083,SITE_005,-10.5858459253209,-14.8358874132743,37.23836135864258,0.1063348026739226,0.0408495929216345,0.1055059061870898,0.040765372124719,37.23820416367013,37.23820416367013,37.23820416367013,1,True,True,True,A_core_lia_dem_valid
SITE_005_S0084,SITE_005,-11.0725172054437,-16.4905405601542,42.24816131591797,0.0746000028898318,0.0286466693381468,0.0743179494400083,0.0281771082711624,42.24804862140108,42.24804862140108,42.24804862140108,1,True,True,True,A_core_lia_dem_valid
SITE_005_S0085,SITE_005,-9.00098524769591,-15.9103157131593,31.61456680297852,0.0701158137867848,0.0192325035213596,0.0703232873396741,0.0192348883390702,31.61442903413377,31.61442903413377,31.61442903413377,1,True,True,True,A_core_lia_dem_valid
SITE_005_S0086,SITE_005,-13.7778777663736,-15.3577362752669,37.21781921386719,0.0646867517754435,0.0231260023514429,0.0646862648542464,0.0229502319464069,37.21781549759824,37.21781549759824,37.21781549759824,1,True,True,True,A_core_lia_dem_valid
SITE_005_S0087,SITE_005,-9.74619357831704,-20.5776845881567,31.57332801818848,0.0835046829945511,0.0220112031449874,0.0831660551623797,0.0219920654604096,31.57326389824882,31.57326389824882,31.57326389824882,1,True,True,True,A_core_lia_dem_valid
SITE_005_S0088,SITE_005,-8.96102718888707,-13.7808515900285,37.2490234375,0.1115447019371721,0.0423775728584991,0.1104229272405306,0.0423561823860178,37.24888055505414,37.24888055505414,37.24888055505414,1,True,True,True,A_core_lia_dem_valid
SITE_005_S0089,SITE_005,-15.8441138507729,-16.0926251682132,42.2476921081543,0.0726160488236281,0.0293047618576222,0.0727992115661869,0.0291246504060648,42.24779609912824,42.24779609912824,42.24779609912824,1,True,True,True,A_core_lia_dem_valid
SITE_005_S0090,SITE_005,-11.6522700455146,-16.0500743903258,31.6173038482666,0.0925576563262277,0.0273428074239442,0.0924122060476629,0.0273389674043627,31.61757120524696,31.61757120524696,31.61757120524696,1,True,True,True,A_core_lia_dem_valid
SITE_005_S0091,SITE_005,-11.6170721497333,-14.9717228516013,37.21819305419922,0.0676934279294477,0.0258050514716241,0.0682175828833822,0.0259326456084755,37.21810446951758,37.21810446951757,37.21810446951758,1,True,True,True,A_core_lia_dem_valid
SITE_005_S0092,SITE_005,-12.0211514132823,-17.1664743679275,42.28270721435547,0.074265130807956,0.0337515110936429,0.0743225241599627,0.0338001277656466,42.28251068124834,42.28251068124834,42.28251068124834,1,True,True,True,A_core_lia_dem_valid
SITE_005_S0093,SITE_005,-11.785269015811,-16.3306886546899,31.56978797912598,0.0794676114535994,0.0236647078953683,0.0798706709832688,0.0236704130654717,31.56963018839211,31.56963018839211,31.56963018839211,1,True,True,True,A_core_lia_dem_valid
SITE_005_S0094,SITE_005,-11.413267593466,-15.0109585454623,42.24452209472656,0.0621545064987407,0.0245249197632074,0.0622600914956426,0.0245235012227922,42.24443913373896,42.24443913373896,42.24443913373896,1,True,True,True,A_core_lia_dem_valid
SITE_005_S0095,SITE_005,-14.326253532362,-16.7465206270324,31.62285232543945,0.0759231377889712,0.026975087819414,0.0769541974448495,0.0271987472364196,31.62264084082613,31.62264084082614,31.62264084082613,1,True,True,True,A_core_lia_dem_valid
SITE_005_S0096,SITE_005,-8.74723657183235,-14.9894139897734,37.22365951538086,0.0684875925713115,0.0238146607557104,0.0682455945640434,0.0236777585665522,37.22382836032146,37.22382836032146,37.22382836032146,1,True,True,True,A_core_lia_dem_valid
SITE_005_S0097,SITE_005,-6.86678958228051,-14.0055222982016,31.57137870788575,0.1039149721794658,0.0358166336475147,0.1049203927465427,0.035905890882843,31.57124392471385,31.57124392471386,31.57124392471385,1,True,True,True,A_core_lia_dem_valid
SITE_005_S0098,SITE_005,-12.995574090602,-15.7550972611983,31.61966705322266,0.0759197267103526,0.0242746530318011,0.0757253984072142,0.0241501273790857,31.61967867745626,31.61967867745627,31.61967867745626,1,True,True,True,A_core_lia_dem_valid
SITE_005_S0099,SITE_005,-13.0709850902181,-12.1481603187695,37.22427368164063,0.0954697284268008,0.0293906872346997,0.0952905878314265,0.0295376215373844,37.22415860134778,37.22415860134778,37.22415860134778,1,True,True,True,A_core_lia_dem_valid
SITE_005_S0100,SITE_005,-12.9544108472491,-14.3040354455333,42.2888298034668,0.0853680407752593,0.031674717321164,0.0849398884351974,0.0313890348945134,42.28894104353308,42.28894104353308,42.28894104353308,1,True,True,True,A_core_lia_dem_valid
SITE_005_S0101,SITE_005,-12.1059340402197,-15.2502167489999,31.57474708557129,0.1022555881407525,0.0311405476079218,0.1031266355781275,0.0312877720343753,31.57479350649903,31.57479350649903,31.57479350649903,1,True,True,True,A_core_lia_dem_valid
SITE_005_S0102,SITE_005,-11.7172226564732,-13.0110865730209,37.23468780517578,0.0875611913618114,0.0290161611326038,0.0870929654798022,0.0287573894428342,37.23450304463417,37.23450304463417,37.23450304463417,1,True,True,True,A_core_lia_dem_valid
SITE_005_S0103,SITE_005,-14.7166734295772,-19.3089345754937,42.242431640625,0.051066353685326,0.0116429850779887,0.0505276434500644,0.0115839218880613,42.24240439432633,42.24240439432633,42.24240439432633,1,True,True,True,A_core_lia_dem_valid
SITE_005_S0104,SITE_005,-10.6034960179299,-15.9517147986642,31.62933349609375,0.1041782300174236,0.0291306690830323,0.1053359600607259,0.0293069622835811,31.62932275306522,31.62932275306522,31.62932275306522,1,True,True,True,A_core_lia_dem_valid
SITE_005_S0105,SITE_005,-17.4269854908932,-14.249104496403,37.23626708984375,0.0771272753261857,0.028997083355983,0.0774425886828958,0.0289797482039365,37.23641618262423,37.23641618262423,37.23641618262423,1,True,True,True,A_core_lia_dem_valid
SITE_005_S0106,SITE_005,-14.1704397332618,-15.4521154191253,42.29464721679688,0.0724553300605879,0.0255963150970637,0.0723860814753505,0.0257416517919872,42.29458594532133,42.29458594532133,42.29458594532133,1,True,True,True,A_core_lia_dem_valid
SITE_005_S0107,SITE_005,-8.14684210104634,-16.2387542318735,31.59993743896484,0.0979980023867554,0.0222812440556784,0.0985098302511521,0.0224104003791041,31.60012465224635,31.60012465224634,31.60012465224635,1,True,True,True,A_core_lia_dem_valid
SITE_005_S0108,SITE_005,-11.9215784282065,-13.796082456557,37.25506591796875,0.0778207142899433,0.0263377058423227,0.0779747735975701,0.0258081246137527,37.25492663126219,37.25492663126219,37.25492663126219,1,True,True,True,A_core_lia_dem_valid
SITE_005_S0109,SITE_005,-14.7034838381569,-17.1693601923782,42.26714324951172,0.0709850575774908,0.0235067966507954,0.0709833489569984,0.0236710619914954,42.26704541466563,42.26704541466564,42.26704541466563,1,True,True,True,A_core_lia_dem_valid
SITE_005_S0110,SITE_005,-10.9594889746689,-18.3662441406457,31.63618278503418,0.080763075997432,0.0219710945441491,0.0804772665875929,0.022238582337712,31.63619665998988,31.63619665998988,31.63619665998988,1,True,True,True,A_core_lia_dem_valid
SITE_005_S0111,SITE_005,-12.7460497276611,-14.7754287640557,37.23727416992188,0.0647162816011243,0.0210427766158762,0.0644722872255025,0.021116123545087,37.23745996198289,37.23745996198289,37.23745996198289,1,True,True,True,A_core_lia_dem_valid
SITE_005_S0112,SITE_005,-13.8483139546679,-16.0688648139381,42.29792785644531,0.0651523620469702,0.0217265998758375,0.0646413133642923,0.021704260037844,42.2976343797874,42.29763437978739,42.2976343797874,1,True,True,True,A_core_lia_dem_valid
SITE_005_S0113,SITE_005,-12.2638172343139,-19.3644481361554,31.59532356262207,0.0543010437529948,0.0204350877527354,0.0542719703301051,0.0206112293539752,31.59494472693858,31.59494472693858,31.59494472693858,1,True,True,True,A_core_lia_dem_valid
SITE_005_S0114,SITE_005,-15.402512282343,-19.6672040516371,42.26530075073242,0.0600988605370124,0.021913953649087,0.0599273696606173,0.0218236367701104,42.26527361188617,42.26527361188617,42.26527361188617,1,True,True,True,A_core_lia_dem_valid
SITE_005_S0115,SITE_005,-14.0723129487533,-17.9770646703014,31.64224815368652,0.0629536867969565,0.0192955611118425,0.0636431927960596,0.0193023770211126,31.64197056289744,31.64197056289744,31.64197056289744,1,True,True,True,A_core_lia_dem_valid
SITE_005_S0116,SITE_005,-13.4669917803195,-16.2434684818359,37.24284744262695,0.0612155730277299,0.023283395682358,0.0603911996163703,0.0233778355535073,37.24293564323365,37.24293564323365,37.24293564323365,1,True,True,True,A_core_lia_dem_valid
SITE_005_S0117,SITE_005,-14.0165843446372,-13.2795820092042,42.3012580871582,0.0586947875966628,0.0215370651686357,0.0581911665945175,0.0215670680252398,42.30137707383387,42.30137707383387,42.30137707383387,1,True,True,True,A_core_lia_dem_valid
SITE_005_S0118,SITE_005,-12.7080147901303,-22.3176952160125,31.58718299865723,0.0695510187579525,0.0200681377181576,0.0708083928523608,0.0200472663782169,31.58715450249643,31.58715450249643,31.58715450249643,1,True,True,True,A_core_lia_dem_valid
SITE_005_S0119,SITE_005,-13.8051901842025,-14.7037203810164,37.24716567993164,0.0669683629978034,0.0235464664921164,0.0671490344428169,0.0233254137248904,37.24704550978378,37.24704550978378,37.24704550978378,1,True,True,True,A_core_lia_dem_valid
SITE_005_S0120,SITE_005,-15.7655761934629,-16.5710739989441,42.2587776184082,0.0641701710224151,0.0203908761363062,0.0642631416648258,0.0202830525581943,42.25882257143357,42.25882257143357,42.25882257143357,1,True,True,True,A_core_lia_dem_valid
SITE_005_S0121,SITE_005,-7.61376726905697,-17.1636910779625,31.64077568054199,0.0977110968447393,0.0308645545215242,0.0982352980263071,0.0303721429437453,31.64074163365095,31.64074163365095,31.64074163365095,1,True,True,True,A_core_lia_dem_valid
SITE_005_S0122,SITE_005,-11.232045905791,-16.8131694748879,37.2427864074707,0.1317274735122919,0.0347659960347745,0.1309192817934133,0.0345116371288895,37.24298112335588,37.24298112335588,37.24298112335588,1,True,True,True,A_core_lia_dem_valid
SITE_005_S0123,SITE_005,-9.06948790166298,-16.802333081435,42.30271148681641,0.0816880801816781,0.0268089695088565,0.0813443298417109,0.0269824111592714,42.30258776075276,42.30258776075276,42.30258776075276,1,True,True,True,A_core_lia_dem_valid
SITE_005_S0124,SITE_005,-9.93720854866213,-15.0310066586582,31.5903205871582,0.0843977382903297,0.023965747391598,0.0858438851302604,0.0242006536232836,31.59058700340521,31.59058700340521,31.59058700340521,1,True,True,True,A_core_lia_dem_valid
SITE_005_S0125,SITE_005,-11.0561847927635,-14.4965630053466,37.24760818481445,0.0725268048668901,0.0274626534101035,0.072232229637419,0.0274262013824449,37.24771284540881,37.24771284540881,37.24771284540881,1,True,True,True,A_core_lia_dem_valid
SITE_005_S0126,SITE_005,-13.1466894879918,-17.2270174129998,42.25825881958008,0.0668973377719521,0.022297402307805,0.0666214722730679,0.0221383184307243,42.25808678212308,42.25808678212308,42.25808678212308,1,True,True,True,A_core_lia_dem_valid
SITE_005_S0127,SITE_005,-12.3473796535611,-18.3993993606475,31.63396072387696,0.0697183083328935,0.0227926223836321,0.0696047334078653,0.0228251446526194,31.63394974748979,31.63394974748979,31.63394974748979,1,True,True,True,A_core_lia_dem_valid
SITE_005_S0128,SITE_005,-13.5169441084208,-13.6636469505524,37.23481750488281,0.0694147784759601,0.022561070981125,0.068606239101493,0.0225850416687719,37.23474415213131,37.23474415213131,37.23474415213131,1,True,True,True,A_core_lia_dem_valid
SITE_005_S0129,SITE_005,-13.4278376865477,-17.4136616635944,42.30160522460938,0.0737434054745568,0.0276798657928076,0.073846921135246,0.0276661200159125,42.30134241823055,42.30134241823055,42.30134241823055,1,True,True,True,A_core_lia_dem_valid
SITE_005_S0130,SITE_005,-12.7208174682869,-18.0946176609917,31.59541320800781,0.0810419789536131,0.0206308250341357,0.0817213087611728,0.0202995244416488,31.5956042527552,31.5956042527552,31.5956042527552,1,True,True,True,A_core_lia_dem_valid
SITE_005_S0131,SITE_005,-15.4247412976624,-15.6475725164722,37.25491333007812,0.0649729567683405,0.026158411030968,0.064177265914134,0.0258403485952474,37.25508215798804,37.25508215798804,37.25508215798804,1,True,True,True,A_core_lia_dem_valid
SITE_005_S0132,SITE_005,-13.6621792606967,-16.0856375446865,42.29230117797852,0.0792626327690151,0.022911825157288,0.078790124170942,0.0228308454780253,42.29244455789659,42.29244455789659,42.29244455789659,1,True,True,True,A_core_lia_dem_valid
SITE_005_S0133,SITE_005,-10.5219559286185,-14.8488183507359,31.63096237182617,0.0692423430499103,0.0243301626646684,0.0690752608467031,0.0243444697574905,31.6305962070004,31.6305962070004,31.6305962070004,1,True,True,True,A_core_lia_dem_valid
SITE_005_S0134,SITE_005,-14.9117788088445,-16.725480718545,37.23492431640625,0.0719543751411967,0.0226987977284524,0.0712380222921018,0.0227253110906868,37.23493288236481,37.2349328823648,37.23493288236481,1,True,True,True,A_core_lia_dem_valid
SITE_005_S0135,SITE_005,-16.8721782563377,-16.4828290635755,42.29718399047852,0.0785289600739876,0.0270757980727487,0.0784037723980936,0.0269600805874776,42.29722722171614,42.29722722171614,42.29722722171614,1,True,True,True,A_core_lia_dem_valid
SITE_005_S0136,SITE_005,-11.7195921857793,-16.5280739081374,31.59782028198243,0.0768568001480566,0.0204083077226661,0.0767049202134396,0.0204605213864304,31.59801518508858,31.59801518508858,31.59801518508858,1,True,True,True,A_core_lia_dem_valid
SITE_005_S0137,SITE_005,-9.75132499355004,-14.3614412278974,37.25665664672852,0.0697501278751426,0.0311406806256208,0.0697188290226974,0.0311163922693626,37.25663012230604,37.25663012230604,37.25663012230604,1,True,True,True,A_core_lia_dem_valid
SITE_005_S0138,SITE_005,-12.5574050691574,-15.3154773548762,42.28838729858398,0.0769377809266249,0.0228957895965625,0.0762807903107669,0.0229415105931736,42.28847942214385,42.28847942214385,42.28847942214385,1,True,True,True,A_core_lia_dem_valid
SITE_005_S0139,SITE_005,-12.1771121775849,-15.0172929722706,31.63529396057129,0.0897563080158498,0.0330294483682761,0.0891982767942511,0.0326883373675109,31.63520055445288,31.63520055445288,31.63520055445288,1,True,True,True,A_core_lia_dem_valid
SITE_005_S0140,SITE_005,-15.1454851192875,-16.1492389201916,42.29747009277344,0.0792021021412478,0.0264372344604796,0.0786113820721705,0.0264853215705097,42.29777363402705,42.29777363402707,42.29777363402705,1,True,True,True,A_core_lia_dem_valid
SITE_005_S0141,SITE_005,-14.1821241608835,-14.7554874327747,37.2572135925293,0.0668219793091217,0.0247625578463905,0.0666056438517055,0.0246886246469745,37.25697093386439,37.25697093386439,37.25697093386439,1,True,True,True,A_core_lia_dem_valid
SITE_005_S0142,SITE_005,-10.1279241322876,-17.8433797143753,31.6379623413086,0.0835721445580323,0.0270519221263627,0.0836321819564442,0.0267513443748064,31.63803283660286,31.63803283660285,31.63803283660286,1,True,True,True,A_core_lia_dem_valid
SITE_005_S0143,SITE_005,-15.0095462238495,-17.5132682026851,37.24013137817383,0.0508115384189618,0.0206529462006356,0.0513072406992684,0.0206303404993665,37.24020548353574,37.24020548353573,37.24020548353574,1,True,True,True,A_core_lia_dem_valid
SITE_005_S0144,SITE_005,-12.1135422352388,-15.7775029524043,42.29816818237305,0.059272461467319,0.0258535705341233,0.0591674592299961,0.0260821786387191,42.29825196212329,42.29825196212329,42.29825196212329,1,True,True,True,A_core_lia_dem_valid
SITE_005_S0145,SITE_005,-12.7078496985276,-13.593685905216,31.5884017944336,0.0926340187672111,0.0261065824681686,0.0927067866047591,0.0259806944997866,31.58825151474593,31.58825151474593,31.58825151474593,1,True,True,True,A_core_lia_dem_valid
SITE_005_S0146,SITE_005,-10.7085840458131,-16.7268762021607,42.28553771972656,0.0938746844314866,0.0317173217443956,0.0943874121788475,0.0316204947490751,42.28555237878849,42.28555237878849,42.28555237878849,1,True,True,True,A_core_lia_dem_valid
SITE_005_S0147,SITE_005,-15.7233006317488,-13.8499884363489,31.64207649230957,0.0946417540477381,0.0307970810309052,0.0932828661210742,0.0307707269264408,31.6422953485994,31.6422953485994,31.6422953485994,1,True,True,True,A_core_lia_dem_valid
SITE_005_S0148,SITE_005,-10.8147855616256,-15.1678000843693,37.24211502075195,0.1131304142375787,0.0322556435482369,0.1127290406473625,0.0324729500136073,37.24222192218812,37.24222192218812,37.24222192218812,1,True,True,True,A_core_lia_dem_valid
SITE_005_S0149,SITE_005,-12.9554389178965,-19.8915799449165,42.30361938476562,0.0559585610363218,0.021808288399544,0.0559802498558053,0.0218859181458843,42.30384186520136,42.30384186520137,42.30384186520136,1,True,True,True,A_core_lia_dem_valid
SITE_005_S0150,SITE_005,-13.7216301549813,-16.2538160209458,31.5926399230957,0.1103627256055673,0.0289955069352355,0.1113799444742408,0.0288059057274626,31.59294954335348,31.59294954335348,31.59294954335348,1,True,True,True,A_core_lia_dem_valid
SITE_005_S0151,SITE_005,-7.8979966686337,-13.4528132724036,37.25246047973633,0.1182383958995342,0.0481333799680901,0.119354026681847,0.0481071607145354,37.25239670388892,37.25239670388892,37.25239670388892,1,True,True,True,A_core_lia_dem_valid
SITE_005_S0152,SITE_005,-12.1326221650551,-15.5102225668005,42.28539276123047,0.0734203353193071,0.0253887820699148,0.0736612749771203,0.0254287711852862,42.28567582927059,42.28567582927058,42.28567582927059,1,True,True,True,A_core_lia_dem_valid
SITE_005_S0153,SITE_005,-11.8096054777067,-19.3680016419138,37.23784637451172,0.0766986226042111,0.0244225310741199,0.0768862990243935,0.0246958252776092,37.23776777227181,37.23776777227181,37.23776777227181,1,True,True,True,A_core_lia_dem_valid
SITE_005_S0154,SITE_005,-14.329775065113,-19.5126270929023,42.29927444458008,0.0550057310859362,0.022241040058434,0.0555134056099219,0.0223042161581048,42.29958945612018,42.29958945612018,42.29958945612018,1,True,True,True,A_core_lia_dem_valid
SITE_005_S0155,SITE_005,-12.3852703761678,-15.1766812220648,31.59492301940918,0.0661523086246517,0.0208070880919694,0.0661776897315809,0.0206996988891451,31.59490566331561,31.59490566331561,31.59490566331561,1,True,True,True,A_core_lia_dem_valid
SITE_005_S0156,SITE_005,-11.9586896308954,-20.6702250217105,42.28464889526367,0.0667812073727448,0.0165614671963784,0.0666724962612361,0.0165247841531203,42.28450587890433,42.28450587890433,42.28450587890433,1,True,True,True,A_core_lia_dem_valid
SITE_005_S0157,SITE_005,-12.9873811747984,-16.7502495150209,31.63358497619629,0.062018570560548,0.0209685929336895,0.0619757275347724,0.0208825955414615,31.63346410935847,31.63346410935847,31.63346410935847,1,True,True,True,A_core_lia_dem_valid
SITE_005_S0158,SITE_005,-10.2347859246788,-12.4299317282519,31.59655380249023,0.099059468317363,0.0296320520455224,0.0999195669278686,0.0295309127369366,31.59623060681141,31.59623060681141,31.59623060681141,1,True,True,True,A_core_lia_dem_valid
SITE_005_S0159,SITE_005,-13.5473413448112,-14.887977408194,37.25482559204102,0.0709975299653079,0.0299228837692903,0.0702541928913122,0.0298150910770543,37.25480787069017,37.25480787069016,37.25480787069017,1,True,True,True,A_core_lia_dem_valid
SITE_005_S0160,SITE_005,-13.5177230363136,-19.1722489428657,42.28802108764648,0.0532228540546364,0.0120633991160947,0.0529225800149602,0.0120989467596842,42.28777210538274,42.28777210538273,42.28777210538274,1,True,True,True,A_core_lia_dem_valid
SITE_005_S0161,SITE_005,-11.0945591808656,-18.2731211542,31.63267517089844,0.1008842772245407,0.0310437558612061,0.1012264925894546,0.0312221082626485,31.63259214329802,31.63259214329802,31.63259214329802,1,True,True,True,A_core_lia_dem_valid
SITE_005_S0162,SITE_005,-11.5368664984793,-17.6301479451109,37.23435974121094,0.0710006638078225,0.024032668483754,0.0711865145220984,0.0240360923024055,37.23402265905209,37.23402265905209,37.23402265905209,1,True,True,True,A_core_lia_dem_valid
SITE_005_S0163,SITE_005,-13.4656293030376,-19.1247485160532,42.29574584960938,0.0554118257098727,0.0154770370169232,0.0551049087334562,0.0155973188848131,42.29576600035569,42.29576600035569,42.29576600035569,1,True,True,True,A_core_lia_dem_valid
SITE_005_S0164,SITE_005,-11.084418577714,-17.2103711919076,37.25442504882812,0.0925011231336328,0.033535308846169,0.0925671590883054,0.033494434852015,37.25447632492694,37.25447632492694,37.25447632492694,1,True,True,True,A_core_lia_dem_valid
SITE_005_S0165,SITE_005,-15.4568390995162,-18.393674258869,42.28827285766602,0.0686424857771231,0.0230406503627697,0.068542548297318,0.023002317422472,42.28845036063606,42.28845036063606,42.28845036063606,1,True,True,True,A_core_lia_dem_valid
SITE_005_S0166,SITE_005,-12.2892398180345,-17.7992071978774,42.28370666503906,0.0930173976636595,0.025606511487729,0.0916266703136541,0.025887139831888,42.28400479728852,42.28400479728852,42.28400479728852,1,True,True,True,A_core_lia_dem_valid
SITE_005_S0167,SITE_005,-11.3169464158745,-15.2044473043701,31.63887977600098,0.049346632067528,0.0177461396111175,0.0491394825794814,0.0178033073548302,31.63893798343338,31.63893798343338,31.63893798343338,1,True,True,True,A_core_lia_dem_valid
SITE_005_S0168,SITE_005,-12.4579538540685,-14.7681100251242,37.23995971679688,0.0993495267629623,0.0267414236751695,0.0980489060577051,0.0268225376935744,37.23997080363545,37.23997080363545,37.23997080363545,1,True,True,True,A_core_lia_dem_valid
SITE_005_S0169,SITE_005,-13.8014603985211,-15.9894185077164,42.29970932006836,0.0711445258309443,0.0251838500114778,0.0714973751400355,0.0252662424060205,42.29983142267838,42.29983142267838,42.29983142267838,1,True,True,True,A_core_lia_dem_valid
SITE_005_S0170,SITE_005,-10.8149502919949,-18.3672718713369,42.28897094726562,0.0655868493848376,0.0236876488539079,0.065730389724543,0.0237712264435802,42.28882579599921,42.28882579599921,42.28882579599921,1,True,True,True,A_core_lia_dem_valid
SITE_005_S0171,SITE_005,-8.69830141704112,-14.3095765925705,31.62992286682129,0.1060080933239724,0.0219302039427889,0.1052738172147009,0.0220225356185785,31.62970911078717,31.62970911078717,31.62970911078717,1,True,True,True,A_core_lia_dem_valid
SITE_005_S0172,SITE_005,-12.3371030129811,-16.0368308742117,37.23368835449219,0.0644547470245096,0.0189283293247636,0.0644281822093475,0.0187490637648712,37.23369425308903,37.23369425308903,37.23369425308903,1,True,True,True,A_core_lia_dem_valid
SITE_005_S0173,SITE_005,-11.7936180331642,-20.5546728014037,42.29729080200195,0.0574907421569029,0.0196705421153455,0.0578913326129133,0.019615996039277,42.29705101555059,42.29705101555059,42.29705101555059,1,True,True,True,A_core_lia_dem_valid
SITE_005_S0174,SITE_005,-8.43318870936172,-14.1006983181861,31.5924243927002,0.1148705102172162,0.0339340022020041,0.1160894900229242,0.0341876144861273,31.59253831207285,31.59253831207285,31.59253831207285,1,True,True,True,A_core_lia_dem_valid
SITE_005_S0175,SITE_005,-9.70289531724222,-17.1804459529904,37.25074768066406,0.0836691692223151,0.0348990501132276,0.0836008435092222,0.0347983345361771,37.25098689307377,37.25098689307377,37.25098689307377,1,True,True,True,A_core_lia_dem_valid
SITE_005_S0176,SITE_005,-12.8634010066631,-15.6494920770363,42.28966522216797,0.076201660434405,0.0236703489865693,0.075708554573817,0.0235425511469351,42.28951666209957,42.28951666209957,42.28951666209957,1,True,True,True,A_core_lia_dem_valid
SITE_005_S0177,SITE_005,-11.2532580072467,-20.1755220655473,31.63042640686035,0.0964283372875716,0.0219948615510702,0.0972618639993446,0.0234847727141679,31.6305264146657,31.6305264146657,31.6305264146657,1,True,True,True,A_core_lia_dem_valid
SITE_005_S0178,SITE_005,-15.5533150100086,-19.9658154529758,37.23284149169922,0.0800264249079757,0.0250173959539582,0.0793643697479992,0.0250657602409935,37.23272733215409,37.23272733215409,37.23272733215409,1,True,True,True,A_core_lia_dem_valid
SITE_005_S0179,SITE_005,-8.2440614844606,-15.0667978635868,42.29511260986328,0.1144635196692413,0.0353710120543837,0.1134728958356527,0.0352129612375556,42.29521007262455,42.29521007262455,42.29521007262455,1,True,True,True,A_core_lia_dem_valid
SITE_005_S0180,SITE_005,-7.58549967277871,-17.8545348642349,31.59744071960449,0.0950260644323296,0.0248257615344805,0.0952351484309743,0.0247061570516477,31.59728575217211,31.59728575217211,31.59728575217211,1,True,True,True,A_core_lia_dem_valid
SITE_005_S0181,SITE_005,-12.5248632698465,-19.3594210108276,37.25696182250977,0.0674374273998869,0.0254752965975138,0.0675417051896636,0.025434171060721,37.25719249462384,37.25719249462384,37.25719249462384,1,True,True,True,A_core_lia_dem_valid
SITE_005_S0182,SITE_005,-13.0762964591463,-17.8975195765759,42.29050827026367,0.0898685203409857,0.0287176077543861,0.0893641444573891,0.0287055514690776,42.29042741213397,42.29042741213397,42.29042741213397,1,True,True,True,A_core_lia_dem_valid
SITE_005_S0183,SITE_005,-9.0805965966633,-21.4911075436581,31.63773345947266,0.1067083657615714,0.0248692606441262,0.1068957581711404,0.024780606251026,31.6375316104276,31.6375316104276,31.6375316104276,1,True,True,True,A_core_lia_dem_valid
SITE_005_S0184,SITE_005,-12.5086699495255,-14.8640791294335,37.23213195800781,0.07975818215145,0.0261968071303433,0.0789879440185096,0.0262110294095803,37.23242420021723,37.23242420021723,37.23242420021723,1,True,True,True,A_core_lia_dem_valid
SITE_005_S0185,SITE_005,-13.698634766232,-17.7959812078258,42.29722213745117,0.0742809196851319,0.0243910774878329,0.0737935418764382,0.0244637502524081,42.29743408481605,42.29743408481605,42.29743408481605,1,True,True,True,A_core_lia_dem_valid
SITE_005_S0186,SITE_005,-14.7413282608446,-21.3380442747517,31.59057235717773,0.0931783702721198,0.0265779615048733,0.0937920381174779,0.0269490344935085,31.59060516620669,31.59060516620669,31.59060516620669,1,True,True,True,A_core_lia_dem_valid
SITE_005_S0187,SITE_005,-10.1437572191728,-11.7507902982243,37.25328063964844,0.1127666210797097,0.0500965904278887,0.1123583810307361,0.0500856171359802,37.25318700540576,37.25318700540576,37.25318700540576,1,True,True,True,A_core_lia_dem_valid
SITE_005_S0188,SITE_005,-10.3186761737452,-12.6111423313666,42.2932014465332,0.115391712586085,0.04289043256806,0.1141437696895481,0.0428459062372092,42.29320423336819,42.29320423336819,42.29320423336819,1,True,True,True,A_core_lia_dem_valid
SITE_005_S0189,SITE_005,-9.61744350501034,-18.6251810564031,31.64035797119141,0.0798044788837432,0.0228270301357325,0.0802366190090959,0.0230151640764081,31.64055177102877,31.64055177102877,31.64055177102877,1,True,True,True,A_core_lia_dem_valid
SITE_005_S0190,SITE_005,-11.5289029236453,-16.1395060744873,37.23997497558594,0.071669863793585,0.0295538819457093,0.0719008487058274,0.029676951519501,37.24002102391803,37.24002102391803,37.24002102391803,1,True,True,True,A_core_lia_dem_valid
SITE_005_S0191,SITE_005,-10.5407122933081,-14.8257488203272,42.30034637451172,0.0677220529483424,0.0202331307695971,0.068433452202582,0.0201572040521344,42.30012745999466,42.30012745999466,42.30012745999466,1,True,True,True,A_core_lia_dem_valid
SITE_005_S0192,SITE_005,-11.9722626084782,-18.6551328593018,37.24702453613281,0.0761292698565456,0.021314932697763,0.0764428513276356,0.0213185564131924,37.24702958799676,37.24702958799676,37.24702958799676,1,True,True,True,A_core_lia_dem_valid
SITE_005_S0193,SITE_005,-10.7784865091917,-13.0848077887393,42.28696823120117,0.1026647755338086,0.0416324957418772,0.1023500708702169,0.0414865358601565,42.28721764680918,42.28721764680918,42.28721764680918,1,True,True,True,A_core_lia_dem_valid
SITE_005_S0194,SITE_005,-12.5187046697161,-13.7692690675006,31.64123725891113,0.0925254970706171,0.0275836471530298,0.0941370216168371,0.0274989574818791,31.64092957598608,31.64092957598608,31.64092957598608,1,True,True,True,A_core_lia_dem_valid
SITE_005_S0195,SITE_005,-11.9635419897264,-15.6505756385844,37.23897552490234,0.0756303046147028,0.0230163510930207,0.0750611810358586,0.0230683807382521,37.2386835554111,37.2386835554111,37.2386835554111,1,True,True,True,A_core_lia_dem_valid
SITE_005_S0196,SITE_005,-8.03236979707827,-16.8039011294233,42.30390167236328,0.0791841655555698,0.0233260693307966,0.0792298652682407,0.0235434767095671,42.30368725623261,42.30368725623261,42.30368725623261,1,True,True,True,A_core_lia_dem_valid
SITE_005_S0197,SITE_005,-14.9264071138908,-14.836962988245,31.58966827392578,0.0787361176850067,0.0217135472295598,0.0795444256522589,0.0216748108612488,31.58953892634465,31.58953892634465,31.58953892634465,1,True,True,True,A_core_lia_dem_valid
SITE_005_S0198,SITE_005,-12.4962807313579,-18.0309699994118,37.24878692626953,0.0707823257065481,0.0231272554294102,0.0711674197726411,0.0232410332841085,37.24881567749523,37.24881567749523,37.24881567749523,1,True,True,True,A_core_lia_dem_valid
SITE_005_S0199,SITE_005,-9.65338050135388,-16.7915163172657,42.28802108764648,0.0717359939755664,0.0276255471828497,0.0711445434156943,0.0276254922329781,42.28809858005152,42.28809858005152,42.28809858005152,1,True,True,True,A_core_lia_dem_valid
SITE_005_S0200,SITE_005,-9.57104474870211,-17.9711193248171,31.63463401794434,0.0892006292028559,0.0273392274706727,0.0901046186152063,0.0270888936618503,31.63464812777865,31.63464812777865,31.63464812777865,1,True,True,True,A_core_lia_dem_valid
SITE_005_S0201,SITE_005,-13.3871880348848,-19.1456949225264,37.23807525634766,0.0724046661704778,0.0213178508211341,0.0723289423960226,0.0214876870383267,37.23797385316934,37.23797385316934,37.23797385316934,1,True,True,True,A_core_lia_dem_valid
SITE_005_S0202,SITE_005,-12.7077739456149,-15.5716138845867,42.30097961425781,0.0829558336238066,0.0262967335474159,0.0831175668629599,0.0261534843336284,42.30120176067514,42.30120176067514,42.30120176067514,1,True,True,True,A_core_lia_dem_valid
SITE_005_S0203,SITE_005,-8.69758694521137,-16.8169867617178,31.59757995605469,0.0806826104968786,0.024372216506691,0.080144680596796,0.0241316046617083,31.59768248906059,31.59768248906059,31.59768248906059,1,True,True,True,A_core_lia_dem_valid
SITE_005_S0204,SITE_005,-11.2254681082258,-17.3558255560532,37.25592803955078,0.0807554763555526,0.0270733220130205,0.0801151038347571,0.0268993424559899,37.25624489776756,37.25624489776755,37.25624489776756,1,True,True,True,A_core_lia_dem_valid
SITE_005_S0205,SITE_005,-10.5902462606729,-20.4823247866645,42.28799057006836,0.0698045328425036,0.0223235032241791,0.0696507806266531,0.0222346060973718,42.28813644043469,42.28813644043469,42.28813644043469,1,True,True,True,A_core_lia_dem_valid
SITE_005_S0206,SITE_005,-8.87374464666804,-15.4193141645229,31.63174819946289,0.0777685391157865,0.023664798021006,0.0779353922237584,0.0236493403891124,31.63142407439197,31.63142407439197,31.63142407439197,1,True,True,True,A_core_lia_dem_valid
SITE_005_S0207,SITE_005,-12.434973807733,-20.1259153647038,37.23404312133789,0.0672712247446179,0.0202722903698061,0.0666693970377062,0.0196252926908915,37.23413155197423,37.23413155197423,37.23413155197423,1,True,True,True,A_core_lia_dem_valid
SITE_005_S0208,SITE_005,-10.930392512172,-19.9240532584767,42.29760360717773,0.065327037187914,0.0176950518321245,0.0654032652015671,0.0176121981616347,42.29759080103722,42.29759080103722,42.29759080103722,1,True,True,True,A_core_lia_dem_valid
SITE_005_S0209,SITE_005,-10.6209695022288,-19.7660955400973,31.59833526611328,0.0704025170703729,0.0207026912747985,0.0704237072786063,0.0205996065907176,31.59846261527779,31.59846261527779,31.59846261527779,1,True,True,True,A_core_lia_dem_valid
SITE_005_S0210,SITE_005,-11.6831434157754,-17.0600768995836,37.25639343261719,0.0801331314692894,0.0255239922087639,0.0801940194452986,0.0256167243660232,37.25659569059613,37.25659569059613,37.25659569059613,1,True,True,True,A_core_lia_dem_valid
SITE_005_S0211,SITE_005,-9.09869511413722,-18.1882623614345,42.28970718383789,0.0724749440865384,0.0208273127737144,0.0723391412534279,0.0206617135153278,42.28997380183293,42.28997380183293,42.28997380183293,1,True,True,True,A_core_lia_dem_valid
SITE_005_S0212,SITE_005,-14.3932892582034,-17.108681778621,31.63979339599609,0.0707774373392264,0.0211239545274939,0.0722477665561952,0.0213895191390205,31.63971859239125,31.63971859239127,31.63971859239125,1,True,True,True,A_core_lia_dem_valid
SITE_005_S0213,SITE_005,-13.472264219162,-18.3328873962258,37.16490173339844,0.0868232416858275,0.0264935607349293,0.086505654707183,0.026109166597591,37.1650815428823,37.16508154288231,37.1650815428823,1,True,True,True,A_core_lia_dem_valid
SITE_005_S0214,SITE_005,-10.6876910652758,-15.619873791674,37.20348739624024,0.0846081848608123,0.0314479686630268,0.0843613247959702,0.0311664047746424,37.2034834271357,37.20348342713571,37.2034834271357,1,True,True,True,A_core_lia_dem_valid
SITE_005_S0215,SITE_005,-9.74821390482195,-17.7450394811285,31.60598754882812,0.1489112834135691,0.042345185648236,0.1487804046714747,0.0425812431843376,31.60623653594548,31.60623653594548,31.60623653594548,1,True,True,True,A_core_lia_dem_valid
SITE_005_S0216,SITE_005,-9.36968006395527,-14.8518413976579,37.1998405456543,0.1060606261591116,0.0311553239843083,0.1059560188687878,0.0313883530265755,37.19961038106346,37.19961038106346,37.19961038106346,1,True,True,True,A_core_lia_dem_valid
SITE_005_S0217,SITE_005,-10.0702204857264,-15.9793602779226,42.06050491333008,0.0696226493476165,0.0293866056410802,0.0701200252987536,0.0293767214644654,42.06036680669536,42.06036680669536,42.06036680669536,1,True,True,True,A_core_lia_dem_valid
SITE_005_S0218,SITE_005,-12.1452722731297,-13.4016991822657,31.62082290649414,0.0725369711054696,0.030623336897956,0.0730351596242851,0.0306652927044549,31.62045477263291,31.62045477263291,31.62045477263291,1,True,True,True,A_core_lia_dem_valid
SITE_005_S0219,SITE_005,-9.61901798561976,-12.4204458384721,37.21052169799805,0.1035426255729463,0.0327622440705696,0.1029057133547317,0.0328634974466245,37.21030250820339,37.21030250820339,37.21030250820339,1,True,True,True,A_core_lia_dem_valid
SITE_005_S0220,SITE_005,-11.9646314278395,-17.6655223629656,42.23581695556641,0.0813592826161119,0.0225077672468291,0.0806679398414023,0.0223727933257634,42.23561932145147,42.23561932145147,42.23561932145147,1,True,True,True,A_core_lia_dem_valid
SITE_005_S0221,SITE_005,-10.821982529452,-14.3763352386146,31.60622787475586,0.0879895562761359,0.036397446895846,0.0885559206474342,0.0361304629188214,31.60588672352796,31.60588672352796,31.60588672352796,1,True,True,True,A_core_lia_dem_valid
SITE_005_S0222,SITE_005,-7.67896348384072,-14.4023281310999,37.18856430053711,0.0968849431640572,0.0291969542039765,0.095754361818602,0.0290165242759717,37.18846585430494,37.18846585430494,37.18846585430494,1,True,True,True,A_core_lia_dem_valid
SITE_005_S0223,SITE_005,-14.6459293318525,-18.7271472078211,42.05577850341797,0.0650174799602892,0.0251337130181491,0.0658965339235685,0.0249922287036423,42.05565764463507,42.05565764463507,42.05565764463507,1,True,True,True,A_core_lia_dem_valid
SITE_005_S0224,SITE_005,-12.2292268193396,-16.9710537928439,31.59205818176269,0.0747205591036213,0.0286925621682571,0.075038669673197,0.0288430894462874,31.59221780820722,31.59221780820722,31.59221780820722,1,True,True,True,A_core_lia_dem_valid
SITE_005_S0225,SITE_005,-12.2168169213979,-18.6813661161316,37.18964004516602,0.0879427698089016,0.0250937644992437,0.0869354901242035,0.0248359345778087,37.18985801826414,37.18985801826413,37.18985801826414,1,True,True,True,A_core_lia_dem_valid
SITE_005_S0226,SITE_005,-11.931176583818,-15.599663647377,42.05625152587891,0.0868044424553712,0.0324626139799753,0.0874173182791765,0.0324208862550648,42.05636341285885,42.05636341285885,42.05636341285885,1,True,True,True,A_core_lia_dem_valid
SITE_005_S0227,SITE_005,-8.40525629785016,-15.5336368585799,31.58539009094238,0.0767086100909445,0.0248482436397009,0.0772103991203101,0.024576202230413,31.58568077759808,31.58568077759808,31.58568077759808,1,True,True,True,A_core_lia_dem_valid
SITE_005_S0228,SITE_005,-11.333908348141,-15.178404297974,42.05904006958008,0.0907342978815237,0.0324249619328313,0.0907252219687273,0.032459352372881,42.05884841875842,42.05884841875842,42.05884841875842,1,True,True,True,A_core_lia_dem_valid
SITE_005_S0229,SITE_005,-9.6104607968557,-15.0649821692557,31.60441780090332,0.0788647697369257,0.0245950491626908,0.0788890901870197,0.0250070091544368,31.6046185468018,31.6046185468018,31.6046185468018,1,True,True,True,A_core_lia_dem_valid
SITE_005_S0230,SITE_005,-12.1747317335783,-14.2926234853328,42.06027984619141,0.0633295093228419,0.023647127362589,0.0636074059755529,0.0234947149550691,42.06038492865663,42.06038492865663,42.06038492865663,1,True,True,True,A_core_lia_dem_valid
SITE_005_S0231,SITE_005,-9.03502002239651,-16.3499315098859,31.59573554992676,0.0951324310733212,0.0358553942593021,0.0956359287176603,0.0359745010087427,31.59541772368113,31.59541772368112,31.59541772368113,1,True,True,True,A_core_lia_dem_valid
SITE_005_S0232,SITE_005,-10.9403268321159,-15.8530341863803,37.21280670166016,0.074444670147366,0.0275659412766496,0.0746032767190977,0.0274952783686235,37.21300712827233,37.21300712827233,37.21300712827233,1,True,True,True,A_core_lia_dem_valid
SITE_005_S0233,SITE_005,-10.9305749161042,-16.833966007873,31.6055679321289,0.0992510339410768,0.0364254102441999,0.1001427124978767,0.0363258312389622,31.60533428701804,31.60533428701804,31.60533428701804,1,True,True,True,A_core_lia_dem_valid
SITE_005_S0234,SITE_005,-9.57421506999095,-20.1339807939092,42.05397033691406,0.079265094689197,0.0211518133793854,0.0785597258079567,0.0211688410064182,42.05392427615455,42.05392427615455,42.05392427615455,1,True,True,True,A_core_lia_dem_valid
SITE_005_S0235,SITE_005,-10.0557781314713,-18.8547089719553,31.59373664855957,0.0853463043272495,0.0239800020307302,0.0846254821618398,0.0241442020966406,31.59363938933484,31.59363938933484,31.59363938933484,1,True,True,True,A_core_lia_dem_valid
SITE_005_S0236,SITE_005,-10.8109072255704,-16.9427717612946,37.21152877807617,0.1138783974779976,0.0300095947542124,0.113966653201683,0.0299551298437111,37.21156161283652,37.21156161283652,37.21156161283652,1,True,True,True,A_core_lia_dem_valid
SITE_005_S0237,SITE_005,-15.0327084537019,-17.1380048492341,31.60450553894043,0.0730963250249624,0.0238767154153601,0.0726166062627309,0.0239026834811925,31.6044165229498,31.6044165229498,31.6044165229498,1,True,True,True,A_core_lia_dem_valid
SITE_005_S0238,SITE_005,-10.542556426049,-15.4149606735292,42.05619430541992,0.073163887783885,0.0202926700955463,0.0727414536522126,0.020242177736428,42.0559517795833,42.0559517795833,42.0559517795833,1,True,True,True,A_core_lia_dem_valid
SITE_005_S0239,SITE_005,-14.8388566079736,-15.4976462426625,42.2291259765625,0.0914670673426654,0.0323699581209156,0.091006150206114,0.0318783976362995,42.22928573407247,42.22928573407247,42.22928573407247,1,True,True,True,A_core_lia_dem_valid
SITE_005_S0240,SITE_005,-14.3714749696935,-21.7739762146943,31.60784339904785,0.0587983746743864,0.0127013170402772,0.0593213914555532,0.0125236379760126,31.60790580215502,31.60790580215502,31.60790580215502,1,True,True,True,A_core_lia_dem_valid
SITE_005_S0241,SITE_005,-10.6635080653499,-20.6771551731235,31.58417701721192,0.0571903864004545,0.0094762459854421,0.0566755318439301,0.0091192307700522,31.584158481834,31.584158481834,31.584158481834,1,True,True,True,A_core_lia_dem_valid
SITE_005_S0242,SITE_005,-12.4295900417747,-15.2800674803618,31.60738945007324,0.1048945464607742,0.041204920090321,0.1074768741346067,0.0414519609584484,31.60745947693044,31.60745947693044,31.60745947693044,1,True,True,True,A_core_lia_dem_valid
SITE_005_S0243,SITE_005,-10.1794756820769,-14.9851697791297,42.06237411499024,0.0673742454499006,0.0232831562227673,0.0680583362267525,0.0232572680159851,42.06262187628393,42.06262187628393,42.06262187628393,1,True,True,True,A_core_lia_dem_valid
SITE_005_S0244,SITE_005,-10.4740676881692,-12.8414284060962,31.60394477844238,0.0999925200475586,0.0369259921709696,0.100229321544369,0.0367099049144688,31.60420752232261,31.60420752232261,31.60420752232261,1,True,True,True,A_core_lia_dem_valid
SITE_005_S0245,SITE_005,-10.7809689160967,-15.2071432009535,42.05544281005859,0.076155223738816,0.028535847975355,0.0759140879922994,0.0284611673766954,42.05538115111538,42.05538115111538,42.05538115111538,1,True,True,True,A_core_lia_dem_valid
SITE_005_S0246,SITE_005,-10.938288590529,-18.1183125028779,37.20917510986328,0.0956615835593806,0.034304417297244,0.0955982477852591,0.0341904865633006,37.2091411297138,37.2091411297138,37.2091411297138,1,True,True,True,A_core_lia_dem_valid
SITE_005_S0247,SITE_005,-10.2324827874637,-17.6975424076486,31.60420799255371,0.0892521235843499,0.0260705210009796,0.089709402171458,0.0259724005232392,31.60434629633563,31.60434629633563,31.60434629633563,1,True,True,True,A_core_lia_dem_valid
SITE_005_S0248,SITE_005,-11.0782931349805,-16.7450274445829,42.05300140380859,0.0804854324708382,0.0268025358041955,0.0807732651529856,0.0267603272583657,42.05320128795676,42.05320128795677,42.05320128795676,1,True,True,True,A_core_lia_dem_valid
SITE_005_S0249,SITE_005,-11.2948178665401,-16.0648177156165,37.20731735229492,0.0964709247648716,0.0250202254795779,0.0960016625503331,0.0253136993108754,37.20699699073889,37.20699699073889,37.20699699073889,1,True,True,True,A_core_lia_dem_valid
SITE_005_S0250,SITE_005,-8.03295275928673,-15.3481750712177,31.60675239562988,0.1040320438974433,0.0311232204010917,0.1057465495187559,0.0310265153867227,31.60656647769105,31.60656647769105,31.60656647769105,1,True,True,True,A_core_lia_dem_valid
SITE_005_S0251,SITE_005,-11.699014713351,-13.5682359199852,42.05538177490234,0.0731285657816463,0.03027746518246,0.0732752843072385,0.030121279651828,42.05534274310192,42.05534274310192,42.05534274310192,1,True,True,True,A_core_lia_dem_valid
SITE_005_S0252,SITE_005,-11.6548947326298,-15.6783593550092,31.62240219116211,0.0950912753244241,0.0211644081336756,0.0947327782471238,0.0210947721042198,31.62252307785117,31.62252307785117,31.62252307785117,1,True,True,True,A_core_lia_dem_valid
SITE_005_S0253,SITE_005,-14.5196278340362,-15.5498577702547,37.19150924682617,0.0781335920840501,0.0190864113780359,0.0773869397951129,0.0191445340150622,37.19164260782763,37.19164260782763,37.19164260782763,1,True,True,True,A_core_lia_dem_valid
SITE_005_S0254,SITE_005,-13.0027574498415,-18.2166412680005,42.24665069580078,0.0679242734611034,0.0218925923253926,0.067674398213441,0.0215240495162153,42.24656193261612,42.24656193261612,42.24656193261612,1,True,True,True,A_core_lia_dem_valid
SITE_005_S0255,SITE_005,-9.84317995817621,-20.1481319610687,31.57512855529785,0.0924789826985862,0.01854219297568,0.0923810355089328,0.0186984740218354,31.57518345027713,31.57518345027713,31.57518345027713,1,True,True,True,A_core_lia_dem_valid
SITE_005_S0256,SITE_005,-14.9526989032093,-13.5438352518731,37.2253303527832,0.0791983387370904,0.022311115782294,0.0791373308839989,0.0222333448329641,37.22502040713418,37.22502040713418,37.22502040713418,1,True,True,True,A_core_lia_dem_valid
SITE_005_S0257,SITE_005,-10.0844520264861,-20.3479891402569,42.0999870300293,0.0679208213670386,0.0170823353777329,0.0681939944367349,0.0169925702360953,42.09981356175343,42.09981356175343,42.09981356175343,1,True,True,True,A_core_lia_dem_valid
SITE_005_S0258,SITE_005,-11.9613491926625,-17.2620284285957,31.60892105102539,0.0869506320357322,0.0233200379295481,0.0871924535010331,0.0233649803939516,31.60912756486373,31.60912756486373,31.60912756486373,1,True,True,True,A_core_lia_dem_valid
SITE_005_S0259,SITE_005,-9.19469828890786,-18.8015613681148,37.18539810180664,0.0874477889388799,0.0304106271929211,0.0870851993680368,0.03002868619506,37.18532855657293,37.18532855657293,37.18532855657293,1,True,True,True,A_core_lia_dem_valid
SITE_005_S0260,SITE_005,-10.7158229687261,-17.7864531586139,42.2424201965332,0.0532083039896355,0.0221182932953039,0.0530985644220569,0.0220558237767329,42.24250068449167,42.24250068449167,42.24250068449167,1,True,True,True,A_core_lia_dem_valid
SITE_005_S0261,SITE_005,-8.07146948356878,-14.1279455475444,31.57786750793457,0.1023220867911974,0.0294907970259331,0.1020306972736193,0.0294384894360118,31.57814545466983,31.57814545466983,31.57814545466983,1,True,True,True,A_core_lia_dem_valid
SITE_005_S0262,SITE_005,-11.0796425802513,-16.7761437170238,37.22773742675781,0.0815600680808226,0.0200866160469336,0.081151448695196,0.019992964701658,37.22769548308741,37.22769548308741,37.22769548308741,1,True,True,True,A_core_lia_dem_valid
SITE_005_S0263,SITE_005,-10.4116393933578,-15.6952657726422,42.10022735595703,0.0820230122738414,0.0254907980561256,0.081993185263357,0.0254916059444256,42.1001617668861,42.10016176688611,42.1001617668861,1,True,True,True,A_core_lia_dem_valid
SITE_005_S0264,SITE_005,-10.0051277358437,-12.1585967774529,31.60237693786621,0.1160321344766351,0.033430642493897,0.115239588772809,0.0336427673646881,31.6023952335755,31.6023952335755,31.6023952335755,1,True,True,True,A_core_lia_dem_valid
SITE_005_S0265,SITE_005,-9.3524939842866,-14.0084990393062,37.17824172973633,0.0737608991521928,0.0261379525043009,0.0734630998136636,0.0247504916308341,37.17829490336152,37.17829490336152,37.17829490336152,1,True,True,True,A_core_lia_dem_valid
SITE_005_S0266,SITE_005,-10.379482031079,-16.8521657716057,42.23786926269531,0.0611689797292153,0.019169457130548,0.0613274848497944,0.0192517719408612,42.23803077309819,42.23803077309818,42.23803077309819,1,True,True,True,A_core_lia_dem_valid
SITE_005_S0267,SITE_005,-6.60114601661528,-11.703217439267,31.58115005493164,0.1219737798472245,0.03535075760343,0.1208470902895486,0.0352078174664006,31.58150125052037,31.58150125052037,31.58150125052037,1,True,True,True,A_core_lia_dem_valid
SITE_005_S0268,SITE_005,-9.97274905769768,-15.4162116441251,37.23149490356445,0.0907638506094614,0.0255404650047421,0.0906109898233855,0.0253164244960579,37.23176348655339,37.23176348655338,37.23176348655339,1,True,True,True,A_core_lia_dem_valid
SITE_005_S0269,SITE_005,-12.0917727544836,-18.6074181068489,42.10436248779297,0.0614564008307125,0.0187913936128218,0.0613293528920154,0.0186719097107372,42.10452669812177,42.10452669812178,42.10452669812177,1,True,True,True,A_core_lia_dem_valid
SITE_005_S0270,SITE_005,-9.76759511380775,-13.7489283137989,31.60052299499512,0.1102049117618137,0.037716179717746,0.1102801754905117,0.0378589546095211,31.60052424416148,31.60052424416148,31.60052424416148,1,True,True,True,A_core_lia_dem_valid
SITE_005_S0271,SITE_005,-11.0260121217102,-15.3785062451823,37.17586135864258,0.088790577393439,0.0243879945027745,0.0894418069803052,0.0243859581974691,37.17599666171071,37.17599666171071,37.17599666171071,1,True,True,True,A_core_lia_dem_valid
SITE_005_S0272,SITE_005,-8.38653701460221,-16.8672778628749,42.23429489135742,0.0683892049764593,0.0201506563689973,0.0681448920820782,0.0199412164969346,42.23420813482385,42.23420813482385,42.23420813482385,1,True,True,True,A_core_lia_dem_valid
SITE_005_S0273,SITE_005,-10.055138724245,-16.526033767599,42.23896026611328,0.0658693352838357,0.0204868940936608,0.0653535266422931,0.02020357318303,42.23916246782478,42.23916246782478,42.23916246782478,1,True,True,True,A_core_lia_dem_valid
SITE_005_S0274,SITE_005,-9.83467578871744,-16.1968303264044,31.60193061828613,0.1345267865558465,0.0307834324675301,0.1337404133342666,0.0308491260057062,31.60178851871436,31.60178851871436,31.60178851871436,1,True,True,True,A_core_lia_dem_valid
SITE_005_S0275,SITE_005,-12.2054565895551,-15.7308910040559,31.60329627990723,0.0846537049776978,0.0212079468679924,0.0842466058269327,0.021091250286518,31.60352284353484,31.60352284353484,31.60352284353484,1,True,True,True,A_core_lia_dem_valid
SITE_005_S0276,SITE_005,-11.3352771283322,-17.0765362915225,37.23460006713867,0.0754376732558012,0.0154879078331092,0.0744413573570825,0.0154173675280662,37.23450093540841,37.23450093540841,37.23450093540841,1,True,True,True,A_core_lia_dem_valid
SITE_005_S0277,SITE_005,-9.39793756826938,-18.2827011686171,42.05789184570312,0.0495899761178427,0.0139058063869515,0.0490014222908167,0.0137025142414167,42.05774755735655,42.05774755735654,42.05774755735655,1,True,True,True,A_core_lia_dem_valid
SITE_005_S0278,SITE_005,-10.0091884893974,-18.2094826044191,37.22691345214844,0.0811685423387421,0.0217472487522496,0.0807544500215186,0.0218056469316375,37.22702084187441,37.22702084187441,37.22702084187441,1,True,True,True,A_core_lia_dem_valid
SITE_005_S0279,SITE_005,-13.9005143530339,-18.1492531055758,42.05710220336914,0.0579861500693692,0.0165393435003028,0.057645791226331,0.0165088957911472,42.0570107754314,42.0570107754314,42.0570107754314,1,True,True,True,A_core_lia_dem_valid
SITE_005_S0280,SITE_005,-16.2793359358686,-16.2661319578645,31.61460494995117,0.0749142442229721,0.0169629453453752,0.0754274418453375,0.0169685740405578,31.61473596339629,31.61473596339629,31.61473596339629,1,True,True,True,A_core_lia_dem_valid
SITE_005_S0281,SITE_005,-10.9138173548575,-14.6441094898885,37.19688034057617,0.0631022976049118,0.0192589252222652,0.0629414013492656,0.0187730397062029,37.196853640096,37.196853640096,37.196853640096,1,True,True,True,A_core_lia_dem_valid
SITE_005_S0282,SITE_005,-12.048406243145,-17.3051127946124,42.22040939331055,0.0498237362752358,0.0148946896133323,0.049986528493004,0.0147634651330242,42.22020633459316,42.22020633459316,42.22020633459316,1,True,True,True,A_core_lia_dem_valid
SITE_005_S0283,SITE_005,-8.19848137469102,-21.602264871793,31.6075496673584,0.0761568133201864,0.0168041828424773,0.0760825824406412,0.0169729139654103,31.6077644999727,31.6077644999727,31.6077644999727,1,True,True,True,A_core_lia_dem_valid
SITE_005_S0284,SITE_005,-12.9930839745085,-14.3654560102975,37.22866058349609,0.0690560265796052,0.0180484997574239,0.0691024817434357,0.0180925045117597,37.22869382328258,37.22869382328258,37.22869382328258,1,True,True,True,A_core_lia_dem_valid
SITE_005_S0285,SITE_005,-7.25643694495558,-15.8569942124869,42.05441665649414,0.0540557493145267,0.0151474736173368,0.0539410170586204,0.015177455569823,42.05428962335999,42.05428962335999,42.05428962335999,1,True,True,True,A_core_lia_dem_valid
SITE_005_S0286,SITE_005,-8.84988390227245,-17.5223519415081,31.60612297058105,0.1521586403747399,0.0385311827477481,0.1518264572414351,0.0383632171140224,31.60585303106028,31.60585303106027,31.60585303106028,1,True,True,True,A_core_lia_dem_valid
SITE_005_S0287,SITE_005,-14.5548292578813,-15.7772064872288,37.20297241210938,0.105011694315407,0.0358879554727011,0.10517226545899,0.0359650963503453,37.20290869622532,37.20290869622532,37.20290869622532,1,True,True,True,A_core_lia_dem_valid
SITE_005_S0288,SITE_005,-9.53993499581227,-19.0646408772403,42.23377227783203,0.0784180803886718,0.0246313847477237,0.0785266872564399,0.0243378874420383,42.23352898039286,42.23352898039286,42.23352898039286,1,True,True,True,A_core_lia_dem_valid
SITE_005_S0289,SITE_005,-9.99273658551462,-17.0207946726912,31.60518074035645,0.0783928665684329,0.0162612367037218,0.0786642802138755,0.0162778877994953,31.60545656949639,31.60545656949639,31.60545656949639,1,True,True,True,A_core_lia_dem_valid
SITE_005_S0290,SITE_005,-13.1183016665044,-19.7728227525081,37.22929382324219,0.0387444500045643,0.0096198710054159,0.0385562577043418,0.0094491167975888,37.22959750735599,37.22959750735599,37.22959750735599,1,True,True,True,A_core_lia_dem_valid
SITE_005_S0291,SITE_005,-10.0014475256959,-20.7192448583068,42.05512619018555,0.0334375364043646,0.0058574874527079,0.0333923529815158,0.0058319345932384,42.05509553025905,42.05509553025905,42.05509553025905,1,True,True,True,A_core_lia_dem_valid
SITE_005_S0292,SITE_005,-9.14702867841042,-14.8703656301432,42.23541259765625,0.0856961190700531,0.0301897395236624,0.085901015471713,0.0300274581517334,42.23560695552348,42.23560695552347,42.23560695552348,1,True,True,True,A_core_lia_dem_valid
SITE_005_S0293,SITE_005,-11.278270813295,-14.3637747054155,31.60345840454102,0.1149600366089079,0.0342653153722898,0.1149858460198214,0.0343749281918101,31.60321460934136,31.60321460934136,31.60321460934136,1,True,True,True,A_core_lia_dem_valid
SITE_005_S0294,SITE_005,-9.3734954056956,-13.3677668062127,37.23362350463867,0.0986465945012039,0.029905543083118,0.0986348239194463,0.0300439355117671,37.23366194532623,37.23366194532623,37.23366194532623,1,True,True,True,A_core_lia_dem_valid
SITE_005_S0295,SITE_005,-9.42687947615094,-13.6927240931332,42.05646133422852,0.0868134041047758,0.0291685445275571,0.086753679662023,0.0293512516772305,42.0564723520704,42.0564723520704,42.0564723520704,1,True,True,True,A_core_lia_dem_valid
SITE_005_S0296,SITE_005,-10.3382398159988,-15.7762486973068,31.60426521301269,0.1387238528331121,0.0333042963501065,0.1380588578276428,0.0330226900314705,31.60424684191886,31.60424684191887,31.60424684191886,1,True,True,True,A_core_lia_dem_valid
SITE_006_S0001,SITE_006,-13.01089951705,-17.4031759119864,39.95368194580078,0.0900985469529272,0.0276985622091101,0.0900999890021958,0.0267061491963497,39.95361317515223,39.95361317515223,39.95361317515223,1,True,True,True,A_core_lia_dem_valid
SITE_006_S0002,SITE_006,-13.8754689520098,-19.1038430918227,39.95942306518555,0.0841854991610302,0.0220329882711586,0.0846253693758581,0.0216027083864182,39.95926076770394,39.95926076770394,39.95926076770394,1,True,True,True,A_core_lia_dem_valid
SITE_006_S0003,SITE_006,-11.9076465611528,-20.1521062008284,39.96107482910156,0.0776605740593293,0.0225317462599722,0.0767240017728139,0.0220297457138103,39.96081256655666,39.96081256655666,39.96081256655666,1,True,True,True,A_core_lia_dem_valid
SITE_006_S0004,SITE_006,-13.6293122544042,-17.9696912800823,39.96116638183594,0.1036357104773653,0.0284915035207652,0.1016398283465859,0.0281107935454282,39.96109168768005,39.96109168768005,39.96109168768005,1,True,True,True,A_core_lia_dem_valid
SITE_006_S0005,SITE_006,-11.1387826691673,-18.182066734651,39.95403289794922,0.0949877953694926,0.0299409287981688,0.0942604715749621,0.0297625325562685,39.95388412234531,39.95388412234531,39.95388412234531,1,True,True,True,A_core_lia_dem_valid
SITE_006_S0006,SITE_006,-9.48393657605184,-18.8609929667112,39.95064926147461,0.0746558342004815,0.02290058205075,0.0743505264795672,0.0230666250174734,39.95071116031311,39.95071116031311,39.95071116031311,1,True,True,True,A_core_lia_dem_valid
SITE_006_S0007,SITE_006,-9.2264242474808,-16.0525255847447,39.96050643920898,0.1067741367386447,0.0344953253660063,0.105445152351062,0.0343832669463417,39.96025428639141,39.96025428639141,39.96025428639141,1,True,True,True,A_core_lia_dem_valid
SITE_006_S0008,SITE_006,-10.2626141354778,-18.7233593000827,39.95978546142578,0.1368849572290977,0.0281526989014599,0.1349303493832732,0.0290062468420421,39.95988458933441,39.95988458933441,39.95988458933441,1,True,True,True,A_core_lia_dem_valid
SITE_006_S0009,SITE_006,-11.1544389139475,-19.0838582385211,39.96373748779297,0.1144884463813569,0.0318042884449423,0.1126002885599278,0.0319456758850472,39.96351514526598,39.96351514526598,39.96351514526598,1,True,True,True,A_core_lia_dem_valid
SITE_006_S0010,SITE_006,-12.6412947200801,-20.05788784334,39.96872711181641,0.0795367879052199,0.0223597774961035,0.0823652506288018,0.0227722695840273,39.96880865624021,39.96880865624021,39.96880865624021,1,True,True,True,A_core_lia_dem_valid
SITE_006_S0011,SITE_006,-12.230562641851,-18.4832568209006,39.96963500976562,0.1239683890842551,0.032920985398611,0.122689785229499,0.0328897750091086,39.96988764923183,39.96988764923183,39.96988764923183,1,True,True,True,A_core_lia_dem_valid
SITE_006_S0012,SITE_006,-17.6783683257605,-19.5244475569591,39.95745849609375,0.0779973587103881,0.020088825054908,0.0771435627902421,0.0201938737983297,39.95744769964421,39.95744769964421,39.95744769964421,1,True,True,True,A_core_lia_dem_valid
SITE_006_S0013,SITE_006,-15.6581425492968,-17.5533533905809,39.96342086791992,0.0762766712691207,0.0225288724691544,0.075469021234751,0.0222361390877596,39.96316366901435,39.96316366901435,39.96316366901435,1,True,True,True,A_core_lia_dem_valid
SITE_006_S0014,SITE_006,-12.2433753229783,-23.1830311167985,39.95995712280273,0.0735357172249092,0.0147287073317262,0.0733389250558706,0.0146670487748321,39.95989462369918,39.95989462369918,39.95989462369918,1,True,True,True,A_core_lia_dem_valid
SITE_006_S0015,SITE_006,-9.13708836647975,-20.8202409900296,39.96477508544922,0.1133601634671277,0.0229186433815241,0.1111525903101748,0.0241995136334251,39.96487249590874,39.96487249590874,39.96487249590874,1,True,True,True,A_core_lia_dem_valid
SITE_006_S0016,SITE_006,-13.6169925075996,-19.166873718573,39.95763397216797,0.0641905622573045,0.0169583719444832,0.0641690079330354,0.0173042824631936,39.95796127077517,39.95796127077517,39.95796127077517,1,True,True,True,A_core_lia_dem_valid
SITE_006_S0017,SITE_006,-11.2665740613363,-17.5390914613215,39.96897125244141,0.087351889731187,0.0175179496090413,0.0864161784640719,0.0168527778450441,39.96868135713732,39.96868135713732,39.96868135713732,1,True,True,True,A_core_lia_dem_valid
SITE_006_S0018,SITE_006,-11.3262268130994,-21.1474847994185,39.96428298950195,0.0825860784274565,0.0194569770490244,0.0797083008758796,0.0195714550974514,39.96440293303633,39.96440293303633,39.96440293303633,1,True,True,True,A_core_lia_dem_valid
SITE_006_S0019,SITE_006,-8.341326284919,-20.5975015193152,39.96318817138672,0.0873879995238449,0.0206150082361522,0.0870145406302662,0.0205734524342086,39.96293317049074,39.96293317049074,39.96293317049074,1,True,True,True,A_core_lia_dem_valid
SITE_006_S0020,SITE_006,-13.3705182774212,-21.1639884027648,39.96504592895508,0.0747965173267526,0.0166666882384359,0.0803053743745644,0.0169531223748983,39.96520111657153,39.96520111657153,39.96520111657153,1,True,True,True,A_core_lia_dem_valid
SITE_006_S0021,SITE_006,-11.6368971146938,-22.6221745365946,39.96650695800781,0.0822865405202739,0.0187165803032115,0.082314325848063,0.0192038538051683,39.96685312731677,39.96685312731677,39.96685312731677,1,True,True,True,A_core_lia_dem_valid
SITE_006_S0022,SITE_006,-11.6313393516431,-19.1510024005354,39.96800994873047,0.0809776518509029,0.0168324680897433,0.0833420246857706,0.0161233834797723,39.96797563453421,39.96797563453421,39.96797563453421,1,True,True,True,A_core_lia_dem_valid
SITE_006_S0023,SITE_006,-12.2639153263076,-20.1076416402917,39.96530914306641,0.084203883446753,0.0158532048254311,0.0832707461157269,0.0162348238308786,39.96551584993801,39.96551584993801,39.96551584993801,1,True,True,True,A_core_lia_dem_valid
SITE_006_S0024,SITE_006,-12.4605774369196,-20.0636999509816,39.96359252929688,0.0852487862645302,0.0149938398547884,0.0833787734289937,0.0150057508487595,39.96352280141585,39.96352280141585,39.96352280141585,1,True,True,True,A_core_lia_dem_valid
SITE_006_S0025,SITE_006,-12.2984104292126,-18.9239794735453,39.96328353881836,0.069386399066445,0.0171081260716748,0.0672953262836723,0.016856005453076,39.96334052991264,39.96334052991264,39.96334052991264,1,True,True,True,A_core_lia_dem_valid
SITE_006_S0026,SITE_006,-9.82043175421856,-19.3673400767034,39.95629119873047,0.1232762466991941,0.0289039487802193,0.1228782551074771,0.0294547575084528,39.95619087110832,39.95619087110832,39.95619087110832,1,True,True,True,A_core_lia_dem_valid
SITE_006_S0027,SITE_006,-10.3754720836543,-21.651194443657,39.96341705322266,0.0801390342458687,0.0145141317182294,0.0715548143809319,0.014877339693504,39.96315607851339,39.96315607851339,39.96315607851339,1,True,True,True,A_core_lia_dem_valid
SITE_006_S0028,SITE_006,-13.7322649542557,-16.6622747667943,39.96158218383789,0.0638718424376994,0.0197628498938153,0.0617658537853466,0.0189559033128629,39.96155000449509,39.96155000449509,39.96155000449509,1,True,True,True,A_core_lia_dem_valid
SITE_006_S0029,SITE_006,-15.072336379727,-21.2427110515349,39.9591178894043,0.0667308050352666,0.0185235932331546,0.0660576862119782,0.0183408191500242,39.95911452895241,39.95911452895241,39.95911452895241,1,True,True,True,A_core_lia_dem_valid
SITE_006_S0030,SITE_006,-13.2736411727347,-18.5372587577817,39.96154022216797,0.1064166195597259,0.0294463885179942,0.109589170079464,0.0304333852791128,39.96149732399891,39.96149732399891,39.96149732399891,1,True,True,True,A_core_lia_dem_valid
SITE_006_S0031,SITE_006,-11.532900386099,-19.2906604881704,39.96107482910156,0.0938612775898829,0.0263252036801228,0.0912589554231264,0.0259322846109438,39.96119410590788,39.96119410590788,39.96119410590788,1,True,True,True,A_core_lia_dem_valid
SITE_006_S0032,SITE_006,-9.87482508772116,-15.2916090045862,39.95585250854492,0.1167108288770916,0.0339541227670593,0.117343568410251,0.0337100216309413,39.95560129380655,39.95560129380655,39.95560129380655,1,True,True,True,A_core_lia_dem_valid
SITE_006_S0033,SITE_006,-10.164530582775,-16.9679554466016,39.96115875244141,0.0863078012896908,0.0212378053101065,0.0863802695982618,0.0203399032522624,39.96100967118417,39.96100967118417,39.96100967118417,1,True,True,True,A_core_lia_dem_valid
SITE_006_S0034,SITE_006,-12.8205491123227,-15.5008172692327,39.96127700805664,0.1214099248238577,0.0362734829976327,0.1224306924051611,0.034487156658976,39.96108257456929,39.96108257456929,39.96108257456929,1,True,True,True,A_core_lia_dem_valid
SITE_006_S0035,SITE_006,-13.0543340529776,-18.5501651395797,39.95747375488281,0.1160534137013549,0.037511273492798,0.1156999472497587,0.0371268607828841,39.95777621018895,39.95777621018895,39.95777621018895,1,True,True,True,A_core_lia_dem_valid
SITE_006_S0036,SITE_006,-13.1882789471731,-21.6077705933693,39.95837783813477,0.0859981867339876,0.0229827571106672,0.0863522027239755,0.0246743483570491,39.95867021439692,39.95867021439692,39.95867021439692,1,True,True,True,A_core_lia_dem_valid
SITE_006_S0037,SITE_006,-15.7699794898236,-24.2741096013805,39.95407485961914,0.0845340058770553,0.0315056801044975,0.0850676382137784,0.0311072796690919,39.95437150857232,39.95437150857232,39.95437150857232,1,True,True,True,A_core_lia_dem_valid
SITE_006_S0038,SITE_006,-8.22608177364743,-16.7915418214407,39.96330642700195,0.1252516502445264,0.0283334453895491,0.1222953996873788,0.0274899275180135,39.96339437449231,39.96339437449231,39.96339437449231,1,True,True,True,A_core_lia_dem_valid
SITE_006_S0039,SITE_006,-11.3943467058746,-19.1325871952847,39.95887756347656,0.0940613524077088,0.0183878690873054,0.0925661848101093,0.0181952235088096,39.9590907375231,39.9590907375231,39.9590907375231,1,True,True,True,A_core_lia_dem_valid
SITE_006_S0040,SITE_006,-11.1275805754523,-19.275730403456,39.95859146118164,0.0918551662067572,0.0261402760475556,0.0923393251259385,0.0275317005276319,39.9585062046317,39.9585062046317,39.9585062046317,1,True,True,True,A_core_lia_dem_valid
SITE_006_S0041,SITE_006,-12.2203868521449,-21.6927102371962,39.95938873291016,0.1189232389513018,0.032696605578618,0.1210125756155501,0.0329337076234828,39.95940979095594,39.95940979095594,39.95940979095594,1,True,True,True,A_core_lia_dem_valid
SITE_006_S0042,SITE_006,-13.5813205224506,-17.7408743594439,39.96463775634766,0.0848417723758353,0.0236794605033679,0.0847726229799014,0.0232440303914991,39.96437509339555,39.96437509339555,39.96437509339555,1,True,True,True,A_core_lia_dem_valid
SITE_006_S0043,SITE_006,-12.3095713043425,-21.4036045633654,39.96264266967773,0.0908575182520096,0.0207607254180925,0.0902446277657548,0.0212153535717082,39.96284147705694,39.96284147705694,39.96284147705694,1,True,True,True,A_core_lia_dem_valid
SITE_006_S0044,SITE_006,-6.21832547899855,-20.3653229449553,39.96775054931641,0.1323599943516356,0.0136466751739411,0.1155623837059145,0.0134377503842484,39.96750545411314,39.96750545411314,39.96750545411314,1,True,True,True,A_core_lia_dem_valid
SITE_006_S0045,SITE_006,-10.4011533270137,-17.2822653351513,39.95944595336914,0.086904239781436,0.0211557828653187,0.0869353967595453,0.0212659898134391,39.9594319781986,39.9594319781986,39.9594319781986,1,True,True,True,A_core_lia_dem_valid
SITE_006_S0046,SITE_006,-8.72221615789227,-20.8469965726478,39.96052169799805,0.0814257775611099,0.0150205848588453,0.0811621509924812,0.0156306081317589,39.96056695762854,39.96056695762854,39.96056695762854,1,True,True,True,A_core_lia_dem_valid
SITE_006_S0047,SITE_006,-8.48932868448266,-18.74643314767,39.96988677978516,0.0902762706743346,0.0201940612016876,0.089317062937735,0.020966024786206,39.96972247549649,39.96972247549648,39.96972247549649,1,True,True,True,A_core_lia_dem_valid
SITE_006_S0048,SITE_006,-11.7646745770037,-20.5596873066796,39.96874237060547,0.083501268473483,0.0158149262031333,0.0821713415308664,0.0155362971694145,39.96847558848865,39.96847558848865,39.96847558848865,1,True,True,True,A_core_lia_dem_valid
SITE_006_S0049,SITE_006,-11.0350540061225,-18.915884121344,39.96880722045898,0.0758330406072516,0.0191052283781995,0.072672237285468,0.0193318867554334,39.96865057238269,39.96865057238269,39.96865057238269,1,True,True,True,A_core_lia_dem_valid
SITE_006_S0050,SITE_006,-10.2986546677607,-19.2899144294558,39.9627685546875,0.0888068547058436,0.016990818365316,0.0884106170518313,0.0166293577312294,39.96291768539588,39.96291768539588,39.96291768539588,1,True,True,True,A_core_lia_dem_valid
SITE_006_S0051,SITE_006,-10.5629651986263,-20.9170496168006,39.96661758422852,0.0843849256225008,0.0165694154637104,0.0890315501295919,0.0168021362820363,39.96661416809968,39.96661416809968,39.96661416809968,1,True,True,True,A_core_lia_dem_valid
SITE_006_S0052,SITE_006,-11.8836147101377,-16.469872831067,39.96186447143555,0.0775345129351391,0.0170851882567836,0.077657885261494,0.0168386503152063,39.96206510838141,39.96206510838141,39.96206510838141,1,True,True,True,A_core_lia_dem_valid
SITE_006_S0053,SITE_006,-11.7340984967246,-20.5299901722622,39.96458435058594,0.0876457280831204,0.0191185157600491,0.0871748821857007,0.0190205859099628,39.96472709028027,39.96472709028027,39.96472709028027,1,True,True,True,A_core_lia_dem_valid
SITE_006_S0054,SITE_006,-10.5931656046187,-31.4674187025632,39.96623611450195,0.0757921477230152,0.0130824780037711,0.0768981769036814,0.0138190382620322,39.9663541422481,39.96635414224809,39.9663541422481,1,True,True,True,A_core_lia_dem_valid
SITE_006_S0055,SITE_006,-10.2331546514989,-16.3981550415306,39.96789932250977,0.0887686726645954,0.0187437873859684,0.0878917521827534,0.0184277467273992,39.96773311156261,39.96773311156261,39.96773311156261,1,True,True,True,A_core_lia_dem_valid
SITE_006_S0056,SITE_006,-11.1808523842862,-23.3438853473277,39.95756149291992,0.0576376247571574,0.0099113860016376,0.0579059685375771,0.0108118691075886,39.95734020902209,39.95734020902209,39.95734020902209,1,True,True,True,A_core_lia_dem_valid
SITE_006_S0057,SITE_006,-13.810107923563,-19.7217533265838,39.95208740234375,0.0641059102386319,0.0167257366047864,0.0644037266034624,0.0170494384676564,39.95239358957027,39.95239358957027,39.95239358957027,1,True,True,True,A_core_lia_dem_valid
SITE_006_S0058,SITE_006,-13.1962542101213,-20.1044912685023,39.95661926269531,0.0808626669566601,0.0162732594056675,0.0752628026315412,0.0160588776069897,39.95692253414112,39.95692253414112,39.95692253414112,1,True,True,True,A_core_lia_dem_valid
SITE_006_S0059,SITE_006,-12.3702492473532,-18.5446102488027,39.96287536621094,0.0810334115097153,0.0199013954187221,0.082158259116413,0.0193216266008179,39.96293568460056,39.96293568460056,39.96293568460056,1,True,True,True,A_core_lia_dem_valid
SITE_006_S0060,SITE_006,-12.9051216578344,-22.7049925256746,39.9595832824707,0.0771638830871173,0.022802198883146,0.076440848181618,0.0225133383205333,39.9598671770803,39.9598671770803,39.9598671770803,1,True,True,True,A_core_lia_dem_valid
SITE_006_S0061,SITE_006,-10.9665811206075,-17.3540261452357,39.95769500732422,0.096492004684276,0.0211625942629244,0.096159589632838,0.0211375684350913,39.95759020733991,39.95759020733991,39.95759020733991,1,True,True,True,A_core_lia_dem_valid
SITE_006_S0062,SITE_006,-13.9032820447595,-19.2697941808863,39.96084976196289,0.1180952083898915,0.0294168753218319,0.116604959802863,0.0294257384297196,39.96083297126855,39.96083297126855,39.96083297126855,1,True,True,True,A_core_lia_dem_valid
SITE_006_S0063,SITE_006,-10.1574362663562,-16.9560255748626,39.94924545288086,0.1191169498860836,0.0354571003065515,0.1191474431403625,0.0355924813854496,39.9494063839923,39.9494063839923,39.9494063839923,1,True,True,True,A_core_lia_dem_valid
SITE_006_S0064,SITE_006,-12.0659988432848,-18.9036668755203,39.95251846313477,0.0876833446002121,0.019998194686551,0.0883652386879356,0.0199298986372319,39.95243712149525,39.95243712149525,39.95243712149525,1,True,True,True,A_core_lia_dem_valid
SITE_006_S0065,SITE_006,-11.2970370827807,-22.1090979442576,39.95116806030273,0.0860332391363437,0.0165944624680835,0.0869264232823655,0.0169385096773126,39.95137889675243,39.95137889675243,39.95137889675243,1,True,True,True,A_core_lia_dem_valid
SITE_006_S0066,SITE_006,-7.17066955952855,-16.7110360860765,39.960693359375,0.1462883493718476,0.0357253056847386,0.1427125628401104,0.03532011236383,39.9604510676797,39.96045106767969,39.9604510676797,1,True,True,True,A_core_lia_dem_valid
SITE_006_S0067,SITE_006,-9.28894357718832,-22.5993977656695,40.258056640625,0.0917799532744619,0.0218592419734017,0.0908087275793523,0.0217792465711678,40.25829214094864,40.25829214094864,40.25829214094864,1,True,True,True,A_core_lia_dem_valid
SITE_006_S0068,SITE_006,-9.96490067226979,-18.4766853064114,40.26409912109375,0.0865094817388388,0.0210693156408766,0.0857939203703753,0.0205326064601296,40.26385810497924,40.26385810497924,40.26385810497924,1,True,True,True,A_core_lia_dem_valid
SITE_006_S0069,SITE_006,-12.61879077521,-16.4922138459916,40.26821899414063,0.0762505804623166,0.0226665496479857,0.0760196472359476,0.0215291524742802,40.26831014888256,40.26831014888255,40.26831014888256,1,True,True,True,A_core_lia_dem_valid
SITE_006_S0070,SITE_006,-11.0220728287762,-19.4706588658049,40.26724243164063,0.1077107169810268,0.0252597606161402,0.1072850643762916,0.0249377766998995,40.26710042447756,40.26710042447756,40.26710042447756,1,True,True,True,A_core_lia_dem_valid
SITE_006_S0071,SITE_006,-9.31328637849074,-20.7434938996088,40.26434707641602,0.071285196095705,0.0205610089959053,0.0715211305118341,0.0195786547730618,40.26415968425383,40.26415968425383,40.26415968425383,1,True,True,True,A_core_lia_dem_valid
SITE_006_S0072,SITE_006,-12.3417168773896,-17.8605025384242,40.26266860961914,0.0956153091622723,0.025806925965266,0.0943085992317876,0.0258528382869004,40.26257863858852,40.26257863858852,40.26257863858852,1,True,True,True,A_core_lia_dem_valid
SITE_006_S0073,SITE_006,-12.2882697031459,-19.5018700161508,40.26145553588867,0.0806762115118736,0.0202560019432833,0.0791618545803256,0.0198464279263148,40.26127325284362,40.26127325284362,40.26127325284362,1,True,True,True,A_core_lia_dem_valid
SITE_006_S0074,SITE_006,-13.5107598283625,-18.1693978288288,40.26762771606445,0.0799715698405178,0.0212004540627822,0.0833805504818418,0.0210428181214166,40.26778749235808,40.26778749235808,40.26778749235808,1,True,True,True,A_core_lia_dem_valid
SITE_006_S0075,SITE_006,-12.2606143858292,-19.0257541357688,40.27046966552734,0.0839441693381153,0.0188809045234276,0.0829819724144358,0.0198586972689856,40.27055233017398,40.27055233017398,40.27055233017398,1,True,True,True,A_core_lia_dem_valid
SITE_006_S0076,SITE_006,-15.2814038238587,-17.1524631828104,40.26853942871094,0.0904345658806162,0.0190234267934122,0.090894314864206,0.0191339869064245,40.26847823822138,40.26847823822138,40.26847823822138,1,True,True,True,A_core_lia_dem_valid
SITE_006_S0077,SITE_006,-11.3541920082367,-20.081064818641,40.26592254638672,0.0765474636875831,0.0138768485065407,0.0790025089462808,0.0142639006101543,40.26583419645627,40.26583419645627,40.26583419645627,1,True,True,True,A_core_lia_dem_valid
SITE_006_S0078,SITE_006,-14.4092552902661,-19.8630994122109,40.2611083984375,0.0935831059443797,0.0195835369623598,0.0920574626548185,0.0194536545898808,40.26143775727746,40.26143775727746,40.26143775727746,1,True,True,True,A_core_lia_dem_valid
SITE_006_S0079,SITE_006,-13.78728516477,-17.7002096814998,40.2691535949707,0.0842815162282851,0.0169421129125273,0.082825828169323,0.0168654875476106,40.26944976617961,40.26944976617963,40.26944976617961,1,True,True,True,A_core_lia_dem_valid
SITE_006_S0080,SITE_006,-10.3642729667967,-16.9187605640005,40.27084732055664,0.092165563988796,0.0185962271824893,0.0937515793322661,0.0182461213343489,40.2709362963477,40.2709362963477,40.2709362963477,1,True,True,True,A_core_lia_dem_valid
SITE_006_S0081,SITE_006,-12.227757105343,-19.6180183480148,40.26373672485352,0.0842968539757796,0.0158860304528098,0.0829327232741174,0.0161900741201797,40.2635757265783,40.2635757265783,40.2635757265783,1,True,True,True,A_core_lia_dem_valid
SITE_006_S0082,SITE_006,-13.5842860538042,-20.7537860701752,40.2656478881836,0.0701615711226847,0.0152165500742878,0.0713953116753658,0.0151225369615511,40.26589183006372,40.26589183006372,40.26589183006372,1,True,True,True,A_core_lia_dem_valid
SITE_006_S0083,SITE_006,-12.7822679491389,-16.6186652877676,40.26849746704102,0.0796536948446149,0.0230785778527044,0.0897908499410581,0.023061206643757,40.26844432772939,40.26844432772939,40.26844432772939,1,True,True,True,A_core_lia_dem_valid
SITE_006_S0084,SITE_006,-14.4977910690753,-20.6130030661082,40.26490783691406,0.0596730269613779,0.0153222159476775,0.0666388764292992,0.0149409392568395,40.26502956185806,40.26502956185806,40.26502956185806,1,True,True,True,A_core_lia_dem_valid
SITE_006_S0085,SITE_006,-12.5994590673365,-19.6983809226275,40.26196670532227,0.0783491650001681,0.0152611762406739,0.0792834084382137,0.0162620268353154,40.26221747045945,40.26221747045945,40.26221747045945,1,True,True,True,A_core_lia_dem_valid
SITE_006_S0086,SITE_006,-12.2361805115773,-21.6258200974269,40.26202011108398,0.0765224684694282,0.018631021225204,0.0763763917321475,0.0183478069882587,40.26227227223071,40.26227227223071,40.26227227223071,1,True,True,True,A_core_lia_dem_valid
SITE_006_S0087,SITE_006,-10.6631239335934,-22.8061504383973,40.26304626464844,0.0811837852219432,0.0143844086646726,0.0811856271822024,0.0148154310437202,40.26307502659886,40.26307502659886,40.26307502659886,1,True,True,True,A_core_lia_dem_valid
SITE_006_S0088,SITE_006,-11.2919444696789,-18.7703237532052,40.26507186889648,0.0724889102758602,0.0153937010803247,0.0709247268516277,0.0156378958505722,40.26490805400085,40.26490805400085,40.26490805400085,1,True,True,True,A_core_lia_dem_valid
SITE_006_S0089,SITE_006,-11.245109487666,-21.3074625357389,40.26836395263672,0.0816154827734282,0.015326448413479,0.0794428148621443,0.0173295115470668,40.2682073788456,40.26820737884559,40.2682073788456,1,True,True,True,A_core_lia_dem_valid
SITE_006_S0090,SITE_006,-14.245526477171,-18.8170610724917,40.26164627075195,0.0689770210362785,0.0181592043274915,0.070319591813164,0.0182665703878649,40.26196254854288,40.26196254854289,40.26196254854288,1,True,True,True,A_core_lia_dem_valid
SITE_006_S0091,SITE_006,-11.2397760223368,-14.5809873597357,40.2582893371582,0.1153724840615496,0.0338314154599275,0.1121733383678538,0.0336940440222025,40.25801576179794,40.25801576179794,40.25801576179794,1,True,True,True,A_core_lia_dem_valid
SITE_006_S0092,SITE_006,-10.9959808850722,-19.8336411471982,40.26082611083984,0.0770737700279151,0.0181467471898098,0.0747725879361638,0.0180625600949791,40.26064711443463,40.26064711443463,40.26064711443463,1,True,True,True,A_core_lia_dem_valid
SITE_006_S0093,SITE_006,-13.3961176999862,-19.510651045227,40.267333984375,0.0957299362531747,0.0226489830634442,0.0956177011118671,0.0229095934584157,40.26755051736668,40.26755051736668,40.26755051736668,1,True,True,True,A_core_lia_dem_valid
SITE_006_S0094,SITE_006,-12.0171161548068,-19.0993521659216,40.26988983154297,0.0795903618737571,0.0228380939571751,0.078916485966762,0.0228490083238181,40.26959630654338,40.26959630654338,40.26959630654338,1,True,True,True,A_core_lia_dem_valid
SITE_006_S0095,SITE_006,-8.61441332109323,-16.0051362772735,40.26477813720703,0.1420742253379689,0.0355840460789756,0.1424033513407648,0.0351905567789678,40.26489959166148,40.26489959166148,40.26489959166148,1,True,True,True,A_core_lia_dem_valid
SITE_006_S0096,SITE_006,-8.11880661020634,-18.6337040311242,40.26038360595703,0.1001000667855504,0.0192753531135264,0.0976120358633313,0.0208699903588355,40.26023827276,40.26023827276,40.26023827276,1,True,True,True,A_core_lia_dem_valid
SITE_006_S0097,SITE_006,-11.982603308611,-15.4581380108043,40.2615852355957,0.0786156869410767,0.0197061652404089,0.0786401867205,0.019923764250654,40.26159610118962,40.26159610118962,40.26159610118962,1,True,True,True,A_core_lia_dem_valid
SITE_006_S0098,SITE_006,-12.7056515904175,-20.2192849248361,40.26438140869141,0.0828302613495308,0.0177133042014321,0.0832587010214563,0.0179559555650898,40.26435627174256,40.26435627174255,40.26435627174256,1,True,True,True,A_core_lia_dem_valid
SITE_006_S0099,SITE_006,-11.2680599978314,-20.7934870553616,40.27102661132812,0.0887436746301331,0.0240077549581312,0.0879582370034651,0.0236507572001432,40.27134409845158,40.27134409845158,40.27134409845158,1,True,True,True,A_core_lia_dem_valid
SITE_006_S0100,SITE_006,-10.4257819002829,-19.1603765463269,40.27211380004883,0.0940138870122989,0.0226466668314403,0.089281049562749,0.0220124498199751,40.27230066599458,40.27230066599458,40.27230066599458,1,True,True,True,A_core_lia_dem_valid
SITE_006_S0101,SITE_006,-12.9577697504471,-16.2613420949923,40.26858520507812,0.0821318678930401,0.0230662675885293,0.0811953793206202,0.0230041202488887,40.26856057833782,40.26856057833782,40.26856057833782,1,True,True,True,A_core_lia_dem_valid
SITE_006_S0102,SITE_006,-10.5984653345868,-17.4759244351594,40.26523590087891,0.0787063984861538,0.0200870581958934,0.0720621564971396,0.0198980542328401,40.26504462623414,40.26504462623414,40.26504462623414,1,True,True,True,A_core_lia_dem_valid
SITE_006_S0103,SITE_006,-11.5205029432087,-17.4402722486023,40.26213455200195,0.0756131485601266,0.0189660447711194,0.0751171660230115,0.018819559804483,40.26238089675469,40.26238089675469,40.26238089675469,1,True,True,True,A_core_lia_dem_valid
SITE_006_S0104,SITE_006,-14.7686217464079,-25.07800645876,40.26879501342773,0.0914634468075301,0.0188349091225568,0.0905615743137655,0.0199002529735831,40.26891100995894,40.26891100995894,40.26891100995894,1,True,True,True,A_core_lia_dem_valid
SITE_006_S0105,SITE_006,-11.5075203538513,-16.4788214841358,40.26521301269531,0.0815608547627925,0.022277141179872,0.0823313918460201,0.0215827709509082,40.26501626072334,40.26501626072334,40.26501626072334,1,True,True,True,A_core_lia_dem_valid
SITE_006_S0106,SITE_006,-10.1496960176046,-18.8172181697406,40.26462554931641,0.10053584197221,0.0172371170244115,0.0980628635313296,0.0173552411736202,40.26452056300119,40.26452056300119,40.26452056300119,1,True,True,True,A_core_lia_dem_valid
SITE_006_S0107,SITE_006,-11.565675355473,-21.2887937312795,40.2667350769043,0.0831461452365314,0.015303697898919,0.0850884366096757,0.0154125274985761,40.26694387948434,40.26694387948434,40.26694387948434,1,True,True,True,A_core_lia_dem_valid
SITE_006_S0108,SITE_006,-12.6806156920806,-19.4618160269043,40.63370895385742,0.0909325047292643,0.0184859942663211,0.0908257379202838,0.0189706449040653,40.63399210925351,40.63399210925351,40.63399210925351,1,True,True,True,A_core_lia_dem_valid
SITE_006_S0109,SITE_006,-9.36999072081388,-16.7732894326358,40.26513671875,0.0896377653083946,0.02050688146014,0.0819877679043097,0.0205690172112047,40.26508278678161,40.26508278678161,40.26508278678161,1,True,True,True,A_core_lia_dem_valid
SITE_006_S0110,SITE_006,-13.2555033142974,-15.730622825622,40.26667785644531,0.0639083779700905,0.0169794057092566,0.064281447456529,0.0137342071840157,40.26638762256576,40.26638762256577,40.26638762256576,1,True,True,True,A_core_lia_dem_valid
SITE_006_S0111,SITE_006,-10.222639001427,-18.8821572797923,40.26068115234375,0.113176227716936,0.0302330293423599,0.112653440957268,0.0297536974276048,40.26057267596193,40.26057267596192,40.26057267596193,1,True,True,True,A_core_lia_dem_valid
SITE_006_S0112,SITE_006,-12.5352931369868,-16.5853206959679,40.63596725463867,0.0952428737025465,0.0252908253473126,0.0934907186278888,0.024959552494786,40.63628801283636,40.63628801283636,40.63628801283636,1,True,True,True,A_core_lia_dem_valid
SITE_006_S0113,SITE_006,-11.0013127390892,-22.7514126072117,40.26066589355469,0.0858097524819835,0.0172820333514832,0.078810112774259,0.0175883199786881,40.26064183819659,40.26064183819659,40.26064183819659,1,True,True,True,A_core_lia_dem_valid
SITE_006_S0114,SITE_006,-12.7053264192024,-19.2836628113327,40.62931442260742,0.0864906372593564,0.0246996707332407,0.0893520235226995,0.0247049534675898,40.62957885384067,40.62957885384067,40.62957885384067,1,True,True,True,A_core_lia_dem_valid
SITE_006_S0115,SITE_006,-10.0655760053888,-17.233402114551,40.26372909545898,0.1154479622509744,0.0227019268119086,0.1140112638489864,0.0228282443399337,40.26349818578493,40.26349818578493,40.26349818578493,1,True,True,True,A_core_lia_dem_valid
SITE_006_S0116,SITE_006,-10.0544188073572,-15.7417139773162,40.62984085083008,0.0987065053813987,0.0259468486211455,0.0985089080845132,0.0247607877636996,40.62977605523111,40.62977605523111,40.62977605523111,1,True,True,True,A_core_lia_dem_valid
SITE_006_S0117,SITE_006,-8.95545730757308,-19.7706130801196,40.26533889770508,0.0952495567500591,0.0194015119658116,0.0945572831840426,0.0190006523261262,40.26523908582539,40.26523908582539,40.26523908582539,1,True,True,True,A_core_lia_dem_valid
SITE_006_S0118,SITE_006,-9.34542965094434,-23.765467091425,40.62961196899414,0.1088638363116317,0.0236350291263726,0.1075345789420384,0.0232003099809364,40.62990912834753,40.62990912834753,40.62990912834753,1,True,True,True,A_core_lia_dem_valid
SITE_006_S0119,SITE_006,-9.81908142600267,-16.1956301878809,40.26412582397461,0.1215952020800776,0.0305124778093563,0.1226600443847753,0.0300868967681387,40.26436446131124,40.26436446131124,40.26436446131124,1,True,True,True,A_core_lia_dem_valid
SITE_006_S0120,SITE_006,-10.5980211843134,-15.3540162831022,40.26082229614258,0.1287543372033308,0.036174419881362,0.1287840604942624,0.0360460014448353,40.26057665538277,40.26057665538277,40.26057665538277,1,True,True,True,A_core_lia_dem_valid
SITE_006_S0121,SITE_006,-9.58227812380933,-23.2233608406129,40.26198959350586,0.0902848094453414,0.0254133070591423,0.0911021056007823,0.0253860340658345,40.26169225777614,40.26169225777614,40.26169225777614,1,True,True,True,A_core_lia_dem_valid
SITE_006_S0122,SITE_006,-9.91876291585885,-19.9492126630741,40.26462936401367,0.0858798331974281,0.0224886708580977,0.0855777812413411,0.0220073773618883,40.26451847142707,40.26451847142707,40.26451847142707,1,True,True,True,A_core_lia_dem_valid
SITE_006_S0123,SITE_006,-11.5318030652214,-18.5930270026228,40.26774978637695,0.0903668995532724,0.0232055998746202,0.0904733487503764,0.0226806781278667,40.26805778029903,40.26805778029903,40.26805778029903,1,True,True,True,A_core_lia_dem_valid
SITE_006_S0124,SITE_006,-14.3513490958712,-24.4806129581896,40.26200866699219,0.062302207392123,0.0161737191439088,0.0625198344647148,0.0160551087307098,40.26233548711261,40.26233548711261,40.26233548711261,1,True,True,True,A_core_lia_dem_valid
SITE_006_S0125,SITE_006,-14.0625901556807,-20.6786090169912,40.26416397094727,0.0808835354654325,0.0156981802453098,0.081173966044537,0.0160446564479098,40.26388678568805,40.26388678568805,40.26388678568805,1,True,True,True,A_core_lia_dem_valid
SITE_006_S0126,SITE_006,-12.5996701341961,-19.0767458692881,40.4424057006836,0.0809843234138356,0.0214050404927923,0.0800076665471733,0.0206885253003153,40.44261704094802,40.44261704094802,40.44261704094802,1,True,True,True,A_core_lia_dem_valid
SITE_006_S0127,SITE_006,-10.5624734675822,-16.0609161239698,40.4419174194336,0.1109265200608722,0.0313553831791213,0.1069583207241145,0.0306083291916832,40.44220186567985,40.44220186567985,40.44220186567985,1,True,True,True,A_core_lia_dem_valid
SITE_006_S0128,SITE_006,-16.3695857475376,-23.8266186890753,40.44747543334961,0.0711162749263975,0.0185105523953421,0.0709301236855765,0.0180616019625712,40.4475623184484,40.4475623184484,40.4475623184484,1,True,True,True,A_core_lia_dem_valid
SITE_006_S0129,SITE_006,-10.6917344366411,-20.1639709811737,40.44683074951172,0.108457844812009,0.0299879039203127,0.1067772981998177,0.029805817986712,40.44661494715472,40.44661494715472,40.44661494715472,1,True,True,True,A_core_lia_dem_valid
SITE_006_S0130,SITE_006,-13.1138038524001,-22.7072732852863,40.4565315246582,0.0952301230396058,0.0171839628974368,0.0945714294305876,0.0176270286340813,40.45657372723102,40.45657372723102,40.45657372723102,1,True,True,True,A_core_lia_dem_valid
SITE_006_S0131,SITE_006,-11.7269941116388,-19.4046883924433,40.44277191162109,0.086518020979839,0.0167187050750686,0.0859569404524507,0.0168530688004138,40.44293517849182,40.44293517849182,40.44293517849182,1,True,True,True,A_core_lia_dem_valid
SITE_006_S0132,SITE_006,-12.1815243209571,-20.7821540871474,40.4407958984375,0.0748519447197516,0.0199197115505942,0.0748744272247508,0.0195436182762823,40.44105227547461,40.44105227547461,40.44105227547461,1,True,True,True,A_core_lia_dem_valid
SITE_006_S0133,SITE_006,-13.7114658459108,-19.8107863580368,40.44455718994141,0.086845617108047,0.0177072100171711,0.085462225470002,0.017150642083589,40.44435012532757,40.44435012532757,40.44435012532757,1,True,True,True,A_core_lia_dem_valid
SITE_006_S0134,SITE_006,-9.68896096417512,-17.5255835844435,40.44279098510742,0.1171852461273884,0.0217405202935552,0.114320557768607,0.0211866792802275,40.44259274893258,40.44259274893257,40.44259274893258,1,True,True,True,A_core_lia_dem_valid
SITE_006_S0135,SITE_006,-13.2711403886593,-19.0743583826528,40.44245529174805,0.0874707429164853,0.0182246581796142,0.0872022023058718,0.0182260367439852,40.44263110618399,40.44263110618399,40.44263110618399,1,True,True,True,A_core_lia_dem_valid
SITE_006_S0136,SITE_006,-11.2620704051283,-20.6754121477193,40.44589233398438,0.0938749166288309,0.0178053198295643,0.0939447196122304,0.017793415281522,40.44609862033374,40.44609862033374,40.44609862033374,1,True,True,True,A_core_lia_dem_valid
SITE_006_S0137,SITE_006,-11.0289550978047,-20.0826825688676,40.44258880615234,0.0766613746517234,0.0171638687293121,0.0770532941238747,0.0173764889573482,40.44238625235655,40.44238625235655,40.44238625235655,1,True,True,True,A_core_lia_dem_valid
SITE_006_S0138,SITE_006,-12.6121961832438,-19.1107551288207,40.44110488891602,0.0979800822503036,0.0185782922709204,0.0975661348395141,0.0201191869022068,40.44097820525679,40.44097820525679,40.44097820525679,1,True,True,True,A_core_lia_dem_valid
SITE_006_S0139,SITE_006,-10.94119279182,-21.7978807443633,40.4388313293457,0.0902053386469682,0.0151467143415178,0.0898278531202195,0.0155225937834854,40.43865512115786,40.43865512115786,40.43865512115786,1,True,True,True,A_core_lia_dem_valid
SITE_006_S0140,SITE_006,-13.8859255513617,-21.9920378419803,40.43682861328125,0.0881644077454136,0.0146627986605937,0.0870510864014514,0.0146508225470227,40.43685905743037,40.43685905743037,40.43685905743037,1,True,True,True,A_core_lia_dem_valid
SITE_006_S0141,SITE_006,-10.8264531357353,-19.1994294890954,40.44929504394531,0.0749600463112195,0.0178115574581397,0.075529379553081,0.0176043804570872,40.44948250286952,40.44948250286952,40.44948250286952,1,True,True,True,A_core_lia_dem_valid
SITE_006_S0142,SITE_006,-11.5290662669135,-17.7644083593201,40.44255828857422,0.0658045096198717,0.0199695233596589,0.0664454452123171,0.0197144127355027,40.44230591458109,40.44230591458108,40.44230591458109,1,True,True,True,A_core_lia_dem_valid
SITE_006_S0143,SITE_006,-11.0605475669567,-19.216388080778,40.44400787353516,0.086682068299916,0.0211196583995802,0.0867285250444655,0.0209947877084077,40.4437176733032,40.4437176733032,40.4437176733032,1,True,True,True,A_core_lia_dem_valid
SITE_006_S0144,SITE_006,-11.3845031533519,-20.1425004830807,40.42899322509766,0.0778860968647954,0.0188016391627925,0.0748783363984249,0.0185649291037594,40.42882091950889,40.42882091950889,40.42882091950889,1,True,True,True,A_core_lia_dem_valid
SITE_006_S0145,SITE_006,-11.776964760384,-18.0540863624556,40.43583297729492,0.1065706749012073,0.0250241793943216,0.1067569851277419,0.024452288598135,40.43610353551102,40.43610353551102,40.43610353551102,1,True,True,True,A_core_lia_dem_valid
SITE_006_S0146,SITE_006,-12.8950094340873,-24.4701331810798,40.44501495361328,0.1080308379252164,0.0194766065933638,0.0930290677660925,0.0197585487916097,40.44533317884816,40.44533317884816,40.44533317884816,1,True,True,True,A_core_lia_dem_valid
SITE_006_S0147,SITE_006,-10.1411334682234,-16.7881367935522,40.44320678710938,0.1575527105824134,0.0392596101525249,0.1569138654860019,0.0394882897805337,40.44349464855087,40.44349464855086,40.44349464855087,1,True,True,True,A_core_lia_dem_valid
SITE_006_S0148,SITE_006,-12.5638462677409,-16.3627307063759,40.4527473449707,0.1257354473819335,0.0418938529180983,0.1260427602601272,0.0414498295231009,40.45274312745683,40.45274312745683,40.45274312745683,1,True,True,True,A_core_lia_dem_valid
SITE_006_S0149,SITE_006,-12.6406973546398,-19.8029594717504,40.43704986572266,0.0825037307333615,0.0212731068620411,0.0829322454046722,0.0208576814751206,40.43683399717891,40.43683399717891,40.43683399717891,1,True,True,True,A_core_lia_dem_valid
SITE_006_S0150,SITE_006,-12.1264683704846,-19.5277948848311,40.43601226806641,0.0919409331927696,0.0166516706898552,0.0916510788234809,0.017524370372846,40.43605799973955,40.43605799973955,40.43605799973955,1,True,True,True,A_core_lia_dem_valid
SITE_006_S0151,SITE_006,-10.919851364704,-26.0666395059892,40.45096206665039,0.0818510473892092,0.0191237403131268,0.0823254219290834,0.0192936484635967,40.45080929503544,40.45080929503544,40.45080929503544,1,True,True,True,A_core_lia_dem_valid
SITE_006_S0152,SITE_006,-12.8731143759753,-18.6815112151843,40.44245529174805,0.1067778931932439,0.0205218150011367,0.1054134864833757,0.020704692111546,40.44268497515329,40.44268497515329,40.44268497515329,1,True,True,True,A_core_lia_dem_valid
SITE_006_S0153,SITE_006,-14.7369184474546,-23.9335450624425,40.44685745239258,0.0970269278354114,0.0212545634944864,0.0954009472958657,0.0225306296803427,40.44693747912818,40.44693747912817,40.44693747912818,1,True,True,True,A_core_lia_dem_valid
SITE_006_S0154,SITE_006,-13.0423716615434,-20.8624405736218,40.44221878051758,0.0794760798854047,0.0163606026849166,0.0783755839394799,0.0169533268319299,40.44243723246289,40.44243723246289,40.44243723246289,1,True,True,True,A_core_lia_dem_valid
SITE_006_S0155,SITE_006,-11.0672701972777,-18.1761520699336,40.44311904907227,0.0743689210050635,0.0181483183273378,0.0743913346648584,0.0179069348280611,40.44311932215481,40.44311932215481,40.44311932215481,1,True,True,True,A_core_lia_dem_valid
SITE_006_S0156,SITE_006,-13.1624489677511,-17.8839824549081,40.44285202026367,0.0770471724150782,0.0197479121976842,0.0777840328327741,0.0195669988629028,40.44299600757022,40.44299600757022,40.44299600757022,1,True,True,True,A_core_lia_dem_valid
SITE_006_S0157,SITE_006,-13.0006260862602,-19.5752726027779,40.44226837158203,0.0812960802018642,0.0204596940923971,0.0814615015639567,0.0207249065052317,40.44249444360306,40.44249444360306,40.44249444360306,1,True,True,True,A_core_lia_dem_valid
SITE_006_S0158,SITE_006,-10.8359651476269,-20.0844757813921,40.44940185546875,0.0877986858810193,0.0192586546799417,0.0857600784873021,0.0186813296673621,40.44921746957596,40.44921746957596,40.44921746957596,1,True,True,True,A_core_lia_dem_valid
SITE_006_S0159,SITE_006,-14.813489571237,-20.4852197639645,40.44356918334961,0.089970366576269,0.0167202308576854,0.0908613687771995,0.0161365442171505,40.44339206895823,40.44339206895821,40.44339206895823,1,True,True,True,A_core_lia_dem_valid
SITE_006_S0160,SITE_006,-12.391642642757,-19.3383461569747,40.44077301025391,0.0833197480502273,0.0170037537535208,0.0870825426600005,0.0172262923923248,40.4405476556238,40.4405476556238,40.4405476556238,1,True,True,True,A_core_lia_dem_valid
SITE_006_S0161,SITE_006,-14.2650799553837,-23.3845373473539,40.43799591064453,0.0777034341427402,0.0146355416747217,0.0788371875902143,0.015035055453065,40.43813815192093,40.43813815192094,40.43813815192093,1,True,True,True,A_core_lia_dem_valid
SITE_006_S0162,SITE_006,-11.0998442845852,-20.6147929777841,40.45449066162109,0.0869433644942712,0.0149181531019149,0.0858844412836977,0.0156130586193807,40.45443888572053,40.45443888572053,40.45443888572053,1,True,True,True,A_core_lia_dem_valid
SITE_006_S0163,SITE_006,-11.1374849410064,-21.4703575453869,40.44124984741211,0.0865141958349139,0.014648374499586,0.0833031703832818,0.015326745482028,40.44129946985338,40.44129946985338,40.44129946985338,1,True,True,True,A_core_lia_dem_valid
SITE_006_S0164,SITE_006,-12.5045420419695,-21.623832116474,40.43930053710938,0.0910706006527814,0.0148131605841393,0.0938444791441611,0.0168566551888719,40.43963154566811,40.43963154566811,40.43963154566811,1,True,True,True,A_core_lia_dem_valid
SITE_006_S0165,SITE_006,-10.9295082623635,-23.4619751699513,40.44673156738281,0.0889667249997386,0.0185512185050174,0.0881513791800156,0.0184705879788178,40.44691577878815,40.44691577878815,40.44691577878815,1,True,True,True,A_core_lia_dem_valid
SITE_006_S0166,SITE_006,-13.249244181243,-20.0735437068804,40.4414291381836,0.0706153696779674,0.0168359663871422,0.0712323294691493,0.0166688224400285,40.44171582327949,40.44171582327948,40.44171582327949,1,True,True,True,A_core_lia_dem_valid
SITE_006_S0167,SITE_006,-11.1328283400127,-22.4001843560907,40.4437255859375,0.0901396976576911,0.0172005250134676,0.0883604211932906,0.0173867780774013,40.44384122730996,40.44384122730997,40.44384122730996,1,True,True,True,A_core_lia_dem_valid
SITE_006_S0168,SITE_006,-10.3707415717549,-21.3647749011454,40.443359375,0.0917804447020674,0.0133770273370497,0.0905949714079093,0.0134128045410637,40.4434874989927,40.4434874989927,40.4434874989927,1,True,True,True,A_core_lia_dem_valid
SITE_006_S0169,SITE_006,-10.8471616445075,-21.9869772214076,40.44018936157227,0.0728554562106728,0.0114494749376761,0.0720408817679609,0.0118876565879387,40.43994396384483,40.43994396384483,40.43994396384483,1,True,True,True,A_core_lia_dem_valid
SITE_006_S0170,SITE_006,-8.27088606623335,-19.6769156223839,40.44415283203125,0.1038032009556109,0.0221379553047298,0.0929846858221829,0.0229804556706849,40.44400262214938,40.44400262214938,40.44400262214938,1,True,True,True,A_core_lia_dem_valid
SITE_006_S0171,SITE_006,-8.68156477766468,-17.9425430022777,40.43756866455078,0.1123597116685575,0.0279284922837973,0.1121822144578636,0.0277319769728309,40.43785734691566,40.43785734691566,40.43785734691566,1,True,True,True,A_core_lia_dem_valid
SITE_006_S0172,SITE_006,-12.9468770699377,-18.2924770663385,40.44094848632812,0.0755002773345328,0.020969680336821,0.0771725572247587,0.0202568843222777,40.44070879136674,40.44070879136674,40.44070879136674,1,True,True,True,A_core_lia_dem_valid
SITE_006_S0173,SITE_006,-13.2062310650585,-23.4354118194964,40.43306732177734,0.0826271243882935,0.0175042403721973,0.0841009424067044,0.0184945499495112,40.43314575002164,40.43314575002164,40.43314575002164,1,True,True,True,A_core_lia_dem_valid
SITE_006_S0174,SITE_006,-11.7265573351149,-18.1408543925374,40.44171524047852,0.0940263013908313,0.0251097334636643,0.0934351663608543,0.0264092896874746,40.44158894954738,40.44158894954738,40.44158894954738,1,True,True,True,A_core_lia_dem_valid
SITE_006_S0175,SITE_006,-14.3266627337725,-19.2164096932431,40.4488525390625,0.1009867587421551,0.03075817813062,0.1035564019833924,0.0303901201948799,40.44866727462716,40.44866727462716,40.44866727462716,1,True,True,True,A_core_lia_dem_valid
SITE_006_S0176,SITE_006,-12.006296038179,-22.4735566082933,40.44307327270508,0.0809786617259184,0.0154668445623482,0.08023311227744,0.0161624539606322,40.44300816596553,40.44300816596553,40.44300816596553,1,True,True,True,A_core_lia_dem_valid
SITE_006_S0177,SITE_006,-14.4519816819846,-22.4330760383647,40.43844985961914,0.0834694272679072,0.0172044577502209,0.0877132251454845,0.0190843871263904,40.43834351347913,40.43834351347913,40.43834351347913,1,True,True,True,A_core_lia_dem_valid
SITE_006_S0178,SITE_006,-13.9568180760132,-20.9840236175377,40.43889617919922,0.1029219909387658,0.0274764867219788,0.102990014771442,0.0281828404138642,40.43885065513322,40.43885065513322,40.43885065513322,1,True,True,True,A_core_lia_dem_valid
SITE_006_S0179,SITE_006,-11.3986516903336,-15.1901060257577,40.44628524780273,0.1100954618655376,0.0333742579948868,0.1131828549486312,0.0334331695651318,40.44618520039768,40.44618520039768,40.44618520039768,1,True,True,True,A_core_lia_dem_valid
SITE_006_S0180,SITE_006,-14.6171690454925,-17.4895589434635,40.44767761230469,0.0886288597807288,0.021402550711193,0.0874718603212434,0.0216181029721427,40.44765454705748,40.44765454705748,40.44765454705748,1,True,True,True,A_core_lia_dem_valid
SITE_006_S0181,SITE_006,-13.5864155595717,-15.4747522493804,40.44346618652344,0.1291893848232112,0.0381008240477078,0.1283724257472076,0.0377477157012456,40.44341366089022,40.44341366089022,40.44341366089022,1,True,True,True,A_core_lia_dem_valid
SITE_006_S0182,SITE_006,-16.6502643258223,-19.4726887986105,40.46976089477539,0.0852097802940342,0.0236290035800387,0.0845841739455491,0.023380099634308,40.46980662897126,40.46980662897126,40.46980662897126,1,True,True,True,A_core_lia_dem_valid
SITE_006_S0183,SITE_006,-11.3619896244521,-20.408599285652,40.44376373291016,0.0755151481705605,0.0142033779364296,0.0726166994445171,0.0145373951072277,40.44362503952451,40.44362503952451,40.44362503952451,1,True,True,True,A_core_lia_dem_valid
SITE_006_S0184,SITE_006,-11.3937213520007,-29.2055889809514,40.42898178100586,0.0844819521772809,0.0151690360667138,0.0843777296436013,0.0161996895282165,40.42888479091347,40.42888479091347,40.42888479091347,1,True,True,True,A_core_lia_dem_valid
SITE_006_S0185,SITE_006,-11.4009487430877,-17.9517598397751,40.42898941040039,0.0932912053900599,0.021690908887734,0.0910644598604714,0.0214538714168938,40.42903169377725,40.42903169377725,40.42903169377725,1,True,True,True,A_core_lia_dem_valid
SITE_006_S0186,SITE_006,-11.5382053259964,-18.3176408603676,40.43108749389648,0.0832030112571368,0.0185102649762405,0.0834639867638376,0.0190784005991529,40.43111003737125,40.43111003737125,40.43111003737125,1,True,True,True,A_core_lia_dem_valid
SITE_006_S0187,SITE_006,-13.3669215770476,-22.1858431328284,40.43164825439453,0.0685718925522781,0.0146179361182272,0.0735799702261192,0.0157905008863068,40.43163254020937,40.43163254020937,40.43163254020937,1,True,True,True,A_core_lia_dem_valid
SITE_006_S0188,SITE_006,-10.793535901875,-21.0072133807942,40.42427444458008,0.088648861017492,0.0187663772997718,0.088332856900898,0.0186651506391659,40.4241540690194,40.4241540690194,40.4241540690194,1,True,True,True,A_core_lia_dem_valid
SITE_006_S0189,SITE_006,-11.4513471772922,-20.0163426076122,40.42961883544922,0.1075539983611424,0.0183799514542731,0.1073629219964635,0.018840556910751,40.42964858671419,40.42964858671419,40.42964858671419,1,True,True,True,A_core_lia_dem_valid
SITE_006_S0190,SITE_006,-15.6775050402753,-19.1154416378431,40.43431854248047,0.0725483957765493,0.0180711036420839,0.0759862903690205,0.0205250480528029,40.43422824437377,40.43422824437377,40.43422824437377,1,True,True,True,A_core_lia_dem_valid
SITE_006_S0191,SITE_006,-12.1266998979084,-18.6704492358343,40.44131469726562,0.0852088349726465,0.0169878531784534,0.0846512717787044,0.0175600034060508,40.44109399390944,40.44109399390944,40.44109399390944,1,True,True,True,A_core_lia_dem_valid
SITE_006_S0192,SITE_006,-10.5277781085275,-22.5263582619251,40.44068908691406,0.0902399180273078,0.0147867211173655,0.088077054006678,0.0152481165217793,40.44084484849786,40.44084484849786,40.44084484849786,1,True,True,True,A_core_lia_dem_valid
SITE_006_S0193,SITE_006,-13.7968390242213,-22.4458267541124,40.4439811706543,0.084478905039529,0.0152772469446683,0.0837412980419618,0.0155039573723794,40.44376290524958,40.44376290524958,40.44376290524958,1,True,True,True,A_core_lia_dem_valid
SITE_006_S0194,SITE_006,-17.5575069762263,-21.6305817794168,40.44185638427734,0.0718401030883505,0.0156732262364561,0.0736402470320695,0.0159821075545645,40.44176721572876,40.44176721572877,40.44176721572876,1,True,True,True,A_core_lia_dem_valid
SITE_006_S0195,SITE_006,-13.0869199519611,-22.0687549175099,40.45170593261719,0.0759365076820055,0.0132948601409789,0.0752130424865969,0.0137700788546243,40.45184347491781,40.45184347491781,40.45184347491781,1,True,True,True,A_core_lia_dem_valid
SITE_006_S0196,SITE_006,-10.9676257861787,-20.5032587844589,40.43476867675781,0.0901677381743987,0.0202798717127492,0.0898463335918423,0.0198163260845382,40.43482019021783,40.43482019021783,40.43482019021783,1,True,True,True,A_core_lia_dem_valid
SITE_006_S0197,SITE_006,-11.8281588339681,-23.4270686581243,40.44075012207031,0.0791538429508606,0.0162816008347813,0.0779661355278006,0.0168432592952483,40.44064350973202,40.44064350973202,40.44064350973202,1,True,True,True,A_core_lia_dem_valid
SITE_006_S0198,SITE_006,-13.5962340153323,-20.6989713405509,40.4394645690918,0.0698673003001345,0.0144263142621629,0.0693125865626298,0.014374046540761,40.43971114929276,40.43971114929276,40.43971114929276,1,True,True,True,A_core_lia_dem_valid
SITE_006_S0199,SITE_006,-13.9774599785184,-21.7100018276741,40.442138671875,0.0897031719884884,0.0202403478924598,0.0901954224649372,0.0200839452438608,40.44233261924196,40.44233261924196,40.44233261924196,1,True,True,True,A_core_lia_dem_valid
SITE_006_S0200,SITE_006,-8.71597905868758,-17.8810196560475,40.44154739379883,0.1453882064371075,0.0313431709028797,0.1435226995964174,0.0329941059110223,40.44181299933905,40.44181299933905,40.44181299933905,1,True,True,True,A_core_lia_dem_valid
SITE_006_S0201,SITE_006,-14.2294988303014,-19.0926863398123,40.4394760131836,0.0679520502122211,0.0212292678314096,0.0733880132912966,0.0209245670335083,40.43961919317343,40.43961919317343,40.43961919317343,1,True,True,True,A_core_lia_dem_valid
SITE_006_S0202,SITE_006,-12.4808046464907,-16.4806640077571,40.43821334838867,0.103536899242964,0.0310764808456907,0.1027139320674892,0.0308224816846238,40.43824024568746,40.43824024568746,40.43824024568746,1,True,True,True,A_core_lia_dem_valid
SITE_006_S0203,SITE_006,-15.4016569441588,-21.669125421312,40.4342155456543,0.0881154667059811,0.0169260476074617,0.08611500579296,0.0169550820348198,40.43436917304089,40.43436917304089,40.43436917304089,1,True,True,True,A_core_lia_dem_valid
SITE_006_S0204,SITE_006,-12.9008082674637,-20.8235091496616,40.44149398803711,0.0811794363313622,0.0229793849626037,0.0805806963798546,0.0233827197487693,40.44176785562318,40.44176785562318,40.44176785562318,1,True,True,True,A_core_lia_dem_valid
SITE_006_S0205,SITE_006,-14.1012398853529,-19.6014277918205,40.44242858886719,0.1075967505325873,0.0174268241714098,0.1076914218657349,0.0178317936279171,40.44265408093418,40.44265408093417,40.44265408093418,1,True,True,True,A_core_lia_dem_valid
SITE_006_S0206,SITE_006,-9.90073684569841,-17.5052517405567,40.44492340087891,0.1187716800305578,0.0384587835955123,0.1180508385203134,0.0379615999153458,40.44504504452386,40.44504504452386,40.44504504452386,1,True,True,True,A_core_lia_dem_valid
SITE_006_S0207,SITE_006,-11.5248976450291,-18.831845382034,40.44106292724609,0.0804478579812593,0.026124682216905,0.0781124776877621,0.0257173196188583,40.44091680140436,40.44091680140436,40.44091680140436,1,True,True,True,A_core_lia_dem_valid
SITE_006_S0208,SITE_006,-14.4716412753054,-21.0296462422639,40.43831253051758,0.1105319409429155,0.0285544610230459,0.1108366707811087,0.0284866558217707,40.43847918185286,40.43847918185286,40.43847918185286,1,True,True,True,A_core_lia_dem_valid
SITE_006_S0209,SITE_006,-12.1784061484022,-21.7687666716627,40.45385360717773,0.0858275552170375,0.0197448342488423,0.0830428495927027,0.0199563997571285,40.45404881398812,40.45404881398812,40.45404881398812,1,True,True,True,A_core_lia_dem_valid
SITE_006_S0210,SITE_006,-10.5888938602558,-17.109203516571,40.44081497192383,0.0864429433681543,0.0268012987332651,0.0830218028631917,0.0263088158695774,40.44062067949319,40.44062067949319,40.44062067949319,1,True,True,True,A_core_lia_dem_valid
SITE_006_S0211,SITE_006,-16.6072950298973,-20.3042093356872,40.4427375793457,0.0875508000080784,0.0200561198380108,0.0866268233901937,0.0203193911508148,40.44275917347218,40.44275917347218,40.44275917347218,1,True,True,True,A_core_lia_dem_valid
SITE_006_S0212,SITE_006,-15.265514699067,-20.507523637737,40.39333724975586,0.0872810362320807,0.016562397792095,0.0867762242381771,0.0181925011945963,40.39331462290262,40.39331462290262,40.39331462290262,1,True,True,True,A_core_lia_dem_valid
SITE_006_S0213,SITE_006,-9.51291227897456,-13.9537474646249,40.42523574829102,0.1377387779785527,0.0245644468369169,0.1353897534256725,0.0243051292215325,40.42546945065967,40.42546945065967,40.42546945065967,1,True,True,True,A_core_lia_dem_valid
SITE_006_S0214,SITE_006,-11.8462170705835,-18.4488865845119,40.42680740356445,0.0767823002570205,0.0178890778751844,0.0765453635546412,0.0176143170962891,40.42674322113182,40.42674322113182,40.42674322113182,1,True,True,True,A_core_lia_dem_valid
SITE_006_S0215,SITE_006,-13.1227224560946,-19.8107182070204,40.42982482910156,0.0851655943526162,0.0186043130910384,0.0845769263436028,0.0181200992826713,40.43011687875774,40.43011687875774,40.43011687875774,1,True,True,True,A_core_lia_dem_valid
SITE_006_S0216,SITE_006,-11.5802264914288,-24.3735972633161,40.42799377441406,0.0777197276794709,0.0118476093821911,0.0796093823486485,0.0130011896927967,40.42821929410303,40.42821929410303,40.42821929410303,1,True,True,True,A_core_lia_dem_valid
SITE_006_S0217,SITE_006,-10.4758317416029,-17.9975612255661,40.42630386352539,0.0941383694955425,0.0191280065129371,0.0909113662664267,0.0178170747578921,40.42609599871699,40.426095998717,40.42609599871699,1,True,True,True,A_core_lia_dem_valid
SITE_006_S0218,SITE_006,-9.90370029019075,-21.168777120738,40.43203735351562,0.0879610206476488,0.0142650337976059,0.0782563479553281,0.014304200733469,40.43231029269062,40.43231029269062,40.43231029269062,1,True,True,True,A_core_lia_dem_valid
SITE_006_S0219,SITE_006,-12.0874958129217,-21.1965692936528,40.43523025512695,0.0743690856405407,0.0122068425987454,0.0720480553287722,0.0124333314119565,40.43528996669336,40.43528996669336,40.43528996669336,1,True,True,True,A_core_lia_dem_valid
SITE_006_S0220,SITE_006,-12.5375262303604,-22.405878184702,40.44069671630859,0.0720789576336853,0.0138055143638349,0.0688356854976355,0.014695775723762,40.44047272201583,40.44047272201583,40.44047272201583,1,True,True,True,A_core_lia_dem_valid
SITE_006_S0221,SITE_006,-14.5674358969994,-19.9543010643815,40.4423942565918,0.0748687291005584,0.0171032093254423,0.074202168242665,0.0171040492069343,40.44247819922824,40.44247819922824,40.44247819922824,1,True,True,True,A_core_lia_dem_valid
SITE_006_S0222,SITE_006,-12.1161835383212,-20.0110484372217,40.4382209777832,0.0736948739884541,0.0176943547423515,0.0710954350956621,0.0175565079051686,40.4383379187765,40.4383379187765,40.4383379187765,1,True,True,True,A_core_lia_dem_valid
SITE_006_S0223,SITE_006,-12.3867512167892,-19.667022358928,40.43354034423828,0.0776935726424272,0.0200693673890719,0.0797510954151652,0.0197705065490541,40.43375365964828,40.43375365964828,40.43375365964828,1,True,True,True,A_core_lia_dem_valid
SITE_006_S0224,SITE_006,-16.3376004724704,-25.0531441122964,40.43279266357422,0.0844667024082607,0.0201419342640572,0.0840899191799541,0.0198762825451676,40.43265228801303,40.43265228801303,40.43265228801303,1,True,True,True,A_core_lia_dem_valid
SITE_006_S0225,SITE_006,-10.9892859448281,-16.0770513102246,40.43663787841797,0.1415262696312533,0.0367000539807809,0.1391025121422199,0.036470327436648,40.43696249673309,40.43696249673309,40.43696249673309,1,True,True,True,A_core_lia_dem_valid
SITE_007_S0001,SITE_007,-13.833449375891,-13.924360923218,41.8722038269043,0.0592147840712323,0.0188126973522632,0.0618356028622866,0.0161948301874847,42.57768305426588,41.87241850007802,42.57768305426588,1,True,True,True,A_core_lia_dem_valid
SITE_007_S0002,SITE_007,-13.3984555079823,-20.4029066438927,41.54874038696289,0.0604436385257862,0.009237559954715,0.0617070170462175,0.0092322910503044,42.25781961558037,41.54902059863312,42.25781961558037,1,True,True,True,A_core_lia_dem_valid
SITE_007_S0003,SITE_007,-13.3863167889532,-23.1303443574383,41.86982345581055,0.0538178369106033,0.0093126774480633,0.0541584514787996,0.0093670839903342,42.57505828496233,41.86992261147358,42.57505828496233,1,True,True,True,A_core_lia_dem_valid
SITE_007_S0004,SITE_007,-10.5588316031361,-17.6046057888497,41.55071640014648,0.0630801683394725,0.0149051836288861,0.0636057993086362,0.0143943060672008,42.25941115881145,41.55060075045613,42.25941115881145,1,True,True,True,A_core_lia_dem_valid
SITE_007_S0005,SITE_007,-10.1587792239072,-17.0449899259883,41.86909866333008,0.0725558677089885,0.0155959226926549,0.0709124771346727,0.0146323232241206,42.57419749683199,41.86905923876528,42.57419749683199,1,True,True,True,A_core_lia_dem_valid
SITE_007_S0006,SITE_007,-9.06846188610662,-16.4854388557601,41.55107116699219,0.0802266986476887,0.0152470389213189,0.0772806403680464,0.015344352488048,42.25983465155154,41.55102991286758,42.25983465155154,1,True,True,True,A_core_lia_dem_valid
SITE_007_S0007,SITE_007,-8.46321994987411,-18.9726520378688,41.87075805664063,0.0857352497138287,0.0124571407354392,0.082358444720527,0.0129582320118296,42.5758614993188,41.87071686442277,42.5758614993188,1,True,True,True,A_core_lia_dem_valid
SITE_007_S0008,SITE_007,-12.4392772331926,-19.0219999510863,41.55010604858398,0.0633317067457021,0.0124669655229039,0.0711790275825954,0.0124865141169115,42.2588262789254,41.5500352699947,42.2588262789254,1,True,True,True,A_core_lia_dem_valid
SITE_007_S0009,SITE_007,-13.9854637538311,-17.2563119629491,41.87150955200195,0.0582389675082025,0.0169898949740155,0.0649470247293706,0.0154661783859269,42.57638431247203,41.87124014141584,42.57638431247203,1,True,True,True,A_core_lia_dem_valid
SITE_007_S0010,SITE_007,-10.3502567733738,-16.0949747612151,41.55029678344727,0.0717155191691262,0.0174872918445232,0.0752755979349291,0.0170850185611648,42.2593350313813,41.55054037704542,42.2593350313813,1,True,True,True,A_core_lia_dem_valid
SITE_007_S0011,SITE_007,-15.2746469140424,-16.9156813945216,41.87282180786133,0.0578965598342703,0.0158888589568521,0.0628718400704987,0.0161941432075002,42.5781220469352,41.87297779546629,42.5781220469352,1,True,True,True,A_core_lia_dem_valid
SITE_007_S0012,SITE_007,-10.2710061683492,-18.9072307915189,41.55286026000977,0.0689591003909921,0.0119784747741313,0.0687896869514117,0.0119019552823767,42.26137542069615,41.55257775446382,42.26137542069615,1,True,True,True,A_core_lia_dem_valid
SITE_007_S0013,SITE_007,-9.1540816817956,-17.6945737124845,41.87609100341797,0.0639564751399772,0.0139196841789159,0.063706136416556,0.0141354758558258,42.58166064785225,41.87630768834059,42.58166064785225,1,True,True,True,A_core_lia_dem_valid
SITE_007_S0014,SITE_007,-10.8489167689404,-17.8548892775978,41.70015335083008,0.0537226050891009,0.0127977743402571,0.0545748844547378,0.0135530907088664,42.4039308501531,41.70004152604834,42.4039308501531,1,True,True,True,A_core_lia_dem_valid
SITE_007_S0015,SITE_007,-13.1226630177456,-19.6940769541643,41.8697624206543,0.049114619134965,0.0102280540686167,0.0514749609737928,0.0111005915246446,42.57502317070528,41.86988880433304,42.57502317070528,1,True,True,True,A_core_lia_dem_valid
SITE_007_S0016,SITE_007,-12.5508901559128,-19.4647628316397,40.91461563110352,0.0599827734494932,0.0101928071749701,0.0655616209635689,0.0102853318080239,41.62714626585539,40.91454921404621,41.62714626585539,1,True,True,True,A_core_lia_dem_valid
SITE_007_S0017,SITE_007,-11.94252496091,-18.0347376161577,41.86865615844727,0.0651255534909568,0.0124302678600149,0.0750525708500917,0.012249348111871,42.57382645091232,41.86868672304599,42.57382645091232,1,True,True,True,A_core_lia_dem_valid
SITE_007_S0018,SITE_007,-12.5734420335937,-18.6941507315064,41.54861831665039,0.0631204419433666,0.0122039471754945,0.0681235746256213,0.0114985307317788,42.25764351662608,41.54883840553085,42.25764351662608,1,True,True,True,A_core_lia_dem_valid
SITE_007_S0019,SITE_007,-10.3029783408971,-19.5167675266402,41.8753662109375,0.0816292608579275,0.0113636226553161,0.0841181104066757,0.0117961490163983,42.580427413426,41.87515413474795,42.580427413426,1,True,True,True,A_core_lia_dem_valid
SITE_007_S0020,SITE_007,-13.7480788037541,-16.012381392614,41.5510368347168,0.0565964720356768,0.0166019886283159,0.0611950895771257,0.0150090244457644,42.2599989599215,41.55118631910452,42.2599989599215,1,True,True,True,A_core_lia_dem_valid
SITE_007_S0021,SITE_007,-13.5589379266544,-16.4750392620089,41.87150573730469,0.0481558194959706,0.016471561331771,0.0570047938824235,0.0142883462402782,42.57699166507525,41.87171189623646,42.57699166507525,1,True,True,True,A_core_lia_dem_valid
SITE_007_S0022,SITE_007,-8.65606720320976,-15.7382627053072,41.54940032958984,0.0926872589782266,0.0192749631011402,0.0902851467057233,0.016357803156083,42.25800130901423,41.54919345988085,42.25800130901423,1,True,True,True,A_core_lia_dem_valid
SITE_007_S0023,SITE_007,-8.52954258231018,-18.7929558845496,41.86844635009766,0.106069620195856,0.0129230259638759,0.098058605539654,0.0140314609389457,42.57351838218964,41.86824758917885,42.57351838218964,1,True,True,True,A_core_lia_dem_valid
SITE_007_S0024,SITE_007,-10.6051642893521,-18.3046847124702,41.5492057800293,0.0841476444419214,0.0136196037569027,0.0945641870741799,0.0124904052327382,42.25792133270868,41.54927208929352,42.25792133270868,1,True,True,True,A_core_lia_dem_valid
SITE_007_S0025,SITE_007,-10.1664852594738,-21.9932982385979,41.86814498901367,0.0826639056260565,0.008155868702841,0.0869511430231268,0.0078414450429273,42.57335917922442,41.86808723394194,42.57335917922442,1,True,True,True,A_core_lia_dem_valid
SITE_007_S0026,SITE_007,-9.65452129065837,-18.5358449803799,41.55099487304688,0.0834069082450331,0.0101432282563757,0.0798723173910592,0.0096217345435917,42.25936389068048,41.55070341476285,42.25936389068048,1,True,True,True,A_core_lia_dem_valid
SITE_007_S0027,SITE_007,-9.53151609321653,-22.4004665856762,41.86630630493164,0.0876908389786461,0.0110283966996759,0.090763150266908,0.0111339238455854,42.57134055981304,41.86618549773996,42.57134055981304,1,True,True,True,A_core_lia_dem_valid
SITE_007_S0028,SITE_007,-8.7853710240288,-17.5104706753543,41.54513549804688,0.1278252956831124,0.0215811128970155,0.1298698758008541,0.0230810510585335,42.25367840495004,41.5448562934116,42.25367840495004,1,True,True,True,A_core_lia_dem_valid
SITE_007_S0029,SITE_007,-10.334709844155,-17.4068249244984,41.8690185546875,0.076755735913184,0.0151268237676851,0.0789184966457597,0.0144580879861547,42.57434880848725,41.86905724523945,42.57434880848725,1,True,True,True,A_core_lia_dem_valid
SITE_007_S0030,SITE_007,-12.1362560825697,-18.8759378389379,41.87054824829102,0.0782786126992097,0.0140793042398576,0.0859338750808866,0.0137880040185213,42.57610458321727,41.8707189910908,42.57610458321727,1,True,True,True,A_core_lia_dem_valid
SITE_007_S0031,SITE_007,-8.97611391734423,-18.5502271290361,41.54335021972656,0.106153893779402,0.0146609217167543,0.1066522725449113,0.0153184107619077,42.25208920856871,41.54327065189264,42.25208920856871,1,True,True,True,A_core_lia_dem_valid
SITE_007_S0032,SITE_007,-11.7569085186318,-20.5954408309075,41.86521530151367,0.0668304212464998,0.0103066468531405,0.0702378263556472,0.0104230530860863,42.57035102903257,41.86518107449634,42.57035102903257,1,True,True,True,A_core_lia_dem_valid
SITE_007_S0033,SITE_007,-12.3140402246929,-17.0402761794589,41.54655456542969,0.0628796148607714,0.0147825611101499,0.0661385447723565,0.014248696358208,42.25563967456186,41.54681397811018,42.25563967456186,1,True,True,True,A_core_lia_dem_valid
SITE_007_S0034,SITE_007,-10.5247081221482,-18.4704928595956,41.86549758911133,0.0761240021598409,0.0135251646946531,0.074631856885269,0.0136246107416421,42.57047379116174,41.86530488910097,42.57047379116174,1,True,True,True,A_core_lia_dem_valid
SITE_007_S0035,SITE_007,-9.86416963493446,-15.9119507410518,41.5477409362793,0.0995675587016644,0.0166346931357055,0.1002436883220307,0.0159111809300854,42.25637982935894,41.54770559550688,42.25637982935894,1,True,True,True,A_core_lia_dem_valid
SITE_007_S0036,SITE_007,-11.0036502626418,-17.2022652071523,41.86426544189453,0.0739304710537841,0.0152027736479663,0.0752684651972912,0.0133545585587579,42.56939556146877,41.86422807085367,42.56939556146877,1,True,True,True,A_core_lia_dem_valid
SITE_007_S0037,SITE_007,-9.12890145901782,-19.3535854501702,41.87150955200195,0.0971798855277224,0.0163891058318494,0.0960610446317612,0.0167945210854661,42.57669110109976,41.87131826580513,42.57669110109976,1,True,True,True,A_core_lia_dem_valid
SITE_007_S0038,SITE_007,-6.95921004376621,-20.2945780330223,41.86916732788086,0.0921867420852681,0.0146110952999646,0.0853377397676493,0.0148943598739414,42.57464451101145,41.86926364055788,42.57464451101145,1,True,True,True,A_core_lia_dem_valid
SITE_007_S0039,SITE_007,-15.5748364817376,-17.1684147556773,41.86878204345703,0.0571561360607544,0.0165214467163643,0.0569864665523723,0.0149843954818447,42.57409226029992,41.86880009092965,42.57409226029992,1,True,True,True,A_core_lia_dem_valid
SITE_007_S0040,SITE_007,-13.0890786133545,-20.9303463110733,41.87022018432617,0.0676128124528461,0.0104803506886351,0.0670507019749026,0.0115273875103412,42.57525466028251,41.86996456341681,42.57525466028251,1,True,True,True,A_core_lia_dem_valid
SITE_007_S0041,SITE_007,-12.885165914144,-18.4616191815199,41.86816787719727,0.0662947863919867,0.0123359839487672,0.0662349437340991,0.0115164060625065,42.57324154890659,41.8680831515887,42.57324154890659,1,True,True,True,A_core_lia_dem_valid
SITE_007_S0042,SITE_007,-13.1664527142165,-20.3072992031618,41.86747360229492,0.0553630967305764,0.0113222865011938,0.0575440083740991,0.0117935848968811,42.57239067647173,41.86723710558282,42.57239067647173,1,True,True,True,A_core_lia_dem_valid
SITE_007_S0043,SITE_007,-12.1631940715595,-17.4258333615515,41.6978759765625,0.0658032185878934,0.0166602745805132,0.0650859208001185,0.0168375284014535,42.40259799160371,41.69760780020408,42.40259799160371,1,True,True,True,A_core_lia_dem_valid
SITE_007_S0044,SITE_007,-12.4291824311007,-18.8572746413483,41.69663238525391,0.0624345670072553,0.0147709984914104,0.0648861393203694,0.0150822836070872,42.40127749116194,41.6963503024237,42.40127749116194,1,True,True,True,A_core_lia_dem_valid
SITE_007_S0045,SITE_007,-13.5993279633172,-21.9733158186077,41.69688415527344,0.0585290108916534,0.0097070183629121,0.0592944940588237,0.0110533674765603,42.40183948005313,41.69692524007097,42.40183948005313,1,True,True,True,A_core_lia_dem_valid
SITE_007_S0046,SITE_007,-13.2517313588066,-15.4260738158228,41.69341659545898,0.0667814361002879,0.0136790751390079,0.0665028360472511,0.0135615134572125,42.39840971831858,41.6935055873621,42.39840971831858,1,True,True,True,A_core_lia_dem_valid
SITE_007_S0047,SITE_007,-12.1920756676378,-16.502942869482,41.69350051879883,0.0633327179672272,0.0146688315197725,0.0638935011605935,0.0145080739957621,42.39838986017558,41.69348553818996,42.39838986017558,1,True,True,True,A_core_lia_dem_valid
SITE_007_S0048,SITE_007,-8.80263072415479,-17.3895576060775,41.69613647460938,0.0837412045286731,0.0162851468149271,0.0805614210757216,0.0165055427060524,42.40108898766747,41.69611457952305,42.40108898766747,1,True,True,True,A_core_lia_dem_valid
SITE_007_S0049,SITE_007,-15.9466923645624,-14.2913686382042,41.70137405395508,0.0441117405779562,0.025306787103622,0.0480996748989226,0.0188274569638691,42.40661032703834,41.70163592404677,42.40661032703834,1,True,True,True,A_core_lia_dem_valid
SITE_007_S0050,SITE_007,-11.1567986879528,-17.5217918516418,41.69395446777344,0.0699159558779663,0.0133110372315092,0.0697054731141135,0.0131302090663716,42.39885815250168,41.69393777409824,42.39885815250168,1,True,True,True,A_core_lia_dem_valid
SITE_007_S0051,SITE_007,-8.95639716946853,-17.8255376112011,41.69784927368164,0.0917294240821407,0.0138277098316475,0.0821826862863551,0.0127314704021322,42.40262093144078,41.69765391450544,42.40262093144078,1,True,True,True,A_core_lia_dem_valid
SITE_007_S0052,SITE_007,-10.216134762467,-16.4548662323656,41.69043731689453,0.0730542959341101,0.0188023880376011,0.0719962019426475,0.0172697706673549,42.39552178661737,41.69061856933787,42.39552178661737,1,True,True,True,A_core_lia_dem_valid
SITE_007_S0053,SITE_007,-7.2508205218367,-16.5025198372742,41.69209671020508,0.1107297026748609,0.01742283189825,0.1048070783861327,0.0166219208345272,42.39716734437697,41.69226009274914,42.39716734437697,1,True,True,True,A_core_lia_dem_valid
SITE_007_S0054,SITE_007,-10.6751510377335,-20.3739376110946,41.69725036621094,0.0869055605468079,0.0114969661106669,0.0973781433016618,0.0120995197348846,42.40211880065561,41.69714447464606,42.40211880065561,1,True,True,True,A_core_lia_dem_valid
SITE_007_S0055,SITE_007,-10.350211877355,-15.646649421777,41.69487380981445,0.0694531823482224,0.0182300073981353,0.0705526223430136,0.017009849991489,42.40000074863083,41.69508938420252,42.40000074863083,1,True,True,True,A_core_lia_dem_valid
SITE_007_S0056,SITE_007,-11.584962654942,-14.8764692938177,41.69457626342773,0.0687681709478298,0.0242044444372684,0.0694708450063172,0.0247357147572787,42.39967565237313,41.69476760979818,42.39967565237313,1,True,True,True,A_core_lia_dem_valid
SITE_007_S0057,SITE_007,-6.33772230089273,-16.3694847617051,41.69272613525391,0.1142856655725056,0.0164061027793115,0.1022726060560334,0.0154119484144676,42.39788796975297,41.69298853434142,42.39788796975297,1,True,True,True,A_core_lia_dem_valid
SITE_007_S0058,SITE_007,-9.33459188503702,-14.4585874743919,41.68690872192383,0.0896170770432018,0.0232190270459066,0.0862134617490337,0.021921637191141,42.39171059319494,41.68680569245208,42.39171059319494,1,True,True,True,A_core_lia_dem_valid
SITE_007_S0059,SITE_007,-8.09103558447296,-14.9157345870039,41.74008560180664,0.1142735007919654,0.0178040830972087,0.1136517944745136,0.0177716753708865,42.44468959035387,41.73984721639357,42.44468959035387,1,True,True,True,A_core_lia_dem_valid
SITE_007_S0060,SITE_007,-13.633722808303,-25.7355072669513,41.69467544555664,0.0557912311394075,0.0063733809507204,0.057724128879077,0.0100061652115717,42.39977574944244,41.694788171489,42.39977574944244,1,True,True,True,A_core_lia_dem_valid
SITE_007_S0061,SITE_007,-9.49278301379242,-15.605212832645,41.69648361206055,0.0749884204745439,0.0190993024205428,0.0711135213241496,0.0184244670951916,42.401700593095,41.6967154077504,42.401700593095,1,True,True,True,A_core_lia_dem_valid
SITE_007_S0062,SITE_007,-8.02579929876276,-17.3652602383004,41.68780136108398,0.0966347680411519,0.0145726584637657,0.0861693898930132,0.0118371053992721,42.39273765246234,41.68781360116067,42.39273765246234,1,True,True,True,A_core_lia_dem_valid
SITE_007_S0063,SITE_007,-8.97089382508906,-15.7169100086813,41.69605255126953,0.1105387312280818,0.0194297459729051,0.103118512325741,0.0183519229522653,42.40096498731121,41.69598005151887,42.40096498731121,1,True,True,True,A_core_lia_dem_valid
SITE_007_S0064,SITE_007,-11.8343476132928,-18.8473020600815,41.69254302978516,0.0715826858436441,0.0114894658185735,0.0709752543952789,0.0112410430975352,42.39768511369378,41.69268498378519,42.39768511369378,1,True,True,True,A_core_lia_dem_valid
SITE_007_S0065,SITE_007,-10.0100741335487,-15.2482079021836,41.69740676879883,0.1071852362621065,0.0197542097237519,0.1142674633549195,0.0192713204965039,42.40259063100175,41.69758608611993,42.40259063100175,1,True,True,True,A_core_lia_dem_valid
SITE_007_S0066,SITE_007,-9.36017994468517,-15.2524678153562,41.69269561767578,0.0820884299150972,0.0194304392871375,0.0800304351531139,0.0175110140929874,42.39775586876427,41.69275593855497,42.39775586876427,1,True,True,True,A_core_lia_dem_valid
SITE_007_S0067,SITE_007,-8.09352979938418,-15.324427010043,41.69140625,0.1230030051349777,0.0201875795842806,0.1206409242535955,0.0195940388387253,42.39617241090045,41.69117971455822,42.39617241090045,1,True,True,True,A_core_lia_dem_valid
SITE_007_S0068,SITE_007,-6.69584590515538,-15.7029765839308,41.73961639404297,0.0861624063137504,0.0183879725500214,0.086253564717409,0.0168074955537057,42.44469328832673,41.73983824848752,42.44469328832673,1,True,True,True,A_core_lia_dem_valid
SITE_007_S0069,SITE_007,-12.7473485010393,-15.7062247435967,41.6905403137207,0.0606355764530599,0.0188531621330933,0.0603859694437756,0.0154941938970057,42.39571746300512,41.69072056147684,42.39571746300512,1,True,True,True,A_core_lia_dem_valid
SITE_007_S0070,SITE_007,-12.2647516505183,-19.2132098556803,41.69561004638672,0.0688460690569546,0.0130471041731358,0.0693632042936468,0.0136362571826834,42.40066736444485,41.6956670874297,42.40066736444485,1,True,True,True,A_core_lia_dem_valid
SITE_007_S0071,SITE_007,-9.74398475022657,-21.5256013136396,41.70027542114258,0.0706003613497167,0.0095285428289076,0.06730581253848,0.0095186502968365,42.40540578776776,41.70041879640677,42.40540578776776,1,True,True,True,A_core_lia_dem_valid
SITE_007_S0072,SITE_007,-6.56695359075526,-15.8741899172529,41.69287872314453,0.1256368859649367,0.0142314422854946,0.1101648197099214,0.0141999526150669,42.39809342729133,41.69316850888609,42.39809342729133,1,True,True,True,A_core_lia_dem_valid
SITE_007_S0073,SITE_007,-10.6820652085811,-12.7552423685275,41.69520950317383,0.1009700161048175,0.0273757068238659,0.1079379060390813,0.0249307876749122,42.40003117199198,41.69511371470192,42.40003117199198,1,True,True,True,A_core_lia_dem_valid
SITE_007_S0074,SITE_007,-11.5884047021761,-16.2488163325173,41.69632720947266,0.0769030995708372,0.0178142489401656,0.0768112640616334,0.0167202071824247,42.40116390011456,41.69624532296675,42.40116390011456,1,True,True,True,A_core_lia_dem_valid
SITE_007_S0075,SITE_007,-9.08759988357914,-21.5727257963299,41.69502258300781,0.0640112173101968,0.0111257772229707,0.0642403764362498,0.0114188620571126,42.39998902091553,41.69507258839816,42.39998902091553,1,True,True,True,A_core_lia_dem_valid
SITE_007_S0076,SITE_007,-11.6600483347355,-18.3982929520453,41.69446563720703,0.0635839300975203,0.0136912898099537,0.0633803273928649,0.0126245444013834,42.399493729742,41.69458593752892,42.399493729742,1,True,True,True,A_core_lia_dem_valid
SITE_007_S0077,SITE_007,-8.30440872726186,-15.4347874338311,41.6873893737793,0.1418483953746297,0.0256590290685303,0.1349129901203102,0.0257534577611852,42.39246239599192,41.68756325283469,42.39246239599192,1,True,True,True,A_core_lia_dem_valid
SITE_007_S0078,SITE_007,-10.6833647592117,-17.7588729545147,41.68795776367188,0.078520286826013,0.0153153035124568,0.0765136893457529,0.0145820434186009,42.39264245123766,41.6877377097915,42.39264245123766,1,True,True,True,A_core_lia_dem_valid
SITE_007_S0079,SITE_007,-11.9935191256549,-21.2851278705214,41.68803024291992,0.0667505895298621,0.0108324753723649,0.0663514102741279,0.0117750603881206,42.39307136153497,41.68816378507186,42.39307136153497,1,True,True,True,A_core_lia_dem_valid
SITE_007_S0080,SITE_007,-7.95112660604212,-22.2860943781234,41.69706726074219,0.1227845049739188,0.0098341381955663,0.1160048355332882,0.0110475444249499,42.40180318831517,41.69682805791718,42.40180318831517,1,True,True,True,A_core_lia_dem_valid
SITE_007_S0081,SITE_007,-9.63982007746377,-16.0741501950649,41.69406509399414,0.0862044678094405,0.0142400252904915,0.0811181263501619,0.0133185067917233,42.39883717571661,41.69393189818525,42.39883717571661,1,True,True,True,A_core_lia_dem_valid
SITE_007_S0082,SITE_007,-7.95139874491896,-13.807946760386,41.69173431396485,0.1046533258731115,0.0250318126303223,0.0950863196747958,0.0207977956595663,42.39654738132509,41.69164039900627,42.39654738132509,1,True,True,True,A_core_lia_dem_valid
SITE_007_S0083,SITE_007,-10.7454480978912,-15.8695250436784,41.69300842285156,0.0813623553947439,0.0190346392417867,0.0831241669632659,0.0172849148314697,42.39768669867798,41.69277512641671,42.39768669867798,1,True,True,True,A_core_lia_dem_valid
SITE_007_S0084,SITE_007,-11.9210727890458,-13.7905779465974,41.69969940185547,0.0756486007953803,0.0256086736689375,0.0763304526195175,0.0229940007395133,42.40446103389443,41.69948607613589,42.40446103389443,1,True,True,True,A_core_lia_dem_valid
SITE_007_S0085,SITE_007,-10.3151359665723,-13.8559599634334,41.69211196899414,0.0865230664633592,0.02258086735256,0.0824403482992982,0.0206789228964562,42.39712853453982,41.69221255133282,42.39712853453982,1,True,True,True,A_core_lia_dem_valid
SITE_007_S0086,SITE_007,-11.7921868757846,-16.7730581695644,41.69103622436523,0.0693588690087199,0.0180601009363347,0.0687778867869647,0.0163445961375046,42.39586952840696,41.69096777783157,42.39586952840696,1,True,True,True,A_core_lia_dem_valid
SITE_007_S0087,SITE_007,-9.1272842958598,-18.0580934156984,41.69474792480469,0.0911381391054308,0.0148023666217026,0.0853491540645661,0.0147988383802386,42.39956600023183,41.69459236376505,42.39956600023183,1,True,True,True,A_core_lia_dem_valid
SITE_007_S0088,SITE_007,-11.0889287338559,-17.9166467613974,41.69969177246094,0.0828857837882979,0.0139013056774336,0.0813227239837851,0.01326507719766,42.40438900249863,41.6993993046699,42.40438900249863,1,True,True,True,A_core_lia_dem_valid
SITE_007_S0089,SITE_007,-12.8072246722221,-18.9212229751492,41.69129180908203,0.0599140392899551,0.0140429648319741,0.0606894785362997,0.0162556145915948,42.39627000009603,41.69133632678049,42.39627000009603,1,True,True,True,A_core_lia_dem_valid
SITE_007_S0090,SITE_007,-12.1693860325528,-19.9068132613272,41.69705200195312,0.0627083229697997,0.0122878957678482,0.062627526628679,0.012541225802201,42.40185999824277,41.69686677277618,42.40185999824277,1,True,True,True,A_core_lia_dem_valid
SITE_007_S0091,SITE_007,-12.6046863577272,-18.1663873797255,41.68854141235352,0.0682923030234982,0.015175267675634,0.0702616563117194,0.0154248294927966,42.39325083278772,41.68832058363361,42.39325083278772,1,True,True,True,A_core_lia_dem_valid
SITE_007_S0092,SITE_007,-12.3029113138676,-17.5250692881533,41.69356536865234,0.0718884148382477,0.0152269992675692,0.0747430913046978,0.0149366733206868,42.39836180251974,41.69336216345096,42.39836180251974,1,True,True,True,A_core_lia_dem_valid
SITE_007_S0093,SITE_007,-12.7890443232177,-19.0190860005645,41.68157958984375,0.063150112705915,0.0125521466717083,0.0690142970273214,0.0122606179059915,42.38619311258643,41.6814403008312,42.38619311258643,1,True,True,True,A_core_lia_dem_valid
SITE_007_S0094,SITE_007,-12.582904210683,-17.8329824379343,41.3970832824707,0.0623225557100441,0.0154890792355865,0.0662227297176929,0.015852953199672,42.10365038156898,41.39715287778834,42.10365038156898,1,True,True,True,A_core_lia_dem_valid
SITE_007_S0095,SITE_007,-11.1609268358859,-16.3386117519248,41.68653869628906,0.0681641220673918,0.0182054395429046,0.0683715586593705,0.0161501244237068,42.39166108235094,41.68677878349679,42.39166108235094,1,True,True,True,A_core_lia_dem_valid
SITE_007_S0096,SITE_007,-13.7167296771072,-18.7375758800935,41.39494323730469,0.0618576813256108,0.0128482946180696,0.0632702082783384,0.0140024090630274,42.10134654825859,41.39486306243474,42.10134654825859,1,True,True,True,A_core_lia_dem_valid
SITE_007_S0097,SITE_007,-12.6024046273659,-17.14322272617,41.68832015991211,0.0712974537463803,0.0160778762024964,0.0751981891568085,0.015568032099309,42.39310525634532,41.68821682461736,42.39310525634532,1,True,True,True,A_core_lia_dem_valid
SITE_007_S0098,SITE_007,-11.3322057847002,-17.1037792575031,41.39638137817383,0.0559642068793376,0.0130511660743536,0.0558679553760775,0.0121650561593935,42.10308847549795,41.39660060943999,42.10308847549795,1,True,True,True,A_core_lia_dem_valid
SITE_007_S0099,SITE_007,-12.9885719407785,-21.8939996482908,41.68726348876953,0.0676849316048211,0.0115913399019752,0.0678741568018323,0.0134113145760217,42.39230774665558,41.68741936623296,42.39230774665558,1,True,True,True,A_core_lia_dem_valid
SITE_007_S0100,SITE_007,-12.3551093152029,-15.2840452462653,41.3939094543457,0.0581406786359793,0.0206617464435375,0.0596767629414324,0.0170820021992458,42.10062828977123,41.39413503942559,42.10062828977123,1,True,True,True,A_core_lia_dem_valid
SITE_007_S0101,SITE_007,-10.3887227717748,-19.0714515601004,41.68922805786133,0.065633862669464,0.0134125587331269,0.0694351071231386,0.0137944180887432,42.3943758806303,41.68948391332976,42.3943758806303,1,True,True,True,A_core_lia_dem_valid
SITE_007_S0102,SITE_007,-13.1893369288949,-17.9417527747235,41.3980712890625,0.059088799590312,0.0145306931658752,0.060008142983851,0.0145093682619146,42.10446773764306,41.39796532016705,42.10446773764306,1,True,True,True,A_core_lia_dem_valid
SITE_007_S0103,SITE_007,-12.2473284353279,-15.3375818853226,41.69558334350586,0.0751992091926601,0.0198097748487765,0.0818996438112097,0.0199765914998173,42.40039877091883,41.69549094573598,42.40039877091883,1,True,True,True,A_core_lia_dem_valid
SITE_007_S0104,SITE_007,-12.214732246447,-17.5888360529481,41.39036178588867,0.0620049633257913,0.0139780304713443,0.0645352348843808,0.0136143201742295,42.09702231823627,41.39052751114804,42.09702231823627,1,True,True,True,A_core_lia_dem_valid
SITE_007_S0105,SITE_007,-12.6074927262866,-18.1786443424737,41.69913482666016,0.070960392698661,0.0142541582231356,0.0751501954950951,0.0151975886528407,42.40424541323863,41.69926394589602,42.40424541323863,1,True,True,True,A_core_lia_dem_valid
SITE_007_S0106,SITE_007,-11.9358648777383,-19.1928848097692,41.39370727539063,0.0709567566723321,0.0121669376439586,0.0754041461839777,0.0121821991626466,42.10027571900478,41.39378062956924,42.10027571900478,1,True,True,True,A_core_lia_dem_valid
SITE_007_S0107,SITE_007,-11.0541475530798,-15.2845658027795,41.69892883300781,0.0701556170854808,0.0179338604153575,0.0709932881897992,0.0171287543513465,42.4037318170458,41.69874388308334,42.4037318170458,1,True,True,True,A_core_lia_dem_valid
SITE_007_S0108,SITE_007,-10.7329687315457,-18.9397428174732,41.39816665649414,0.0766790018015861,0.0150483346399333,0.0770156122744268,0.0152176311338944,42.10484769143877,41.39834150180112,42.10484769143877,1,True,True,True,A_core_lia_dem_valid
SITE_007_S0109,SITE_007,-10.6536734653387,-17.0526875211412,41.68663024902344,0.0741150955392056,0.0178845944449935,0.0748326662173881,0.0178181093892716,42.39135985219935,41.68643612827003,42.39135985219935,1,True,True,True,A_core_lia_dem_valid
SITE_007_S0110,SITE_007,-12.3649185793226,-19.3282407415203,41.39531326293945,0.0708610586483611,0.0132857585049361,0.0749460307852998,0.0131743743163104,42.10197240651031,41.39545982534235,42.10197240651031,1,True,True,True,A_core_lia_dem_valid
SITE_007_S0111,SITE_007,-9.83343935542377,-17.7160819120133,41.69260025024414,0.0724429401375989,0.0149899376760274,0.0734571706082886,0.0139701475876744,42.39748301440444,41.69268681118844,42.39748301440444,1,True,True,True,A_core_lia_dem_valid
SITE_007_S0112,SITE_007,-8.93454452351476,-14.0532683812904,41.39401626586914,0.0927099015864327,0.0239531348187315,0.0872983629134283,0.0206342634072019,42.10073236698938,41.39421798123254,42.10073236698938,1,True,True,True,A_core_lia_dem_valid
SITE_007_S0113,SITE_007,-10.2501352471843,-18.4145018023475,41.39237976074219,0.0920023699276843,0.0139442234728969,0.0925326345908516,0.0141692192947125,42.09886252739474,41.39234763259454,42.09886252739474,1,True,True,True,A_core_lia_dem_valid
SITE_007_S0114,SITE_007,-11.4227532024689,-18.4466713276303,41.69402313232422,0.0806525701728658,0.0158277932673735,0.0840787383034187,0.0166775341913546,42.39901353973302,41.69414863502004,42.39901353973302,1,True,True,True,A_core_lia_dem_valid
SITE_007_S0115,SITE_007,-11.0710801161058,-16.345878301792,41.38908386230469,0.0804356599956161,0.0164952582231778,0.0846314147587446,0.0161188435357055,42.0956524963008,41.38914294555935,42.0956524963008,1,True,True,True,A_core_lia_dem_valid
SITE_007_S0116,SITE_007,-8.61342282082601,-13.3939939292035,41.6899642944336,0.1139710841240818,0.0306295344083532,0.1045702835269378,0.025675161838561,42.39485672907677,41.69004862945741,42.39485672907677,1,True,True,True,A_core_lia_dem_valid
SITE_007_S0117,SITE_007,-10.6005931323924,-15.4633139218406,41.38874435424805,0.0773997173233531,0.0195737754386112,0.0749275729753396,0.0159640738814784,42.09507069504039,41.3885559898692,42.09507069504039,1,True,True,True,A_core_lia_dem_valid
SITE_007_S0118,SITE_007,-11.1792962185987,-15.8770524814043,41.68456649780273,0.0794328654149284,0.0167790030167713,0.0825659640506408,0.0156770777169013,42.38964589368249,41.68484009328856,42.38964589368249,1,True,True,True,A_core_lia_dem_valid
SITE_007_S0119,SITE_007,-13.7218443722485,-14.7094424295925,41.38938903808594,0.0696929961404392,0.0166573429718199,0.0746137558700753,0.0164793127803936,42.09602818626957,41.38950625179083,42.09602818626957,1,True,True,True,A_core_lia_dem_valid
SITE_007_S0120,SITE_007,-10.6346025620382,-13.5922805124554,41.6833610534668,0.1082519299770234,0.0300776912336057,0.1161571441708909,0.028289971785644,42.38801687620326,41.68321989883076,42.38801687620326,1,True,True,True,A_core_lia_dem_valid
SITE_007_S0121,SITE_007,-9.57421389656451,-16.4032163111831,41.05904769897461,0.0863621988797084,0.0188259871078158,0.0848320864105452,0.0183215166935151,41.76693353196352,41.05922745680275,41.76693353196352,1,True,True,True,A_core_lia_dem_valid
SITE_008_S0001,SITE_008,-5.39281373843574,-13.5247983283888,37.59576797485352,0.173218742720024,0.0370463599140445,0.1632283381841821,0.0374156440845058,37.59561302731908,37.59561302731908,37.59561302731908,1,True,True,True,A_core_lia_dem_valid
SITE_008_S0002,SITE_008,-10.29153595627,-11.7116207153641,37.59341812133789,0.1673431436965863,0.0393714943735135,0.1676477978181611,0.039846915980732,37.59322405852983,37.59322405852983,37.59322405852983,1,True,True,True,A_core_lia_dem_valid
SITE_008_S0003,SITE_008,-5.70713494077159,-15.1224376793049,37.49489593505859,0.1937515182627572,0.0361841200623247,0.1928169804572322,0.0361756767060111,37.49480322937915,37.49480322937915,37.49480322937915,1,True,True,True,A_core_lia_dem_valid
SITE_008_S0004,SITE_008,-6.2332224706714,-15.7046725687614,37.51840209960938,0.17692256505826,0.0334486846687893,0.1716950175861576,0.0338062046052037,37.51852479063881,37.51852479063881,37.51852479063881,1,True,True,True,A_core_lia_dem_valid
SITE_008_S0005,SITE_008,-3.45738600384942,-13.2026788726162,37.50142288208008,0.1573014853232436,0.0358440598886874,0.1578489593388857,0.0357810998289489,37.50164583477275,37.50164583477275,37.50164583477275,1,True,True,True,A_core_lia_dem_valid
SITE_008_S0006,SITE_008,-5.41323040162827,-12.359916183999,37.49419784545898,0.1760737895965576,0.0378927914798259,0.1767808198064197,0.0385487416864875,37.49439737689131,37.49439737689131,37.49439737689131,1,True,True,True,A_core_lia_dem_valid
SITE_008_S0007,SITE_008,-7.99374538412834,-12.8395169153028,37.4947395324707,0.1369071444372336,0.0344388325781458,0.1374375420353748,0.0345700619542212,37.49502328226886,37.49502328226886,37.49502328226886,1,True,True,True,A_core_lia_dem_valid
SITE_008_S0008,SITE_008,-5.24940079859962,-13.6796303251309,37.49470901489258,0.199856146792127,0.0382852330658998,0.1869197612565926,0.0380452579078207,37.49447816714112,37.49447816714112,37.49447816714112,1,True,True,True,A_core_lia_dem_valid
SITE_008_S0009,SITE_008,-4.14639474867667,-14.2680027759865,37.50508499145508,0.2067108616156564,0.031929269236409,0.1910374544376894,0.0320329391804558,37.50534229669046,37.50534229669044,37.50534229669046,1,True,True,True,A_core_lia_dem_valid
SITE_008_S0010,SITE_008,-6.8165850213002,-13.8298613298349,37.59672164916992,0.1228529319498274,0.0364034603343033,0.1240051992467524,0.0363216131237393,37.59662451471559,37.59662451471559,37.59662451471559,1,True,True,True,A_core_lia_dem_valid
SITE_008_S0011,SITE_008,-5.9763503886611,-12.925305007718,37.5718002319336,0.122358351631297,0.0313093346315953,0.1212392369501384,0.0316161870629883,37.57178990161326,37.57178990161325,37.57178990161326,1,True,True,True,A_core_lia_dem_valid
SITE_008_S0012,SITE_008,-6.64012001414511,-10.990232443122,37.57785415649414,0.1337359886616468,0.0327042174769613,0.1357338877371799,0.0320081138266836,37.57765813706126,37.57765813706127,37.57765813706126,1,True,True,True,A_core_lia_dem_valid
SITE_008_S0013,SITE_008,-5.83342223394541,-13.64528750655,37.57894134521485,0.1520219893670744,0.031066890152999,0.1522399665829208,0.0311122600622705,37.57903671625889,37.57903671625889,37.57903671625889,1,True,True,True,A_core_lia_dem_valid
SITE_008_S0014,SITE_008,-4.85870394712136,-14.998366949838,37.5704460144043,0.1279728149001797,0.0334931185591979,0.1294906924559194,0.0337736365540431,37.57028205835423,37.57028205835423,37.57028205835423,1,True,True,True,A_core_lia_dem_valid
SITE_008_S0015,SITE_008,-8.63330563852954,-13.1074625787655,37.57628631591797,0.1237257167365815,0.0289638023699323,0.1250709398488415,0.0292389789265063,37.57603596409087,37.57603596409087,37.57603596409087,1,True,True,True,A_core_lia_dem_valid
SITE_008_S0016,SITE_008,-4.72942024826017,-11.0438620917598,37.5894775390625,0.1339957667994524,0.0285576352083848,0.1320971151354749,0.0283872320411014,37.58942427659276,37.58942427659276,37.58942427659276,1,True,True,True,A_core_lia_dem_valid
SITE_008_S0017,SITE_008,-11.1059359385901,-11.4509792896865,37.58137893676758,0.1225592509657144,0.0335429736679987,0.1225097339650915,0.0334255308935064,37.58111880162749,37.58111880162749,37.58111880162749,1,True,True,True,A_core_lia_dem_valid
SITE_008_S0018,SITE_008,-6.39880313108566,-14.3132689439794,37.57490158081055,0.1155243046250608,0.0269764663478954,0.1159123429453667,0.027080381598816,37.57486752187364,37.57486752187364,37.57486752187364,1,True,True,True,A_core_lia_dem_valid
SITE_008_S0019,SITE_008,-7.33873216357627,-13.6118384509768,37.57617568969727,0.1296916509502463,0.0278724498508705,0.1296482389935372,0.0281175811779627,37.5762634748294,37.5762634748294,37.5762634748294,1,True,True,True,A_core_lia_dem_valid
SITE_008_S0020,SITE_008,-6.56380627939823,-14.2510494012137,37.57510757446289,0.1406983643439081,0.043300902145541,0.1399225042999526,0.0426162098869046,37.5751003581863,37.5751003581863,37.5751003581863,1,True,True,True,A_core_lia_dem_valid
SITE_008_S0021,SITE_008,-7.07741892901786,-14.1472669239197,37.57232666015625,0.1282382408281167,0.029466803808593,0.1271577417666529,0.0296532590426488,37.5720798888717,37.5720798888717,37.5720798888717,1,True,True,True,A_core_lia_dem_valid
SITE_008_S0022,SITE_008,-8.38397314727767,-13.9566181024292,37.50997924804688,0.1119412392957343,0.0319572152399373,0.1124376513027114,0.0318502958196599,37.50997065926742,37.50997065926742,37.50997065926742,1,True,True,True,A_core_lia_dem_valid
SITE_008_S0023,SITE_008,-8.33659373516012,-15.3056699351696,37.57497406005859,0.1027578642633226,0.0224971315554446,0.1024905950364507,0.0226101533962804,37.57499228529738,37.57499228529738,37.57499228529738,1,True,True,True,A_core_lia_dem_valid
SITE_008_S0024,SITE_008,-8.4144764779051,-10.5691134035005,37.57902908325195,0.1115961426744858,0.0325056191833896,0.1124298056822132,0.0326660331028203,37.57894385387136,37.57894385387136,37.57894385387136,1,True,True,True,A_core_lia_dem_valid
SITE_008_S0025,SITE_008,-4.69886270351707,-13.7935922596186,37.51218032836914,0.1459542650646633,0.0359517795199321,0.1471535939341526,0.0355819437427469,37.51233090388624,37.51233090388624,37.51233090388624,1,True,True,True,A_core_lia_dem_valid
SITE_008_S0026,SITE_008,-4.45898864952707,-18.5068665699249,37.57183456420898,0.2049839747888702,0.0312206787935501,0.1940292694561117,0.0320595495627086,37.57199990102954,37.57199990102954,37.57199990102954,1,True,True,True,A_core_lia_dem_valid
SITE_008_S0027,SITE_008,-5.86420971551646,-13.7405004012409,37.51317977905273,0.1177913678189118,0.0303078161613055,0.1189543804590716,0.0296894158699472,37.51291290297636,37.51291290297636,37.51291290297636,1,True,True,True,A_core_lia_dem_valid
SITE_008_S0028,SITE_008,-5.39746194112299,-15.7727821077974,37.57119750976562,0.1329395413771271,0.0333397549302977,0.1326235785579056,0.0332727072804284,37.57141032304918,37.57141032304918,37.57141032304918,1,True,True,True,A_core_lia_dem_valid
SITE_008_S0029,SITE_008,-6.11022730890895,-10.4317841914316,37.5140495300293,0.1403212386700842,0.0402271692544688,0.1405368048155013,0.0393450024305433,37.5141132695184,37.5141132695184,37.5141132695184,1,True,True,True,A_core_lia_dem_valid
SITE_008_S0030,SITE_008,-8.25424919766861,-9.1839117448061,37.57289123535156,0.1639458769311507,0.0505371004343032,0.1710302727533951,0.0510411328454869,37.57269397012139,37.57269397012139,37.57269397012139,1,True,True,True,A_core_lia_dem_valid
SITE_008_S0031,SITE_008,-9.67813329422827,-16.442009787411,37.50457763671875,0.122329930658638,0.041628798601229,0.1230361527739922,0.0421794827804808,37.50475817937604,37.50475817937605,37.50475817937604,1,True,True,True,A_core_lia_dem_valid
SITE_008_S0032,SITE_008,-7.2699358528767,-13.834122904726,37.57587432861328,0.1234432004474931,0.0342074529371327,0.123757317470746,0.0345688640579213,37.57618821494064,37.57618821494064,37.57618821494064,1,True,True,True,A_core_lia_dem_valid
SITE_008_S0033,SITE_008,-7.75802777999165,-13.4971408101224,37.50308990478516,0.1266817368070284,0.0365709578225182,0.1266892389576008,0.0366017417437224,37.50332668789251,37.50332668789251,37.50332668789251,1,True,True,True,A_core_lia_dem_valid
SITE_008_S0034,SITE_008,-8.67450095101641,-12.5006286782028,37.50573348999024,0.1267687413510349,0.0337829128321674,0.1259673130576625,0.0340291455926166,37.505517365542,37.505517365542,37.505517365542,1,True,True,True,A_core_lia_dem_valid
SITE_008_S0035,SITE_008,-9.73572145508429,-11.3347015809174,37.56825256347656,0.1194424573332071,0.0320784511355062,0.1187572650607519,0.032416471655676,37.56799596254943,37.56799596254943,37.56799596254943,1,True,True,True,A_core_lia_dem_valid
SITE_008_S0036,SITE_008,-7.11708801359006,-13.1605191543467,37.51460647583008,0.1046267972514033,0.0303826918726998,0.1047211555736484,0.0284083615029696,37.51486346938394,37.51486346938394,37.51486346938394,1,True,True,True,A_core_lia_dem_valid
SITE_008_S0037,SITE_008,-6.63165900772273,-10.3943664556818,37.51145553588867,0.1594172083344663,0.046812910631349,0.1588432817642306,0.0458795369166085,37.51114759215536,37.51114759215536,37.51114759215536,1,True,True,True,A_core_lia_dem_valid
SITE_008_S0038,SITE_008,-7.8489857993869,-12.8961080039639,37.5739631652832,0.1455811791529648,0.0423109560335675,0.1440198719769195,0.0421994136940733,37.57422819477205,37.57422819477205,37.57422819477205,1,True,True,True,A_core_lia_dem_valid
SITE_008_S0039,SITE_008,-5.6314983020466,-11.1589007220977,37.50345230102539,0.1735764560526647,0.0482509413278765,0.1765419368719428,0.0482363644778084,37.50356112155054,37.50356112155054,37.50356112155054,1,True,True,True,A_core_lia_dem_valid
SITE_008_S0040,SITE_008,-8.62303258356644,-10.2594579887463,37.57924270629883,0.1364511655436621,0.0502760405958853,0.1357801670452326,0.0456874875168073,37.5793166297597,37.5793166297597,37.5793166297597,1,True,True,True,A_core_lia_dem_valid
SITE_008_S0041,SITE_008,-7.66933266923845,-16.9233429842766,37.50749588012695,0.1389729214997755,0.0310519598411855,0.1384882338266865,0.0330707954343658,37.50735607405862,37.50735607405861,37.50735607405862,1,True,True,True,A_core_lia_dem_valid
SITE_008_S0042,SITE_008,-9.22416436271576,-13.8563932185359,37.57987594604492,0.1254305656130115,0.0342657738344536,0.1269484083635019,0.0344043877007968,37.58006967679419,37.58006967679419,37.58006967679419,1,True,True,True,A_core_lia_dem_valid
SITE_008_S0043,SITE_008,-5.27808367185147,-11.9350513991662,37.51979446411133,0.1396832717639789,0.0455451176957664,0.1344996513428414,0.0464645406291921,37.51967997271532,37.51967997271532,37.51967997271532,1,True,True,True,A_core_lia_dem_valid
SITE_008_S0044,SITE_008,-6.73826877765681,-13.6454114739166,37.57262420654297,0.1784290746011399,0.0539655673296915,0.1759348191694969,0.0544265824314896,37.5728115838921,37.5728115838921,37.5728115838921,1,True,True,True,A_core_lia_dem_valid
SITE_008_S0045,SITE_008,-4.32109748223639,-13.3333055012945,37.51623153686523,0.1597075688921743,0.0438991095705164,0.1687957857652698,0.0436747090440289,37.51648563065613,37.51648563065612,37.51648563065613,1,True,True,True,A_core_lia_dem_valid
SITE_008_S0046,SITE_008,-5.08762155615565,-13.2980197156238,37.57706451416016,0.1236041668636931,0.036495456331306,0.1235758710395039,0.0365950197252778,37.57688876620905,37.57688876620904,37.57688876620905,1,True,True,True,A_core_lia_dem_valid
SITE_008_S0047,SITE_008,-7.22562279189457,-12.078230258856,37.51399612426758,0.132996420659932,0.0354018923804854,0.1210448045402681,0.035474869225908,37.5142429362661,37.5142429362661,37.5142429362661,1,True,True,True,A_core_lia_dem_valid
SITE_008_S0048,SITE_008,-7.34519951265612,-10.0028418499022,37.57888793945312,0.1117542887584416,0.0604202831675606,0.1041761818515168,0.0543232255119288,37.57884018594157,37.57884018594158,37.57884018594157,1,True,True,True,A_core_lia_dem_valid
SITE_008_S0049,SITE_008,-9.16699972131882,-11.2402000649117,37.51127624511719,0.1069132296078734,0.0312460971380144,0.106768429822024,0.0310116926094956,37.51109726106717,37.51109726106717,37.51109726106717,1,True,True,True,A_core_lia_dem_valid
SITE_008_S0050,SITE_008,-10.5697523516305,-12.495418159327,37.51303100585938,0.1176322091908918,0.0304172501940694,0.1181446431257714,0.0306594588170632,37.51311967616363,37.51311967616363,37.51311967616363,1,True,True,True,A_core_lia_dem_valid
SITE_008_S0051,SITE_008,-7.43618781504578,-13.3169881290497,37.51485061645508,0.1386726026982069,0.0354848078638315,0.1394642702950003,0.0355452889514466,37.51479972457045,37.51479972457045,37.51479972457045,1,True,True,True,A_core_lia_dem_valid
SITE_008_S0052,SITE_008,-6.84503828111878,-10.9495188286088,37.56266021728516,0.1245893552982145,0.0335772205578784,0.1256536889057836,0.0347280427819459,37.56283658209245,37.56283658209245,37.56283658209245,1,True,True,True,A_core_lia_dem_valid
SITE_008_S0053,SITE_008,-6.63477926239497,-10.9439935753877,37.52402877807617,0.1277696976065635,0.0428732716707476,0.1274139753692312,0.0409349169857707,37.5238062083552,37.5238062083552,37.5238062083552,1,True,True,True,A_core_lia_dem_valid
SITE_008_S0054,SITE_008,-4.54282686334341,-12.616428039305,37.51107406616211,0.1853986648559901,0.0323988212571279,0.1727009799853401,0.0327051931928037,37.51127445265458,37.51127445265458,37.51127445265458,1,True,True,True,A_core_lia_dem_valid
SITE_008_S0055,SITE_008,-4.48884241095634,-12.7867561838564,37.56435775756836,0.1463811977322908,0.0374516545538194,0.1432259067646335,0.0380032022394373,37.56430998004851,37.56430998004851,37.56430998004851,1,True,True,True,A_core_lia_dem_valid
SITE_008_S0056,SITE_008,-5.92844989162824,-16.5065837341278,37.51187515258789,0.1428295271494742,0.0325556275543093,0.1431603757182256,0.0329675111748397,37.51176480942809,37.51176480942808,37.51176480942809,1,True,True,True,A_core_lia_dem_valid
SITE_008_S0057,SITE_008,-9.27601126816741,-10.9450871229322,37.565185546875,0.125996608728684,0.0425532111502902,0.1325460882996872,0.0394572756384106,37.56527258782232,37.56527258782232,37.56527258782232,1,True,True,True,A_core_lia_dem_valid
SITE_008_S0058,SITE_008,-3.97794418034989,-13.2815754615218,37.51616668701172,0.1416407055118017,0.0301416415007164,0.1407199643593695,0.0301465541576207,37.51624514257875,37.51624514257875,37.51624514257875,1,True,True,True,A_core_lia_dem_valid
SITE_008_S0059,SITE_008,-6.00795698899166,-13.8495954678795,37.56185531616211,0.1271264598973923,0.0360804985485976,0.1282306343841331,0.0351134049023316,37.56214111631471,37.56214111631471,37.56214111631471,1,True,True,True,A_core_lia_dem_valid
SITE_008_S0060,SITE_008,-4.78242281378714,-12.3272230376345,37.51618957519531,0.1989869970185286,0.0337191562165095,0.1665375792710028,0.0326586605587476,37.5159670102476,37.51596701024759,37.5159670102476,1,True,True,True,A_core_lia_dem_valid
SITE_008_S0061,SITE_008,-6.61530633422889,-13.9746110897771,37.56181716918945,0.1447734137493131,0.0314775468367669,0.142592546000661,0.0313340575969147,37.56163681650823,37.56163681650823,37.56163681650823,1,True,True,True,A_core_lia_dem_valid
SITE_008_S0062,SITE_008,-7.56474577618904,-14.9090313957305,37.51537704467773,0.1484213437981411,0.0318671673225859,0.1429995304854199,0.0316583965638261,37.51554003552312,37.51554003552311,37.51554003552312,1,True,True,True,A_core_lia_dem_valid
SITE_008_S0063,SITE_008,-7.71312335888107,-16.7763932433031,37.55798721313477,0.1319670560831825,0.0301404040762119,0.1306086982901633,0.0298151775398924,37.55822482785968,37.55822482785968,37.55822482785968,1,True,True,True,A_core_lia_dem_valid
SITE_008_S0064,SITE_008,-6.06528610301323,-13.8559642879078,37.51440048217773,0.1409098116474019,0.0222094666937159,0.1406624096714788,0.0222207557779763,37.51409323824517,37.51409323824517,37.51409323824517,1,True,True,True,A_core_lia_dem_valid
SITE_008_S0065,SITE_008,-5.39885840451675,-13.8341479391699,37.56441879272461,0.1160078603525956,0.0302545438665482,0.1162169409092561,0.0301389535714262,37.56458651007203,37.56458651007203,37.56458651007203,1,True,True,True,A_core_lia_dem_valid
SITE_008_S0066,SITE_008,-7.2178840646088,-16.5384268089953,37.51750946044922,0.1179383739663495,0.0256362497496108,0.1172602226704727,0.0258874979233484,37.51723838258106,37.51723838258106,37.51723838258106,1,True,True,True,A_core_lia_dem_valid
SITE_008_S0067,SITE_008,-4.89755177721974,-15.5177725646214,37.56348037719727,0.1582610342713083,0.0286829475623865,0.1487434807662632,0.0285290675215929,37.5633373260498,37.5633373260498,37.5633373260498,1,True,True,True,A_core_lia_dem_valid
SITE_008_S0068,SITE_008,-8.28022921527733,-14.7895447332903,37.514404296875,0.1280347868220673,0.0259673326187818,0.1280800928442198,0.026139813003119,37.51415198551568,37.51415198551568,37.51415198551568,1,True,True,True,A_core_lia_dem_valid
SITE_008_S0069,SITE_008,-5.71389173640005,-14.282343732327,37.56057357788086,0.1641756126546487,0.0315191954767538,0.1543518592634432,0.0314336394879644,37.56086498894273,37.56086498894273,37.56086498894273,1,True,True,True,A_core_lia_dem_valid
SITE_008_S0070,SITE_008,-8.53359999531191,-15.7286280494324,37.51091003417969,0.110048293934928,0.0294398452219222,0.1105422946672748,0.0293552053277227,37.51101796378333,37.51101796378333,37.51101796378333,1,True,True,True,A_core_lia_dem_valid
SITE_008_S0071,SITE_008,-9.31078178508717,-12.0792425696652,37.55908584594727,0.1144203241335021,0.0272643714398145,0.1142850722234558,0.0273936353122562,37.55908335935653,37.55908335935653,37.55908335935653,1,True,True,True,A_core_lia_dem_valid
SITE_008_S0072,SITE_008,-10.1503093035871,-14.1522419395433,37.51448440551758,0.1106904292354981,0.0216184702598386,0.1105634365295186,0.0217179810278761,37.51446478052329,37.51446478052329,37.51446478052329,1,True,True,True,A_core_lia_dem_valid
SITE_008_S0073,SITE_008,-9.476807663438,-14.4253004042113,37.56105041503906,0.0981278171721432,0.0311904634273433,0.0985357430549683,0.0283028807504333,37.56108249487243,37.56108249487243,37.56108249487243,1,True,True,True,A_core_lia_dem_valid
SITE_008_S0074,SITE_008,-9.07622242564313,-14.1298503310419,37.51415634155273,0.1130242822236484,0.0280256361328065,0.1123502858893738,0.0285796333233947,37.5144312162267,37.5144312162267,37.5144312162267,1,True,True,True,A_core_lia_dem_valid
SITE_008_S0075,SITE_008,-9.85930762250636,-14.8726951708847,37.56256484985352,0.1221240287891656,0.0335002142507177,0.1228034446898614,0.0340213615415579,37.56260235100249,37.56260235100249,37.56260235100249,1,True,True,True,A_core_lia_dem_valid
SITE_008_S0076,SITE_008,-9.1197712909321,-17.1056232855875,37.51042938232422,0.1278456655960925,0.0304979429663055,0.1287157523943707,0.0304538961458537,37.51036422792088,37.51036422792088,37.51036422792088,1,True,True,True,A_core_lia_dem_valid
SITE_008_S0077,SITE_008,-6.81735619669627,-15.7072253146952,37.56158828735352,0.1276523565485251,0.0321309427027073,0.1228158091019345,0.032379330318697,37.56189399620343,37.56189399620343,37.56189399620343,1,True,True,True,A_core_lia_dem_valid
SITE_008_S0078,SITE_008,-4.73311677840622,-12.7831584077697,37.50856781005859,0.2015188359814146,0.03344186920385,0.1752179137725339,0.0322902211728743,37.50836645635811,37.50836645635811,37.50836645635811,1,True,True,True,A_core_lia_dem_valid
SITE_008_S0079,SITE_008,-6.74876828953406,-16.2829514358488,37.51181411743164,0.1207096068064371,0.029009934340914,0.1214204015196473,0.0292612940988238,37.51181875686333,37.51181875686332,37.51181875686333,1,True,True,True,A_core_lia_dem_valid
SITE_008_S0080,SITE_008,-6.07202433453652,-13.5576971520801,37.55824279785156,0.123627695168058,0.0368239769236661,0.1235129473569952,0.0338309388218072,37.55807052361371,37.55807052361371,37.55807052361371,1,True,True,True,A_core_lia_dem_valid
SITE_008_S0081,SITE_008,-5.76186689672643,-14.4213280081131,37.51499176025391,0.1365856957061977,0.0330417340257209,0.1301876050520645,0.0334917537509469,37.51489251075729,37.51489251075729,37.51489251075729,1,True,True,True,A_core_lia_dem_valid
SITE_008_S0082,SITE_008,-8.91434025583843,-17.1465334226218,37.55890655517578,0.1019210063417752,0.0264412446340753,0.1016987217456838,0.0266207885942249,37.55913791427565,37.55913791427565,37.55913791427565,1,True,True,True,A_core_lia_dem_valid
SITE_008_S0083,SITE_008,-9.57693915391271,-13.4833439055811,37.51457977294922,0.1164391505801015,0.0275642036377555,0.1165820602566739,0.0277131850010267,37.51456779371507,37.51456779371505,37.51456779371507,1,True,True,True,A_core_lia_dem_valid
SITE_008_S0084,SITE_008,-8.17451010508269,-13.0569524338211,37.56005096435547,0.1293366898513502,0.0445960690660609,0.1308148539903355,0.0443459904874548,37.55986201778186,37.55986201778187,37.55986201778186,1,True,True,True,A_core_lia_dem_valid
SITE_008_S0085,SITE_008,-6.99108380407742,-17.3608154504234,37.5087776184082,0.1216820507413811,0.0309583711955282,0.1217081270550872,0.0309585026394069,37.50871668455913,37.50871668455913,37.50871668455913,1,True,True,True,A_core_lia_dem_valid
SITE_008_S0086,SITE_008,-8.05287556391004,-13.654506317507,37.5657958984375,0.1455576780107286,0.0454174554130683,0.1455972303946812,0.0461183453407802,37.56606676489436,37.56606676489436,37.56606676489436,1,True,True,True,A_core_lia_dem_valid
SITE_008_S0087,SITE_008,-8.42407822563275,-13.3448934193278,37.50609970092773,0.1383719698836406,0.0378089363334907,0.1372341643531381,0.0379694950973822,37.50609989450577,37.50609989450577,37.50609989450577,1,True,True,True,A_core_lia_dem_valid
SITE_008_S0088,SITE_008,-6.52659491976173,-9.27490243070852,37.56301498413086,0.1745252354410695,0.0488533502030703,0.1782170583719011,0.0496477046916296,37.56313818159528,37.56313818159528,37.56313818159528,1,True,True,True,A_core_lia_dem_valid
SITE_008_S0089,SITE_008,-6.64617164823066,-10.7589440622616,37.50894165039063,0.1787658324460085,0.0461415987337629,0.1760986797840593,0.0460923909685677,37.50913697207393,37.50913697207393,37.50913697207393,1,True,True,True,A_core_lia_dem_valid
SITE_008_S0090,SITE_008,-10.412104376496,-11.7778953341381,37.55738830566406,0.12912397484433,0.0360839919830522,0.1271385929795148,0.0361393878519551,37.55711945368994,37.55711945368994,37.55711945368994,1,True,True,True,A_core_lia_dem_valid
SITE_008_S0091,SITE_008,-8.93296901887278,-11.1126264075918,37.51834869384766,0.1876126668326866,0.0525980215431495,0.1917986769191159,0.052951761491046,37.51851965080608,37.51851965080608,37.51851965080608,1,True,True,True,A_core_lia_dem_valid
SITE_008_S0092,SITE_008,-7.48893210095405,-9.5560363084329,37.55591201782227,0.1493121881700224,0.0640195611006103,0.1482816775598263,0.0554211328779437,37.5560338764744,37.55603387647439,37.5560338764744,1,True,True,True,A_core_lia_dem_valid
SITE_008_S0093,SITE_008,-8.34988267660837,-12.4453468739872,37.51586532592773,0.1455776541514529,0.0407532896005103,0.1438079767905548,0.0399057619809052,37.51562589708001,37.51562589708001,37.51562589708001,1,True,True,True,A_core_lia_dem_valid
SITE_008_S0094,SITE_008,-6.04831860590629,-12.8740227187832,37.55745315551758,0.1130007106562455,0.0285572178372078,0.1128079548754073,0.0300038523271215,37.55729940584533,37.55729940584533,37.55729940584533,1,True,True,True,A_core_lia_dem_valid
SITE_008_S0095,SITE_008,-8.12790150440158,-12.6352042572224,37.51298522949219,0.1266985170968903,0.0336717464552671,0.12282845787146,0.0321608542579281,37.51269355547835,37.51269355547834,37.51269355547835,1,True,True,True,A_core_lia_dem_valid
SITE_008_S0096,SITE_008,-7.57164730154539,-12.603474923131,37.5653076171875,0.1278593512541718,0.0363419000649203,0.1268888386973628,0.0359838960107048,37.56537526248005,37.56537526248005,37.56537526248005,1,True,True,True,A_core_lia_dem_valid
SITE_008_S0097,SITE_008,-10.3779840002208,-17.1150841566617,37.51041030883789,0.1284590731809536,0.0317046505937145,0.1294855619001167,0.0319141287584271,37.51066586702187,37.51066586702187,37.51066586702187,1,True,True,True,A_core_lia_dem_valid
SITE_008_S0098,SITE_008,-8.72531152981223,-9.79617842796549,37.56924438476562,0.1345550371540917,0.0415218257200386,0.1342302778105676,0.0416600738670447,37.56934273084608,37.56934273084608,37.56934273084608,1,True,True,True,A_core_lia_dem_valid
SITE_008_S0099,SITE_008,-7.55542696846883,-10.5162661730322,37.51190567016602,0.1975086362991068,0.0595134310309487,0.1969989087016294,0.0556088234137552,37.51216710312381,37.5121671031238,37.51216710312381,1,True,True,True,A_core_lia_dem_valid
SITE_008_S0100,SITE_008,-5.89639466168848,-11.1585867886298,37.56758499145508,0.1320221280886067,0.045488229442528,0.1322584006751393,0.044043696331261,37.5673734439991,37.5673734439991,37.5673734439991,1,True,True,True,A_core_lia_dem_valid
SITE_008_S0101,SITE_008,-7.00103436645561,-14.5486648261075,37.51896667480469,0.15333435713417,0.0343732571436299,0.1516674358011395,0.0344105183202083,37.51884765745718,37.51884765745718,37.51884765745718,1,True,True,True,A_core_lia_dem_valid
SITE_008_S0102,SITE_008,-6.00064632266266,-12.8179657078277,37.56121826171875,0.1702111306649207,0.0334402180607948,0.166520049224311,0.033592047225224,37.56119611050629,37.5611961105063,37.56119611050629,1,True,True,True,A_core_lia_dem_valid
SITE_008_S0103,SITE_008,-7.30718341124909,-13.185482841345,37.51592636108398,0.1389655595769484,0.0399914044779825,0.1376245924363952,0.0404886797994503,37.51624047914139,37.51624047914139,37.51624047914139,1,True,True,True,A_core_lia_dem_valid
SITE_008_S0104,SITE_008,-7.51489929055268,-12.0141104342866,37.56081390380859,0.1838417448226507,0.0599152873206698,0.1849282193216711,0.0588056347840048,37.56071228417729,37.56071228417729,37.56071228417729,1,True,True,True,A_core_lia_dem_valid
SITE_008_S0105,SITE_008,-4.38083946185904,-11.4690411698651,37.52236175537109,0.1272150526030196,0.0425311571547104,0.1271294646489399,0.0380682401151567,37.52231295808167,37.52231295808167,37.52231295808167,1,True,True,True,A_core_lia_dem_valid
SITE_008_S0106,SITE_008,-7.53878081343684,-12.0992121323739,37.56383895874024,0.1577602872418032,0.0341063022199604,0.1573910002539187,0.0342408265729929,37.56367603047207,37.56367603047207,37.56367603047207,1,True,True,True,A_core_lia_dem_valid
SITE_008_S0107,SITE_008,-7.035539175556,-10.2268310242214,37.56479644775391,0.182017571810219,0.0399105775780561,0.1819301776293619,0.0400414572128405,37.56469264054539,37.56469264054539,37.56469264054539,1,True,True,True,A_core_lia_dem_valid
SITE_008_S0108,SITE_008,-8.02348037649812,-13.5515392745569,37.515625,0.1165453788472546,0.0282108715673287,0.1162179038388493,0.027944659281315,37.515546960611,37.515546960611,37.515546960611,1,True,True,True,A_core_lia_dem_valid
SITE_008_S0109,SITE_008,-7.99273757790099,-8.80812101251575,37.56581878662109,0.1730042631921611,0.0600552358784221,0.1783635986679016,0.0516145906396301,37.56555467678022,37.56555467678022,37.56555467678022,1,True,True,True,A_core_lia_dem_valid
SITE_008_S0110,SITE_008,-7.51344469936805,-13.6369183476756,37.52191162109375,0.132680105831888,0.0314324665304185,0.1338444456318558,0.0313022750380174,37.52168885816692,37.52168885816692,37.52168885816692,1,True,True,True,A_core_lia_dem_valid
SITE_008_S0111,SITE_008,-7.20182840860471,-12.8082397921628,37.52029800415039,0.1331201551399297,0.0285317712484134,0.1333847949867583,0.0284899022156533,37.52013043919003,37.52013043919003,37.52013043919003,1,True,True,True,A_core_lia_dem_valid
SITE_008_S0112,SITE_008,-11.9580887365862,-10.3049120006129,37.55990219116211,0.121892660309871,0.0437729702289278,0.1212342032771787,0.0396529880702102,37.55979765786066,37.55979765786066,37.55979765786066,1,True,True,True,A_core_lia_dem_valid
SITE_008_S0113,SITE_008,-4.62448251942402,-10.9810216934021,37.51019668579102,0.1456190395658732,0.0252838767920103,0.1437352591033188,0.0265290197320938,37.51025906219337,37.51025906219337,37.51025906219337,1,True,True,True,A_core_lia_dem_valid
SITE_008_S0114,SITE_008,-5.59168734375086,-10.496607689032,37.5677604675293,0.1535609776574946,0.0456522308283709,0.1533471224469783,0.0430198965515205,37.56758536724566,37.56758536724566,37.56758536724566,1,True,True,True,A_core_lia_dem_valid
SITE_008_S0115,SITE_008,-5.76052132909992,-12.4995350983766,37.51505661010742,0.1352797032975488,0.0355165652503481,0.1371681344092077,0.0350348648073053,37.51484725740555,37.51484725740554,37.51484725740555,1,True,True,True,A_core_lia_dem_valid
SITE_008_S0116,SITE_008,-9.72932374409395,-12.5534216659491,37.56583023071289,0.1142216323978371,0.0334578751451853,0.1150112312774599,0.0336303511723002,37.56576041416928,37.56576041416928,37.56576041416928,1,True,True,True,A_core_lia_dem_valid
SITE_008_S0117,SITE_008,-8.65454158597302,-16.4705887773143,37.51511001586914,0.1187086405108372,0.0267950405873772,0.1180750906853764,0.0267679145372254,37.51495062838888,37.51495062838888,37.51495062838888,1,True,True,True,A_core_lia_dem_valid
SITE_008_S0118,SITE_008,-8.56632395172231,-14.5328322262081,37.56663131713867,0.1254635577003427,0.0262656710421045,0.1257177188456857,0.0263724342149532,37.56658724769503,37.56658724769503,37.56658724769503,1,True,True,True,A_core_lia_dem_valid
SITE_008_S0119,SITE_008,-6.9000020302073,-17.5281253035215,37.52849578857422,0.1517226875142277,0.029040699773468,0.1438677343037993,0.029398275877602,37.52193093036712,37.52193093036712,37.52193093036712,1,True,True,True,A_core_lia_dem_valid
SITE_008_S0120,SITE_008,-7.35343043616798,-11.2642751109055,37.51306915283203,0.1541579769634538,0.0318162610340449,0.1524521516171502,0.0316486219486888,37.51320474710593,37.51320474710593,37.51320474710593,1,True,True,True,A_core_lia_dem_valid
SITE_008_S0121,SITE_008,-6.36540157184482,-16.9407164247594,37.56443405151367,0.1609952435725265,0.033249627413849,0.1610187859557293,0.0330669561982798,37.51482191815698,37.51482191815698,37.51482191815698,1,True,True,True,A_core_lia_dem_valid
SITE_008_S0122,SITE_008,-8.68500944987963,-12.4746738413642,37.51618576049805,0.1493365533466752,0.0229783766944375,0.1474176372068149,0.0230745146745516,37.5167751324282,37.5167751324282,37.5167751324282,1,True,True,True,A_core_lia_dem_valid
SITE_008_S0123,SITE_008,-9.03236448608346,-12.2666112708703,37.56108856201172,0.1164279726892709,0.0341380076707028,0.1170744971921782,0.0304311830136074,37.53642371906884,37.53642371906884,37.53642371906884,1,True,True,True,A_core_lia_dem_valid
SITE_008_S0124,SITE_008,-11.9394904992544,-14.7881446156601,37.51397705078125,0.1221845207694504,0.0237490980523741,0.1225710683840292,0.0238135486759567,37.5153411417155,37.5153411417155,37.5153411417155,1,True,True,True,A_core_lia_dem_valid
SITE_008_S0125,SITE_008,-11.7549329409527,-13.0989011638463,37.53143692016602,0.1302762025210607,0.0292352664618062,0.1322639575931378,0.029213472842632,37.53154313285669,37.53154313285668,37.53154313285669,1,True,True,True,A_core_lia_dem_valid
SITE_008_S0126,SITE_008,-7.45611952028891,-14.1459873900245,37.51386260986328,0.1144741450332933,0.0256424031903346,0.1142708442249784,0.025793767803705,37.5210848728163,37.5210848728163,37.5210848728163,1,True,True,True,A_core_lia_dem_valid
SITE_008_S0127,SITE_008,-5.70565454527576,-11.25358317799,37.56266403198242,0.116788206944863,0.0360460227998051,0.118138177436259,0.033599499280647,37.52297801592732,37.52297801592732,37.52297801592732,1,True,True,True,A_core_lia_dem_valid
SITE_008_S0128,SITE_008,-8.78625031693096,-12.7183296054735,37.5222282409668,0.0919974400599797,0.0246329130956696,0.0927104522011898,0.0249979992923729,37.52198370575943,37.52198370575943,37.52198370575943,1,True,True,True,A_core_lia_dem_valid
SITE_008_S0129,SITE_008,-6.86336616126656,-14.851274292451,37.52568817138672,0.1197805845157967,0.0394834273856637,0.1200199428752616,0.0409734399109591,37.52544781408217,37.52544781408217,37.52544781408217,1,True,True,True,A_core_lia_dem_valid
SITE_008_S0130,SITE_008,-11.8665597108656,-14.2560292781052,37.51091766357422,0.1115184751401345,0.0315190518957873,0.1110761305551837,0.0317611510823998,37.52387131223775,37.52387131223775,37.52387131223775,1,True,True,True,A_core_lia_dem_valid
SITE_008_S0131,SITE_008,-7.40736138618564,-13.5997485873875,37.52805709838867,0.1575315618759435,0.0383543190220388,0.1597901000887747,0.039167824687887,37.52777336882581,37.52777336882581,37.52777336882581,1,True,True,True,A_core_lia_dem_valid
SITE_008_S0132,SITE_008,-6.12721206194002,-11.9455959825199,37.5142936706543,0.1981759440898895,0.0521761979742182,0.1996197852736633,0.0517689599832634,37.51404258655825,37.51404258655825,37.51404258655825,1,True,True,True,A_core_lia_dem_valid
SITE_008_S0133,SITE_008,-4.85708739177249,-11.318090259795,37.56336212158203,0.1818834103229973,0.0444413398268322,0.1801064679495714,0.0443880803410126,37.52512881338635,37.52512881338635,37.52512881338635,1,True,True,True,A_core_lia_dem_valid
SITE_008_S0134,SITE_008,-5.13355915547198,-12.8870098558175,37.51036071777344,0.171333784552084,0.0437536385965844,0.1720695804510219,0.044160131991361,37.51060118431857,37.51060118431857,37.51060118431857,1,True,True,True,A_core_lia_dem_valid
SITE_008_S0135,SITE_008,-5.33931983485595,-12.10998775365,37.56393432617188,0.1520340336569481,0.0425964250808788,0.1523864884366407,0.0427029738749986,37.53751473297292,37.53751473297292,37.53751473297292,1,True,True,True,A_core_lia_dem_valid
SITE_008_S0136,SITE_008,-8.14316485310267,-12.7152209483928,37.51544189453125,0.1467772422648138,0.0437844595639572,0.1461260594951885,0.0425707103908144,37.51542132980134,37.51542132980134,37.51542132980134,1,True,True,True,A_core_lia_dem_valid
SITE_008_S0137,SITE_008,-5.72876261958636,-13.7516236835749,37.51735687255859,0.1774323443755535,0.0454639281416612,0.1698532108838434,0.0466020459460522,37.51732528811753,37.51732528811753,37.51732528811753,1,True,True,True,A_core_lia_dem_valid
SITE_008_S0138,SITE_008,-8.18277570517186,-12.6206276386887,37.55688858032227,0.1505195084190271,0.0472978610286217,0.1505625237042912,0.0473411588812023,37.51063971475696,37.51063971475696,37.51063971475696,1,True,True,True,A_core_lia_dem_valid
SITE_008_S0139,SITE_008,-10.9375902488674,-16.5770423279575,37.51239776611328,0.105711610118548,0.0274107302594615,0.1065265058427301,0.0260321677267994,37.51336725705661,37.51336725705661,37.51336725705661,1,True,True,True,A_core_lia_dem_valid
SITE_008_S0140,SITE_008,-11.6548033178032,-13.2830350600633,37.49802780151367,0.1165675281567706,0.0349024828142428,0.1163819135182801,0.0343301686747999,37.49821108777376,37.49821108777376,37.49821108777376,1,True,True,True,A_core_lia_dem_valid
SITE_008_S0141,SITE_008,-7.78411197399766,-11.7503341756627,37.50944519042969,0.1215186782760752,0.0341444560595684,0.1205565741520236,0.0339125153705201,37.50949694516155,37.50949694516155,37.50949694516155,1,True,True,True,A_core_lia_dem_valid
SITE_008_S0142,SITE_008,-7.50088918389726,-10.9214136844343,37.56420135498047,0.1298240464884374,0.0373735130148661,0.1282386421166954,0.0365844584206974,37.56435933735586,37.56435933735587,37.56435933735586,1,True,True,True,A_core_lia_dem_valid
SITE_008_S0143,SITE_008,-11.9059705700789,-16.443118430027,37.50920104980469,0.1257776571934422,0.0277342064144964,0.126402820427521,0.0270439771823155,37.50918764001899,37.50918764001899,37.50918764001899,1,True,True,True,A_core_lia_dem_valid
SITE_008_S0144,SITE_008,-9.60812389387232,-13.9481070448364,37.55991744995117,0.1249506840109825,0.0335450366035931,0.1243667980807798,0.0335777250295619,37.56001358777379,37.56001358777379,37.56001358777379,1,True,True,True,A_core_lia_dem_valid
SITE_008_S0145,SITE_008,-3.87684082757184,-15.9121751242485,37.5069580078125,0.1669204015905658,0.0341639005765318,0.1703785763061167,0.0342610226953287,37.50684079880295,37.50684079880295,37.50684079880295,1,True,True,True,A_core_lia_dem_valid
SITE_008_S0146,SITE_008,-9.32539444933688,-14.9787964653837,37.56071090698242,0.1066501410222715,0.0300093529373407,0.1060131433348596,0.0300803977278647,37.56088438723207,37.56088438723207,37.56088438723207,1,True,True,True,A_core_lia_dem_valid
SITE_008_S0147,SITE_008,-9.57308638028789,-11.7665311488016,37.5201530456543,0.105998420636687,0.0426412618614993,0.1059671993893973,0.0370862880983736,37.52007852851664,37.52007852851664,37.52007852851664,1,True,True,True,A_core_lia_dem_valid
SITE_008_S0148,SITE_008,-6.17087250435679,-12.5405189306233,37.55681610107422,0.1299953705361152,0.039118029673502,0.1220345407258855,0.0362733240270429,37.55691270479489,37.55691270479489,37.55691270479489,1,True,True,True,A_core_lia_dem_valid
SITE_008_S0149,SITE_008,-7.20092301127852,-15.4134680874447,37.51484680175781,0.1189492701780464,0.030311194936554,0.1185743698951454,0.0306047834046174,37.51495891543254,37.51495891543254,37.51495891543254,1,True,True,True,A_core_lia_dem_valid
SITE_008_S0150,SITE_008,-7.90102775117182,-13.9941015741561,37.55427551269531,0.1189323232571284,0.0318195490389027,0.1180666310404554,0.032017719028726,37.55451737797125,37.55451737797125,37.55451737797125,1,True,True,True,A_core_lia_dem_valid
SITE_008_S0151,SITE_008,-5.18754674905804,-13.100073026603,37.56479263305664,0.1496492554992437,0.0336331662877152,0.1491385820517201,0.0332817244135349,37.56474412175975,37.56474412175975,37.56474412175975,1,True,True,True,A_core_lia_dem_valid
SITE_008_S0152,SITE_008,-9.71724953913647,-12.6764011568456,37.51357650756836,0.1118181951799326,0.0288171328045427,0.1118183607879428,0.0286929062459571,37.51381962989882,37.51381962989883,37.51381962989882,1,True,True,True,A_core_lia_dem_valid
SITE_008_S0153,SITE_008,-8.80836890277187,-13.1910333393033,37.56362915039063,0.1394353632256388,0.0350391647964715,0.1396396895300275,0.0350059035277483,37.56383881378657,37.56383881378657,37.56383881378657,1,True,True,True,A_core_lia_dem_valid
SITE_008_S0154,SITE_008,-5.59231776950074,-14.864877029101,37.50040817260742,0.1542021363808049,0.0368006802156111,0.1537230903057404,0.0370419659456618,37.50015783535498,37.50015783535498,37.50015783535498,1,True,True,True,A_core_lia_dem_valid
SITE_008_S0155,SITE_008,-8.4228929923385,-17.1534286733001,37.56328964233398,0.1285217545843786,0.0290941081837129,0.1295331225314258,0.0284577574531249,37.5634778725252,37.5634778725252,37.5634778725252,1,True,True,True,A_core_lia_dem_valid
SITE_008_S0156,SITE_008,-8.17244393020741,-17.1985603547514,37.51283264160156,0.1312388826741112,0.0285967285703453,0.1299921397027778,0.0286142912371383,37.51268947719399,37.51268947719398,37.51268947719399,1,True,True,True,A_core_lia_dem_valid
SITE_008_S0157,SITE_008,-8.39738929110517,-12.1333791127035,37.55665588378906,0.1280147218538655,0.0298789004608988,0.1277167440086235,0.0302100450168421,37.5569080301087,37.5569080301087,37.5569080301087,1,True,True,True,A_core_lia_dem_valid
SITE_008_S0158,SITE_008,-7.16056004064103,-17.8694724251151,37.51490783691406,0.1280492538048161,0.034660580304156,0.1265209390738128,0.0348290877658111,37.51479983043972,37.51479983043971,37.51479983043972,1,True,True,True,A_core_lia_dem_valid
SITE_008_S0159,SITE_008,-8.30188368303189,-13.9987025807926,37.55436325073242,0.1325218584802415,0.033194577858015,0.133482770246488,0.0326376693999276,37.55457260901997,37.55457260901997,37.55457260901997,1,True,True,True,A_core_lia_dem_valid
SITE_008_S0160,SITE_008,-5.68066047133622,-11.895611760088,37.51749801635742,0.168124407352309,0.0325749393557715,0.1576458313140388,0.032723690182212,37.51767278538166,37.51767278538166,37.51767278538166,1,True,True,True,A_core_lia_dem_valid
SITE_008_S0161,SITE_008,-6.5361241925419,-10.999424482432,37.56089019775391,0.1295424302584595,0.0290048316369454,0.1290165078272054,0.0288694947468185,37.56080303288469,37.5608030328847,37.56080303288469,1,True,True,True,A_core_lia_dem_valid
SITE_008_S0162,SITE_008,-8.54481866409949,-15.7359240850797,37.51029968261719,0.1086612562090158,0.0249804609175771,0.1101240867615482,0.0250702392998649,37.51029749864866,37.51029749864866,37.51029749864866,1,True,True,True,A_core_lia_dem_valid
SITE_008_S0163,SITE_008,-7.08236415728786,-10.5859514633933,37.56211853027344,0.1372955765823523,0.0404913101750675,0.137391114714153,0.0375407022275575,37.56216316223144,37.56216316223144,37.56216316223144,1,True,True,True,A_core_lia_dem_valid
SITE_008_S0164,SITE_008,-8.83940918466867,-11.4016189271112,37.51011657714844,0.123424066354831,0.0344671832688167,0.1229099204878748,0.0334582776851778,37.51037887163449,37.51037887163449,37.51037887163449,1,True,True,True,A_core_lia_dem_valid
SITE_008_S0165,SITE_008,-6.06553823193969,-11.4740800734921,37.56697845458984,0.1358703470105926,0.029114825673508,0.1352871341842376,0.028787493023137,37.5671094158503,37.5671094158503,37.5671094158503,1,True,True,True,A_core_lia_dem_valid
SITE_008_S0166,SITE_008,-4.70921313489047,-10.5562735950595,37.51312255859375,0.1507339769821915,0.035179114997193,0.1382094562227689,0.0328812832037254,37.51282535637215,37.51282535637216,37.51282535637215,1,True,True,True,A_core_lia_dem_valid
SITE_008_S0167,SITE_008,-8.76419901686898,-9.63794182397275,37.51877593994141,0.1217431503285964,0.050445856517225,0.1216690057506899,0.0427998324841934,37.51875687247195,37.51875687247195,37.51875687247195,1,True,True,True,A_core_lia_dem_valid
SITE_008_S0168,SITE_008,-5.75150474445362,-11.0677244802955,37.55793380737305,0.1657433567602149,0.0376519533014081,0.1607583364822207,0.0365327317952639,37.55810274448149,37.55810274448149,37.55810274448149,1,True,True,True,A_core_lia_dem_valid
SITE_008_S0169,SITE_008,-6.4776172709193,-13.8114400811031,37.51030731201172,0.1525966554883502,0.029747514792352,0.1412944648352696,0.0324769987942068,37.51061668227736,37.51061668227736,37.51061668227736,1,True,True,True,A_core_lia_dem_valid
SITE_008_S0170,SITE_008,-6.27061067244139,-15.9383498727349,37.56093978881836,0.1371363530225224,0.0262180208890802,0.1383129450669627,0.0260499549155801,37.56083528057659,37.56083528057659,37.56083528057659,1,True,True,True,A_core_lia_dem_valid
SITE_008_S0171,SITE_008,-8.3560180819495,-11.805806118647,37.51390838623047,0.1314694804574294,0.0463764607682074,0.1318987356079467,0.0441282769054482,37.51405834325395,37.51405834325395,37.51405834325395,1,True,True,True,A_core_lia_dem_valid
SITE_008_S0172,SITE_008,-6.11375684328107,-11.6270709749911,37.56573486328125,0.1147416520780987,0.0283945159572694,0.1140280207577679,0.028912822548426,37.56571705854657,37.56571705854658,37.56571705854657,1,True,True,True,A_core_lia_dem_valid
SITE_008_S0173,SITE_008,-7.86651495166941,-13.3798586481425,37.51488876342773,0.1132504915570219,0.0288000220879672,0.1133533740301191,0.0263964461667681,37.51457824199534,37.51457824199534,37.51457824199534,1,True,True,True,A_core_lia_dem_valid
SITE_008_S0174,SITE_008,-7.49330582107015,-9.82630140113818,37.56484222412109,0.1832053400645435,0.0649396688215951,0.1810050450540348,0.0606583372878296,37.56504557238736,37.56504557238736,37.56504557238736,1,True,True,True,A_core_lia_dem_valid
SITE_008_S0175,SITE_008,-5.10078821763021,-6.55142319536022,37.51358032226562,0.1011179045463601,0.153075574791301,0.1014945744166587,0.1029338062064189,37.5135230440082,37.51352304400821,37.5135230440082,1,True,True,True,A_core_lia_dem_valid
SITE_008_S0176,SITE_008,-5.68346775719293,-14.6934562446271,37.55868530273438,0.1239614658388826,0.0331895121890637,0.125162622878029,0.0334013613168564,37.55888812410135,37.55888812410135,37.55888812410135,1,True,True,True,A_core_lia_dem_valid
SITE_008_S0177,SITE_008,-6.64469560570401,-13.2838558475648,37.51679611206055,0.1106851860922243,0.0278149881147555,0.1112672430879355,0.0277839608056994,37.51684661172965,37.51684661172965,37.51684661172965,1,True,True,True,A_core_lia_dem_valid
SITE_008_S0178,SITE_008,-10.5642218519921,-12.003265974711,37.55969619750977,0.1204454483009047,0.0409278452912021,0.1208651632889185,0.0384121633883351,37.55980990111299,37.55980990111299,37.55980990111299,1,True,True,True,A_core_lia_dem_valid
SITE_008_S0179,SITE_008,-5.59024812078868,-13.6606075813724,37.51813507080078,0.150058343946501,0.0289625711197278,0.1367179910899144,0.0282557709523238,37.51810143265544,37.51810143265544,37.51810143265544,1,True,True,True,A_core_lia_dem_valid
SITE_008_S0180,SITE_008,-5.9381923300267,-10.7766234098734,37.56058883666992,0.1236461223827468,0.0319414845744951,0.1231270564430289,0.0309270911013459,37.56039199564609,37.56039199564609,37.56039199564609,1,True,True,True,A_core_lia_dem_valid
SITE_008_S0181,SITE_008,-4.82391504559967,-14.3639399783617,37.50800323486328,0.0978818711100353,0.031886101113686,0.1007123223807692,0.0290364984918525,37.50805838146383,37.50805838146383,37.50805838146383,1,True,True,True,A_core_lia_dem_valid
SITE_008_S0182,SITE_008,-5.95684960927311,-10.8615815915708,37.56258392333984,0.1372555233372582,0.0395122736154961,0.1357604327454858,0.0357479705047627,37.56271635143962,37.56271635143962,37.56271635143962,1,True,True,True,A_core_lia_dem_valid
SITE_008_S0183,SITE_008,-6.98221148008987,-11.104236140098,37.51432800292969,0.1344905451188484,0.027282862589798,0.1338466265567658,0.0273376436176261,37.51438792276171,37.51438792276171,37.51438792276171,1,True,True,True,A_core_lia_dem_valid
SITE_008_S0184,SITE_008,-6.02227013822537,-12.2165441536619,37.56348037719727,0.1482126636306444,0.0423200623049504,0.1500070679206171,0.042307751091818,37.56342159535696,37.56342159535696,37.56342159535696,1,True,True,True,A_core_lia_dem_valid
SITE_008_S0185,SITE_008,-4.6888389992887,-8.59770432993251,37.5155029296875,0.1585329439987739,0.0601344888297361,0.1580333032900536,0.0566221119485251,37.51536303975468,37.51536303975468,37.51536303975468,1,True,True,True,A_core_lia_dem_valid
SITE_008_S0186,SITE_008,-4.82799819005578,-11.8110576085513,37.55904769897461,0.1445340069880088,0.0364721668791025,0.1443840655629281,0.0363008554403496,37.5591913298359,37.5591913298359,37.5591913298359,1,True,True,True,A_core_lia_dem_valid
SITE_008_S0187,SITE_008,-4.24509629812279,-15.3527517451579,37.51695251464844,0.1583450900763273,0.034015833333792,0.1580773250344726,0.0339179634251259,37.51681138409091,37.51681138409091,37.51681138409091,1,True,True,True,A_core_lia_dem_valid
SITE_008_S0188,SITE_008,-7.79027130523911,-11.0412844524885,37.55854797363281,0.1272402289178636,0.0343172044244905,0.1263543954316848,0.0345525797081674,37.55852464543057,37.55852464543057,37.55852464543057,1,True,True,True,A_core_lia_dem_valid
SITE_008_S0189,SITE_008,-5.67084493755014,-9.51903585843404,37.50991821289063,0.1288248445590337,0.0471926258110297,0.1311576496285421,0.0412769196814598,37.509853393169,37.509853393169,37.509853393169,1,True,True,True,A_core_lia_dem_valid
SITE_008_S0190,SITE_008,-5.16875519646774,-9.5311190162474,37.56072235107422,0.2703070087896279,0.0795179118198791,0.2676007094749282,0.0703729601991427,37.56105385236584,37.56105385236584,37.56105385236584,1,True,True,True,A_core_lia_dem_valid
SITE_008_S0191,SITE_008,-1.88697240359487,-8.15832026064294,37.50832748413086,0.3434432760061487,0.0619186951801962,0.2854685380575114,0.05128425681425,37.50819493813757,37.50819493813757,37.50819493813757,1,True,True,True,A_core_lia_dem_valid
SITE_008_S0192,SITE_008,-8.36665698091226,-13.1378065499383,37.56624221801758,0.1366886759419972,0.0389075128916103,0.1363086411644898,0.0385915295885571,37.5659119050714,37.5659119050714,37.5659119050714,1,True,True,True,A_core_lia_dem_valid
SITE_008_S0193,SITE_008,-7.41068885722584,-17.0577446695908,37.50796890258789,0.1164035049825906,0.0321729288567745,0.1175052483839753,0.0327344770726675,37.50796436300181,37.50796436300181,37.50796436300181,1,True,True,True,A_core_lia_dem_valid
SITE_008_S0194,SITE_008,-5.25597524397092,-11.98275858882,37.56047058105469,0.1487331889404191,0.0419592660003238,0.1490650966947461,0.0417350494410888,37.56062645569425,37.56062645569425,37.56062645569425,1,True,True,True,A_core_lia_dem_valid
SITE_008_S0195,SITE_008,-4.88308651802844,-9.29761839816022,37.51030731201172,0.1689602817181084,0.0471959615250428,0.1711502012969167,0.0468635182167736,37.51010000490485,37.51010000490484,37.51010000490485,1,True,True,True,A_core_lia_dem_valid
SITE_008_S0196,SITE_008,-9.71481478335495,-14.9434880031681,37.55556106567383,0.1302647000220086,0.0325230261517895,0.1312350757374071,0.0324472935442571,37.55570888911497,37.55570888911497,37.55570888911497,1,True,True,True,A_core_lia_dem_valid
SITE_008_S0197,SITE_008,-9.7845169510436,-12.2393919371779,37.51577377319336,0.1445262967795133,0.0367487499314463,0.1451835432142755,0.0365997878557508,37.51577454843051,37.51577454843051,37.51577454843051,1,True,True,True,A_core_lia_dem_valid
SITE_008_S0198,SITE_008,-4.75582190871581,-13.0549008861686,37.55532073974609,0.1423619085301955,0.039706644560301,0.1435339398572905,0.0410127638680622,37.55497551506044,37.55497551506044,37.55497551506044,1,True,True,True,A_core_lia_dem_valid
SITE_008_S0199,SITE_008,-7.80379318119967,-15.0302142270104,37.51711654663086,0.1264266309121416,0.0330643355095791,0.1253454165231942,0.0340713504872925,37.51732605125101,37.51732605125101,37.51732605125101,1,True,True,True,A_core_lia_dem_valid
SITE_008_S0200,SITE_008,-6.70334567135198,-13.3647649857233,37.55863189697266,0.1566027122709127,0.034763007360614,0.15448190572999,0.0351487192224113,37.55889338851164,37.55889338851163,37.55889338851164,1,True,True,True,A_core_lia_dem_valid
SITE_008_S0201,SITE_008,-6.73830969789436,-12.4593656320601,37.51097869873047,0.1390040597154034,0.0401967745419177,0.1425606709913213,0.0405309456635128,37.51110050043625,37.51110050043625,37.51110050043625,1,True,True,True,A_core_lia_dem_valid
SITE_008_S0202,SITE_008,-6.49840844805094,-14.6247457696231,37.95822143554688,0.1433385514592131,0.02922048776514,0.1450485814569725,0.0292982724801073,37.95832091287504,37.95832091287503,37.95832091287504,1,True,True,True,A_core_lia_dem_valid
SITE_008_S0203,SITE_008,-8.19568696176399,-13.3276980371856,36.89809799194336,0.1392860091477632,0.0362737662324474,0.1405973738339948,0.0363055339211851,36.89824863934027,36.89824863934027,36.89824863934027,1,True,True,True,A_core_lia_dem_valid
SITE_008_S0204,SITE_008,-5.57699211061738,-11.9525063762102,37.96081161499024,0.1278212153166532,0.0354593451751576,0.1275277455932932,0.0356540042354366,37.96081280927185,37.96081280927185,37.96081280927185,1,True,True,True,A_core_lia_dem_valid
SITE_008_S0205,SITE_008,-6.92101971798241,-9.03357471400372,36.9039306640625,0.1293014907009071,0.0400794132778214,0.1302391992067849,0.0409439535930147,36.90427805872498,36.90427805872498,36.90427805872498,1,True,True,True,A_core_lia_dem_valid
SITE_008_S0206,SITE_008,-7.14567637329611,-13.7630414253015,37.95758438110352,0.1359921848327747,0.0342431855748678,0.1368745521075013,0.034502776866282,37.95774715640877,37.95774715640876,37.95774715640877,1,True,True,True,A_core_lia_dem_valid
SITE_008_S0207,SITE_008,-6.26899237868969,-11.9389665888323,36.9117317199707,0.1339744381606578,0.0403885444191628,0.1347029198632564,0.0383478788594732,36.91154426642436,36.91154426642436,36.91154426642436,1,True,True,True,A_core_lia_dem_valid
SITE_008_S0208,SITE_008,-6.71439446135469,-12.0285434807175,37.94818496704102,0.1421492119961314,0.0456749914745699,0.1412371106602159,0.0448306915077721,37.94812063874225,37.94812063874226,37.94812063874225,1,True,True,True,A_core_lia_dem_valid
SITE_008_S0209,SITE_008,-5.31109096755002,-12.3364094579837,36.91145706176758,0.1305700785666704,0.0361567130912509,0.1304440785728716,0.0364344991917842,36.91167128112389,36.91167128112389,36.91167128112389,1,True,True,True,A_core_lia_dem_valid
SITE_008_S0210,SITE_008,-4.63412534809757,-13.5889915696684,37.95075225830078,0.1504292035847902,0.0305652373325493,0.1499602023254574,0.0304893356327105,37.95048530278244,37.95048530278244,37.95048530278244,1,True,True,True,A_core_lia_dem_valid
SITE_008_S0211,SITE_008,-5.74850677533618,-10.6751933737188,36.90900802612305,0.1342519763277636,0.0426286482493203,0.1343639281474881,0.041510178891501,36.90884516483311,36.90884516483311,36.90884516483311,1,True,True,True,A_core_lia_dem_valid
SITE_008_S0212,SITE_008,-6.96234684916849,-12.7506027734277,37.9583854675293,0.1167508650860852,0.0407207360361912,0.1165141236427941,0.0367695447977673,37.95805179982246,37.95805179982246,37.95805179982246,1,True,True,True,A_core_lia_dem_valid
SITE_008_S0213,SITE_008,-6.86388478324217,-12.6793813951423,36.90747833251953,0.114255088513924,0.035676073624442,0.1140407658198181,0.0354954951038055,36.90727480322914,36.90727480322913,36.90727480322914,1,True,True,True,A_core_lia_dem_valid
SITE_008_S0214,SITE_008,-7.86834984136038,-13.3883824445517,37.96138763427734,0.1264632333939274,0.0309902372149248,0.1260163446593983,0.0303275709268489,37.9611291377431,37.9611291377431,37.9611291377431,1,True,True,True,A_core_lia_dem_valid
SITE_008_S0215,SITE_008,-6.27425520599819,-12.0907106516971,36.90386581420898,0.16604564231303,0.0416599348725544,0.1658751986700075,0.0417041725709022,36.90376767048539,36.90376767048539,36.90376767048539,1,True,True,True,A_core_lia_dem_valid
SITE_008_S0216,SITE_008,-4.86518611204089,-10.9030589623349,37.95872116088867,0.1199186590065558,0.0341428193994218,0.1221953679308479,0.0337959389894376,37.95850705229117,37.95850705229117,37.95850705229117,1,True,True,True,A_core_lia_dem_valid
SITE_008_S0217,SITE_008,-8.37887088948196,-12.169666252962,36.90822982788086,0.1246132772254041,0.0370538676975943,0.1222476624966861,0.0357091075971552,36.90817902036122,36.90817902036122,36.90817902036122,1,True,True,True,A_core_lia_dem_valid
SITE_008_S0218,SITE_008,-4.34006174402763,-12.4703063555517,37.95952606201172,0.1938437246390285,0.0311365776344705,0.1740068480818614,0.0297129819336582,37.95967768540449,37.95967768540449,37.95967768540449,1,True,True,True,A_core_lia_dem_valid
SITE_008_S0219,SITE_008,-6.5090472899202,-11.6405137144888,36.91623687744141,0.1593847730124359,0.0394681677933737,0.1532051288900827,0.0385267685914612,36.91595829266248,36.91595829266248,36.91595829266248,1,True,True,True,A_core_lia_dem_valid
SITE_008_S0220,SITE_008,-8.4394796213425,-12.2308438630769,37.95585632324219,0.1184741757478978,0.0344071776507836,0.1190023721460207,0.0341758014909855,37.95596818203344,37.95596818203344,37.95596818203344,1,True,True,True,A_core_lia_dem_valid
SITE_008_S0221,SITE_008,-7.43650161071701,-14.7083381748674,36.91275405883789,0.1278952224552631,0.0260425803781152,0.1286521627450431,0.0263717674295834,36.91254219567975,36.91254219567975,36.91254219567975,1,True,True,True,A_core_lia_dem_valid
SITE_008_S0222,SITE_008,-7.57737825163888,-12.3036724103315,37.95927429199219,0.1257211465885241,0.031073726101054,0.1250916383599425,0.0315989979556214,37.9593012332164,37.95930123321639,37.9593012332164,1,True,True,True,A_core_lia_dem_valid
SITE_008_S0223,SITE_008,-7.59684060933658,-9.874417354098,36.90633010864258,0.1225574192125951,0.0455655936985925,0.1225315703531035,0.0389030313165825,36.90644509192885,36.90644509192885,36.90644509192885,1,True,True,True,A_core_lia_dem_valid
SITE_008_S0224,SITE_008,-3.31235605217958,-13.5915646696562,37.95669174194336,0.2034161339051785,0.0401008352633182,0.1814776860388901,0.0402926138772943,37.95707424198682,37.95707424198682,37.95707424198682,1,True,True,True,A_core_lia_dem_valid
SITE_008_S0225,SITE_008,-8.37315341211985,-16.442596344983,36.90567779541016,0.1282969168566975,0.0244338809228705,0.1141863549872883,0.0258790588429635,36.90583191062969,36.90583191062969,36.90583191062969,1,True,True,True,A_core_lia_dem_valid
SITE_008_S0226,SITE_008,-7.87578168205873,-13.727095998671,37.95985412597656,0.130426844217711,0.0363814428244314,0.129999381415086,0.0372266771553046,37.95961734966921,37.95961734966921,37.95961734966921,1,True,True,True,A_core_lia_dem_valid
SITE_008_S0227,SITE_008,-3.67275824283605,-12.4505357440039,36.91016387939453,0.186781834029941,0.0413691052358476,0.1879918733893811,0.0402467383331488,36.91035829185687,36.91035829185687,36.91035829185687,1,True,True,True,A_core_lia_dem_valid
SITE_008_S0228,SITE_008,-12.6610232643638,-10.6780175865913,37.95866394042969,0.1266200447284107,0.0424528058606135,0.1259498206777103,0.0394650234117941,37.9585973022865,37.9585973022865,37.9585973022865,1,True,True,True,A_core_lia_dem_valid
SITE_008_S0229,SITE_008,-8.42347048870243,-13.4827172234563,36.91262817382812,0.1084120138734579,0.0258391554663992,0.1099210000691222,0.0257890115343724,36.91258432770257,36.91258432770257,36.91258432770257,1,True,True,True,A_core_lia_dem_valid
SITE_008_S0230,SITE_008,-8.38616612846155,-9.28959468017401,37.95294952392578,0.1357823288192351,0.0601802707597207,0.1365351582557698,0.054316923775082,37.95313294828879,37.95313294828879,37.95313294828879,1,True,True,True,A_core_lia_dem_valid
SITE_008_S0231,SITE_008,-7.50299211802686,-11.4537215701528,36.90950393676758,0.1365998052640093,0.0326994330115598,0.1378220942055369,0.0322333369925285,36.90922641393367,36.90922641393367,36.90922641393367,1,True,True,True,A_core_lia_dem_valid
SITE_008_S0232,SITE_008,-8.80779789110323,-12.9302088459229,37.9510383605957,0.1265587909022967,0.0309372003200567,0.1266870894963726,0.0309583813785632,37.95077239537338,37.95077239537337,37.95077239537338,1,True,True,True,A_core_lia_dem_valid
SITE_008_S0233,SITE_008,-7.10854301935017,-10.7801103097744,36.90678405761719,0.1307410466795166,0.0321750576510364,0.1310440279212263,0.0317287610433113,36.90704143175191,36.90704143175191,36.90704143175191,1,True,True,True,A_core_lia_dem_valid
SITE_008_S0234,SITE_008,-7.24145066793957,-14.6710606272401,37.95918273925781,0.1628287814640336,0.0314339035510943,0.163039502599909,0.0322354797865947,37.95920645772035,37.95920645772035,37.95920645772035,1,True,True,True,A_core_lia_dem_valid
SITE_008_S0235,SITE_008,-9.07687379689355,-11.5404699164786,36.9125862121582,0.1243985366407367,0.0255711768650346,0.1248838501920302,0.0256565264764207,36.91256717234511,36.91256717234511,36.91256717234511,1,True,True,True,A_core_lia_dem_valid
SITE_008_S0236,SITE_008,-5.37486837309547,-13.1239668635097,37.95769119262695,0.1370390885107809,0.026120874453336,0.1371896215829857,0.0259357202285325,37.958082637125,37.958082637125,37.958082637125,1,True,True,True,A_core_lia_dem_valid
SITE_008_S0237,SITE_008,-5.26671138012335,-14.3103740004249,36.90744018554688,0.1308108048637708,0.0246769464978327,0.1310724355307994,0.0248964604438821,36.90768732300383,36.90768732300383,36.90768732300383,1,True,True,True,A_core_lia_dem_valid
SITE_008_S0238,SITE_008,-9.56437296753238,-13.9705779904217,37.95550155639648,0.1390061317442202,0.0263109842047847,0.145513712225516,0.0260659712652438,37.9551424506783,37.9551424506783,37.9551424506783,1,True,True,True,A_core_lia_dem_valid
SITE_008_S0239,SITE_008,-7.80225923514618,-8.87884819711754,36.90743255615234,0.1225292126254903,0.0576788117365578,0.123065036766139,0.0445791652193691,36.90751886956859,36.90751886956859,36.90751886956859,1,True,True,True,A_core_lia_dem_valid
SITE_008_S0240,SITE_008,-4.69075620402701,-13.1102304076543,37.95276641845703,0.1315719093757738,0.0268289657537308,0.1322058614413026,0.0267136936358831,37.95305079445408,37.95305079445408,37.95305079445408,1,True,True,True,A_core_lia_dem_valid
SITE_008_S0241,SITE_008,-5.34765270979152,-15.1355499095697,36.90902328491211,0.1730159739818837,0.0382948508145667,0.1741456952856646,0.038441845386692,36.90907285423352,36.90907285423352,36.90907285423352,1,True,True,True,A_core_lia_dem_valid
SITE_008_S0242,SITE_008,-6.31079226035218,-13.688398488973,37.95570373535156,0.1125123171591096,0.0291235579943491,0.1128511161053622,0.0289509438160588,37.95589530843805,37.95589530843805,37.95589530843805,1,True,True,True,A_core_lia_dem_valid
SITE_008_S0243,SITE_008,-7.67189208489256,-12.015070597623,36.90783309936523,0.1032911722486217,0.0373040530478699,0.1056114866662724,0.0366877446148039,36.90751840909623,36.90751840909623,36.90751840909623,1,True,True,True,A_core_lia_dem_valid
SITE_008_S0244,SITE_008,-6.49020324034965,-10.3785753129186,37.95575332641602,0.127858656446139,0.0457705550562113,0.127779284261259,0.0419513423912511,37.95580022574526,37.95580022574526,37.95580022574526,1,True,True,True,A_core_lia_dem_valid
SITE_008_S0245,SITE_008,-10.0968056006966,-15.2019377170068,36.90893936157227,0.1120336528950267,0.0286358873956882,0.1133421293618502,0.0288966550725699,36.90905321042996,36.90905321042996,36.90905321042996,1,True,True,True,A_core_lia_dem_valid
SITE_008_S0246,SITE_008,-6.95896746082865,-12.6718656374305,37.95954132080078,0.1360041386137406,0.0353077924168772,0.1378892045330118,0.0354297581453014,37.95953825675304,37.95953825675304,37.95953825675304,1,True,True,True,A_core_lia_dem_valid
SITE_008_S0247,SITE_008,-3.66925935436759,-16.6705929697376,36.90645217895508,0.1972468787008919,0.0267186216844452,0.1771624052799637,0.0270637447446768,36.9063647520757,36.9063647520757,36.9063647520757,1,True,True,True,A_core_lia_dem_valid
SITE_008_S0248,SITE_008,-4.12150870839263,-14.0634630626299,37.954345703125,0.1675950348868063,0.0352358014089248,0.1618876691477813,0.0351171024638339,37.95421032305944,37.95421032305944,37.95421032305944,1,True,True,True,A_core_lia_dem_valid
SITE_008_S0249,SITE_008,-4.84123697759654,-13.151037007523,36.9068603515625,0.1506247327393955,0.0455767034511599,0.1534702469978803,0.0456449429893199,36.90718423096399,36.90718423096399,36.90718423096399,1,True,True,True,A_core_lia_dem_valid
SITE_008_S0250,SITE_008,-5.61591702937446,-9.50929128624347,37.9525032043457,0.1296299237261216,0.066379211108892,0.1360314175194666,0.0600125589855555,37.95227498981077,37.95227498981077,37.95227498981077,1,True,True,True,A_core_lia_dem_valid
SITE_008_S0251,SITE_008,-5.45132529867941,-14.4357938432004,36.90817260742188,0.1341693577560259,0.0274682348231888,0.1401508031982058,0.0282467143288181,36.9083970295518,36.9083970295518,36.9083970295518,1,True,True,True,A_core_lia_dem_valid
SITE_008_S0252,SITE_008,-4.63952526652131,-15.6371448599892,37.95577239990234,0.2147598779475747,0.034775043125027,0.1952174671974844,0.0352741171147124,37.9554140558737,37.9554140558737,37.9554140558737,1,True,True,True,A_core_lia_dem_valid
SITE_008_S0253,SITE_008,-6.06538758053062,-14.2538020817822,37.95646667480469,0.1770140882142271,0.0349716273281309,0.1596314599359466,0.0350159092704925,37.95646030091066,37.95646030091066,37.95646030091066,1,True,True,True,A_core_lia_dem_valid
SITE_008_S0254,SITE_008,-3.50002295415625,-10.058419018503,36.900634765625,0.2449779792523058,0.0515494860667321,0.2292061509385965,0.0517738265093462,36.90077427798853,36.90077427798854,36.90077427798853,1,True,True,True,A_core_lia_dem_valid
SITE_008_S0255,SITE_008,-2.54983134276588,-10.3668245362663,37.95941925048828,0.1874230311645401,0.0508160224732839,0.2026159625427983,0.0506539687908205,37.959557859972,37.959557859972,37.959557859972,1,True,True,True,A_core_lia_dem_valid
SITE_008_S0256,SITE_008,-5.79841227783165,-12.7569037518731,36.90212249755859,0.1534745597094297,0.045208116310733,0.1617737403511117,0.0444274715858153,36.9020693992393,36.9020693992393,36.9020693992393,1,True,True,True,A_core_lia_dem_valid
SITE_008_S0257,SITE_008,-7.44762137456383,-10.6908951872564,37.95742034912109,0.12712743041416,0.0462168390964225,0.1288342799034751,0.0416010930545462,37.95751601527233,37.95751601527232,37.95751601527233,1,True,True,True,A_core_lia_dem_valid
SITE_008_S0258,SITE_008,-8.61069705450178,-12.0113299369662,37.95609283447266,0.1280231015715334,0.0434600487855227,0.1288905027573123,0.0422960386747429,37.95591641013248,37.95591641013248,37.95591641013248,1,True,True,True,A_core_lia_dem_valid
SITE_008_S0259,SITE_008,-6.73163380785662,-15.4980134466521,37.95688629150391,0.112639168790645,0.0294472681897876,0.1140158423597429,0.0307099395560796,37.95714146131825,37.95714146131824,37.95714146131825,1,True,True,True,A_core_lia_dem_valid
SITE_008_S0260,SITE_008,-7.32290870110578,-10.5838437800175,37.95357894897461,0.1326586810007234,0.0464382948394382,0.1308888713578459,0.0433305655512124,37.95377912946761,37.9537791294676,37.95377912946761,1,True,True,True,A_core_lia_dem_valid
SITE_008_S0261,SITE_008,-6.35000062551005,-11.2378302624493,37.9537353515625,0.1087951744513379,0.0375911942954544,0.1095420033291534,0.0360362228840333,37.9534012035644,37.95340120356441,37.9534012035644,1,True,True,True,A_core_lia_dem_valid
SITE_008_S0262,SITE_008,-7.51305302150029,-10.2967428465105,37.96036529541016,0.1725760477615727,0.0466929088160098,0.1732437251397857,0.0464100270751159,37.96015019181706,37.96015019181707,37.96015019181706,1,True,True,True,A_core_lia_dem_valid
SITE_008_S0263,SITE_008,-6.22852692711386,-16.719114615351,37.95768737792969,0.1142928693857457,0.0308170897741284,0.1152167419454565,0.0305731352077176,37.95780761704245,37.95780761704245,37.95780761704245,1,True,True,True,A_core_lia_dem_valid
SITE_008_S0264,SITE_008,-8.49257521224771,-14.0550242082056,37.95578002929688,0.1249362414994178,0.0357759335471524,0.1271085714778833,0.0355093067556757,37.95606607147997,37.95606607147997,37.95606607147997,1,True,True,True,A_core_lia_dem_valid
SITE_008_S0265,SITE_008,-4.94675619251579,-14.1536959370364,37.95332336425781,0.1398446938561068,0.0345567695568833,0.1410010124724588,0.0346838126379858,37.95360828205855,37.95360828205855,37.95360828205855,1,True,True,True,A_core_lia_dem_valid
SITE_008_S0266,SITE_008,-6.0174931554091,-14.1729227094219,37.95414352416992,0.1341569727410873,0.0264693672313458,0.1352718387599344,0.0270885345383466,37.95394531379843,37.95394531379842,37.95394531379843,1,True,True,True,A_core_lia_dem_valid
SITE_008_S0267,SITE_008,-4.34139941093758,-13.9494753900778,37.95818328857422,0.1394468983966443,0.0322771913239609,0.1399369369479425,0.0298599487078699,37.95812922116523,37.95812922116524,37.95812922116523,1,True,True,True,A_core_lia_dem_valid
SITE_008_S0268,SITE_008,-6.37533374671545,-12.4521610812791,37.96396255493164,0.1285040982150369,0.0351303950265155,0.1289172254944289,0.0346279575714793,37.9639823053551,37.9639823053551,37.9639823053551,1,True,True,True,A_core_lia_dem_valid
SITE_008_S0269,SITE_008,-5.01895271166798,-12.454372322999,37.9547233581543,0.1552759905987315,0.0380491180482599,0.1537443978348631,0.036732759973182,37.95495107151356,37.95495107151356,37.95495107151356,1,True,True,True,A_core_lia_dem_valid
SITE_008_S0270,SITE_008,-7.30023641720495,-14.0826038464368,37.95858383178711,0.1386711297432581,0.0282595134485099,0.1373743775965255,0.028686155234176,37.95885972065416,37.95885972065416,37.95885972065416,1,True,True,True,A_core_lia_dem_valid
SITE_008_S0271,SITE_008,-8.07405922614708,-15.7444404126417,37.94922256469727,0.1275531809031963,0.0282353100491066,0.126266271903375,0.0284924708493053,37.94901761130757,37.94901761130757,37.94901761130757,1,True,True,True,A_core_lia_dem_valid
SITE_008_S0272,SITE_008,-4.42370339307859,-12.818043097834,37.95925903320312,0.1611413414233231,0.0283905646970702,0.1449761734709866,0.0285731615804503,37.95938604626649,37.95938604626649,37.95938604626649,1,True,True,True,A_core_lia_dem_valid
SITE_008_S0273,SITE_008,-6.10613773770526,-13.1201003052122,37.95591354370117,0.1724988788357966,0.0286762617637714,0.1638948804106189,0.0286100567116319,37.95586522862882,37.95586522862882,37.95586522862882,1,True,True,True,A_core_lia_dem_valid
SITE_008_S0274,SITE_008,-5.58908827317471,-10.1551288392614,37.95500183105469,0.1589924077689647,0.0484148132205212,0.1580272413440692,0.0400389876598305,37.95508929850324,37.95508929850325,37.95508929850324,1,True,True,True,A_core_lia_dem_valid
SITE_008_S0275,SITE_008,-2.70004938150414,-14.7556610513969,37.95268630981445,0.2177175037803138,0.0313438880816102,0.1868750532285616,0.0315446236918242,37.95286379900082,37.95286379900082,37.95286379900082,1,True,True,True,A_core_lia_dem_valid
SITE_008_S0276,SITE_008,-4.74115704590581,-12.2676600095248,37.94658660888672,0.1863626114858521,0.0415794746039642,0.1857281881046515,0.0413596874360501,37.94667437348186,37.94667437348186,37.94667437348186,1,True,True,True,A_core_lia_dem_valid
SITE_008_S0277,SITE_008,-8.80767543584528,-11.8619947820664,37.97127532958984,0.1153287210977739,0.0274919442925602,0.1161952084477669,0.0272958337907667,37.97140837031287,37.97140837031287,37.97140837031287,1,True,True,True,A_core_lia_dem_valid
SITE_008_S0278,SITE_008,-7.31939154195674,-13.030275692184,37.95671463012695,0.1191651577254136,0.0303424440448482,0.1210009205506907,0.0305315143148196,37.95686621884411,37.95686621884411,37.95686621884411,1,True,True,True,A_core_lia_dem_valid
SITE_008_S0279,SITE_008,-8.37797454557343,-17.1716544590193,37.95942687988281,0.1373056158433344,0.0339157894791828,0.1373748973322888,0.034086641552515,37.95980627359187,37.95980627359187,37.95980627359187,1,True,True,True,A_core_lia_dem_valid
SITE_008_S0280,SITE_008,-4.63334136722043,-11.2318379294267,37.94856643676758,0.1684013423035171,0.0363145316764712,0.1696531948630916,0.0365247743668747,37.94841743245341,37.94841743245341,37.94841743245341,1,True,True,True,A_core_lia_dem_valid
SITE_008_S0281,SITE_008,-6.97104815455188,-13.0161219875628,37.95840072631836,0.1566917215306641,0.0327924547178877,0.1521368042713316,0.033200705820161,37.95821628419897,37.95821628419896,37.95821628419897,1,True,True,True,A_core_lia_dem_valid
SITE_008_S0282,SITE_008,-5.80665349211492,-10.2814457012928,37.95652008056641,0.1516219608982404,0.0473712835978508,0.1516218783761616,0.0452552593720792,37.95630706237677,37.95630706237677,37.95630706237677,1,True,True,True,A_core_lia_dem_valid
SITE_008_S0283,SITE_008,-4.84286777483597,-10.3987581473007,37.96246719360352,0.2077504572635203,0.0423750406571725,0.1818573935773433,0.0428665997078545,37.96218334933027,37.96218334933027,37.96218334933027,1,True,True,True,A_core_lia_dem_valid
SITE_008_S0284,SITE_008,-6.88235693765954,-9.56693536884355,37.95377349853516,0.1644832086149189,0.0537884176117207,0.1656365707636247,0.0506049394456653,37.95353004438736,37.95353004438736,37.95353004438736,1,True,True,True,A_core_lia_dem_valid
SITE_008_S0285,SITE_008,-3.04957518090682,-9.81985928795651,37.94958114624024,0.2674338339374796,0.0424080070915321,0.223312671714471,0.0422804952044913,37.94964088978713,37.94964088978713,37.94964088978713,1,True,True,True,A_core_lia_dem_valid
SITE_008_S0286,SITE_008,-5.84763208807754,-11.8909546935373,37.95255661010742,0.1495641774601406,0.0441463688823383,0.1504996120883376,0.04447494529321,37.95287310370581,37.95287310370581,37.95287310370581,1,True,True,True,A_core_lia_dem_valid
SITE_008_S0287,SITE_008,-4.13619723503302,-8.87944162730365,37.97227096557617,0.1659645656459082,0.0554796233233474,0.1588714012575352,0.0487722595078688,37.97221240426612,37.97221240426612,37.97221240426612,1,True,True,True,A_core_lia_dem_valid
SITE_008_S0288,SITE_008,-4.71945438344726,-17.4406285191962,37.95309066772461,0.1143811967223882,0.0289269754849374,0.1155338060074014,0.0290897660390876,37.95283582331668,37.95283582331668,37.95283582331668,1,True,True,True,A_core_lia_dem_valid
SITE_008_S0289,SITE_008,-5.77283131412845,-13.7857340945857,37.95804977416992,0.1149320012910498,0.0253732530027627,0.1156689695163089,0.0256347034954362,37.95829362764134,37.95829362764133,37.95829362764134,1,True,True,True,A_core_lia_dem_valid
SITE_008_S0290,SITE_008,-4.3777028345765,-11.3334891327655,37.96441268920898,0.1698742155002164,0.043341635770305,0.1604246279343441,0.0431707489062831,37.964385204165,37.964385204165,37.964385204165,1,True,True,True,A_core_lia_dem_valid
SITE_008_S0291,SITE_008,-5.57020445822655,-11.7801860770521,37.95663070678711,0.1328570970396201,0.0330294016810754,0.1315776383803214,0.0334578705452566,37.95684932291847,37.95684932291847,37.95684932291847,1,True,True,True,A_core_lia_dem_valid
SITE_008_S0292,SITE_008,-4.46448941538172,-12.2904862130025,37.95872116088867,0.1336789839631981,0.0358852209937241,0.133431686801307,0.0362137283210033,37.9587335827071,37.9587335827071,37.9587335827071,1,True,True,True,A_core_lia_dem_valid
SITE_008_S0293,SITE_008,-6.59733820145388,-10.0538565884051,37.95405197143555,0.1320432986898554,0.0347063729322205,0.1322803360389338,0.0350706925894473,37.95436124212354,37.95436124212354,37.95436124212354,1,True,True,True,A_core_lia_dem_valid
SITE_008_S0294,SITE_008,-3.86257719882234,-12.1692271334845,37.95487976074219,0.2074720401126271,0.0372953226733376,0.1961682594032247,0.0364043037428624,37.95458810530004,37.95458810530004,37.95458810530004,1,True,True,True,A_core_lia_dem_valid
SITE_008_S0295,SITE_008,-7.76330525710482,-11.8836132123265,37.94658279418945,0.1540072533488273,0.0395140369320419,0.1522540959973394,0.0373243513767024,37.94627166613396,37.94627166613396,37.94627166613396,1,True,True,True,A_core_lia_dem_valid
SITE_008_S0296,SITE_008,-7.80512113953009,-10.7974395721576,37.94713973999024,0.12672796651721,0.0319238029213415,0.1272436763180627,0.0319375172998601,37.94714020534462,37.94714020534462,37.94714020534462,1,True,True,True,A_core_lia_dem_valid
SITE_008_S0297,SITE_008,-5.40595891394106,-9.47015009876603,37.94765090942383,0.170146183139748,0.0402072911688851,0.1714280946154476,0.0405801142207174,37.94736141053018,37.94736141053018,37.94736141053018,1,True,True,True,A_core_lia_dem_valid
SITE_008_S0298,SITE_008,-5.27511396322809,-15.4709301379819,37.96103286743164,0.1818632385374876,0.0342550409954469,0.1767895272946211,0.0341361857719165,37.96083282301965,37.96083282301964,37.96083282301965,1,True,True,True,A_core_lia_dem_valid
SITE_008_S0299,SITE_008,-6.58128777881094,-12.0101757768617,37.97734832763672,0.1193956802454259,0.0311944055318883,0.1204613355841533,0.0300611051552505,37.97760819363986,37.97760819363986,37.97760819363986,1,True,True,True,A_core_lia_dem_valid
SITE_008_S0300,SITE_008,-10.4167231125975,-16.3130806652539,37.96171188354492,0.1374536115676164,0.0314934454775518,0.1371336020961587,0.0314184334999328,37.9615721719096,37.9615721719096,37.9615721719096,1,True,True,True,A_core_lia_dem_valid
SITE_008_S0301,SITE_008,-7.72312656047264,-13.067739479345,37.95245361328125,0.1326017369909418,0.0313415081509285,0.1337524895176678,0.0311229993936456,37.95215130875164,37.95215130875164,37.95215130875164,1,True,True,True,A_core_lia_dem_valid
SITE_008_S0302,SITE_008,-7.46530577861629,-11.9172964590616,37.95180511474609,0.1179799056549867,0.024695112725668,0.1179171177827649,0.0250412035450327,37.95183118284594,37.95183118284594,37.95183118284594,1,True,True,True,A_core_lia_dem_valid
SITE_008_S0303,SITE_008,-2.24780918597198,-14.6496642814455,37.95442199707031,0.2930005873438576,0.0269785640078286,0.2368274233346457,0.0269146097272082,37.95438570433026,37.95438570433026,37.95438570433026,1,True,True,True,A_core_lia_dem_valid
SITE_008_S0304,SITE_008,-5.79298314383692,-16.5768271668467,37.96096801757812,0.1326848377121819,0.0249383158371266,0.1324952005401805,0.0249707951972743,37.96112363149869,37.96112363149869,37.96112363149869,1,True,True,True,A_core_lia_dem_valid
SITE_008_S0305,SITE_008,-4.2300210495458,-10.5960950782192,37.95317077636719,0.1748289222021897,0.0431543299588948,0.1757391394969122,0.0431079210645811,37.95330050613962,37.95330050613961,37.95330050613962,1,True,True,True,A_core_lia_dem_valid
SITE_008_S0306,SITE_008,-7.22570888562947,-11.6413210652836,37.96042251586914,0.195430250018835,0.0452782426795197,0.1950887220728915,0.0451879471604838,37.96036815250853,37.96036815250853,37.96036815250853,1,True,True,True,A_core_lia_dem_valid
SITE_008_S0307,SITE_008,-2.28652639781397,-12.6558536101623,37.94912719726562,0.3335265544849938,0.0377346998059915,0.2891277167868148,0.0374867337206263,37.9490518037285,37.9490518037285,37.9490518037285,1,True,True,True,A_core_lia_dem_valid
SITE_008_S0308,SITE_008,-7.83332055761368,-11.4559687639498,37.95951461791992,0.1239802889939811,0.0321571743871188,0.1245475117172355,0.0319986836560484,37.95980231368077,37.95980231368077,37.95980231368077,1,True,True,True,A_core_lia_dem_valid
SITE_008_S0309,SITE_008,-5.06812301259626,-11.2014252937673,37.95676040649414,0.1729578245017263,0.0555067973197141,0.1736221710399345,0.0488060859616131,37.95662651412205,37.95662651412205,37.95662651412205,1,True,True,True,A_core_lia_dem_valid
SITE_008_S0310,SITE_008,-6.11170740252188,-10.9793603496909,37.96742630004883,0.1465018453035089,0.050179195804699,0.1464300320472246,0.0505863292709027,37.9673791586243,37.9673791586243,37.9673791586243,1,True,True,True,A_core_lia_dem_valid
SITE_008_S0311,SITE_008,-7.93484911139246,-11.6115232699077,37.95253753662109,0.1479364413890583,0.0404384681954979,0.1560131590963671,0.0404611590716205,37.95251784859811,37.95251784859811,37.95251784859811,1,True,True,True,A_core_lia_dem_valid
SITE_008_S0312,SITE_008,-7.33947105243803,-14.1923110168031,37.95189666748047,0.0957435761557685,0.024081795418428,0.0984658978398914,0.0245242418709768,37.95188990905434,37.95188990905434,37.95188990905434,1,True,True,True,A_core_lia_dem_valid
SITE_008_S0313,SITE_008,-6.65887563112641,-13.800480613416,37.95125961303711,0.1267967792020903,0.0351986213131911,0.1279321445469503,0.0353376173717832,37.95155831670505,37.95155831670505,37.95155831670505,1,True,True,True,A_core_lia_dem_valid
SITE_008_S0314,SITE_008,-9.08670985950752,-14.4215595232292,37.95804977416992,0.1389249030624826,0.03516704126367,0.1395036604232442,0.0353340624246344,37.95795744454575,37.95795744454575,37.95795744454575,1,True,True,True,A_core_lia_dem_valid
SITE_008_S0315,SITE_008,-1.92723209695879,-13.5104432209562,37.9576530456543,0.3744995941928891,0.0369374877248324,0.3109855888016692,0.037205521819979,37.95761564694456,37.95761564694456,37.95761564694456,1,True,True,True,A_core_lia_dem_valid
SITE_008_S0316,SITE_008,-7.05863393368906,-12.1555999948226,37.95772171020508,0.1391969154112868,0.0481941634582563,0.139885009177673,0.0472289987077283,37.95780385551826,37.95780385551826,37.95780385551826,1,True,True,True,A_core_lia_dem_valid
SITE_008_S0317,SITE_008,-6.3941700756906,-14.408514080746,37.95845413208008,0.1389969838824537,0.0480824098487695,0.1408866028448342,0.0477742706813934,37.95833324236409,37.95833324236409,37.95833324236409,1,True,True,True,A_core_lia_dem_valid
SITE_008_S0318,SITE_008,-4.82556765896089,-9.84820766171249,37.95719146728516,0.1351087669046956,0.060704871288009,0.1402702569907977,0.0524731843334561,37.957427260554,37.95742726055401,37.957427260554,1,True,True,True,A_core_lia_dem_valid
SITE_008_S0319,SITE_008,-7.75310619096925,-13.4237002871868,37.95223617553711,0.1249332191960679,0.0351976848321242,0.1275787973744265,0.0353278108760944,37.95250276776006,37.95250276776006,37.95250276776006,1,True,True,True,A_core_lia_dem_valid
SITE_008_S0320,SITE_008,-8.16642354896341,-14.4003842659415,37.95333480834961,0.1115127118262979,0.0334015230349969,0.1127054573623118,0.0339977984695558,37.95349300254311,37.9534930025431,37.95349300254311,1,True,True,True,A_core_lia_dem_valid
SITE_008_S0321,SITE_008,-7.71613134827686,-11.3276054736749,37.95082855224609,0.1463974144309759,0.0434894694164577,0.1477935587302034,0.0414145346346717,37.95054918759829,37.95054918759829,37.95054918759829,1,True,True,True,A_core_lia_dem_valid
SITE_008_S0322,SITE_008,-4.76685838102564,-13.4422657103556,37.94523239135742,0.1423268899652693,0.0310234461918266,0.1402261450932717,0.0311381156610205,37.94525887763086,37.94525887763086,37.94525887763086,1,True,True,True,A_core_lia_dem_valid
SITE_008_S0323,SITE_008,-9.61117465763626,-15.2718074924056,37.93462753295898,0.1371772603111134,0.0264843182534807,0.1382139000524612,0.0268426256510716,37.93446617499865,37.93446617499865,37.93446617499865,1,True,True,True,A_core_lia_dem_valid
SITE_008_S0324,SITE_008,-5.03987825758787,-15.5599528476642,37.93547058105469,0.1882004956304382,0.0318627289900625,0.1982434782206742,0.0331829419565918,37.9354884917594,37.9354884917594,37.9354884917594,1,True,True,True,A_core_lia_dem_valid
SITE_008_S0325,SITE_008,-8.90917018416573,-12.6979800602261,37.93359375,0.1376980430172973,0.0303695031110611,0.156419532114125,0.0307446006439442,37.93372343525285,37.93372343525285,37.93372343525285,1,True,True,True,A_core_lia_dem_valid
SITE_008_S0326,SITE_008,-7.1579955498629,-13.6378394821296,37.94297409057617,0.1538303273198952,0.0277952421570403,0.1523776577778204,0.0279226248466444,37.94323263933444,37.94323263933443,37.94323263933444,1,True,True,True,A_core_lia_dem_valid
SITE_008_S0327,SITE_008,-7.58719246584267,-13.2627082859693,37.94061660766602,0.1524219807071818,0.0353921379045479,0.1515370128920049,0.0355645612303029,37.94059714283605,37.94059714283605,37.94059714283605,1,True,True,True,A_core_lia_dem_valid
SITE_008_S0328,SITE_008,-5.09746089108168,-16.4780322758267,37.94060516357422,0.1246643507811758,0.0293558197489215,0.1248880809324758,0.0296100966275934,37.94044438718655,37.94044438718655,37.94044438718655,1,True,True,True,A_core_lia_dem_valid
SITE_008_S0329,SITE_008,-5.36335317292082,-11.7624162755245,37.9381217956543,0.1573228707388622,0.0300976558360788,0.1486392525387024,0.0304204386503746,37.93777369040253,37.93777369040253,37.93777369040253,1,True,True,True,A_core_lia_dem_valid
SITE_008_S0330,SITE_008,-5.4968176806093,-11.0297798495546,37.9501953125,0.1689422150287363,0.039874220871263,0.1701290038595965,0.0399552706111636,37.95004398655117,37.95004398655117,37.95004398655117,1,True,True,True,A_core_lia_dem_valid
SITE_008_S0331,SITE_008,-3.50431524416082,-10.5819516978545,37.95438385009766,0.2037313698800464,0.0461993583314771,0.1922570637013377,0.0445660875808621,37.95413554174119,37.95413554174119,37.95413554174119,1,True,True,True,A_core_lia_dem_valid
SITE_008_S0332,SITE_008,-4.07661598332744,-15.2898683264609,37.95734786987305,0.1587296264535851,0.0291586865454004,0.1594761602751668,0.0289894174357043,37.95758442562838,37.95758442562838,37.95758442562838,1,True,True,True,A_core_lia_dem_valid
SITE_008_S0333,SITE_008,-5.82774019184236,-16.3198577226631,37.96040344238281,0.1313899484276771,0.0262310662244757,0.1322579900570857,0.0261810799488038,37.96011234505288,37.96011234505288,37.96011234505288,1,True,True,True,A_core_lia_dem_valid
SITE_008_S0334,SITE_008,-6.62755285804051,-13.0930944095464,37.96027755737305,0.1287420835925473,0.0289445739218758,0.1296731749784063,0.0290578425273782,37.96043777345406,37.96043777345406,37.96043777345406,1,True,True,True,A_core_lia_dem_valid
SITE_008_S0335,SITE_008,-4.62595655059106,-11.6210961768555,37.95944595336914,0.1444056803112228,0.0425787543958139,0.1446847491357245,0.0391914760530322,37.95933767539477,37.95933767539477,37.95933767539477,1,True,True,True,A_core_lia_dem_valid
SITE_008_S0336,SITE_008,-5.35027091316134,-11.5477129987857,37.96028518676758,0.1823261812970329,0.0453655998283375,0.1783824757321493,0.047612980808156,37.96056178960041,37.96056178960041,37.96056178960041,1,True,True,True,A_core_lia_dem_valid
SITE_008_S0337,SITE_008,-8.01229492922687,-10.4690303472582,37.93783187866211,0.1546818358368343,0.0481953184695171,0.1541146733437055,0.0447260092392403,37.93811465921748,37.93811465921748,37.93811465921748,1,True,True,True,A_core_lia_dem_valid
SITE_008_S0338,SITE_008,-6.29337525992974,-14.2351532608591,37.94963455200195,0.1675938397989514,0.0326441377934275,0.1627131556178703,0.0325215960959156,37.94976420358918,37.94976420358918,37.94976420358918,1,True,True,True,A_core_lia_dem_valid
SITE_009_S0001,SITE_009,-13.4251878016811,-19.0384988038378,42.30232238769531,0.0963586445401112,0.0202146686150202,0.0959340580801169,0.0211127857230678,42.30242320589747,42.30242320589748,42.30242320589747,1,True,True,True,A_core_lia_dem_valid
SITE_009_S0002,SITE_009,-18.1311034256615,-16.8914632040407,34.0293083190918,0.121441709026813,0.026319611529595,0.1314773513302022,0.0266136979629247,34.02951438944557,34.02951438944557,34.02951438944557,1,True,True,True,A_core_lia_dem_valid
SITE_009_S0003,SITE_009,-14.5805367585059,-24.7677783479544,42.30298614501953,0.1155788537134907,0.0178382523497502,0.1166128497477993,0.0189519119253242,42.30279984043694,42.30279984043694,42.30279984043694,1,True,True,True,A_core_lia_dem_valid
SITE_009_S0004,SITE_009,-15.1910768026215,-19.4897766465526,42.29833984375,0.1009057080248991,0.0189988071317919,0.1010691805101632,0.0199858827200441,42.29810895070288,42.29810895070288,42.29810895070288,1,True,True,True,A_core_lia_dem_valid
SITE_009_S0005,SITE_009,-17.5116555158577,-21.2809612301283,34.03186798095703,0.1214005713391399,0.0152394174065742,0.1276412721403277,0.0167192278152033,34.03163392168921,34.03163392168921,34.03163392168921,1,True,True,True,A_core_lia_dem_valid
SITE_009_S0006,SITE_009,-13.2248706082578,-21.5291906764889,42.30597305297852,0.0969758125780456,0.0126662235024361,0.0983253437677919,0.0127963797214238,42.3060515080244,42.3060515080244,42.3060515080244,1,True,True,True,A_core_lia_dem_valid
SITE_009_S0007,SITE_009,-14.2513232559025,-24.3629793068633,34.03152465820312,0.1587569908052682,0.0226091600873495,0.156587663974475,0.0238924062932502,34.0317038795076,34.0317038795076,34.0317038795076,1,True,True,True,A_core_lia_dem_valid
SITE_009_S0008,SITE_009,-14.3705874828338,-21.8353728367349,42.30594635009766,0.1017503455777963,0.0151269961665926,0.1020613405899501,0.0160011226617831,42.30611809079723,42.30611809079723,42.30611809079723,1,True,True,True,A_core_lia_dem_valid
SITE_009_S0009,SITE_009,-11.9419890456932,-17.3042186575042,34.02987289428711,0.1669206362686979,0.0300342903752696,0.1646031292059803,0.0298816991303356,34.03020993238726,34.03020993238726,34.03020993238726,1,True,True,True,A_core_lia_dem_valid
SITE_009_S0010,SITE_009,-15.6685256218449,-23.122943945821,42.3046875,0.117532851934019,0.0209479568174315,0.1170006221962839,0.0207184381954834,42.30443593936764,42.30443593936764,42.30443593936764,1,True,True,True,A_core_lia_dem_valid
SITE_009_S0011,SITE_009,-13.5262859004804,-22.3148811579544,34.025146484375,0.1636033846322747,0.0315081407657514,0.1659444319941579,0.0307980614383022,34.0253665387331,34.0253665387331,34.0253665387331,1,True,True,True,A_core_lia_dem_valid
SITE_009_S0012,SITE_009,-13.1194844173569,-19.9779720889549,42.39181518554688,0.0776957323816087,0.0161591089289221,0.0782818755516667,0.0161476856738007,42.39185878105883,42.39185878105883,42.39185878105883,1,True,True,True,A_core_lia_dem_valid
SITE_009_S0013,SITE_009,-15.5000178374851,-21.5455568649347,34.02613830566406,0.1322875045432059,0.019109750882105,0.1426922681887238,0.0197117028436125,34.02620141478376,34.02620141478376,34.02620141478376,1,True,True,True,A_core_lia_dem_valid
SITE_009_S0014,SITE_009,-13.6944831930675,-18.5145135086413,42.2961311340332,0.1068495570100846,0.020499215706562,0.1070740548362985,0.0202832202338755,42.2963687659589,42.2963687659589,42.2963687659589,1,True,True,True,A_core_lia_dem_valid
SITE_009_S0015,SITE_009,-15.1039849413389,-23.4692693403059,34.02317428588867,0.0848777378478096,0.0128489818558253,0.0979271994262349,0.0147027765235905,34.02343200178177,34.02343200178177,34.02343200178177,1,True,True,True,A_core_lia_dem_valid
SITE_009_S0016,SITE_009,-11.1085317831031,-20.4679684219742,42.28540802001953,0.0838352071604158,0.0139606619207188,0.0828139370824134,0.0138756964921974,42.28543212410033,42.28543212410033,42.28543212410033,1,True,True,True,A_core_lia_dem_valid
SITE_009_S0017,SITE_009,-12.3104641146867,-21.2183719478848,42.286865234375,0.0720989474455956,0.0114801318793454,0.0755563609927432,0.0115910083733292,42.28680296921266,42.28680296921266,42.28680296921266,1,True,True,True,A_core_lia_dem_valid
SITE_009_S0018,SITE_009,-14.7579530808319,-19.4170054823333,34.0225944519043,0.0670444091575013,0.0080037752764375,0.0667337497424932,0.0078200187655297,34.02267085411916,34.02267085411916,34.02267085411916,1,True,True,True,A_core_lia_dem_valid
SITE_009_S0019,SITE_009,-14.7870727805423,-19.1954654039333,42.28871154785156,0.1171030262733499,0.0160881817578855,0.1150842001740588,0.0159547340055858,42.28879910698092,42.28879910698092,42.28879910698092,1,True,True,True,A_core_lia_dem_valid
SITE_009_S0020,SITE_009,-15.5248723705172,-17.719853879892,34.02268218994141,0.1331476219928709,0.0175390952049444,0.1434080157452438,0.01745275969939,34.02295596495657,34.02295596495657,34.02295596495657,1,True,True,True,A_core_lia_dem_valid
SITE_009_S0021,SITE_009,-13.0193649047632,-19.7040736721411,42.28930282592773,0.1168941645241446,0.0167143856775429,0.1152152574200858,0.0166990575649672,42.28919611070464,42.28919611070464,42.28919611070464,1,True,True,True,A_core_lia_dem_valid
SITE_009_S0022,SITE_009,-10.8799647575906,-19.70326406655,34.02204895019531,0.1106279387325048,0.0129426835860229,0.1114183062778647,0.0130145085298556,34.02224907249973,34.02224907249972,34.02224907249973,1,True,True,True,A_core_lia_dem_valid
SITE_009_S0023,SITE_009,-10.4713293564988,-23.7782939366407,42.28321075439453,0.0819813564171393,0.0162204767484217,0.0822484677441326,0.0162123705798553,42.28335363105268,42.28335363105269,42.28335363105268,1,True,True,True,A_core_lia_dem_valid
SITE_009_S0024,SITE_009,-14.7655877081582,-17.2290970211023,34.01422119140625,0.0805174516064808,0.0143367020529694,0.081398655108183,0.0141871581784518,34.01395029747003,34.01395029747002,34.01395029747003,1,True,True,True,A_core_lia_dem_valid
SITE_009_S0025,SITE_009,-12.2739244457911,-19.0323370377886,42.28255844116211,0.1071540767451127,0.0230063170008361,0.1057577307651072,0.0228777754782802,42.2828413048815,42.2828413048815,42.2828413048815,1,True,True,True,A_core_lia_dem_valid
SITE_009_S0026,SITE_009,-15.3227340254673,-15.9161746240509,34.0118522644043,0.1403060756536005,0.029114976061715,0.1416026512843363,0.0289636852244996,34.01198683283805,34.01198683283805,34.01198683283805,1,True,True,True,A_core_lia_dem_valid
SITE_009_S0027,SITE_009,-12.6314133933867,-15.9102611387074,42.2891731262207,0.1189841669632328,0.0241943399399502,0.1175684702102048,0.0233954128603382,42.28908186276954,42.28908186276954,42.28908186276954,1,True,True,True,A_core_lia_dem_valid
SITE_009_S0028,SITE_009,-11.8541188449128,-17.3449867054357,34.01128387451172,0.1047193628301223,0.0262681386837114,0.1046031701389697,0.0261057415288728,34.01159340291417,34.01159340291417,34.01159340291417,1,True,True,True,A_core_lia_dem_valid
SITE_009_S0029,SITE_009,-11.8951346653243,-19.5152591226701,42.29426574707031,0.0811491579396857,0.0166439269886662,0.0810843743903585,0.0166888813027123,42.29446182730813,42.29446182730814,42.29446182730813,1,True,True,True,A_core_lia_dem_valid
SITE_009_S0030,SITE_009,-10.8195715334457,-19.0706053957943,34.00991058349609,0.0972962992950665,0.0219256026856601,0.1016052315684502,0.022186588000874,34.01001492477778,34.01001492477778,34.01001492477778,1,True,True,True,A_core_lia_dem_valid
SITE_009_S0031,SITE_009,-12.1978054926168,-21.1043229814618,42.29717254638672,0.0568435392901301,0.0161925784513975,0.0572379167966636,0.0158269969740359,42.29744122105745,42.29744122105745,42.29744122105745,1,True,True,True,A_core_lia_dem_valid
SITE_009_S0032,SITE_009,-12.1106079340224,-16.9604168944361,34.02212524414062,0.0853880875474876,0.0208489890427639,0.0860198927367175,0.0208449848328521,34.02233365188439,34.02233365188439,34.02233365188439,1,True,True,True,A_core_lia_dem_valid
SITE_009_S0033,SITE_009,-12.5970403318439,-21.8625509754444,42.29974746704102,0.0795645569678809,0.015503637794462,0.079343377366478,0.0157712554849855,42.29969630641882,42.29969630641882,42.29969630641882,1,True,True,True,A_core_lia_dem_valid
SITE_009_S0034,SITE_009,-13.2128505321879,-23.1080811489858,34.02753067016602,0.1183168468872706,0.0161714172951072,0.117314851966537,0.0172739767105229,34.02754488051311,34.02754488051312,34.02754488051311,1,True,True,True,A_core_lia_dem_valid
SITE_009_S0035,SITE_009,-10.2582360060099,-16.9754010802763,42.30321884155273,0.0868660987002982,0.0221283723910649,0.0861584462565772,0.0218680799395447,42.30328398817169,42.30328398817169,42.30328398817169,1,True,True,True,A_core_lia_dem_valid
SITE_009_S0036,SITE_009,-14.5771819463453,-17.8510110616705,34.03118133544922,0.09780928624173,0.025243503353041,0.0983169063916544,0.0249669060415737,34.0309472811628,34.0309472811628,34.0309472811628,1,True,True,True,A_core_lia_dem_valid
SITE_009_S0037,SITE_009,-14.3381602164015,-20.7286204516136,42.29878616333008,0.0822973304490248,0.0179657867850942,0.0824504882363993,0.0179314789292115,42.29861517159899,42.29861517159899,42.29861517159899,1,True,True,True,A_core_lia_dem_valid
SITE_009_S0038,SITE_009,-14.9872061765429,-18.6648993493332,34.03288269042969,0.0722799622350268,0.0141656368432793,0.0719461239681199,0.0138012559223914,34.03271446144134,34.03271446144136,34.03271446144134,1,True,True,True,A_core_lia_dem_valid
SITE_009_S0039,SITE_009,-10.7058883557744,-20.8453211386438,42.31125259399414,0.102156718224287,0.0238149332938094,0.1014641110593277,0.0236979188977016,42.3110760377899,42.3110760377899,42.3110760377899,1,True,True,True,A_core_lia_dem_valid
SITE_009_S0040,SITE_009,-12.2027628653494,-20.8491644394075,34.03230667114258,0.1262934711389196,0.0306033346408771,0.1283396674050215,0.0302032766214641,34.03227521666331,34.0322752166633,34.03227521666331,1,True,True,True,A_core_lia_dem_valid
SITE_009_S0041,SITE_009,-14.0086782054603,-21.4112524015265,42.3026123046875,0.139510300623046,0.0267960819291571,0.1388628060936674,0.0266925213152519,42.30259470688986,42.30259470688986,42.30259470688986,1,True,True,True,A_core_lia_dem_valid
SITE_009_S0042,SITE_009,-14.1426839512279,-25.5309192354634,34.03153610229492,0.155826962168018,0.0162415261404665,0.1556517864073868,0.0168033856253426,34.03156823507286,34.03156823507286,34.03156823507286,1,True,True,True,A_core_lia_dem_valid
SITE_009_S0043,SITE_009,-11.528635606086,-20.1432114908612,42.3050537109375,0.1158261426153578,0.0252093740987281,0.1194249070311294,0.0249965821176675,42.30488702091823,42.30488702091823,42.30488702091823,1,True,True,True,A_core_lia_dem_valid
SITE_009_S0044,SITE_009,-13.37735054223,-19.8731833836499,34.03228378295898,0.1442124163359403,0.0197891040839668,0.1442263683814693,0.0196203981367459,34.03246631328137,34.03246631328137,34.03246631328137,1,True,True,True,A_core_lia_dem_valid
SITE_009_S0045,SITE_009,-11.0375897354071,-20.9666298310442,42.29602432250977,0.1193359239813354,0.0172143561180887,0.1164207112849229,0.0169786895067406,42.29603749298734,42.29603749298733,42.29603749298734,1,True,True,True,A_core_lia_dem_valid
SITE_009_S0046,SITE_009,-13.0951894901504,-18.0174144124772,34.02949523925781,0.128624586140116,0.0160490799933258,0.1290146709558866,0.0161902027784122,34.02974668079618,34.02974668079619,34.02974668079618,1,True,True,True,A_core_lia_dem_valid
SITE_009_S0047,SITE_009,-10.5409637031899,-21.7604310937469,42.29369354248047,0.1352268988225195,0.0216460738413863,0.1332487598217993,0.0213858299153785,42.29364998393255,42.29364998393255,42.29364998393255,1,True,True,True,A_core_lia_dem_valid
SITE_009_S0048,SITE_009,-14.8101972815772,-24.9893385831401,34.02235412597656,0.1590870747963587,0.0234153563943174,0.156295609929395,0.0236534683863965,34.02228794984483,34.02228794984483,34.02228794984483,1,True,True,True,A_core_lia_dem_valid
SITE_009_S0049,SITE_009,-15.3836095771969,-20.2702484475855,42.29848480224609,0.147869463654028,0.0248965097622325,0.1463120286245916,0.0249890053461961,42.29849770992131,42.29849770992131,42.29849770992131,1,True,True,True,A_core_lia_dem_valid
SITE_009_S0050,SITE_009,-11.4310524262471,-22.6365062200423,34.01220321655273,0.1553440161794424,0.0253804030424604,0.1547591768159174,0.0254031905249037,34.01235901037402,34.01235901037402,34.01235901037402,1,True,True,True,A_core_lia_dem_valid
SITE_009_S0051,SITE_009,-12.340741349452,-18.9271541070151,34.00977325439453,0.1593895368931313,0.0236222049066176,0.1594071343003935,0.0236739027653073,34.00949637895868,34.00949637895868,34.00949637895868,1,True,True,True,A_core_lia_dem_valid
SITE_009_S0052,SITE_009,-11.3984217393197,-21.6179883966971,42.29616546630859,0.12720361272494,0.0251559639090879,0.1267409485523347,0.0250381153273659,42.2961475045409,42.2961475045409,42.2961475045409,1,True,True,True,A_core_lia_dem_valid
SITE_009_S0053,SITE_009,-13.2213259024927,-21.5130114259319,42.29204177856445,0.0449256108287308,0.0061509322803322,0.0450313433719637,0.0059750232154687,42.29204526567055,42.29204526567055,42.29204526567055,1,True,True,True,A_core_lia_dem_valid
SITE_009_S0054,SITE_009,-14.0140093360129,-28.6908144593584,34.02375793457031,0.0848663072270271,0.0083614803050084,0.090594424442711,0.0097682850341213,34.02397852777045,34.02397852777045,34.02397852777045,1,True,True,True,A_core_lia_dem_valid
SITE_009_S0055,SITE_009,-11.9362640937651,-18.7497119724666,42.29514312744141,0.1101847661369376,0.0224744782441606,0.111436474326952,0.0224504045733929,42.29519307587141,42.29519307587141,42.29519307587141,1,True,True,True,A_core_lia_dem_valid
SITE_009_S0056,SITE_009,-15.9601927986669,-22.2233751730989,34.02266693115234,0.0793171559333344,0.0213580561574134,0.0917832056915156,0.0215136848245229,34.02265792156584,34.02265792156584,34.02265792156584,1,True,True,True,A_core_lia_dem_valid
SITE_009_S0057,SITE_009,-14.453210734836,-19.7293317247117,42.29923248291016,0.1040377866062853,0.0198879146803584,0.1033643239690565,0.0196188359905356,42.2992672425183,42.2992672425183,42.2992672425183,1,True,True,True,A_core_lia_dem_valid
SITE_009_S0058,SITE_009,-14.5989612196839,-22.1806900365453,34.02998352050781,0.1129923515130746,0.0132137414853706,0.1174775421936885,0.0141337136991176,34.02976791073966,34.02976791073966,34.02976791073966,1,True,True,True,A_core_lia_dem_valid
SITE_009_S0059,SITE_009,-14.8340940668856,-22.1579336089906,42.30274963378906,0.062861082582838,0.0065358831896159,0.0634260911223145,0.0065360232707725,42.30260656162894,42.30260656162894,42.30260656162894,1,True,True,True,A_core_lia_dem_valid
SITE_009_S0060,SITE_009,-15.067491773044,-19.4877753786002,34.03104019165039,0.0751806991193923,0.0132703775580691,0.0849801472702659,0.0130389577611461,34.03128573560339,34.03128573560339,34.03128573560339,1,True,True,True,A_core_lia_dem_valid
SITE_009_S0061,SITE_009,-14.5079442037936,-19.9363317393248,42.29845428466797,0.0589181117589275,0.0071362928474025,0.0583874695499738,0.007006730618131,42.29849214460365,42.29849214460366,42.29849214460365,1,True,True,True,A_core_lia_dem_valid
SITE_009_S0062,SITE_009,-17.4642094898138,-18.9671970124697,34.02810287475586,0.0667869844660162,0.0077813890379707,0.0659988544947945,0.0082475644189411,34.02822701913696,34.02822701913696,34.02822701913696,1,True,True,True,A_core_lia_dem_valid
SITE_009_S0063,SITE_009,-19.089301178804,-20.1651123558836,42.30088806152344,0.039109192772044,0.0051195455454419,0.0394657896316529,0.0051633943512785,42.30062581825075,42.30062581825075,42.30062581825075,1,True,True,True,A_core_lia_dem_valid
SITE_009_S0064,SITE_009,-14.0331786222164,-22.4981777852398,34.02008056640625,0.0528602219083243,0.0070890342433578,0.0526848860623107,0.0088914631426697,34.01983053055868,34.01983053055868,34.01983053055868,1,True,True,True,A_core_lia_dem_valid
SITE_009_S0065,SITE_009,-15.368159101768,-20.1996932953902,42.29996109008789,0.0349822560283872,0.0075276865976769,0.0352905393414843,0.0065827668957857,42.30014927981783,42.30014927981783,42.30014927981783,1,True,True,True,A_core_lia_dem_valid
SITE_009_S0066,SITE_009,-11.7264668069984,-21.9563324355386,34.02313232421875,0.055208008452836,0.0075755456086092,0.0549821079198133,0.0076721515061869,34.02282654611688,34.02282654611688,34.02282654611688,1,True,True,True,A_core_lia_dem_valid
SITE_009_S0067,SITE_009,-14.280295900182,-19.4368134162829,42.29963302612305,0.0544215781158871,0.0078615983922241,0.0545605066942947,0.0077158923494848,42.29976104673693,42.29976104673693,42.29976104673693,1,True,True,True,A_core_lia_dem_valid
SITE_009_S0068,SITE_009,-14.5624551831175,-22.700210516335,34.01776885986328,0.1529307851364637,0.0224884614967816,0.1594026360815547,0.0243462620342778,34.01745807832327,34.01745807832327,34.01745807832327,1,True,True,True,A_core_lia_dem_valid
SITE_009_S0069,SITE_009,-14.3902489095718,-24.1181922379993,34.04844284057617,0.0613015039803253,0.007197484687929,0.0606084114878817,0.0074913285848984,34.04851057976766,34.04851057976766,34.04851057976766,1,True,True,True,A_core_lia_dem_valid
SITE_009_S0070,SITE_009,-15.2584552834515,-18.2793175094625,42.29439544677734,0.04873751996292,0.0070525515343373,0.0486684141836968,0.0070097623197476,42.2943057815547,42.2943057815547,42.2943057815547,1,True,True,True,A_core_lia_dem_valid
SITE_009_S0071,SITE_009,-13.7211308639338,-22.1904011921374,34.01565933227539,0.0504227940862377,0.0062268111190607,0.0505540493215631,0.0064869238975762,34.01567247805075,34.01567247805075,34.01567247805075,1,True,True,True,A_core_lia_dem_valid
SITE_009_S0072,SITE_009,-14.1042834010371,-21.5040860372633,34.04538345336914,0.0465867018244332,0.006738808265295,0.0467610846763407,0.0065872663093562,34.04552018522012,34.04552018522012,34.04552018522012,1,True,True,True,A_core_lia_dem_valid
SITE_009_S0073,SITE_009,-16.3743859835146,-20.3094634191529,42.28491973876953,0.049283806975517,0.0080614073910118,0.04879767836336,0.0078728941571063,42.28499003990969,42.28499003990969,42.28499003990969,1,True,True,True,A_core_lia_dem_valid
SITE_009_S0074,SITE_009,-14.6042100487469,-23.5626116694701,34.0151252746582,0.0491022798315518,0.0049608780751415,0.0487888038802294,0.0052338544303097,34.01479657250676,34.01479657250676,34.01479657250676,1,True,True,True,A_core_lia_dem_valid
SITE_009_S0075,SITE_009,-12.5221982614994,-22.826563963538,34.02807235717773,0.1521845604810449,0.0233030651685678,0.1506842709557771,0.0234021699794188,34.02801064142572,34.02801064142572,34.02801064142572,1,True,True,True,A_core_lia_dem_valid
SITE_009_S0076,SITE_009,-17.1807037641771,-20.8050156836617,42.28114700317383,0.0797280941531062,0.0116711031081568,0.0799037300018925,0.0117307782933736,42.28097011656273,42.28097011656273,42.28097011656273,1,True,True,True,A_core_lia_dem_valid
SITE_009_S0077,SITE_009,-14.6619172729231,-25.2678586676846,34.02530670166016,0.0951318641917573,0.0125409644056129,0.0956894251273845,0.0130669196281526,34.02530385117006,34.02530385117006,34.02530385117006,1,True,True,True,A_core_lia_dem_valid
SITE_009_S0078,SITE_009,-11.9648394795456,-19.6871920123064,34.03165435791016,0.1288774767518043,0.0255902252284189,0.1290953759977847,0.0258256732086064,34.03135995629913,34.03135995629913,34.03135995629913,1,True,True,True,A_core_lia_dem_valid
SITE_009_S0079,SITE_009,-15.1717715683238,-20.9279657656551,42.28364562988281,0.0950699892226192,0.0170453985200987,0.0954096148834552,0.0171258717676463,42.28353071964877,42.28353071964877,42.28353071964877,1,True,True,True,A_core_lia_dem_valid
SITE_009_S0080,SITE_009,-9.2173625721552,-20.4676066967933,34.01826858520508,0.1049694248992535,0.0148900173308316,0.1054849495476594,0.015145766534505,34.01845285824239,34.01845285824238,34.01845285824239,1,True,True,True,A_core_lia_dem_valid
SITE_009_S0081,SITE_009,-13.6193067567261,-19.583293158796,34.03474807739258,0.0675307634969552,0.0165588741987529,0.0672848397263406,0.01654504725997,34.03510113440859,34.03510113440859,34.03510113440859,1,True,True,True,A_core_lia_dem_valid
SITE_009_S0082,SITE_009,-18.4670358988922,-20.2977164984081,42.28739547729492,0.0520005678426888,0.0112803494857831,0.0519783825312315,0.0114614706478415,42.28714280680005,42.28714280680004,42.28714280680005,1,True,True,True,A_core_lia_dem_valid
SITE_009_S0083,SITE_009,-14.1006737787234,-24.1102144776299,34.01691436767578,0.0684076626723011,0.0136331040137368,0.0682958842901352,0.0143445114813385,34.01703324286414,34.01703324286414,34.01703324286414,1,True,True,True,A_core_lia_dem_valid
SITE_009_S0084,SITE_009,-11.6102268160429,-20.5096749195854,34.03912353515625,0.0577940905259715,0.0175130612630811,0.0582013255090993,0.0174718513225929,34.0388969382903,34.0388969382903,34.0388969382903,1,True,True,True,A_core_lia_dem_valid
SITE_009_S0085,SITE_009,-15.8205246586469,-22.3646829218494,42.28665161132812,0.0642652448308136,0.0153178579567207,0.0647810263550024,0.0149330984217467,42.28643770508888,42.28643770508888,42.28643770508888,1,True,True,True,A_core_lia_dem_valid
SITE_009_S0086,SITE_009,-11.6346585407828,-19.3178829249198,34.02400970458984,0.0718223558035161,0.0179540617691559,0.0726424509010933,0.0178463075332987,34.0237390835679,34.02373908356791,34.0237390835679,1,True,True,True,A_core_lia_dem_valid
SITE_009_S0087,SITE_009,-13.5844840002576,-21.8061227480269,34.02981948852539,0.0568114272049731,0.0140418564993888,0.0569440755794053,0.013990266992607,34.02991216816594,34.02991216816594,34.02991216816594,1,True,True,True,A_core_lia_dem_valid
SITE_009_S0088,SITE_009,-13.8292365200984,-20.2499565024204,42.28370666503906,0.0468798802254928,0.0133665544162073,0.0467176422359914,0.012972202515928,42.28357998213684,42.28357998213684,42.28357998213684,1,True,True,True,A_core_lia_dem_valid
SITE_009_S0089,SITE_009,-12.7459212417726,-22.881672779237,34.01459121704102,0.0848385479466782,0.0170667531532229,0.0842250215455337,0.017951776139868,34.01444657763596,34.01444657763596,34.01444657763596,1,True,True,True,A_core_lia_dem_valid
SITE_009_S0090,SITE_009,-12.8474038538235,-17.8617008154116,34.02712631225586,0.0933849820991357,0.026247722470305,0.0936357815526885,0.0261282467137286,34.02715142879119,34.02715142879119,34.02715142879119,1,True,True,True,A_core_lia_dem_valid
SITE_009_S0091,SITE_009,-12.2761112381544,-22.9476980335508,42.28747177124024,0.0699273922708299,0.0184403791611092,0.0701786985275922,0.0195053772657631,42.2875748329872,42.2875748329872,42.2875748329872,1,True,True,True,A_core_lia_dem_valid
SITE_009_S0092,SITE_009,-13.4651219424923,-27.0198669762206,34.01659393310547,0.0651244795487986,0.0131181593461647,0.0652382231991232,0.0133384969003885,34.01674468566818,34.01674468566818,34.01674468566818,1,True,True,True,A_core_lia_dem_valid
SITE_009_S0093,SITE_009,-15.7130093024454,-17.0449600216089,34.02984237670898,0.0671272005430526,0.0217225001804116,0.0676810700052584,0.0216664795077371,34.02956182437287,34.02956182437287,34.02956182437287,1,True,True,True,A_core_lia_dem_valid
SITE_009_S0094,SITE_009,-11.9188811915781,-19.4435746035861,42.29181289672852,0.0694396879937913,0.0205927347329755,0.0696939637038258,0.0207197430594191,42.29165114154966,42.29165114154966,42.29165114154966,1,True,True,True,A_core_lia_dem_valid
SITE_009_S0095,SITE_009,-16.2048081151129,-20.4607158005401,34.03053283691406,0.0571702143156694,0.0122110524383245,0.05706841857414,0.0128495283353074,34.0305021456665,34.0305021456665,34.0305021456665,1,True,True,True,A_core_lia_dem_valid
SITE_009_S0096,SITE_009,-12.3457844464885,-18.6584156140662,42.29904556274414,0.0540704431405497,0.0122266730857599,0.0536575310765061,0.012230387223298,42.2990045949601,42.2990045949601,42.2990045949601,1,True,True,True,A_core_lia_dem_valid
SITE_009_S0097,SITE_009,-13.990049126255,-21.7787064601276,34.01963043212891,0.0568964338344004,0.0118871237745163,0.0567386584848533,0.0119492522247953,34.01947188602162,34.01947188602162,34.01947188602162,1,True,True,True,A_core_lia_dem_valid
SITE_009_S0098,SITE_009,-14.6135368141261,-22.1114834517455,34.03495788574219,0.0588591084173984,0.012518270209836,0.0591329940716609,0.0127760163233762,34.03470436791954,34.03470436791954,34.03470436791954,1,True,True,True,A_core_lia_dem_valid
SITE_009_S0099,SITE_009,-15.1317471932804,-23.249805065344,42.3032455444336,0.0525778398083316,0.0105564856238585,0.0520074389272449,0.0106279033959869,42.30323093822168,42.30323093822167,42.30323093822168,1,True,True,True,A_core_lia_dem_valid
SITE_009_S0100,SITE_009,-12.3690646161812,-18.437570086089,34.02844619750977,0.0987336808029148,0.0237010809334201,0.0984490135946759,0.0235123931618844,34.02847128592624,34.02847128592624,34.02847128592624,1,True,True,True,A_core_lia_dem_valid
SITE_009_S0101,SITE_009,-14.0932343200199,-20.9379359922621,34.02490234375,0.1431235051605596,0.0210654130986359,0.1400067734102975,0.0221041244595227,34.0249395258925,34.0249395258925,34.0249395258925,1,True,True,True,A_core_lia_dem_valid
SITE_009_S0102,SITE_009,-12.6421775448188,-17.1019455583945,42.29856872558594,0.1078238806376854,0.0195122672783003,0.1065093622132953,0.0195674301766686,42.2987686394895,42.2987686394895,42.2987686394895,1,True,True,True,A_core_lia_dem_valid
SITE_009_S0103,SITE_009,-11.0728606035131,-18.4618916593778,34.03348541259766,0.1024595410932568,0.0156398184154657,0.1002046508292839,0.0154790161028925,34.03337338621239,34.03337338621239,34.03337338621239,1,True,True,True,A_core_lia_dem_valid
SITE_009_S0104,SITE_009,-15.5920908479051,-18.5229965668571,34.02827453613281,0.094126000660989,0.0147909998089245,0.0922131737316064,0.0146299667163429,34.02831868654379,34.02831868654379,34.02831868654379,1,True,True,True,A_core_lia_dem_valid
SITE_009_S0105,SITE_009,-13.6998652733616,-21.4554501167009,42.30179595947266,0.0656037549343374,0.0098255522084195,0.0650744306654841,0.0107136135786541,42.3020272653436,42.3020272653436,42.3020272653436,1,True,True,True,A_core_lia_dem_valid
SITE_009_S0106,SITE_009,-16.2179763481744,-18.6501804726865,34.03407669067383,0.0696505698396099,0.0145897402836561,0.0697157274853484,0.0135444144498028,34.03382055192051,34.03382055192052,34.03382055192051,1,True,True,True,A_core_lia_dem_valid
SITE_009_S0107,SITE_009,-11.8499593193736,-14.7432833468543,34.03667449951172,0.1212141352949276,0.0273413829981452,0.1275459334958372,0.0273268272902494,34.03693919105374,34.03693919105374,34.03693919105374,1,True,True,True,A_core_lia_dem_valid
SITE_009_S0108,SITE_009,-16.3758412761544,-22.0534614415177,42.30364608764648,0.0758729959730167,0.0182956589303082,0.0831818453109212,0.0181901185398484,42.30351765710376,42.30351765710377,42.30351765710376,1,True,True,True,A_core_lia_dem_valid
SITE_009_S0109,SITE_009,-13.9707709381971,-19.7610264309138,34.02019882202148,0.0988431519814165,0.0169686711998844,0.1017167739221972,0.0172321962792619,34.02007884433606,34.02007884433606,34.02007884433606,1,True,True,True,A_core_lia_dem_valid
SITE_009_S0110,SITE_009,-14.3235981652069,-20.7211598078406,34.034423828125,0.1206531788095964,0.0171048839659326,0.1174406523165782,0.0173230143427995,34.03419255190676,34.03419255190676,34.03419255190676,1,True,True,True,A_core_lia_dem_valid
SITE_009_S0111,SITE_009,-14.2047249995882,-17.1186288663043,42.30217361450195,0.0927443038680087,0.015667953390835,0.0942553832116655,0.0157465896545047,42.30242982080201,42.30242982080201,42.30242982080201,1,True,True,True,A_core_lia_dem_valid
SITE_009_S0112,SITE_009,-18.790906146496,-27.6920625190623,34.02415084838867,0.0877727289704222,0.0138182117262382,0.0974803375306771,0.0151328328010766,34.02413524673241,34.02413524673241,34.02413524673241,1,True,True,True,A_core_lia_dem_valid
SITE_009_S0113,SITE_009,-11.1266678382774,-19.6440231100126,34.03079605102539,0.1354713972326782,0.0251777116292052,0.1346068362939288,0.0248978737771603,34.03094429610393,34.03094429610393,34.03094429610393,1,True,True,True,A_core_lia_dem_valid
SITE_009_S0114,SITE_009,-15.9915284115301,-21.1599260229373,42.30243682861328,0.1091553410094805,0.0170805532857775,0.1132717075887515,0.0172379734347585,42.30254353918064,42.30254353918064,42.30254353918064,1,True,True,True,A_core_lia_dem_valid
SITE_009_S0115,SITE_009,-14.5708466821505,-22.594689028719,34.02178192138672,0.131116164306631,0.0185703665106952,0.1338228624548497,0.0193848677809303,34.02196893541596,34.02196893541596,34.02196893541596,1,True,True,True,A_core_lia_dem_valid
SITE_009_S0116,SITE_009,-13.0946793994962,-20.7512772173671,34.02658462524414,0.1229301879472202,0.0203355601016018,0.1153427557177415,0.0182597621795947,34.0267455140887,34.0267455140887,34.0267455140887,1,True,True,True,A_core_lia_dem_valid
SITE_009_S0117,SITE_009,-14.9714890417213,-24.7343261050645,42.29793930053711,0.1047796944491987,0.0212958519502232,0.1060721446156489,0.0210182447522485,42.29766161655267,42.29766161655267,42.29766161655267,1,True,True,True,A_core_lia_dem_valid
SITE_009_S0118,SITE_009,-14.5801591256505,-20.746367120856,34.02446746826172,0.0717677171864318,0.0109798936887333,0.0733073522854862,0.0108665463400694,34.02449225599906,34.02449225599906,34.02449225599906,1,True,True,True,A_core_lia_dem_valid
SITE_009_S0119,SITE_009,-14.7136371367103,-18.2384838121805,42.28477478027344,0.0775385744538572,0.0111220423078278,0.0703535638514511,0.0110059525710749,42.28505513892984,42.28505513892984,42.28505513892984,1,True,True,True,A_core_lia_dem_valid
SITE_009_S0120,SITE_009,-14.5019298534218,-21.8290866381383,34.02079772949219,0.1227201970418294,0.0176406683719062,0.1239751168643986,0.0175007997822979,34.02088106577121,34.02088106577121,34.02088106577121,1,True,True,True,A_core_lia_dem_valid
SITE_009_S0121,SITE_009,-16.9517894467191,-22.0752242225449,34.02536773681641,0.1290241272664732,0.0195133103078438,0.1262506428848104,0.0197505487099197,34.02517583621807,34.02517583621807,34.02517583621807,1,True,True,True,A_core_lia_dem_valid
SITE_009_S0122,SITE_009,-12.3671603351206,-19.7300108910054,42.28804397583008,0.1149356073223882,0.0195416094673176,0.1124879212372273,0.0196627075535555,42.28814501726357,42.28814501726357,42.28814501726357,1,True,True,True,A_core_lia_dem_valid
SITE_009_S0123,SITE_009,-13.5632378600056,-23.6221051910011,34.0140495300293,0.1574916200008657,0.024840449769011,0.1557101080962169,0.0247655140048677,34.01383409957693,34.01383409957693,34.01383409957693,1,True,True,True,A_core_lia_dem_valid
SITE_009_S0124,SITE_009,-15.9059575952808,-22.2792149310818,34.02665328979492,0.1252126257742444,0.0168543428203298,0.124714523929649,0.0169119866294096,34.02679379158754,34.02679379158755,34.02679379158754,1,True,True,True,A_core_lia_dem_valid
SITE_009_S0125,SITE_009,-14.1841800580037,-25.3011572516248,42.28888320922852,0.1021656039191616,0.0129087745578818,0.0989736698452515,0.0119726090427997,42.28876048606919,42.28876048606919,42.28876048606919,1,True,True,True,A_core_lia_dem_valid
SITE_009_S0126,SITE_009,-14.6015496002663,-23.5836927301263,34.01031875610352,0.1111891870366202,0.0230389054533508,0.1105743516374517,0.0227545521424416,34.01038621986438,34.01038621986438,34.01038621986438,1,True,True,True,A_core_lia_dem_valid
SITE_009_S0127,SITE_009,-14.7402370740017,-21.674989925312,34.03584671020508,0.0488766905649397,0.0066140149214276,0.0514166246797355,0.0074259003727123,34.03560007170429,34.03560007170429,34.03560007170429,1,True,True,True,A_core_lia_dem_valid
SITE_009_S0128,SITE_009,-13.994740818818,-18.9190131069425,42.29497909545898,0.0508023419934842,0.0095328021266235,0.05030904557096,0.0089969424594892,42.29504972264387,42.29504972264387,42.29504972264387,1,True,True,True,A_core_lia_dem_valid
SITE_010_S0001,SITE_010,-9.15801388655672,-17.5230854255489,33.20811462402344,0.1598815188213502,0.0343292816505263,0.1611788224481658,0.0355299257320287,33.20778236328896,33.20778236328896,33.20778236328896,1,True,True,True,A_core_lia_dem_valid
SITE_010_S0002,SITE_010,-12.9913758275805,-14.9090980307524,33.07234954833984,0.1209354887745653,0.0394513249972228,0.1284818089448869,0.0407293664169717,33.07210434754188,33.07210434754188,33.07210434754188,1,True,True,True,A_core_lia_dem_valid
SITE_010_S0003,SITE_010,-11.028106312516,-14.3157812051086,33.20839309692383,0.1404262704703653,0.0461090147002906,0.1451913568306148,0.045950589001194,33.20850667785338,33.20850667785338,33.20850667785338,1,True,True,True,A_core_lia_dem_valid
SITE_010_S0004,SITE_010,-15.0656622839493,-16.4426744397784,33.2079963684082,0.0785715985894835,0.0310681207736382,0.0832939036560232,0.0302730526457616,33.20772679005415,33.20772679005415,33.20772679005415,1,True,True,True,A_core_lia_dem_valid
SITE_010_S0005,SITE_010,-8.84518776341457,-16.5784435265763,33.20726776123047,0.1708512857847719,0.0497725055449538,0.1756231089670833,0.0498880432290687,33.20747422645687,33.20747422645687,33.20747422645687,1,True,True,True,A_core_lia_dem_valid
SITE_010_S0006,SITE_010,-6.64120328701449,-15.8368733803957,33.21502304077148,0.1862504943115966,0.0532287817128115,0.1823596632076915,0.0523572917077352,33.21497236220485,33.21497236220485,33.21497236220485,1,True,True,True,A_core_lia_dem_valid
SITE_010_S0007,SITE_010,-10.8857653926547,-14.7777657652321,33.20959091186523,0.1516229478685781,0.0441167746022634,0.1576599822923286,0.0436205763068849,33.20977581474725,33.20977581474725,33.20977581474725,1,True,True,True,A_core_lia_dem_valid
SITE_010_S0008,SITE_010,-10.7366553712201,-17.7159872483982,33.20804214477539,0.1136464164597514,0.0271880903414748,0.1156965197000264,0.0283652719980308,33.20796002211728,33.20796002211728,33.20796002211728,1,True,True,True,A_core_lia_dem_valid
SITE_010_S0009,SITE_010,-12.3701520747711,-16.2962346548292,33.2170295715332,0.0981399359759519,0.0287163221105216,0.1018167291061084,0.0305995623128761,33.21707273417091,33.21707273417091,33.21707273417091,1,True,True,True,A_core_lia_dem_valid
SITE_010_S0010,SITE_010,-11.7110045876889,-20.0250778031927,33.14924240112305,0.0965364395849665,0.01860049630316,0.0976121233663451,0.0201170493640141,33.14883551215702,33.14883551215702,33.14883551215702,1,True,True,True,A_core_lia_dem_valid
SITE_010_S0011,SITE_010,-12.9595146185437,-15.6826250695606,33.15042495727539,0.0973398088064073,0.0323644436266783,0.095655751570555,0.0320130585088855,33.15056495053364,33.15056495053364,33.15056495053364,1,True,True,True,A_core_lia_dem_valid
SITE_010_S0012,SITE_010,-9.87046523400345,-16.9540433869189,33.14639663696289,0.1653176392375654,0.0369208264686614,0.1714085370383917,0.0441450813248639,33.14618073039417,33.14618073039417,33.14618073039417,1,True,True,True,A_core_lia_dem_valid
SITE_010_S0013,SITE_010,-11.1540168315745,-18.9497790209648,33.14181137084961,0.1092769949359074,0.0249966237653415,0.1086952464654937,0.0257404715699004,33.14200337326233,33.14200337326233,33.14200337326233,1,True,True,True,A_core_lia_dem_valid
SITE_010_S0014,SITE_010,-10.5671108438263,-23.0959851004048,33.14970397949219,0.1060364347747054,0.0201540063128094,0.1018690549567332,0.0213345180389512,33.14993301410851,33.14993301410851,33.14993301410851,1,True,True,True,A_core_lia_dem_valid
SITE_010_S0015,SITE_010,-13.1597652189287,-19.0989981541849,42.6118278503418,0.0784826983082405,0.021510707012633,0.0847099604486216,0.0235824627509576,42.61160024167915,42.61160024167915,42.61160024167915,1,True,True,True,A_core_lia_dem_valid
SITE_010_S0016,SITE_010,-12.3278943876232,-16.7342748791817,33.20251083374023,0.1057148823784816,0.033648679552921,0.1075700165391002,0.0342463495382511,33.20246390683246,33.20246390683246,33.20246390683246,1,True,True,True,A_core_lia_dem_valid
SITE_010_S0017,SITE_010,-13.9308604152524,-14.0130505211841,42.58939361572266,0.0604532899222802,0.0337850279836261,0.0711392502218755,0.0354562297677944,42.58920289528621,42.58920289528621,42.58920289528621,1,True,True,True,A_core_lia_dem_valid
SITE_010_S0018,SITE_010,-10.7647534238162,-19.0091956791474,32.94661712646484,0.1119164651605559,0.0265771792812918,0.1112322969902606,0.0276277530373918,32.94645127372213,32.94645127372213,32.94645127372213,1,True,True,True,A_core_lia_dem_valid
SITE_010_S0019,SITE_010,-10.1644408534788,-18.1265137220242,42.58217620849609,0.1245398656528071,0.0294540986415284,0.1227373863321213,0.0339991305780663,42.58213949939862,42.58213949939862,42.58213949939862,1,True,True,True,A_core_lia_dem_valid
SITE_010_S0020,SITE_010,-11.3687563593255,-15.9124396020292,32.94945907592773,0.1313393127533871,0.0387613877526572,0.1367491289018996,0.0385823654097457,32.94950390463367,32.94950390463368,32.94950390463367,1,True,True,True,A_core_lia_dem_valid
SITE_010_S0021,SITE_010,-14.6401909331398,-16.1794247822215,42.58808517456055,0.1093227123751102,0.0374431986798632,0.1090989913231036,0.0375362774713915,42.58792684534571,42.58792684534571,42.58792684534571,1,True,True,True,A_core_lia_dem_valid
SITE_010_S0022,SITE_010,-11.2034995238777,-16.4725954911938,32.94397735595703,0.1250860399214758,0.0361178148905331,0.1248335029925277,0.0363571699301547,32.94375591133944,32.94375591133944,32.94375591133944,1,True,True,True,A_core_lia_dem_valid
SITE_010_S0023,SITE_010,-11.5282629532977,-15.964152463521,32.94883346557617,0.1210202654896397,0.0339948262124202,0.1325773509361334,0.0324322563412586,32.94866216836219,32.9486621683622,32.94866216836219,1,True,True,True,A_core_lia_dem_valid
SITE_010_S0024,SITE_010,-11.8729583841802,-16.1236402347374,42.59204864501953,0.1073725692677629,0.0357537764125148,0.116004395678565,0.0363446722484722,42.59177466418129,42.59177466418129,42.59177466418129,1,True,True,True,A_core_lia_dem_valid
SITE_010_S0025,SITE_010,-10.2666446915359,-17.1315577518716,32.9405403137207,0.141668174839235,0.0386165144087047,0.1430912931453813,0.040209242362434,32.94065165466983,32.94065165466983,32.94065165466983,1,True,True,True,A_core_lia_dem_valid
SITE_010_S0026,SITE_010,-10.9243474519562,-19.9118993633972,32.94873046875,0.0980387856169999,0.0269782526676479,0.1020409089088024,0.0274751905676358,32.9490770023581,32.9490770023581,32.9490770023581,1,True,True,True,A_core_lia_dem_valid
SITE_010_S0027,SITE_010,-8.10218138707159,-19.0181518972707,32.95796585083008,0.1375697116220847,0.028498209421286,0.131236318237996,0.0307032367948111,32.95792540709428,32.95792540709428,32.95792540709428,1,True,True,True,A_core_lia_dem_valid
SITE_010_S0028,SITE_010,-10.8469563625257,-16.3877078933281,32.95575332641602,0.1148870661585684,0.0270987194404846,0.1252094505537371,0.0308046317666079,32.95552671575123,32.95552671575123,32.95552671575123,1,True,True,True,A_core_lia_dem_valid
SITE_010_S0029,SITE_010,-10.3180651070518,-17.4732598084268,32.95497512817383,0.1228586892056088,0.0247066933803494,0.1166519372508372,0.0242564127457327,32.9548227988456,32.95482279884559,32.9548227988456,1,True,True,True,A_core_lia_dem_valid
SITE_010_S0030,SITE_010,-11.4582058040155,-18.7630206163673,32.9471321105957,0.117679919784098,0.0254401471442548,0.1221376087032262,0.0260534883805931,32.9471264733075,32.9471264733075,32.9471264733075,1,True,True,True,A_core_lia_dem_valid
SITE_010_S0031,SITE_010,-11.9619698559314,-18.955842806991,32.94826126098633,0.1182654046337986,0.0243065346979439,0.131012022539625,0.0260700780711861,32.94811438548413,32.94811438548413,32.94811438548413,1,True,True,True,A_core_lia_dem_valid
SITE_010_S0032,SITE_010,-14.0014343863365,-20.1125564047494,32.95501708984375,0.0949822365163525,0.0237413219872947,0.1097230507079039,0.025181598381548,32.9552483075038,32.95524830750381,32.9552483075038,1,True,True,True,A_core_lia_dem_valid
SITE_010_S0033,SITE_010,-16.0418101011438,-17.3096689674113,32.95101165771484,0.0742496047421183,0.0223997039861565,0.0813660361157074,0.0220278612769069,32.95128522016871,32.95128522016871,32.95128522016871,1,True,True,True,A_core_lia_dem_valid
SITE_010_S0034,SITE_010,-13.436654727211,-19.2519605001531,32.94593811035156,0.0800606486033809,0.0240638802202079,0.0899459406300975,0.0250160583341861,32.9456610136775,32.94566101367751,32.9456610136775,1,True,True,True,A_core_lia_dem_valid
SITE_010_S0035,SITE_010,-11.8155112840312,-16.0598336051507,32.94341659545898,0.1168887642178977,0.0333815908899422,0.1241108799309783,0.0338313758161978,32.94338795633027,32.94338795633027,32.94338795633027,1,True,True,True,A_core_lia_dem_valid
SITE_010_S0036,SITE_010,-9.97604909884923,-15.938329552516,32.94762420654297,0.1402089477947445,0.0360296012943564,0.1397067859211387,0.0375662788612897,32.94745059091537,32.94745059091537,32.94745059091537,1,True,True,True,A_core_lia_dem_valid
SITE_010_S0037,SITE_010,-9.98091897809805,-15.8186586633774,32.95026016235352,0.1275589533267511,0.0362472843476342,0.1317980940643837,0.0371507747204292,32.94999577123908,32.94999577123908,32.94999577123908,1,True,True,True,A_core_lia_dem_valid
SITE_010_S0038,SITE_010,-11.275351916982,-17.9589167589354,32.94652557373047,0.1254252074348928,0.0259568453172422,0.1292762764770229,0.0269966366990358,32.94669071312816,32.94669071312816,32.94669071312816,1,True,True,True,A_core_lia_dem_valid
SITE_010_S0039,SITE_010,-12.3195764771584,-20.4505004162171,32.94336318969727,0.0921745118385996,0.0222281700062545,0.0882322794157378,0.0223332874982071,32.94325521357344,32.94325521357344,32.94325521357344,1,True,True,True,A_core_lia_dem_valid
SITE_010_S0040,SITE_010,-7.78989469850498,-13.9583252153914,32.94234466552734,0.1311131588990744,0.0369157489741724,0.1328218193865167,0.037751539350825,32.94267142990074,32.94267142990073,32.94267142990074,1,True,True,True,A_core_lia_dem_valid
SITE_010_S0041,SITE_010,-12.4787035869528,-16.2745634006589,32.94519424438477,0.1249043952351669,0.0426662375707749,0.1288006108006406,0.044417528639431,32.94545167934395,32.94545167934395,32.94545167934395,1,True,True,True,A_core_lia_dem_valid
SITE_010_S0042,SITE_010,-14.8786085744743,-14.7335850325435,32.94667816162109,0.0952402760058121,0.0374594194217498,0.0981791180990375,0.0374053894334951,32.94682528185935,32.94682528185935,32.94682528185935,1,True,True,True,A_core_lia_dem_valid
SITE_010_S0043,SITE_010,-11.4565936433774,-19.8509552151209,32.94430923461914,0.0914615990015994,0.0193688323143822,0.0905892457801928,0.0198742990840352,32.94404239720748,32.94404239720748,32.94404239720748,1,True,True,True,A_core_lia_dem_valid
SITE_010_S0044,SITE_010,-8.21781112665102,-15.3176419643191,32.94223403930664,0.1676562047483955,0.0471774625905396,0.1689244284922879,0.0502655142645375,32.94246067444233,32.94246067444233,32.94246067444233,1,True,True,True,A_core_lia_dem_valid
SITE_010_S0045,SITE_010,-9.93907500872225,-15.9048890705974,32.94028472900391,0.1432030969766343,0.0466110080315007,0.1456994224931865,0.0461288451510755,32.94017630329169,32.94017630329169,32.94017630329169,1,True,True,True,A_core_lia_dem_valid
SITE_010_S0046,SITE_010,-10.3903027455838,-18.5044610288519,32.94572067260742,0.1567953433708404,0.0379673971163726,0.1687464214874661,0.0407296023485407,32.94541514336857,32.94541514336857,32.94541514336857,1,True,True,True,A_core_lia_dem_valid
SITE_010_S0047,SITE_010,-11.4312787129165,-16.3111995825331,32.94312286376953,0.1143347714462361,0.0324260765159054,0.1148648060146628,0.033022817538934,32.94290974534402,32.94290974534402,32.94290974534402,1,True,True,True,A_core_lia_dem_valid
SITE_010_S0048,SITE_010,-15.5917499014424,-18.2803191550734,32.95410919189453,0.0684435880900941,0.0199080188127441,0.0745957186818637,0.0201358279805446,32.95382869499178,32.95382869499178,32.95382869499178,1,True,True,True,A_core_lia_dem_valid
SITE_010_S0049,SITE_010,-10.2314229693946,-17.4433450336927,32.95262145996094,0.1089642443977836,0.0274039978060128,0.1118816076478293,0.0270765826998943,32.95236441887643,32.95236441887643,32.95236441887643,1,True,True,True,A_core_lia_dem_valid
SITE_010_S0050,SITE_010,-11.471179617242,-19.7844933958661,32.94547271728516,0.1073635038060134,0.0311013546895668,0.1089298195715968,0.0320512679662991,32.94562917637818,32.94562917637818,32.94562917637818,1,True,True,True,A_core_lia_dem_valid
SITE_010_S0051,SITE_010,-12.4851746797784,-16.594005887267,32.94554901123047,0.1206034730813437,0.0331304446628162,0.1281560218099657,0.0334269705301888,32.94527774052666,32.94527774052666,32.94527774052666,1,True,True,True,A_core_lia_dem_valid
SITE_010_S0052,SITE_010,-10.1222955660064,-16.760984962907,32.94713592529297,0.1291217823752588,0.0312447474972648,0.1314350694951877,0.0316046555693628,32.94704277787027,32.94704277787027,32.94704277787027,1,True,True,True,A_core_lia_dem_valid
SITE_010_S0053,SITE_010,-11.1864489968405,-16.0984270850782,32.95776748657227,0.1093236444657087,0.0267340367378581,0.1122112337753276,0.025513267185444,32.95748221528486,32.95748221528486,32.95748221528486,1,True,True,True,A_core_lia_dem_valid
SITE_010_S0054,SITE_010,-9.87136701116541,-20.2684074296808,32.95111846923828,0.1143982607253571,0.0187158463256354,0.1144210585695366,0.0196016427651639,32.9509840885673,32.9509840885673,32.9509840885673,1,True,True,True,A_core_lia_dem_valid
SITE_010_S0055,SITE_010,-10.7841321584622,-15.3805221183133,32.95013427734375,0.1331087145148917,0.0305792854269258,0.1300915572773867,0.0291189980443974,32.95017327777818,32.95017327777818,32.95017327777818,1,True,True,True,A_core_lia_dem_valid
SITE_010_S0056,SITE_010,-12.9284903166984,-18.4820507092804,32.95191192626953,0.0808596930578961,0.0222229858746559,0.0817163791901198,0.0242904237465194,32.95181956746047,32.95181956746047,32.95181956746047,1,True,True,True,A_core_lia_dem_valid
SITE_010_S0057,SITE_010,-12.6406845760778,-14.5164007390636,32.95006561279297,0.1054564665419159,0.0381515711454006,0.1093853971461017,0.0356454033305744,32.94974036029006,32.94974036029005,32.94974036029006,1,True,True,True,A_core_lia_dem_valid
SITE_010_S0058,SITE_010,-13.5558095053413,-16.7841781124049,32.95351028442383,0.1107907267412199,0.0247448084343017,0.1217911534249842,0.0217193451849034,32.95339850922688,32.95339850922688,32.95339850922688,1,True,True,True,A_core_lia_dem_valid
SITE_010_S0059,SITE_010,-10.0199715096838,-15.8078131597403,32.94991683959961,0.1331683669130577,0.0283079775438953,0.1377482444842049,0.0273453716431826,32.94978391013158,32.94978391013158,32.94978391013158,1,True,True,True,A_core_lia_dem_valid
SITE_010_S0060,SITE_010,-13.4800588888637,-21.496766911402,32.95478820800781,0.0954579925423333,0.0154766864886064,0.0937929060770156,0.0177468942241036,32.95504576226283,32.95504576226283,32.95504576226283,1,True,True,True,A_core_lia_dem_valid
SITE_010_S0061,SITE_010,-11.0239512992431,-20.9120119590142,32.94928741455078,0.0817326602403363,0.0192433855550497,0.0866998709522414,0.0206852790326306,32.94938360285143,32.94938360285143,32.94938360285143,1,True,True,True,A_core_lia_dem_valid
SITE_010_S0062,SITE_010,-11.470019250641,-19.9503469469446,32.94948196411133,0.1137825954098209,0.0174440883439855,0.1125867870348052,0.0179340738631206,32.94974028872572,32.94974028872573,32.94974028872572,1,True,True,True,A_core_lia_dem_valid
SITE_010_S0063,SITE_010,-9.57750044002365,-16.7462024462709,32.95117568969727,0.126456191895442,0.026554281094323,0.1201058631731461,0.0267858331082101,32.95128629309705,32.95128629309705,32.95128629309705,1,True,True,True,A_core_lia_dem_valid
SITE_010_S0064,SITE_010,-12.8489163045353,-20.9178579833577,32.95261383056641,0.1076771721358668,0.0169836143739741,0.1184357614494195,0.019680604858519,32.95239037455934,32.95239037455934,32.95239037455934,1,True,True,True,A_core_lia_dem_valid
SITE_010_S0065,SITE_010,-9.45148078270249,-18.2452138571804,32.94948959350586,0.1315692582111447,0.0250272159391493,0.1346686135580889,0.0264116340157459,32.94936310674443,32.94936310674443,32.94936310674443,1,True,True,True,A_core_lia_dem_valid
SITE_010_S0066,SITE_010,-11.1491342112193,-23.33748454255,32.9490966796875,0.1290078946327445,0.0211500926280058,0.1298066159769863,0.0221303371528147,32.94908216197785,32.94908216197785,32.94908216197785,1,True,True,True,A_core_lia_dem_valid
SITE_010_S0067,SITE_010,-9.34119483625544,-15.5331983729151,32.94219207763672,0.1534743736453579,0.0377879789909649,0.1525413275588676,0.0385247732309022,32.94195064856255,32.94195064856254,32.94195064856255,1,True,True,True,A_core_lia_dem_valid
SITE_010_S0068,SITE_010,-15.4872803855082,-21.8777443252387,32.94635772705078,0.0993950663364238,0.0155010163089985,0.1064502751020824,0.0168589314713908,32.94620091466919,32.94620091466919,32.94620091466919,1,True,True,True,A_core_lia_dem_valid
SITE_010_S0069,SITE_010,-7.92992040047298,-16.3406722879138,32.94780349731445,0.1642417971499114,0.0429280863138271,0.1663115186670765,0.0429468933288215,32.94742535146317,32.94742535146317,32.94742535146317,1,True,True,True,A_core_lia_dem_valid
SITE_010_S0070,SITE_010,-8.86159721919899,-18.3921405337754,32.94314575195312,0.1195835474256899,0.0231203626492119,0.1181294497882706,0.0231390980178967,32.94336393258479,32.94336393258479,32.94336393258479,1,True,True,True,A_core_lia_dem_valid
SITE_010_S0071,SITE_010,-9.46846947881806,-29.2838238367267,32.94040679931641,0.0983524742137422,0.0159291561904399,0.0940111671244673,0.0168146167477266,32.94028547703093,32.94028547703093,32.94028547703093,1,True,True,True,A_core_lia_dem_valid
SITE_010_S0072,SITE_010,-7.42700383082685,-17.6740322395367,32.94668960571289,0.1892767825971047,0.0366864525213699,0.1910317606004355,0.0367553446150827,32.94630488450867,32.94630488450867,32.94630488450867,1,True,True,True,A_core_lia_dem_valid
SITE_010_S0073,SITE_010,-7.3529706032441,-17.0332116660935,32.94808959960938,0.1574365480256692,0.0347176376142539,0.1575480549103555,0.0359540958957506,32.94782373540119,32.94782373540118,32.94782373540119,1,True,True,True,A_core_lia_dem_valid
SITE_010_S0074,SITE_010,-8.37211144369994,-19.3393454868811,32.93704605102539,0.1158928665932681,0.025393410216396,0.1177704216323586,0.0251308526473913,32.93711872889288,32.93711872889288,32.93711872889288,1,True,True,True,A_core_lia_dem_valid
SITE_010_S0075,SITE_010,-13.9981305903848,-25.4971065378403,32.94250106811523,0.0693618784781335,0.0154706432161077,0.072377525340368,0.0160275289136368,32.94275660230624,32.94275660230624,32.94275660230624,1,True,True,True,A_core_lia_dem_valid
SITE_010_S0076,SITE_010,-10.2094324338159,-22.9732322448275,32.94554138183594,0.1077863178432607,0.0208339295886332,0.1064916939477903,0.0203372493645893,32.94582325615464,32.94582325615464,32.94582325615464,1,True,True,True,A_core_lia_dem_valid
SITE_010_S0077,SITE_010,-7.81627842859027,-27.275059672926,32.95333480834961,0.1279613991041034,0.0177861615510732,0.1230521942866981,0.0187235256185682,32.95322436871082,32.95322436871082,32.95322436871082,1,True,True,True,A_core_lia_dem_valid
SITE_010_S0078,SITE_010,-9.41021763256175,-19.8325357671384,32.95220565795898,0.1246836358073338,0.0192904876779138,0.1239548792104705,0.0223531232836553,32.95189891609344,32.95189891609343,32.95189891609344,1,True,True,True,A_core_lia_dem_valid
SITE_010_S0079,SITE_010,-5.77812170890658,-18.2605221252291,32.95017242431641,0.1967753104564639,0.029330155160768,0.1767178507369325,0.031421979406813,32.95011561619196,32.95011561619196,32.95011561619196,1,True,True,True,A_core_lia_dem_valid
SITE_010_S0080,SITE_010,-12.4694526404283,-22.095007928627,32.94452285766602,0.0863058171244324,0.0153695046373255,0.0921736994786042,0.0179702630411924,32.94461883247236,32.94461883247236,32.94461883247236,1,True,True,True,A_core_lia_dem_valid
SITE_010_S0081,SITE_010,-13.5204431065191,-19.2495210277103,32.9553108215332,0.0876813724388567,0.0226989365767626,0.0864454155787178,0.0241462401866744,32.95549588251595,32.95549588251595,32.95549588251595,1,True,True,True,A_core_lia_dem_valid
SITE_010_S0082,SITE_010,-11.7049405879987,-18.6637068473157,32.94892883300781,0.1053891483176749,0.0229868297690785,0.1056653619687355,0.0241003760076711,32.94877452339712,32.94877452339712,32.94877452339712,1,True,True,True,A_core_lia_dem_valid
SITE_010_S0083,SITE_010,-9.08039577090723,-17.9829978294684,32.94919586181641,0.1313102842066386,0.020126281259443,0.1261250952225313,0.020702301710926,32.94890520882338,32.94890520882338,32.94890520882338,1,True,True,True,A_core_lia_dem_valid
SITE_010_S0084,SITE_010,-10.9404855449851,-19.5558938967696,32.95257186889648,0.1104135986383561,0.0191564039599543,0.1115696943519808,0.0205176471789531,32.95261635279986,32.95261635279986,32.95261635279986,1,True,True,True,A_core_lia_dem_valid
SITE_010_S0085,SITE_010,-11.9052359279506,-17.8917652006815,32.9466667175293,0.1034666792281765,0.0214435326579188,0.1057197319444295,0.0214369510912636,32.94646309033534,32.94646309033534,32.94646309033534,1,True,True,True,A_core_lia_dem_valid
SITE_010_S0086,SITE_010,-9.31027960418027,-18.7087237005934,32.95011138916016,0.1597717332420862,0.0262167650442587,0.1726553534365469,0.03316973124837,32.94996390320114,32.94996390320114,32.94996390320114,1,True,True,True,A_core_lia_dem_valid
SITE_010_S0087,SITE_010,-11.4936416657345,-23.3101897680597,32.95230102539062,0.1087165431878905,0.0143094767689954,0.1109446411454792,0.0165491336229857,32.95236169987585,32.95236169987585,32.95236169987585,1,True,True,True,A_core_lia_dem_valid
SITE_010_S0088,SITE_010,-10.5319985431888,-17.9802969778794,32.95269775390625,0.1297815468769202,0.0248001233693624,0.1344417765965194,0.025314436463591,32.95271511644181,32.95271511644181,32.95271511644181,1,True,True,True,A_core_lia_dem_valid
SITE_010_S0089,SITE_010,-11.6038013700959,-15.0368606004621,32.94540405273438,0.1070083992108666,0.0281476957604558,0.1177437067759795,0.0286462567903449,32.94544755523335,32.94544755523334,32.94544755523335,1,True,True,True,A_core_lia_dem_valid
SITE_010_S0090,SITE_010,-11.2297458287821,-18.7300938661136,32.95106887817383,0.1086006780913319,0.0217905827422532,0.1071829941334638,0.0215688179811246,32.95127471909397,32.95127471909397,32.95127471909397,1,True,True,True,A_core_lia_dem_valid
SITE_010_S0091,SITE_010,-9.42633675446787,-14.1262486914974,32.94884872436523,0.1839583537503107,0.0399554235721735,0.192394218222448,0.0399033301566351,32.9488964501196,32.94889645011959,32.9488964501196,1,True,True,True,A_core_lia_dem_valid
SITE_010_S0092,SITE_010,-15.0206494805331,-17.67953682011,32.94871139526367,0.095378977605752,0.0274080444845259,0.1135688437515636,0.0276787293111243,32.94897012014965,32.94897012014965,32.94897012014965,1,True,True,True,A_core_lia_dem_valid
SITE_010_S0093,SITE_010,-13.2669377380882,-20.3198787986578,32.94784545898438,0.117095817067744,0.0280824185882049,0.131431418097411,0.0305078750751254,32.94807548739967,32.94807548739967,32.94807548739967,1,True,True,True,A_core_lia_dem_valid
SITE_010_S0094,SITE_010,-12.4846133132431,-16.8133819114833,32.94402313232422,0.0933833631056016,0.0260159786021717,0.0955629481833543,0.0284138976041195,32.94424620478696,32.94424620478696,32.94424620478696,1,True,True,True,A_core_lia_dem_valid
SITE_010_S0095,SITE_010,-12.1721052805546,-16.9564305500447,32.9453239440918,0.0992744949345917,0.0270513451285798,0.1022156819480865,0.0270846216528449,32.94570086900661,32.94570086900661,32.94570086900661,1,True,True,True,A_core_lia_dem_valid
SITE_010_S0096,SITE_010,-16.0797185194816,-20.7504944595288,32.94939422607422,0.0837821603519271,0.019823359984922,0.0850680355760351,0.0210141154232986,32.94949826174032,32.94949826174032,32.94949826174032,1,True,True,True,A_core_lia_dem_valid
SITE_010_S0097,SITE_010,-11.7110842379048,-16.8886759785616,32.94654083251953,0.1052009150611791,0.0228687443342451,0.1038790145406853,0.0220812300948702,32.94689367577617,32.94689367577617,32.94689367577617,1,True,True,True,A_core_lia_dem_valid
SITE_010_S0098,SITE_010,-11.1885858555011,-18.6650665042091,32.94507217407227,0.1054694092437796,0.0310952678080442,0.1057972812083592,0.0321863174768885,32.94536257061263,32.94536257061263,32.94536257061263,1,True,True,True,A_core_lia_dem_valid
SITE_010_S0099,SITE_010,-12.0132209546902,-15.7817744189249,32.94024658203125,0.1252433260530233,0.0310503381376518,0.1267965655112214,0.029984146110585,32.94055780245562,32.94055780245562,32.94055780245562,1,True,True,True,A_core_lia_dem_valid
SITE_010_S0100,SITE_010,-10.6531942979597,-15.1669458786792,32.93798065185547,0.103217513728085,0.0257683997983612,0.1069076091651253,0.0247716658014373,32.93821034683688,32.93821034683688,32.93821034683688,1,True,True,True,A_core_lia_dem_valid
SITE_010_S0101,SITE_010,-7.96762623643054,-14.2755167582519,32.94559097290039,0.1812675646526945,0.0430252938985886,0.1820227636240515,0.0428978233407037,32.94562965173568,32.94562965173568,32.94562965173568,1,True,True,True,A_core_lia_dem_valid
SITE_010_S0102,SITE_010,-12.6671677093339,-16.9925400314909,32.95041275024414,0.1082647820571816,0.0250194565328589,0.1146868687038436,0.0252334544686384,32.95024547637072,32.95024547637072,32.95024547637072,1,True,True,True,A_core_lia_dem_valid
SITE_010_S0103,SITE_010,-9.63133479320163,-15.8068750877999,32.81682205200195,0.139778900144311,0.0417038017826011,0.1407480598642228,0.0424966151019345,32.8169664655413,32.8169664655413,32.8169664655413,1,True,True,True,A_core_lia_dem_valid
SITE_010_S0104,SITE_010,-12.3690378170456,-16.7203571340796,32.81381607055664,0.106489753596148,0.0327063907002718,0.111468049240598,0.0328320982928007,32.81405313724366,32.81405313724366,32.81405313724366,1,True,True,True,A_core_lia_dem_valid
SITE_010_S0105,SITE_010,-9.14262058387733,-17.0675801706224,32.81371688842773,0.1324137616101985,0.0306862168918817,0.1336172000371937,0.0322095159583884,32.8138210665096,32.8138210665096,32.8138210665096,1,True,True,True,A_core_lia_dem_valid
SITE_010_S0106,SITE_010,-10.1983991864566,-14.2039241799026,32.81476211547852,0.1309166642803718,0.0415686332748721,0.132203020316969,0.040734915687853,32.81491974108073,32.81491974108073,32.81491974108073,1,True,True,True,A_core_lia_dem_valid
SITE_010_S0107,SITE_010,-11.1034442687008,-16.2819605932267,32.81766891479492,0.1092805112717665,0.0290953481885161,0.1106511563198649,0.0289491118216378,32.81737497111093,32.81737497111093,32.81737497111093,1,True,True,True,A_core_lia_dem_valid
SITE_010_S0108,SITE_010,-8.83355071816439,-16.3082010859428,32.82253265380859,0.1295240178994006,0.0314053577206038,0.1294820227495665,0.0325206370137566,32.8224204964041,32.8224204964041,32.8224204964041,1,True,True,True,A_core_lia_dem_valid
SITE_010_S0109,SITE_010,-12.9600305072923,-19.1418137503921,32.82274627685547,0.099695676697625,0.025715869886397,0.1013517792020416,0.0262320995406477,32.82258100786945,32.82258100786944,32.82258100786945,1,True,True,True,A_core_lia_dem_valid
SITE_010_S0110,SITE_010,-10.9586149210512,-18.7180939898432,32.81555938720703,0.0948776790427279,0.0231584943484958,0.0966117820336341,0.0237454031423776,32.81570153303972,32.81570153303973,32.81570153303972,1,True,True,True,A_core_lia_dem_valid
SITE_010_S0111,SITE_010,-9.19673042480532,-16.8958035462423,32.8156623840332,0.1494912650020865,0.0282133544257772,0.1533288686487762,0.0301638765553777,32.81550641572652,32.81550641572652,32.81550641572652,1,True,True,True,A_core_lia_dem_valid
SITE_010_S0112,SITE_010,-12.1864071918269,-20.1958360736433,32.8201789855957,0.1011702990802517,0.0188053906630581,0.1093103160226772,0.0199416172550199,32.82023133459131,32.82023133459131,32.82023133459131,1,True,True,True,A_core_lia_dem_valid
SITE_010_S0113,SITE_010,-6.83181868241436,-15.6544010161624,32.81956481933594,0.189918425576468,0.0391221739234281,0.1621072760447981,0.0403270656514639,32.8198890782093,32.8198890782093,32.8198890782093,1,True,True,True,A_core_lia_dem_valid
SITE_010_S0114,SITE_010,-13.0222916047616,-19.5959397919572,32.81725311279297,0.1024146698872211,0.0228778369520138,0.1048159207739407,0.0239028718011911,32.81759149880908,32.81759149880908,32.81759149880908,1,True,True,True,A_core_lia_dem_valid
SITE_010_S0115,SITE_010,-11.3414964071493,-18.8433155879723,32.81868743896484,0.1195726088878876,0.0219684020376453,0.1231109864470684,0.0233751558571848,32.81888201985266,32.81888201985266,32.81888201985266,1,True,True,True,A_core_lia_dem_valid
SITE_010_S0116,SITE_010,-10.5464881309359,-17.0902599731104,32.81859970092773,0.1207862103777233,0.0291838825950037,0.122385262887462,0.0304508411628061,32.81886430701824,32.81886430701824,32.81886430701824,1,True,True,True,A_core_lia_dem_valid
SITE_010_S0117,SITE_010,-12.9468097860262,-18.5658636637748,32.8179817199707,0.0959165067288738,0.0209912301273845,0.1092158056343532,0.0215739567370222,32.81821846418742,32.81821846418742,32.81821846418742,1,True,True,True,A_core_lia_dem_valid
SITE_010_S0118,SITE_010,-10.7719181350731,-19.1004518571564,32.81971740722656,0.1269838603148179,0.020862655492506,0.1256425419755748,0.0230380522858888,32.82001758559831,32.82001758559831,32.82001758559831,1,True,True,True,A_core_lia_dem_valid
SITE_010_S0119,SITE_010,-8.86356098235465,-12.3136739093407,32.81981658935547,0.1607519721822764,0.05331719279964,0.1623169122475666,0.0530466732904246,32.81970137996602,32.81970137996602,32.81970137996602,1,True,True,True,A_core_lia_dem_valid
SITE_010_S0120,SITE_010,-10.571298463769,-16.3283615705498,32.81695938110352,0.1273871405489159,0.0234866982771237,0.1363964854649389,0.0255834224830109,32.8167421057125,32.8167421057125,32.8167421057125,1,True,True,True,A_core_lia_dem_valid
SITE_010_S0121,SITE_010,-10.7148741460215,-14.2461466223155,32.81558227539062,0.1265757364956387,0.0406109443067284,0.1388107058951358,0.0413286500186355,32.81571816811611,32.81571816811611,32.81571816811611,1,True,True,True,A_core_lia_dem_valid
SITE_010_S0122,SITE_010,-9.80525249423624,-15.8015410192765,32.81841659545898,0.162116741358052,0.0374787166781353,0.1796588688417165,0.0395135930833199,32.81856375084431,32.81856375084431,32.81856375084431,1,True,True,True,A_core_lia_dem_valid
SITE_010_S0123,SITE_010,-10.5669287046557,-15.8752105474557,32.8195915222168,0.1419743906504002,0.0336497530974032,0.1518006258634268,0.0338491781559475,32.81991857045524,32.81991857045524,32.81991857045524,1,True,True,True,A_core_lia_dem_valid
SITE_010_S0124,SITE_010,-10.1647221459032,-14.9566870814727,32.82658386230469,0.1230884454540324,0.0320937158992435,0.1292085845045213,0.0320390697999989,32.82664677653919,32.82664677653919,32.82664677653919,1,True,True,True,A_core_lia_dem_valid
SITE_010_S0125,SITE_010,-14.2632000019397,-18.8594327796795,32.81284332275391,0.0870486612176365,0.0280070946434111,0.0938986002618232,0.029374620350694,32.81311468830904,32.81311468830904,32.81311468830904,1,True,True,True,A_core_lia_dem_valid
SITE_010_S0126,SITE_010,-10.1267555906843,-13.490238685926,32.81400680541992,0.1243769732861488,0.0353376996894279,0.1263913294841817,0.0338783987606913,32.813940607859,32.813940607859,32.813940607859,1,True,True,True,A_core_lia_dem_valid
SITE_010_S0127,SITE_010,-10.4911213090715,-17.2898082860851,32.81925201416016,0.1250278195036096,0.0304632003122408,0.1285853424503147,0.0354426650279373,32.81915081290983,32.81915081290983,32.81915081290983,1,True,True,True,A_core_lia_dem_valid
SITE_010_S0128,SITE_010,-7.85918392607596,-15.873634647493,32.82086181640625,0.1753740847566061,0.0410258760569708,0.1761605884845404,0.0412444935181743,32.82070971606313,32.82070971606313,32.82070971606313,1,True,True,True,A_core_lia_dem_valid
SITE_010_S0129,SITE_010,-7.65960046180501,-14.8544380732946,32.8204231262207,0.1754909642986317,0.0447998851843785,0.1773721020630799,0.0458907037575715,32.8203538102629,32.8203538102629,32.8203538102629,1,True,True,True,A_core_lia_dem_valid
SITE_010_S0130,SITE_010,-8.74329543462202,-13.271435211075,32.81076049804688,0.1493553457324771,0.0469705403927299,0.1489313522248717,0.0473468270989847,32.81100428619434,32.81100428619434,32.81100428619434,1,True,True,True,A_core_lia_dem_valid
SITE_010_S0131,SITE_010,-7.94044672143769,-14.7981830013928,32.80978775024414,0.1908225284726115,0.0379310111609171,0.1876712672768278,0.036247765758922,32.80955600888711,32.80955600888711,32.80955600888711,1,True,True,True,A_core_lia_dem_valid
SITE_010_S0132,SITE_010,-7.9662812836079,-15.5682085292488,32.81903839111328,0.1525573204623328,0.0451691275936899,0.1565907482535405,0.0468239928759369,32.81892082108325,32.81892082108325,32.81892082108325,1,True,True,True,A_core_lia_dem_valid
SITE_010_S0133,SITE_010,-9.10680230597023,-12.7208949626333,32.8226318359375,0.1437082159378759,0.0390756694620501,0.1575662140367563,0.037490462911182,32.82251794410474,32.82251794410474,32.82251794410474,1,True,True,True,A_core_lia_dem_valid
SITE_010_S0134,SITE_010,-13.7645744019106,-15.3085986032296,32.81964874267578,0.1250564681681003,0.0344368549785006,0.1252778401315658,0.0341394262916864,32.81983297477741,32.81983297477741,32.81983297477741,1,True,True,True,A_core_lia_dem_valid
SITE_010_S0135,SITE_010,-10.1683146790489,-15.3272425791092,32.81719970703125,0.1424351530683609,0.0432103629686688,0.1385561667999252,0.0430572790677795,32.81686294420929,32.81686294420929,32.81686294420929,1,True,True,True,A_core_lia_dem_valid
SITE_010_S0136,SITE_010,-11.8389166674241,-21.9522143982202,32.81829833984375,0.1122804638179484,0.0348734957807439,0.1138330616776918,0.0355625357396501,32.81816333325504,32.81816333325504,32.81816333325504,1,True,True,True,A_core_lia_dem_valid
SITE_010_S0137,SITE_010,-11.9950417661645,-14.9563715189573,32.81953048706055,0.0960447001031136,0.0284880083350124,0.0970184104826541,0.027702571826097,32.81985858710387,32.81985858710387,32.81985858710387,1,True,True,True,A_core_lia_dem_valid
SITE_010_S0138,SITE_010,-11.7590863312377,-16.1659146788653,32.8250732421875,0.1048394533013835,0.0275790108723625,0.104786874334806,0.0269506784774734,32.82484718305859,32.82484718305859,32.82484718305859,1,True,True,True,A_core_lia_dem_valid
SITE_010_S0139,SITE_010,-10.9763677232315,-17.9932436940691,32.8218994140625,0.1035319309736902,0.0244875919385232,0.1012739225175937,0.0281889761926414,32.82201595951626,32.82201595951626,32.82201595951626,1,True,True,True,A_core_lia_dem_valid
SITE_010_S0140,SITE_010,-9.39679913501975,-20.5907699702979,32.81424331665039,0.1327260529404224,0.0174768199096267,0.1251573602727919,0.0205571748348525,32.81430624473298,32.81430624473298,32.81430624473298,1,True,True,True,A_core_lia_dem_valid
SITE_010_S0141,SITE_010,-8.01648266395477,-15.67011985043,32.81605529785156,0.1677535633592341,0.0327822349364461,0.1615289679632937,0.0357844208536446,32.81581401073079,32.81581401073079,32.81581401073079,1,True,True,True,A_core_lia_dem_valid
SITE_010_S0142,SITE_010,-10.7627801073527,-16.3723736030111,32.81649398803711,0.1504496788015624,0.0276740477405431,0.1648647416064744,0.0287323020183235,32.81612295270042,32.81612295270042,32.81612295270042,1,True,True,True,A_core_lia_dem_valid
SITE_010_S0143,SITE_010,-12.4343973546861,-18.7569316820776,32.81890869140625,0.1153538340507815,0.0238168485975052,0.1274306657561373,0.024813236884724,32.81867534085625,32.81867534085625,32.81867534085625,1,True,True,True,A_core_lia_dem_valid
SITE_010_S0144,SITE_010,-9.84312346861847,-16.7210148360428,32.81878280639648,0.1420032378546809,0.0240516915060487,0.148791785401543,0.0250754302431422,32.81866713958336,32.81866713958336,32.81866713958336,1,True,True,True,A_core_lia_dem_valid
SITE_010_S0145,SITE_010,-12.0412018974372,-24.0981175471708,42.68828964233398,0.0967742925008101,0.0112939934945951,0.0890013991626364,0.0126659786576211,42.68844750712238,42.68844750712238,42.68844750712238,1,True,True,True,A_core_lia_dem_valid
SITE_010_S0146,SITE_010,-10.3383524475105,-20.1659531405914,32.81901931762695,0.125848406289279,0.0213440025197738,0.1339505747645482,0.0235717076324151,32.8187498399512,32.8187498399512,32.8187498399512,1,True,True,True,A_core_lia_dem_valid
SITE_010_S0147,SITE_010,-11.4292520004099,-15.279311756444,42.68165588378906,0.1059213860980156,0.0305098313015179,0.1082209486045882,0.028222978513168,42.68163567094134,42.68163567094136,42.68163567094134,1,True,True,True,A_core_lia_dem_valid
SITE_010_S0148,SITE_010,-7.65188508935206,-21.4040183635218,32.81894302368164,0.1642156227034673,0.0175915377807029,0.1588065365376782,0.018841057185556,32.81902707465972,32.81902707465972,32.81902707465972,1,True,True,True,A_core_lia_dem_valid
SITE_010_S0149,SITE_010,-12.7095344104836,-21.4373724154811,32.82040023803711,0.1146334534745783,0.0185691035906532,0.1228021112023526,0.0203712033453337,32.82055232835852,32.82055232835852,32.82055232835852,1,True,True,True,A_core_lia_dem_valid
SITE_010_S0150,SITE_010,-12.3509673992737,-17.0818873610482,32.81767654418945,0.1073067528588073,0.0271268678099982,0.1154599249757372,0.0274398492591797,32.81791884116429,32.81791884116429,32.81791884116429,1,True,True,True,A_core_lia_dem_valid
SITE_010_S0151,SITE_010,-7.69936565337077,-15.9206046723008,32.81727981567383,0.1718974324953405,0.0296438087563363,0.1721708849402777,0.0288419279578041,32.81712019435971,32.81712019435971,32.81712019435971,1,True,True,True,A_core_lia_dem_valid
SITE_010_S0152,SITE_010,-13.8482052495073,-17.6058361722423,32.81298446655273,0.1029797216382669,0.0244323678430741,0.1083855727796177,0.0243112998026419,32.81304916506751,32.81304916506751,32.81304916506751,1,True,True,True,A_core_lia_dem_valid
SITE_010_S0153,SITE_010,-7.03889786482925,-13.1747653426634,32.81687545776367,0.1957965800290813,0.0563970869454198,0.1927161188832873,0.0535659853005309,32.81671506237908,32.81671506237908,32.81671506237908,1,True,True,True,A_core_lia_dem_valid
SITE_010_S0154,SITE_010,-10.2515047824243,-18.0309586901684,32.81656265258789,0.1498965572085411,0.041674853956892,0.1671638486685426,0.0448807391754262,32.81663790320748,32.81663790320749,32.81663790320748,1,True,True,True,A_core_lia_dem_valid
SITE_010_S0155,SITE_010,-16.7667387970708,-18.0507222597276,42.402099609375,0.059769621055178,0.0245837589817118,0.0660657326732624,0.0246699657773709,42.4023904357756,42.4023904357756,42.4023904357756,1,True,True,True,A_core_lia_dem_valid
SITE_010_S0156,SITE_010,-14.5901591186477,-19.3182918821834,42.40500259399414,0.0693999650378924,0.0183211771035881,0.0697652394006854,0.0180814352483214,42.40505273311955,42.40505273311955,42.40505273311955,1,True,True,True,A_core_lia_dem_valid
SITE_010_S0157,SITE_010,-11.7199075796549,-22.3642458041234,42.40291976928711,0.0969243582612319,0.0189045636587533,0.0970746020860086,0.020425091694472,42.40276312610022,42.40276312610022,42.40276312610022,1,True,True,True,A_core_lia_dem_valid
SITE_010_S0158,SITE_010,-12.0199456969608,-19.1038611898961,42.4105224609375,0.095357498380671,0.020167581217773,0.0952213645205541,0.0203322697396356,42.41030043227763,42.41030043227763,42.41030043227763,1,True,True,True,A_core_lia_dem_valid
SITE_010_S0159,SITE_010,-12.7428390245212,-19.932953477337,42.41237258911133,0.086045138776774,0.0225175734235883,0.0838643214733948,0.0227180616975434,42.41241212861728,42.41241212861728,42.41241212861728,1,True,True,True,A_core_lia_dem_valid
SITE_010_S0160,SITE_010,-11.5014525426205,-19.8475173349924,42.40419387817383,0.0997739122629993,0.019041055639513,0.0920632092924119,0.019615110982442,42.40436629694246,42.40436629694246,42.40436629694246,1,True,True,True,A_core_lia_dem_valid
SITE_010_S0161,SITE_010,-12.0978059516436,-16.4497644484174,42.40346527099609,0.1006967883255046,0.0276643103625698,0.1043528084504223,0.0293996215768414,42.40331401824952,42.40331401824952,42.40331401824952,1,True,True,True,A_core_lia_dem_valid
SITE_010_S0162,SITE_010,-14.9252337270533,-17.5131687325341,42.40033340454102,0.0666324371689781,0.0251748153209407,0.0703710896669455,0.0225842950882839,42.4006088305047,42.4006088305047,42.4006088305047,1,True,True,True,A_core_lia_dem_valid
SITE_010_S0163,SITE_010,-12.9141442470168,-18.0287780987245,42.40497970581055,0.0948121245938859,0.025489010955308,0.0963519510415459,0.0270559421570299,42.40520798684977,42.40520798684977,42.40520798684977,1,True,True,True,A_core_lia_dem_valid
SITE_010_S0164,SITE_010,-14.2356633747135,-22.8708213186648,42.40975952148438,0.0693446258345908,0.0149495207108345,0.0753093606327452,0.0165478350787297,42.40965708490053,42.40965708490053,42.40965708490053,1,True,True,True,A_core_lia_dem_valid
SITE_010_S0165,SITE_010,-12.6904203519232,-23.6378738789206,42.40405654907227,0.0871012520810353,0.0144522250801113,0.079164335769728,0.0159300401580915,42.40419219062669,42.40419219062669,42.40419219062669,1,True,True,True,A_core_lia_dem_valid
SITE_010_S0166,SITE_010,-9.39699852235486,-20.5944843652936,42.40293121337891,0.1420428382419514,0.0255118307135179,0.1330012256353964,0.0303317342552281,42.40300837561282,42.40300837561282,42.40300837561282,1,True,True,True,A_core_lia_dem_valid
SITE_010_S0167,SITE_010,-10.9972272350757,-17.950444113147,42.40378570556641,0.1008119506142342,0.0206058271263116,0.093086721533111,0.020214571038689,42.40377497936523,42.40377497936523,42.40377497936523,1,True,True,True,A_core_lia_dem_valid
SITE_010_S0168,SITE_010,-13.3726277825877,-20.1718575026316,42.40186309814453,0.0752557136955583,0.0174747675003411,0.076093674732825,0.0177895635589195,42.40212691324265,42.40212691324265,42.40212691324265,1,True,True,True,A_core_lia_dem_valid
SITE_010_S0169,SITE_010,-11.2379236355664,-20.1623621397234,42.41191482543945,0.0803589328982271,0.0173336708992563,0.0717497027665919,0.0162583440297406,42.41208828927292,42.41208828927292,42.41208828927292,1,True,True,True,A_core_lia_dem_valid
SITE_010_S0170,SITE_010,-13.0459650439625,-20.5678931336175,42.40345001220703,0.0825315076761107,0.0188103339813998,0.0842812322521966,0.0186156461504229,42.40357884668777,42.40357884668777,42.40357884668777,1,True,True,True,A_core_lia_dem_valid
SITE_010_S0171,SITE_010,-10.2749807494027,-21.9905385776174,42.4084587097168,0.1010907996641302,0.0138605990983273,0.0931555731915409,0.0149078694628619,42.40838264313754,42.40838264313754,42.40838264313754,1,True,True,True,A_core_lia_dem_valid
SITE_010_S0172,SITE_010,-12.8421679614525,-16.8773009540474,42.40024948120117,0.088194684576563,0.0283813662248075,0.0891514652958766,0.0294092118851393,42.40033404572714,42.40033404572714,42.40033404572714,1,True,True,True,A_core_lia_dem_valid
SITE_010_S0173,SITE_010,-15.0197710498011,-17.2496410127176,42.40760803222656,0.0825206184417451,0.0280194755587379,0.0907535568614796,0.0286033881981391,42.40765709103562,42.40765709103562,42.40765709103562,1,True,True,True,A_core_lia_dem_valid
SITE_010_S0174,SITE_010,-14.0729299220726,-22.9532288508212,42.54055404663086,0.0717292408668789,0.013576135901504,0.0743679388461158,0.0141562761609059,42.54061959500105,42.54061959500105,42.54061959500105,1,True,True,True,A_core_lia_dem_valid
SITE_010_S0175,SITE_010,-11.9323947605953,-21.6319815014059,42.40357971191406,0.0827379709464006,0.0189920450184621,0.0826124731521668,0.0192957002917428,42.40346910017955,42.40346910017955,42.40346910017955,1,True,True,True,A_core_lia_dem_valid
SITE_010_S0176,SITE_010,-13.6084860208705,-16.1654399293142,42.39785003662109,0.1046683420511494,0.029652903203434,0.1040805361804244,0.0271851873582133,42.39770007593576,42.39770007593576,42.39770007593576,1,True,True,True,A_core_lia_dem_valid
SITE_010_S0177,SITE_010,-15.1038311459401,-18.0710742238197,42.40361404418945,0.0852071986278919,0.0284350677110215,0.0839406191463819,0.0278163272436246,42.40362028587521,42.40362028587521,42.40362028587521,1,True,True,True,A_core_lia_dem_valid
SITE_010_S0178,SITE_010,-12.2887180117949,-16.3058462796434,42.54738998413086,0.1213995697969925,0.039720887713209,0.1329963018773202,0.0410410200503635,42.54718107654047,42.54718107654047,42.54718107654047,1,True,True,True,A_core_lia_dem_valid
SITE_010_S0179,SITE_010,-11.954456696583,-16.3096046226388,42.40176010131836,0.0963052524348653,0.0300743933069668,0.0947139785155885,0.02903029749765,42.40154974629561,42.40154974629561,42.40154974629561,1,True,True,True,A_core_lia_dem_valid
SITE_010_S0180,SITE_010,-12.3421382778097,-15.5058988941148,42.40730285644531,0.104332918034826,0.0336110992950307,0.1095171661084055,0.0323407115826143,42.4075343855082,42.4075343855082,42.4075343855082,1,True,True,True,A_core_lia_dem_valid
SITE_010_S0181,SITE_010,-11.0137308906831,-15.7541187715961,42.40756607055664,0.0983139620453796,0.0332962307114004,0.0952652775738346,0.0322145811066166,42.40764082418256,42.40764082418256,42.40764082418256,1,True,True,True,A_core_lia_dem_valid
SITE_010_S0182,SITE_010,-15.8462289147851,-24.6750099380876,42.39942932128906,0.0589175174126653,0.0140007331770594,0.0609072438161266,0.0138848301577164,42.3995152675015,42.3995152675015,42.3995152675015,1,True,True,True,A_core_lia_dem_valid
SITE_010_S0183,SITE_010,-14.4957338600084,-20.8997945987723,42.4116439819336,0.0713584223123531,0.017931415368482,0.0660594097975831,0.0177570847183988,42.41177445084949,42.41177445084949,42.41177445084949,1,True,True,True,A_core_lia_dem_valid
SITE_010_S0184,SITE_010,-14.4815090864649,-17.8585431979409,42.40263366699219,0.0708497577506199,0.0268837107801802,0.0704549847319079,0.0263862953480372,42.40252436239887,42.40252436239887,42.40252436239887,1,True,True,True,A_core_lia_dem_valid
SITE_010_S0185,SITE_010,-15.7292501082563,-19.1010841824105,42.40464782714844,0.0923432673364473,0.0245543220309742,0.0926658854174392,0.0247340560416845,42.40461222531103,42.40461222531103,42.40461222531103,1,True,True,True,A_core_lia_dem_valid
SITE_010_S0186,SITE_010,-12.1141581850278,-17.0910196247595,42.40045166015625,0.0980714936917463,0.0260432975918746,0.1056019322737532,0.0255408897324493,42.40033111716808,42.40033111716808,42.40033111716808,1,True,True,True,A_core_lia_dem_valid
SITE_010_S0187,SITE_010,-12.6152165752893,-16.2717704138453,42.40006256103516,0.0834269913636154,0.0282038522149951,0.083225752030789,0.0273212084062799,42.39997215162795,42.39997215162795,42.39997215162795,1,True,True,True,A_core_lia_dem_valid
SITE_010_S0188,SITE_010,-13.9780894999484,-20.4845834540365,42.40181732177734,0.0620936219635091,0.0152361205459177,0.0713647173548253,0.0151758244266474,42.40198403906636,42.40198403906636,42.40198403906636,1,True,True,True,A_core_lia_dem_valid
SITE_010_S0189,SITE_010,-11.7921106127819,-18.9877587056775,42.41132354736328,0.0824855068972425,0.0186911402824586,0.075727211193122,0.0194799270972386,42.41125921326934,42.41125921326934,42.41125921326934,1,True,True,True,A_core_lia_dem_valid
SITE_010_S0190,SITE_010,-11.8807862655027,-17.7502589760631,42.4101676940918,0.0994628171982331,0.0234011536330018,0.0929806476229817,0.0239800610156669,42.41029218855186,42.41029218855188,42.41029218855186,1,True,True,True,A_core_lia_dem_valid
SITE_010_S0191,SITE_010,-11.4488408257323,-21.3978300063199,42.40177154541016,0.1012568462955798,0.0135970445724117,0.0932317590024443,0.0129899414253893,42.40178057336627,42.40178057336627,42.40178057336627,1,True,True,True,A_core_lia_dem_valid
SITE_010_S0192,SITE_010,-13.2208863716835,-21.5234191344007,42.40076065063477,0.0741841530888023,0.0151014853013132,0.0694743808304569,0.0142766720066704,42.40094311691645,42.40094311691645,42.40094311691645,1,True,True,True,A_core_lia_dem_valid
SITE_010_S0193,SITE_010,-14.8302940884946,-16.3069787637854,42.40533447265625,0.0677887618489965,0.0238318307613033,0.0653230870412099,0.019169676568161,42.40552525452529,42.40552525452529,42.40552525452529,1,True,True,True,A_core_lia_dem_valid
SITE_010_S0194,SITE_010,-11.3581317549844,-16.764592264992,42.402099609375,0.099878695293567,0.0254921660579174,0.1006796038952692,0.0226232189246414,42.40196359315506,42.40196359315506,42.40196359315506,1,True,True,True,A_core_lia_dem_valid
SITE_010_S0195,SITE_010,-12.5831813387539,-20.4571652507171,42.40826416015625,0.0808745134187603,0.0156959327800798,0.081766172272336,0.0163340909163711,42.40837894128441,42.40837894128441,42.40837894128441,1,True,True,True,A_core_lia_dem_valid
SITE_010_S0196,SITE_010,-11.5332582380408,-17.2679818387745,42.40176391601562,0.1048570630877198,0.0276252133343157,0.1048397128786367,0.0285999126393995,42.40176448611098,42.40176448611098,42.40176448611098,1,True,True,True,A_core_lia_dem_valid
SITE_010_S0197,SITE_010,-13.4106438624543,-21.0317872221638,42.4074821472168,0.0868192472878942,0.0167775639409787,0.0905098293676243,0.01659432512756,42.40746116337054,42.40746116337054,42.40746116337054,1,True,True,True,A_core_lia_dem_valid
SITE_010_S0198,SITE_010,-10.4735646292913,-15.9715457472593,42.40382766723633,0.1117811581775905,0.0294132832252668,0.1052190787283616,0.0277531266422725,42.40377260972517,42.40377260972517,42.40377260972517,1,True,True,True,A_core_lia_dem_valid
SITE_010_S0199,SITE_010,-11.0298380925456,-21.4767027566269,42.40423965454102,0.0997690450968024,0.0140194125906327,0.0905252587325044,0.0143809782905543,42.40417146833352,42.40417146833351,42.40417146833352,1,True,True,True,A_core_lia_dem_valid
SITE_010_S0200,SITE_010,-14.6260031149993,-18.1940934774524,42.39981079101562,0.0843181177262961,0.0305494554249129,0.0981711313554678,0.0305029622823286,42.4000094826946,42.4000094826946,42.4000094826946,1,True,True,True,A_core_lia_dem_valid
SITE_010_S0201,SITE_010,-14.7226851949088,-21.2993756492648,42.40195846557617,0.0683035314052061,0.0176275889645064,0.0819450977774528,0.0185326952606785,42.40184802966874,42.40184802966875,42.40184802966874,1,True,True,True,A_core_lia_dem_valid
SITE_010_S0202,SITE_010,-11.7784269712548,-17.5045768178055,42.40345764160156,0.1229449310556616,0.0321417116247413,0.1237427861427643,0.0321554849520472,42.40358710499992,42.40358710499992,42.40358710499992,1,True,True,True,A_core_lia_dem_valid
SITE_010_S0203,SITE_010,-12.4506395675989,-19.2894734494906,42.40741348266602,0.0865819704326231,0.026098378677486,0.0841533034486279,0.0263795984299214,42.40733118285748,42.40733118285748,42.40733118285748,1,True,True,True,A_core_lia_dem_valid
SITE_010_S0204,SITE_010,-12.9782522000069,-19.2205521540652,42.40805816650391,0.0827892349176167,0.0232917719212879,0.0820337985353324,0.0236873046132122,42.40800884233602,42.40800884233602,42.40800884233602,1,True,True,True,A_core_lia_dem_valid
SITE_010_S0205,SITE_010,-12.2611812969047,-19.6361389229486,42.40584182739258,0.0919152851675555,0.0236531190704653,0.0972270652897596,0.0241415628275527,42.40606417937146,42.40606417937146,42.40606417937146,1,True,True,True,A_core_lia_dem_valid
SITE_010_S0206,SITE_010,-11.8656765715824,-19.4136374772082,42.40591049194336,0.0838823292223014,0.0219393663330453,0.0835859668326446,0.0231398370592488,42.40577172210809,42.40577172210809,42.40577172210809,1,True,True,True,A_core_lia_dem_valid
SITE_010_S0207,SITE_010,-15.0936056315955,-22.9978461483899,42.40485000610352,0.0642519336810612,0.0183650995590095,0.066472732464312,0.018803147026369,42.40459758320477,42.40459758320477,42.40459758320477,1,True,True,True,A_core_lia_dem_valid
SITE_010_S0208,SITE_010,-10.3356815589015,-19.8983318587289,42.39936065673828,0.1057546264703492,0.0196858721431098,0.0895887976743377,0.0213954775760548,42.39955017690584,42.39955017690584,42.39955017690584,1,True,True,True,A_core_lia_dem_valid
SITE_010_S0209,SITE_010,-12.2515280464855,-20.7579955973898,42.39411926269531,0.0887714800390794,0.018783131592093,0.0878315729274712,0.0195956660985656,42.39426921482382,42.39426921482382,42.39426921482382,1,True,True,True,A_core_lia_dem_valid
SITE_010_S0210,SITE_010,-12.1089622043639,-17.0025439936884,42.39456939697266,0.1046681838425977,0.0267336426360764,0.1094310092046998,0.0288180160467147,42.39437774629357,42.39437774629357,42.39437774629357,1,True,True,True,A_core_lia_dem_valid
SITE_010_S0211,SITE_010,-11.6898039209637,-14.7600197499273,42.39005279541016,0.1188665585918357,0.0355325601013864,0.1208704157077787,0.0352658075801091,42.38999449155793,42.38999449155793,42.38999449155793,1,True,True,True,A_core_lia_dem_valid
SITE_010_S0212,SITE_010,-10.7428615084384,-18.1842141227247,42.39147567749024,0.103517452037166,0.0247713906941454,0.0979881395139104,0.0257981451033437,42.39127496276239,42.3912749627624,42.39127496276239,1,True,True,True,A_core_lia_dem_valid
SITE_010_S0213,SITE_010,-13.3165481845797,-16.0517961430143,42.39559555053711,0.0993879226523914,0.0368125450893623,0.1211323259765767,0.0361623839412081,42.39542770986673,42.39542770986673,42.39542770986673,1,True,True,True,A_core_lia_dem_valid
SITE_010_S0214,SITE_010,-10.4233142465722,-20.5217388204661,42.39430236816406,0.1027340131259509,0.0171337079309301,0.0861634311670656,0.0189764385902844,42.39429754150235,42.39429754150236,42.39429754150235,1,True,True,True,A_core_lia_dem_valid
SITE_010_S0215,SITE_010,-15.3212592994419,-15.8509674618476,42.39413452148438,0.062380195436561,0.0270872571671209,0.0681869641801278,0.0253091720187552,42.39401595660187,42.39401595660187,42.39401595660187,1,True,True,True,A_core_lia_dem_valid
SITE_010_S0216,SITE_010,-10.2279841821535,-18.4269623650216,42.3939323425293,0.1256963171568632,0.0224787975674803,0.1293892955487773,0.0232578704375463,42.39400305633738,42.39400305633738,42.39400305633738,1,True,True,True,A_core_lia_dem_valid
SITE_010_S0217,SITE_010,-13.4182063475675,-18.5881104126891,42.40593719482422,0.077478915827345,0.0197952244412175,0.0796350264932211,0.0200772412971075,42.40614214471966,42.40614214471966,42.40614214471966,1,True,True,True,A_core_lia_dem_valid
SITE_010_S0218,SITE_010,-11.2605834883807,-13.1232634156672,42.40439224243164,0.0968684441367755,0.0416281366345305,0.0960720709117023,0.0374106965141087,42.40418602112607,42.40418602112607,42.40418602112607,1,True,True,True,A_core_lia_dem_valid
SITE_010_S0219,SITE_010,-11.956448002424,-21.3749164984624,42.40632247924805,0.0914372949941009,0.0178612278524505,0.1010621024112919,0.0185799869445157,42.40617756522071,42.40617756522071,42.40617756522071,1,True,True,True,A_core_lia_dem_valid
SITE_010_S0220,SITE_010,-14.5490729336217,-18.9605085930922,42.40472793579102,0.0766150521284018,0.0212110617239464,0.0853287733348378,0.0207283120889157,42.40483623955193,42.40483623955193,42.40483623955193,1,True,True,True,A_core_lia_dem_valid
SITE_010_S0221,SITE_010,-12.2966063290857,-20.5704066146066,42.41139984130859,0.0682955495001247,0.0174991385628242,0.0688196220536312,0.0187451185586072,42.4111873492101,42.4111873492101,42.4111873492101,1,True,True,True,A_core_lia_dem_valid
SITE_010_S0222,SITE_010,-13.8234319247283,-17.9322948102167,42.55027389526367,0.0780843445660248,0.0229611486412853,0.0777988709332653,0.0243092323141493,42.55023204809494,42.55023204809494,42.55023204809494,1,True,True,True,A_core_lia_dem_valid
SITE_010_S0223,SITE_010,-12.4195479246685,-18.0439224598415,42.40644836425781,0.0892509220336915,0.0263867676730355,0.0927431743687072,0.0283758742463407,42.40632273644565,42.40632273644565,42.40632273644565,1,True,True,True,A_core_lia_dem_valid
SITE_010_S0224,SITE_010,-9.01652487553285,-15.4883096183112,42.39644241333008,0.0949180374016725,0.0263338589392122,0.1001093596353706,0.0287786005047394,42.39662002510595,42.39662002510595,42.39662002510595,1,True,True,True,A_core_lia_dem_valid
SITE_010_S0225,SITE_010,-11.2105687327402,-19.8818393336464,42.39340591430664,0.1018156894596885,0.0190356487844324,0.0995520298071776,0.0197103274381433,42.39346109728835,42.39346109728835,42.39346109728835,1,True,True,True,A_core_lia_dem_valid
SITE_010_S0226,SITE_010,-12.8451364763937,-15.6067707470273,42.39450073242188,0.0888579202988194,0.0347729663899651,0.089338418044454,0.0339763745735543,42.39464873567633,42.39464873567633,42.39464873567633,1,True,True,True,A_core_lia_dem_valid
SITE_010_S0227,SITE_010,-12.2989523547998,-18.6179426972923,42.40232086181641,0.1048392464750157,0.0243082506055337,0.1073809684989836,0.0260945358721165,42.40232736315734,42.40232736315734,42.40232736315734,1,True,True,True,A_core_lia_dem_valid
SITE_010_S0228,SITE_010,-13.3207911480988,-17.2538878687375,42.39962768554688,0.0888883045643461,0.0305088427427515,0.0885498928345019,0.0310854963345226,42.39964738174241,42.39964738174241,42.39964738174241,1,True,True,True,A_core_lia_dem_valid
SITE_010_S0229,SITE_010,-13.7264548905791,-21.4755606841393,42.40053939819336,0.0764228735172402,0.0127835930521908,0.076485023665087,0.0136368616181631,42.40063733598147,42.40063733598147,42.40063733598147,1,True,True,True,A_core_lia_dem_valid
SITE_010_S0230,SITE_010,-13.4214171482596,-21.6347663874621,42.39800643920898,0.0681416206792043,0.0167224380362993,0.0656903922438471,0.0168444847714269,42.39814229095614,42.39814229095614,42.39814229095614,1,True,True,True,A_core_lia_dem_valid
SITE_010_S0231,SITE_010,-13.6546617003899,-18.6047940195943,42.40891647338867,0.0769272940141053,0.0180499290790493,0.0768073686452074,0.0171152146223741,42.40872216126742,42.40872216126742,42.40872216126742,1,True,True,True,A_core_lia_dem_valid
SITE_010_S0232,SITE_010,-13.6486208758534,-20.1011158906444,42.40609359741211,0.0688695980276592,0.0199339279153678,0.0681393502362154,0.0209870684816495,42.40609119681481,42.40609119681481,42.40609119681481,1,True,True,True,A_core_lia_dem_valid
SITE_010_S0233,SITE_010,-11.6289331946903,-18.9897640831675,42.39742660522461,0.1049087998372269,0.0272451013315728,0.1100341118276127,0.0283775913068246,42.39718931078043,42.39718931078043,42.39718931078043,1,True,True,True,A_core_lia_dem_valid
SITE_010_S0234,SITE_010,-11.6743487003533,-17.6426563757565,42.4039192199707,0.1003197756960639,0.0292222386014296,0.1002013829943733,0.0311536581901823,42.40367172419254,42.40367172419254,42.40367172419254,1,True,True,True,A_core_lia_dem_valid
SITE_010_S0235,SITE_010,-13.9230320076315,-21.3941551761092,42.40063095092773,0.0705367876494834,0.0176994461098707,0.0689670115206783,0.0183132898999416,42.40052644700122,42.40052644700122,42.40052644700122,1,True,True,True,A_core_lia_dem_valid
SITE_010_S0236,SITE_010,-12.0210627765811,-19.8222156070709,42.39771270751953,0.0933088414684522,0.0168973861035354,0.0846057536157555,0.0172239649632363,42.39782889147369,42.39782889147369,42.39782889147369,1,True,True,True,A_core_lia_dem_valid
SITE_010_S0237,SITE_010,-13.1720172152964,-18.0374900520454,42.39507293701172,0.0812118817005553,0.0228423603357481,0.08824250945514,0.0231730597180634,42.39492290306934,42.39492290306934,42.39492290306934,1,True,True,True,A_core_lia_dem_valid
SITE_010_S0238,SITE_010,-8.81483823193001,-21.1666606721127,42.39057922363281,0.1386595571225095,0.0187372953824355,0.1192781752422947,0.0208928181513036,42.39060515342748,42.39060515342747,42.39060515342748,1,True,True,True,A_core_lia_dem_valid
SITE_010_S0239,SITE_010,-13.6209991200751,-18.8482798594338,42.38757705688477,0.074059195085446,0.0189532648788423,0.0756950012721393,0.0184891330686411,42.38773952765367,42.38773952765367,42.38773952765367,1,True,True,True,A_core_lia_dem_valid
SITE_010_S0240,SITE_010,-12.6640431594507,-21.0741171996705,42.38840103149414,0.0849936765435141,0.0169199570222248,0.0843702978488684,0.0175134952640443,42.38841844385757,42.38841844385757,42.38841844385757,1,True,True,True,A_core_lia_dem_valid
SITE_010_S0241,SITE_010,-14.0256150490904,-19.9550895979749,42.39410781860352,0.0710060837412736,0.0162837085925838,0.0715508670472069,0.0166709808964264,42.39426421276778,42.39426421276778,42.39426421276778,1,True,True,True,A_core_lia_dem_valid
SITE_010_S0242,SITE_010,-16.6260461539701,-20.6635523614321,42.39528274536133,0.0597101267195022,0.0179727201205948,0.0764134445466262,0.0209952459977298,42.3951619104563,42.39516191045632,42.3951619104563,1,True,True,True,A_core_lia_dem_valid
SITE_010_S0243,SITE_010,-15.0576699429897,-22.5606445319735,42.39602661132812,0.0612442155478784,0.012294879903865,0.0662058664080973,0.0152661952137706,42.39580700750983,42.39580700750982,42.39580700750983,1,True,True,True,A_core_lia_dem_valid
SITE_010_S0244,SITE_010,-11.785564809391,-19.7319893257773,42.3949089050293,0.0920870660994935,0.0195664686447741,0.0880276380192489,0.0207326772958172,42.3950684594642,42.3950684594642,42.3950684594642,1,True,True,True,A_core_lia_dem_valid
SITE_010_S0245,SITE_010,-14.3300793613799,-20.5055274594659,42.40006637573242,0.0772280841481545,0.0144483672138624,0.0810259997423426,0.0155231625379582,42.40006419521777,42.40006419521776,42.40006419521777,1,True,True,True,A_core_lia_dem_valid
SITE_010_S0246,SITE_010,-12.2922060413073,-23.1009064537086,42.40665435791016,0.1008268317273899,0.0159484678738071,0.1060646589738828,0.0203975138105791,42.40639696559894,42.40639696559894,42.40639696559894,1,True,True,True,A_core_lia_dem_valid
SITE_010_S0247,SITE_010,-11.26314232191,-17.4273599092775,42.40598297119141,0.1160786449239052,0.0232753968695078,0.1195596817442682,0.0246902439967786,42.40597066583326,42.40597066583326,42.40597066583326,1,True,True,True,A_core_lia_dem_valid
SITE_010_S0248,SITE_010,-13.2753161558212,-17.5242009794426,42.40982055664063,0.0820795425406869,0.0205176284161268,0.0852366965714401,0.0187937423878585,42.40974501237673,42.40974501237673,42.40974501237673,1,True,True,True,A_core_lia_dem_valid
SITE_010_S0249,SITE_010,-10.6074003167771,-28.6879819312241,42.3978157043457,0.0839581673045179,0.0117372759182749,0.07664412498846,0.015173717657134,42.39786896704126,42.39786896704126,42.39786896704126,1,True,True,True,A_core_lia_dem_valid
SITE_010_S0250,SITE_010,-8.78742298446466,-16.7795012005751,42.40218353271485,0.1343226547649732,0.02786170519822,0.1194288720053721,0.0276576541609937,42.4020689063602,42.40206890636021,42.4020689063602,1,True,True,True,A_core_lia_dem_valid
SITE_010_S0251,SITE_010,-7.34781796503412,-15.2156697125018,42.40301513671875,0.1683516024055533,0.0406494461404531,0.159990370025818,0.0403289553861121,42.40293283621921,42.40293283621921,42.40293283621921,1,True,True,True,A_core_lia_dem_valid
SITE_010_S0252,SITE_010,-7.78627463733938,-12.4603681761716,42.40472030639648,0.1526764050968116,0.0471391024788994,0.1498704024694289,0.0468255115833913,42.40475264210465,42.40475264210465,42.40475264210465,1,True,True,True,A_core_lia_dem_valid
SITE_010_S0253,SITE_010,-10.0549499679925,-16.7236169666469,42.39679336547852,0.1120995403130314,0.0256605034756016,0.1118119112734478,0.0261773173397014,42.39688375925665,42.39688375925665,42.39688375925665,1,True,True,True,A_core_lia_dem_valid
SITE_010_S0254,SITE_010,-10.8306944489552,-15.4357743220188,42.39200210571289,0.1054950424287895,0.0330949769173304,0.1047632030917839,0.0321638244509957,42.39217238069369,42.39217238069371,42.39217238069369,1,True,True,True,A_core_lia_dem_valid
SITE_010_S0255,SITE_010,-10.270376289165,-15.5461300104484,42.3919792175293,0.107077318636225,0.0312616174367517,0.103491696801346,0.0312390389527947,42.39211020681293,42.39211020681293,42.39211020681293,1,True,True,True,A_core_lia_dem_valid
SITE_011_S0001,SITE_011,-12.1602207211702,-17.1960562962626,44.7794075012207,0.0574302044072783,0.0114981651575201,0.0565961759152002,0.0117583286488589,44.77954010736374,44.77954010736374,44.77954010736374,1,True,True,True,A_core_lia_dem_valid
SITE_011_S0002,SITE_011,-10.8055449106886,-16.909265950602,36.87751388549805,0.0819502320507361,0.0236323860453234,0.0823725186300002,0.0238882038420365,36.8772175281235,36.8772175281235,36.8772175281235,1,True,True,True,A_core_lia_dem_valid
SITE_011_S0003,SITE_011,-13.9888223738164,-20.7071226096361,44.77906799316406,0.0548958868450588,0.0076573091683288,0.0567880603792558,0.0077630148260159,44.77918742197637,44.77918742197637,44.77918742197637,1,True,True,True,A_core_lia_dem_valid
SITE_011_S0004,SITE_011,-14.1212297961612,-17.8926305351343,44.77450180053711,0.0406946184693111,0.0097336128840429,0.0428412296019738,0.0099586471231125,44.77469987126413,44.77469987126413,44.77469987126413,1,True,True,True,A_core_lia_dem_valid
SITE_011_S0005,SITE_011,-11.8132175571054,-19.6767136238677,36.87052536010742,0.062739858503143,0.0116485490836203,0.0631075811511496,0.0118886392678398,36.87073128900225,36.87073128900225,36.87073128900225,1,True,True,True,A_core_lia_dem_valid
SITE_011_S0006,SITE_011,-13.2969926511627,-20.5188139358941,44.78415298461914,0.0684710139118962,0.0128334426621182,0.0685831347802354,0.0128719054048673,44.78425356755097,44.78425356755097,44.78425356755097,1,True,True,True,A_core_lia_dem_valid
SITE_011_S0007,SITE_011,-12.3395755523165,-16.6742083080463,36.87638092041016,0.0818377090990543,0.0191426758137014,0.0822337100825008,0.0193570251853619,36.87661686093789,36.87661686093789,36.87661686093789,1,True,True,True,A_core_lia_dem_valid
SITE_011_S0008,SITE_011,-11.6335611321131,-22.5641297738781,44.78121948242188,0.0613538242255648,0.0118676648392445,0.0619857211075263,0.0117582638780226,44.7814080570251,44.7814080570251,44.7814080570251,1,True,True,True,A_core_lia_dem_valid
SITE_011_S0009,SITE_011,-10.763200157674,-19.6337701724262,36.88209533691406,0.0682252006149954,0.0109255955699417,0.0691253233277871,0.0109974804322844,36.88224202544245,36.88224202544245,36.88224202544245,1,True,True,True,A_core_lia_dem_valid
SITE_011_S0010,SITE_011,-8.84431331984227,-14.0042651331998,36.88168334960938,0.1020109064214759,0.0219174001345204,0.1034493500077062,0.0219459355645525,36.88154680026798,36.88154680026798,36.88154680026798,1,True,True,True,A_core_lia_dem_valid
SITE_011_S0011,SITE_011,-12.8682538796526,-19.799714240136,36.87148666381836,0.0371725696780615,0.0100575880033688,0.0395534202646908,0.0102320160087841,36.87177787797561,36.87177787797561,36.87177787797561,1,True,True,True,A_core_lia_dem_valid
SITE_011_S0012,SITE_011,-16.6308667073192,-18.3005626370983,44.77812194824219,0.0294286143779754,0.0085236102518522,0.0305837914003196,0.0086796345559443,44.77830033676741,44.77830033676741,44.77830033676741,1,True,True,True,A_core_lia_dem_valid
SITE_011_S0013,SITE_011,-14.0722683217986,-18.5480444165674,36.86226272583008,0.0392122179266262,0.0113314462815307,0.0389440356641856,0.0119684353980948,36.86227468655804,36.86227468655804,36.86227468655804,1,True,True,True,A_core_lia_dem_valid
SITE_011_S0014,SITE_011,-18.6559128009012,-22.7413554583893,44.77729797363281,0.0331398884935443,0.0103618400492188,0.033401956008853,0.0103298833713303,44.77745514539998,44.77745514539998,44.77745514539998,1,True,True,True,A_core_lia_dem_valid
SITE_011_S0015,SITE_011,-13.2532432382494,-16.2723964847982,36.86783981323242,0.0402092923099796,0.0130390598273111,0.0412727085640683,0.0132848756932825,36.86780281535177,36.86780281535177,36.86780281535177,1,True,True,True,A_core_lia_dem_valid
SITE_011_S0016,SITE_011,-13.982359472679,-18.2048818612565,36.86970138549805,0.0624002369410461,0.0159218771900567,0.0625343046011148,0.0160287050045106,36.8695470746077,36.8695470746077,36.8695470746077,1,True,True,True,A_core_lia_dem_valid
SITE_011_S0017,SITE_011,-17.237004087621,-20.9041994296469,44.77392959594727,0.0336397164335681,0.0102778776021053,0.0343665569183689,0.010495641865641,44.77400572518615,44.77400572518615,44.77400572518615,1,True,True,True,A_core_lia_dem_valid
SITE_011_S0018,SITE_011,-10.9348561914964,-18.2793931691897,36.8619499206543,0.0395998650168379,0.0133220431281046,0.0463309237698752,0.0136830744892673,36.86179328723695,36.86179328723695,36.86179328723695,1,True,True,True,A_core_lia_dem_valid
SITE_011_S0019,SITE_011,-13.936156483381,-17.9161951518964,44.77788543701172,0.0352659654972603,0.0115710336870203,0.0363415304048784,0.0117968472292255,44.77782321164108,44.77782321164108,44.77782321164108,1,True,True,True,A_core_lia_dem_valid
SITE_011_S0020,SITE_011,-14.5501143579859,-20.6526080104275,36.86117935180664,0.0368700596089992,0.0121171252284612,0.0376640316013844,0.0117535738758912,36.86125314322371,36.86125314322371,36.86125314322371,1,True,True,True,A_core_lia_dem_valid
SITE_011_S0021,SITE_011,-11.8893871158915,-18.5883631819325,44.78110885620117,0.0396412298391253,0.0107970406528976,0.0387141101543912,0.0108589921856046,44.78100895431807,44.78100895431807,44.78100895431807,1,True,True,True,A_core_lia_dem_valid
SITE_011_S0022,SITE_011,-15.0817543082033,-17.8475251043074,36.85888671875,0.035361232947595,0.0123214113650222,0.0358406624686116,0.0125508548113528,36.85876973790448,36.85876973790448,36.85876973790448,1,True,True,True,A_core_lia_dem_valid
SITE_011_S0023,SITE_011,-15.8396596132948,-20.3828211836604,44.78250885009766,0.0401665992331173,0.008805689729235,0.0412941478054832,0.0088376862337979,44.78254328209584,44.78254328209584,44.78254328209584,1,True,True,True,A_core_lia_dem_valid
SITE_011_S0024,SITE_011,-14.39170254977,-22.4230469947784,36.87257766723633,0.0460654943891697,0.0112170761440777,0.0465827211305315,0.011287805915455,36.87272048753524,36.87272048753524,36.87272048753524,1,True,True,True,A_core_lia_dem_valid
SITE_011_S0025,SITE_011,-11.135839158669,-24.7169376543842,44.76171875,0.0404070510922206,0.0083938233828586,0.0425260996867087,0.0084345598253935,44.76179246115248,44.76179246115248,44.76179246115248,1,True,True,True,A_core_lia_dem_valid
SITE_011_S0026,SITE_011,-9.28291603337446,-20.6317764927932,44.76481246948242,0.0635075977858569,0.0152321324456069,0.064427599903242,0.0154452157521873,44.7648825660489,44.7648825660489,44.7648825660489,1,True,True,True,A_core_lia_dem_valid
SITE_011_S0027,SITE_011,-12.6440064843963,-19.3309990978018,36.89023208618164,0.0661603919416666,0.0177802470285031,0.0662467714261125,0.0176284356905049,36.89030486785831,36.89030486785831,36.89030486785831,1,True,True,True,A_core_lia_dem_valid
SITE_011_S0028,SITE_011,-15.6098161317099,-20.5337512559458,44.76704788208008,0.0497617752412599,0.0091969126913075,0.0487915893305047,0.009458375672609,44.76722593627197,44.76722593627197,44.76722593627197,1,True,True,True,A_core_lia_dem_valid
SITE_011_S0029,SITE_011,-11.1893240476164,-15.4341476316093,44.75901412963867,0.0557709774913059,0.0126549643071161,0.0564984104156862,0.0126812708038352,44.7590379852832,44.7590379852832,44.7590379852832,1,True,True,True,A_core_lia_dem_valid
SITE_011_S0030,SITE_011,-10.0499158913928,-20.3726664227636,36.88374328613281,0.1035367930101023,0.0177340130363073,0.1038174654479012,0.0178778008127837,36.88354318072188,36.88354318072188,36.88354318072188,1,True,True,True,A_core_lia_dem_valid
SITE_011_S0031,SITE_011,-13.4845531489425,-21.7978299578885,44.77191925048828,0.0658496777464946,0.0121708733267668,0.0660332128665322,0.0122821762095446,44.77206285149659,44.77206285149659,44.77206285149659,1,True,True,True,A_core_lia_dem_valid
SITE_011_S0032,SITE_011,-8.3214212626912,-17.7737035193805,36.88748168945312,0.0861791475862264,0.0123814866614217,0.0864132175419801,0.0126266299637701,36.88765899370302,36.88765899370302,36.88765899370302,1,True,True,True,A_core_lia_dem_valid
SITE_011_S0033,SITE_011,-8.82570857476142,-20.1718006957277,44.77314376831055,0.0734305030604203,0.0115793588095241,0.0736213627528434,0.0118687666668614,44.77292037228099,44.77292037228099,44.77292037228099,1,True,True,True,A_core_lia_dem_valid
SITE_011_S0034,SITE_011,-8.95818127839311,-18.7973259463994,44.76681518554688,0.0691152363974187,0.0122090410792993,0.0696460937848272,0.0120389310980285,44.76653886794443,44.76653886794443,44.76653886794443,1,True,True,True,A_core_lia_dem_valid
SITE_011_S0035,SITE_011,-9.98042127548078,-17.5848129062161,44.76457595825195,0.0583444430058201,0.0124503148445445,0.0588053068974347,0.0125817055780049,44.76467493051854,44.76467493051854,44.76467493051854,1,True,True,True,A_core_lia_dem_valid
SITE_011_S0036,SITE_011,-11.9442085393113,-23.0350218151763,44.77124404907227,0.0486352265957329,0.006403436474502,0.0489309403125518,0.006437381955728,44.77108764168904,44.77108764168903,44.77108764168904,1,True,True,True,A_core_lia_dem_valid
SITE_011_S0037,SITE_011,-9.21367002263453,-20.5460648588031,36.89582824707031,0.0803694946732786,0.0131752782904853,0.0806452128889016,0.0125674242239215,36.89574798843178,36.89574798843178,36.89574798843178,1,True,True,True,A_core_lia_dem_valid
SITE_011_S0038,SITE_011,-14.0481937667738,-18.1509832057287,44.75640869140625,0.0460027570649981,0.0109001536703565,0.0489959279787014,0.0110431673787649,44.75659646918657,44.75659646918656,44.75659646918657,1,True,True,True,A_core_lia_dem_valid
SITE_011_S0039,SITE_011,-11.9409351202101,-20.0112102341494,36.9001350402832,0.0598910107008285,0.0132672642264515,0.0602971516232247,0.0130459660379711,36.89997357223827,36.89997357223827,36.89997357223827,1,True,True,True,A_core_lia_dem_valid
SITE_011_S0040,SITE_011,-11.6729277677723,-18.8022111893912,44.76054763793945,0.0796056943038951,0.0108958690483544,0.0823606286538878,0.0105201805994294,44.76071231652148,44.76071231652148,44.76071231652148,1,True,True,True,A_core_lia_dem_valid
SITE_011_S0041,SITE_011,-17.2054614081821,-23.3077327394549,36.89315414428711,0.0371651297308504,0.0058263227646189,0.0393003901622707,0.0060834931277763,36.89330716804022,36.89330716804022,36.89330716804022,1,True,True,True,A_core_lia_dem_valid
SITE_011_S0042,SITE_011,-17.6997947916447,-22.1420912544324,44.77715301513672,0.0289798769582476,0.0063206532799312,0.0294394423935325,0.0057178190086624,44.77710134583575,44.77710134583575,44.77710134583575,1,True,True,True,A_core_lia_dem_valid
SITE_011_S0043,SITE_011,-16.1176841139106,-24.9031818333359,36.9033088684082,0.0373561339825391,0.0047429941420982,0.0374160455437693,0.0052714603076372,36.90311513122577,36.90311513122577,36.90311513122577,1,True,True,True,A_core_lia_dem_valid
SITE_011_S0044,SITE_011,-11.4764392010057,-20.6376143737018,44.76775360107422,0.0750556826073729,0.0127660292262832,0.0740941752596754,0.0129444432467291,44.76759432967096,44.76759432967096,44.76759432967096,1,True,True,True,A_core_lia_dem_valid
SITE_011_S0045,SITE_011,-12.9869222102643,-20.8409549751939,36.87702560424805,0.0590817815463152,0.0075929166515083,0.0585699766352353,0.0072697629041392,36.87710041763047,36.87710041763047,36.87710041763047,1,True,True,True,A_core_lia_dem_valid
SITE_011_S0046,SITE_011,-13.9371921986678,-24.1027979954661,44.76737594604492,0.0373512156230433,0.0078376747157895,0.0349086523107918,0.0083192001352509,44.76733078137793,44.76733078137793,44.76733078137793,1,True,True,True,A_core_lia_dem_valid
SITE_011_S0047,SITE_011,-14.759134398188,-24.1351274365381,36.87837600708008,0.0431579458322323,0.0109218731087942,0.0431552428645432,0.0104066080487893,36.87829416197675,36.87829416197675,36.87829416197675,1,True,True,True,A_core_lia_dem_valid
SITE_011_S0048,SITE_011,-10.6107010255843,-18.5503792097217,44.7778549194336,0.0700090489950445,0.0194481310776124,0.0706929909000978,0.0194712562283018,44.77803612115023,44.77803612115023,44.77803612115023,1,True,True,True,A_core_lia_dem_valid
SITE_011_S0049,SITE_011,-11.6079218189636,-17.286115500819,36.86978530883789,0.0731036513629886,0.0233469471438891,0.0744081278586829,0.0235651899320015,36.86961577491145,36.86961577491145,36.86961577491145,1,True,True,True,A_core_lia_dem_valid
SITE_011_S0050,SITE_011,-11.1849609624496,-16.4376254173563,36.87527084350586,0.077411947482162,0.0229495347518887,0.0786158254740336,0.0232582913001102,36.87560535084334,36.87560535084334,36.87560535084334,1,True,True,True,A_core_lia_dem_valid
SITE_011_S0051,SITE_011,-11.200477708857,-15.5690897278705,44.77935409545898,0.0771348412666056,0.022325916998884,0.0754598865659281,0.0221998085781008,44.77933198627422,44.77933198627422,44.77933198627422,1,True,True,True,A_core_lia_dem_valid
SITE_011_S0052,SITE_011,-8.57363369134387,-15.6760904230428,44.77351760864258,0.0917932879096931,0.0256578156867677,0.0906874959812748,0.0254231069708543,44.77374616658912,44.77374616658912,44.77374616658912,1,True,True,True,A_core_lia_dem_valid
SITE_011_S0053,SITE_011,-11.7863693136383,-17.6098951799051,36.88119125366211,0.0799296243199043,0.0214766472184823,0.0800280307164346,0.0213548656455028,36.88095244373937,36.88095244373937,36.88095244373937,1,True,True,True,A_core_lia_dem_valid
SITE_011_S0054,SITE_011,-11.0420901603374,-14.9814462488601,44.77621459960938,0.0661278546022044,0.0220718324379,0.0672612942097547,0.0216066892528408,44.77633819989354,44.77633819989354,44.77633819989354,1,True,True,True,A_core_lia_dem_valid
SITE_011_S0055,SITE_011,-9.34553151092089,-19.2312846270194,36.87506866455078,0.0915393934978379,0.0211429769173264,0.0924790351331969,0.0213735281769515,36.87491454645047,36.87491454645047,36.87491454645047,1,True,True,True,A_core_lia_dem_valid
SITE_011_S0056,SITE_011,-11.0242273845275,-20.1300164304854,44.77334213256836,0.0623302496845523,0.0161013973628481,0.0642294812797563,0.0159598231757128,44.77330621454268,44.77330621454268,44.77330621454268,1,True,True,True,A_core_lia_dem_valid
SITE_011_S0057,SITE_011,-10.2554687548368,-24.3399228229457,36.87507247924805,0.077934402136339,0.0176148881990876,0.078837218089604,0.0178417914691898,36.87516482836514,36.87516482836514,36.87516482836514,1,True,True,True,A_core_lia_dem_valid
SITE_011_S0058,SITE_011,-9.40816614235269,-16.0329283735805,44.77400588989258,0.0954685984572534,0.0230341649432285,0.0954863569273529,0.0217349097150699,44.7738605565349,44.7738605565349,44.7738605565349,1,True,True,True,A_core_lia_dem_valid
SITE_011_S0059,SITE_011,-12.8649581551541,-22.2828265562492,36.87447738647461,0.0680385538933167,0.0171804306645774,0.0669840932166017,0.016697598583173,36.87453529604793,36.87453529604793,36.87453529604793,1,True,True,True,A_core_lia_dem_valid
SITE_011_S0060,SITE_011,-11.9827315165418,-17.1261222133315,44.77033233642578,0.0678200488578747,0.0186249884414269,0.0675227562998341,0.0180792217914209,44.77060168241657,44.77060168241657,44.77060168241657,1,True,True,True,A_core_lia_dem_valid
SITE_011_S0061,SITE_011,-9.33424044620211,-21.375022802604,36.87247085571289,0.0738102435444792,0.0129289579305997,0.0737456797013118,0.0127827730844055,36.87236042748685,36.87236042748685,36.87236042748685,1,True,True,True,A_core_lia_dem_valid
SITE_011_S0062,SITE_011,-13.0280541069919,-17.5640160255159,44.766357421875,0.0504361997948365,0.0128780350906567,0.0506901405474045,0.0130615349806109,44.76648167976271,44.76648167976271,44.76648167976271,1,True,True,True,A_core_lia_dem_valid
SITE_011_S0063,SITE_011,-9.79026669481998,-16.6810856027432,36.85859298706055,0.1141133863655346,0.0135702203027904,0.1129040674290355,0.0136733579462003,36.85850420711844,36.85850420711844,36.85850420711844,1,True,True,True,A_core_lia_dem_valid
SITE_011_S0064,SITE_011,-14.6082696952281,-19.3362173125395,44.7669792175293,0.0396397597942915,0.0080757688027289,0.0400676907237941,0.0081089189067453,44.76703752224124,44.76703752224124,44.76703752224124,1,True,True,True,A_core_lia_dem_valid
SITE_011_S0065,SITE_011,-8.05560602228849,-21.6155557100243,36.87540435791016,0.065947261945241,0.0084446272571652,0.0661708262725665,0.0083307164652989,36.87571554571194,36.87571554571194,36.87571554571194,1,True,True,True,A_core_lia_dem_valid
SITE_011_S0066,SITE_011,-13.8277133613833,-30.0003835499143,44.77602005004883,0.0471394382885498,0.0051197459943217,0.0426269285635238,0.0061662512947348,44.77590228913151,44.77590228913152,44.77590228913151,1,True,True,True,A_core_lia_dem_valid
SITE_011_S0067,SITE_011,-9.71745904100691,-18.5521619924318,36.86056518554688,0.0995797479758791,0.0108753315079957,0.0978481143936848,0.0109476100800581,36.86036150230551,36.86036150230551,36.86036150230551,1,True,True,True,A_core_lia_dem_valid
SITE_011_S0068,SITE_011,-16.4869588669038,-19.4444987910216,44.76792907714844,0.0530477623186177,0.0086071652675875,0.0532866261522864,0.0089457406698317,44.767855461531,44.767855461531,44.767855461531,1,True,True,True,A_core_lia_dem_valid
SITE_011_S0069,SITE_011,-11.185365232208,-18.4221013102136,44.78031158447266,0.0819485600251288,0.0115385638073914,0.0815372798483787,0.0116888288833936,44.78023126817035,44.78023126817035,44.78023126817035,1,True,True,True,A_core_lia_dem_valid
SITE_011_S0070,SITE_011,-6.90442809727151,-16.9396127528811,36.86192321777344,0.1583739617460282,0.0123317680235198,0.1468597706917742,0.0126481722053475,36.86173242534792,36.86173242534792,36.86173242534792,1,True,True,True,A_core_lia_dem_valid
SITE_011_S0071,SITE_011,-6.20968666275385,-20.4271392435922,36.870361328125,0.1484487284436209,0.012646004229577,0.1401306785278317,0.0127712601615494,36.87049418734694,36.87049418734694,36.87049418734694,1,True,True,True,A_core_lia_dem_valid
SITE_011_S0072,SITE_011,-9.61129951397278,-23.3690390000085,36.86272048950195,0.0810196920318735,0.0069495427107904,0.0805486505356178,0.0070094626881095,36.86298133371307,36.86298133371306,36.86298133371307,1,True,True,True,A_core_lia_dem_valid
SITE_011_S0073,SITE_011,-12.6296179080563,-21.4225784313643,44.76981353759766,0.0773123858869075,0.0106619218286747,0.075910923884431,0.01065948002736,44.76999409672286,44.76999409672285,44.76999409672286,1,True,True,True,A_core_lia_dem_valid
SITE_011_S0074,SITE_011,-11.6422088522661,-24.5770159562407,36.8712043762207,0.0562612729850742,0.0049648767402166,0.0563175336646635,0.0053537920216855,36.87109583270941,36.87109583270941,36.87109583270941,1,True,True,True,A_core_lia_dem_valid
SITE_011_S0075,SITE_011,-11.6129861720408,-17.6148075278397,44.77898788452149,0.0788851782638165,0.0115247580253829,0.0792071307188383,0.0115689671314378,44.77876657675975,44.77876657675975,44.77876657675975,1,True,True,True,A_core_lia_dem_valid
SITE_011_S0076,SITE_011,-8.9744420078587,-24.3722029106865,36.87198638916016,0.0723776356710328,0.0089286755817011,0.0720868169129998,0.0085194228109142,36.87219666564443,36.87219666564443,36.87219666564443,1,True,True,True,A_core_lia_dem_valid
SITE_011_S0077,SITE_011,-9.05898903370548,-25.7408713050982,36.85712432861328,0.0989019013031499,0.0093887582183298,0.0940208189314321,0.0095376746973919,36.85704096519586,36.85704096519585,36.85704096519586,1,True,True,True,A_core_lia_dem_valid
SITE_011_S0078,SITE_011,-17.2070650687202,-25.9677422827105,44.76580429077149,0.0337549510101477,0.0049223677187951,0.0339488125016539,0.0048519081692119,44.76580362818089,44.76580362818089,44.76580362818089,1,True,True,True,A_core_lia_dem_valid
SITE_011_S0079,SITE_011,-8.99136918039902,-23.1532230176141,36.87726211547852,0.0990217376391178,0.0095022586138091,0.0972800127852711,0.0096321128034744,36.87703549344911,36.87703549344911,36.87703549344911,1,True,True,True,A_core_lia_dem_valid
SITE_011_S0080,SITE_011,-18.0314588953155,-22.9793354068073,44.78148651123047,0.0583348787865704,0.00966822574536,0.0577620409277302,0.0095513685791816,44.78147550272695,44.78147550272695,44.78147550272695,1,True,True,True,A_core_lia_dem_valid
SITE_011_S0081,SITE_011,-9.32114369232538,-22.130371732385,36.85528182983398,0.1042682255700456,0.0122264681477099,0.1047935411297896,0.012426695881185,36.8551243311652,36.8551243311652,36.8551243311652,1,True,True,True,A_core_lia_dem_valid
SITE_011_S0082,SITE_011,-14.0087885592017,-20.6456821595973,44.7645149230957,0.0684317490044567,0.0123692804730186,0.0684265035542624,0.012496530941722,44.76464725051823,44.76464725051823,44.76464725051823,1,True,True,True,A_core_lia_dem_valid
SITE_011_S0083,SITE_011,-13.1068196966463,-22.234625014414,36.87528610229492,0.053527652207348,0.0070546710058503,0.054274319132537,0.0072616280979847,36.8752676370884,36.8752676370884,36.8752676370884,1,True,True,True,A_core_lia_dem_valid
SITE_011_S0084,SITE_011,-9.28151335978508,-20.4737826804771,36.85800170898438,0.1049246776983854,0.0123314077852086,0.1044453985500871,0.012620111371471,36.8577206696799,36.8577206696799,36.8577206696799,1,True,True,True,A_core_lia_dem_valid
SITE_011_S0085,SITE_011,-14.0665503629196,-16.9763521887272,44.76099014282227,0.0637732225555692,0.0112338507025399,0.0652796831571228,0.0115491027373601,44.76086400725571,44.76086400725571,44.76086400725571,1,True,True,True,A_core_lia_dem_valid
SITE_011_S0086,SITE_011,-8.33545286748952,-19.0767684329325,36.86875915527344,0.0968035110086202,0.0134211211910264,0.0969289403603712,0.013548132598883,36.86862397013744,36.86862397013744,36.86862397013744,1,True,True,True,A_core_lia_dem_valid
SITE_011_S0087,SITE_011,-15.8501902046474,-23.0645478135584,44.77227020263672,0.0440564735606312,0.0065809543544633,0.0446715960357292,0.0064997932964695,44.77210057512539,44.77210057512539,44.77210057512539,1,True,True,True,A_core_lia_dem_valid
SITE_011_S0088,SITE_011,-12.2393727000154,-36.384913424106,36.8646354675293,0.0327694184436566,0.0028535888388592,0.0328912777221405,0.0034684282625422,36.86498168882874,36.86498168882874,36.86498168882874,1,True,True,True,A_core_lia_dem_valid
SITE_011_S0089,SITE_011,-13.7732247048337,-25.9021263366269,44.7706413269043,0.0345063253119587,0.0074073333210415,0.0349160123953226,0.0070916504976119,44.77069192728159,44.77069192728159,44.77069192728159,1,True,True,True,A_core_lia_dem_valid
SITE_011_S0090,SITE_011,-12.4370220535339,-18.658638651157,36.86826705932617,0.0486906380992796,0.0071336338989557,0.0490263659111511,0.0078754034164328,36.86816019965256,36.86816019965256,36.86816019965256,1,True,True,True,A_core_lia_dem_valid
SITE_011_S0091,SITE_011,-11.4097699355873,-22.7263911268089,36.86747741699219,0.0517231343810757,0.0056919659566806,0.0521419175130165,0.0056174991428544,36.86769053969162,36.86769053969162,36.86769053969162,1,True,True,True,A_core_lia_dem_valid
SITE_011_S0092,SITE_011,-16.0011342540568,-22.1911279515015,44.77426147460938,0.0300184291704661,0.005390085838502,0.0303609620938422,0.0058941571911698,44.77439653143132,44.77439653143132,44.77439653143132,1,True,True,True,A_core_lia_dem_valid
SITE_011_S0093,SITE_011,-11.8186703349912,-25.2368140851677,36.87284851074219,0.0506832907638616,0.0045813076979703,0.0517909124728154,0.0045187288910196,36.87261896579517,36.87261896579517,36.87261896579517,1,True,True,True,A_core_lia_dem_valid
SITE_011_S0094,SITE_011,-17.0264160043152,-26.0201656331601,44.77238464355469,0.0280248397340377,0.0032409772358692,0.0282272239125989,0.0032424827968483,44.77262445580353,44.77262445580353,44.77262445580353,1,True,True,True,A_core_lia_dem_valid
SITE_011_S0095,SITE_011,-9.9857411090928,-15.9312207737168,36.86380004882812,0.1129118755958361,0.0138699468815078,0.1114611032475718,0.014254229880939,36.86373037605598,36.86373037605598,36.86373037605598,1,True,True,True,A_core_lia_dem_valid
SITE_011_S0096,SITE_011,-12.0221064338816,-19.5248064642964,44.77190399169922,0.0598850146875919,0.0095811728522595,0.0589588287045419,0.0095573583342027,44.77195888688376,44.77195888688376,44.77195888688376,1,True,True,True,A_core_lia_dem_valid
SITE_011_S0097,SITE_011,-12.079321433806,-22.9540568453783,36.85573577880859,0.0566800312201182,0.0065956199795214,0.0563786540483986,0.0064564125328974,36.85566763482634,36.85566763482633,36.85566763482634,1,True,True,True,A_core_lia_dem_valid
SITE_011_S0098,SITE_011,-13.8602393673226,-23.2010475567854,44.76608276367188,0.0317219109978112,0.0063483044148112,0.031914324078157,0.0064445843109144,44.76599390146781,44.76599390146781,44.76599390146781,1,True,True,True,A_core_lia_dem_valid
SITE_011_S0099,SITE_011,-10.3560290744425,-19.2755982622765,36.87991333007812,0.1020604284927015,0.0154659012839612,0.0994933583805051,0.0155117561061485,36.87964610068564,36.87964610068564,36.87964610068564,1,True,True,True,A_core_lia_dem_valid
SITE_011_S0100,SITE_011,-10.4915398032952,-19.9411820002754,44.77772521972656,0.0653623517351947,0.0090367017603582,0.0664516865845185,0.0091933682020561,44.77800318639983,44.77800318639982,44.77800318639983,1,True,True,True,A_core_lia_dem_valid
SITE_011_S0101,SITE_011,-13.3041525855916,-20.6860631743364,36.87993240356445,0.1035110092825359,0.0222247996264033,0.1041289148626872,0.0221788249665364,36.87967367775605,36.87967367775605,36.87967367775605,1,True,True,True,A_core_lia_dem_valid
SITE_011_S0102,SITE_011,-13.065434092962,-19.6314584469884,44.78108215332031,0.0737741591201888,0.0152112736718522,0.0732300505244437,0.015146600065984,44.78119397238317,44.78119397238317,44.78119397238317,1,True,True,True,A_core_lia_dem_valid
SITE_011_S0103,SITE_011,-12.0125918954769,-20.0571197669634,36.86668014526367,0.0932094281295117,0.0173381217538903,0.0930372375169334,0.0180531320017468,36.86658546181361,36.86658546181361,36.86658546181361,1,True,True,True,A_core_lia_dem_valid
SITE_011_S0104,SITE_011,-17.9389355171838,-16.6702821821223,36.87141799926758,0.0812699443391627,0.0171972357852612,0.0811330490481154,0.0167220403087372,36.87137495353465,36.87137495353465,36.87137495353465,1,True,True,True,A_core_lia_dem_valid
SITE_011_S0105,SITE_011,-14.7693542675776,-18.3765841752847,44.76757431030273,0.0583155796097384,0.0119237481404302,0.0566906584139711,0.0119760041957577,44.7675553282152,44.7675553282152,44.7675553282152,1,True,True,True,A_core_lia_dem_valid
SITE_011_S0106,SITE_011,-12.3087543867234,-21.2879203674887,36.86928558349609,0.0989906161518731,0.0213466723615096,0.0988047408500682,0.0210229268891801,36.86920978367009,36.86920978367009,36.86920978367009,1,True,True,True,A_core_lia_dem_valid
SITE_011_S0107,SITE_011,-13.4201300539379,-19.9769198830562,44.77589797973633,0.0592795605916115,0.0166623664140287,0.0583260020307454,0.0166452276216888,44.7758988991577,44.7758988991577,44.7758988991577,1,True,True,True,A_core_lia_dem_valid
SITE_011_S0108,SITE_011,-15.9116452703274,-21.6954524758949,36.87253189086914,0.0585708987630075,0.0122986544415079,0.0600442473121263,0.0124873979012411,36.87227727460063,36.87227727460063,36.87227727460063,1,True,True,True,A_core_lia_dem_valid
SITE_011_S0109,SITE_011,-13.3644058334603,-17.9381328628724,44.76621627807617,0.0422635856146613,0.0105230575587807,0.0429640627712195,0.0106201467759056,44.76604363237752,44.76604363237752,44.76604363237752,1,True,True,True,A_core_lia_dem_valid
SITE_011_S0110,SITE_011,-16.4874110107836,-21.7549660214502,36.86623764038086,0.0478568331483337,0.0158166888759781,0.0486880029597296,0.0159225721750408,36.86617866966317,36.86617866966317,36.86617866966317,1,True,True,True,A_core_lia_dem_valid
SITE_011_S0111,SITE_011,-11.4752887901484,-19.7861387165683,44.77401351928711,0.0425131754535767,0.0130678064081196,0.0432329182805102,0.013049220135033,44.77415622128665,44.77415622128666,44.77415622128665,1,True,True,True,A_core_lia_dem_valid
SITE_011_S0112,SITE_011,-15.5886521212265,-17.1962238389739,36.87705612182617,0.0467909854964325,0.0103303730234296,0.0474265012912559,0.0103504461794516,36.87731623619455,36.87731623619455,36.87731623619455,1,True,True,True,A_core_lia_dem_valid
SITE_011_S0113,SITE_011,-14.9220616877995,-22.4468735682918,44.76922607421875,0.0408753599226474,0.0083532737754285,0.0415584271609337,0.0084272599426661,44.76937114561836,44.76937114561834,44.76937114561836,1,True,True,True,A_core_lia_dem_valid
SITE_011_S0114,SITE_011,-9.34409678564346,-18.481124891517,36.86390686035156,0.1195851618873853,0.0176429767364629,0.1177343773224122,0.0177486957513881,36.86366602459793,36.86366602459794,36.86366602459793,1,True,True,True,A_core_lia_dem_valid
SITE_011_S0115,SITE_011,-10.2034941797619,-21.4888537239879,44.77070617675781,0.0807018068574015,0.0093311501449594,0.0758735265750994,0.0094194652004466,44.77062698118847,44.77062698118847,44.77062698118847,1,True,True,True,A_core_lia_dem_valid
SITE_011_S0116,SITE_011,-13.1840782223443,-25.0614030002791,36.87934112548828,0.0435525673435046,0.0046966603132881,0.0431182717461914,0.0054637441722345,36.87946791195734,36.87946791195733,36.87946791195734,1,True,True,True,A_core_lia_dem_valid
SITE_011_S0117,SITE_011,-14.1057793086874,-21.2967289782735,44.77211761474609,0.034680258648263,0.0056136715546664,0.0351226007684072,0.0059704183716568,44.77206924687913,44.77206924687913,44.77206924687913,1,True,True,True,A_core_lia_dem_valid
SITE_011_S0118,SITE_011,-8.21698389738769,-21.4940859296047,36.85829544067383,0.1355700846272402,0.0119348181418214,0.1341363469694826,0.01229531207535,36.85827983542219,36.85827983542219,36.85827983542219,1,True,True,True,A_core_lia_dem_valid
SITE_011_S0119,SITE_011,-10.7205522415026,-21.6247178051106,44.76826477050781,0.0553424143671622,0.0078072152592034,0.0522010263914244,0.0078073796452029,44.76850841759357,44.76850841759357,44.76850841759357,1,True,True,True,A_core_lia_dem_valid
SITE_011_S0120,SITE_011,-18.5136519810694,-23.4309775472851,36.87677383422852,0.0330147137492895,0.0045340365165668,0.033379246447224,0.004840612874107,36.87699496199093,36.87699496199093,36.87699496199093,1,True,True,True,A_core_lia_dem_valid
SITE_011_S0121,SITE_011,-10.1761394308723,-24.236181165081,44.77046966552734,0.0606519331162174,0.0083116087959044,0.0606010967350484,0.0083475873901302,44.77027329002571,44.77027329002571,44.77027329002571,1,True,True,True,A_core_lia_dem_valid
SITE_011_S0122,SITE_011,-16.2237058444218,-21.2406869039244,36.8613395690918,0.0311166679486632,0.005495082190249,0.0316345794434532,0.0060387753447944,36.86144087263494,36.86144087263495,36.86144087263494,1,True,True,True,A_core_lia_dem_valid
SITE_011_S0123,SITE_011,-14.9648667780749,-26.2224124979138,44.76708984375,0.0246573267059607,0.0036801604021746,0.0263467301238397,0.0038078305988881,44.76724758112184,44.76724758112184,44.76724758112184,1,True,True,True,A_core_lia_dem_valid
SITE_011_S0124,SITE_011,-10.9693979259983,-17.3043982529561,36.87191390991211,0.0734038342736659,0.0114416953786793,0.0729199377120921,0.012360601477708,36.87169760818002,36.87169760818002,36.87169760818002,1,True,True,True,A_core_lia_dem_valid
SITE_011_S0125,SITE_011,-8.89506392258034,-20.7011578085605,44.76831817626953,0.0856245747957804,0.0097375181314742,0.0818697584021825,0.0094740863156152,44.76815305161695,44.76815305161693,44.76815305161695,1,True,True,True,A_core_lia_dem_valid
SITE_011_S0126,SITE_011,-12.4165660026373,-19.0167690189481,36.86478805541992,0.0642593109028207,0.0114624625770375,0.0643822605346823,0.0116895645047986,36.86496673343689,36.86496673343689,36.86496673343689,1,True,True,True,A_core_lia_dem_valid
SITE_011_S0127,SITE_011,-11.4681055047834,-20.7687306537701,44.77155303955078,0.0410294696771436,0.0086385626004387,0.0415499401591918,0.0090301007576934,44.77158114340452,44.77158114340452,44.77158114340452,1,True,True,True,A_core_lia_dem_valid
SITE_011_S0128,SITE_011,-12.9942605086111,-20.84388704027,36.88720321655273,0.0359674943093624,0.0079872672548242,0.0364608334153524,0.0079032722582211,36.88725254379028,36.88725254379028,36.88725254379028,1,True,True,True,A_core_lia_dem_valid
SITE_011_S0129,SITE_011,-13.007551025112,-23.1276005008148,44.76930999755859,0.0326831654459238,0.0065203046020016,0.032923060909871,0.0066295854871759,44.76946855643659,44.76946855643659,44.76946855643659,1,True,True,True,A_core_lia_dem_valid
SITE_011_S0130,SITE_011,-13.8601394140338,-23.1121524084306,36.86746215820312,0.036173768316706,0.0074744504146898,0.0368675671412069,0.0074596915177408,36.8676272388378,36.8676272388378,36.8676272388378,1,True,True,True,A_core_lia_dem_valid
SITE_011_S0131,SITE_011,-12.795141458691,-22.0947029357689,44.77264785766602,0.0292480044998228,0.0084109361035128,0.0293081991121521,0.0085964120738423,44.77253753364704,44.77253753364704,44.77253753364704,1,True,True,True,A_core_lia_dem_valid
SITE_011_S0132,SITE_011,-13.3714640698415,-18.9203264014743,36.88431167602539,0.042662635234495,0.009667608945323,0.0433330741115374,0.0090955203659054,36.88420041022192,36.88420041022192,36.88420041022192,1,True,True,True,A_core_lia_dem_valid
SITE_011_S0133,SITE_011,-11.8557927999366,-20.1818536128248,44.75196075439453,0.0652042810366486,0.0141741626109513,0.0638200532079437,0.0142817633886488,44.75170036656174,44.75170036656174,44.75170036656174,1,True,True,True,A_core_lia_dem_valid
SITE_011_S0134,SITE_011,-13.3477496852385,-18.0757347447819,36.85530090332031,0.0422803614431222,0.0099908885199369,0.0414525272146825,0.0099968250746045,36.85543885520509,36.85543885520509,36.85543885520509,1,True,True,True,A_core_lia_dem_valid
SITE_011_S0135,SITE_011,-12.1899130924614,-24.9624734604872,44.76668930053711,0.0353817987845589,0.0093039843848802,0.036029143232325,0.0093285594172315,44.76686433992413,44.76686433992413,44.76686433992413,1,True,True,True,A_core_lia_dem_valid
SITE_011_S0136,SITE_011,-14.1202549560104,-20.705931849003,36.88979339599609,0.0589400038391614,0.0132032476881676,0.0593763429837322,0.0135441607293786,36.88952021894867,36.88952021894867,36.88952021894867,1,True,True,True,A_core_lia_dem_valid
SITE_011_S0137,SITE_011,-15.4407707379346,-18.3572221642147,44.75684356689453,0.0458798500773007,0.0122201847336772,0.0465897952919821,0.0121970668269528,44.75699463298999,44.75699463299001,44.75699463298999,1,True,True,True,A_core_lia_dem_valid
SITE_011_S0138,SITE_011,-13.5938317250287,-22.0358598586943,36.85519027709961,0.0420045866361922,0.0136033506960504,0.0426367228505788,0.0134677419122428,36.85508319893172,36.85508319893172,36.85508319893172,1,True,True,True,A_core_lia_dem_valid
SITE_011_S0139,SITE_011,-10.8455251639796,-18.6466930501583,44.76308822631836,0.0796699670375867,0.021983937692518,0.0754134843471466,0.0219936143854104,44.76293609146822,44.76293609146822,44.76293609146822,1,True,True,True,A_core_lia_dem_valid
SITE_011_S0140,SITE_011,-8.97620236092984,-18.3625822764909,36.89019012451172,0.0985681741022401,0.022163161130415,0.0979895076109671,0.0225884773492537,36.89029645348197,36.89029645348197,36.89029645348197,1,True,True,True,A_core_lia_dem_valid
SITE_011_S0141,SITE_011,-12.2899352003638,-17.7569579571547,44.75923156738281,0.0684305539727211,0.0194962514253954,0.069270902972098,0.0195302078396566,44.7591485419714,44.7591485419714,44.7591485419714,1,True,True,True,A_core_lia_dem_valid
SITE_011_S0142,SITE_011,-12.1707593120216,-17.9865347535708,36.85985946655273,0.0831484474189967,0.0159387118038203,0.0839665678828247,0.0162227602180001,36.85960784763408,36.85960784763408,36.85960784763408,1,True,True,True,A_core_lia_dem_valid
SITE_011_S0143,SITE_011,-12.3121648726161,-17.8564978287269,36.88645553588867,0.0810133725156386,0.0221093325979179,0.0808832105469924,0.0223420996353712,36.88660685021487,36.88660685021486,36.88660685021487,1,True,True,True,A_core_lia_dem_valid
SITE_011_S0144,SITE_011,-13.105368185271,-20.7640472284297,44.75459671020508,0.0632913700905111,0.0161017295718193,0.0611128072814841,0.0161575368774796,44.75443541999877,44.75443541999877,44.75443541999877,1,True,True,True,A_core_lia_dem_valid
SITE_011_S0145,SITE_011,-14.7603944692637,-18.8733433368277,36.86100769042969,0.0564502054370111,0.0156337823764513,0.0566133962970048,0.0170194849877291,36.8608132332376,36.86081323323759,36.8608132332376,1,True,True,True,A_core_lia_dem_valid
SITE_011_S0146,SITE_011,-17.1544363887966,-17.4455623258839,44.7708740234375,0.0408249731196297,0.0122412839935471,0.0406415530323609,0.0126540479537068,44.77089744886862,44.77089744886862,44.77089744886862,1,True,True,True,A_core_lia_dem_valid
SITE_011_S0147,SITE_011,-12.6561023287714,-15.550691113227,36.88599395751953,0.064405240420666,0.0206492035380668,0.0652325798437735,0.0210463170960177,36.88595509401376,36.88595509401376,36.88595509401376,1,True,True,True,A_core_lia_dem_valid
SITE_011_S0148,SITE_011,-13.4293216301719,-18.4098033060285,44.7551155090332,0.0514410007248322,0.0150749109499156,0.0522288011446779,0.0152964688816832,44.75508318202701,44.75508318202701,44.75508318202701,1,True,True,True,A_core_lia_dem_valid
SITE_011_S0149,SITE_011,-11.4995235272895,-20.3223947398159,36.86001586914063,0.063805700470176,0.0181622256586949,0.0635784886239303,0.0182824236147657,36.85989092455969,36.85989092455969,36.85989092455969,1,True,True,True,A_core_lia_dem_valid
SITE_011_S0150,SITE_011,-10.6066735745998,-17.1884088120451,44.76745223999024,0.0781877114954922,0.0209301649116807,0.079023523390477,0.0209479729307884,44.76729607882366,44.76729607882366,44.76729607882366,1,True,True,True,A_core_lia_dem_valid
SITE_011_S0151,SITE_011,-11.9719049076743,-16.2191173074137,36.88298416137695,0.0771527962213832,0.0175594088166124,0.0774756543126718,0.0176723457759039,36.88275582398381,36.88275582398381,36.88275582398381,1,True,True,True,A_core_lia_dem_valid
SITE_011_S0152,SITE_011,-13.0251014441431,-18.0237832608411,44.75126647949219,0.0588768580928444,0.0150632185240586,0.0588579995105395,0.0151501574775457,44.75107829857713,44.75107829857713,44.75107829857713,1,True,True,True,A_core_lia_dem_valid
SITE_011_S0153,SITE_011,-13.5473860173496,-19.1351050199898,36.85797500610352,0.0612203963928752,0.0164814660211818,0.0616977516497358,0.0168900997894183,36.85807323905798,36.85807323905798,36.85807323905798,1,True,True,True,A_core_lia_dem_valid
SITE_011_S0154,SITE_011,-13.4855500986916,-20.5334160229332,44.76772689819336,0.0766038426301545,0.0158596225082874,0.07717026801181,0.0160278910012156,44.76750601146246,44.76750601146246,44.76750601146246,1,True,True,True,A_core_lia_dem_valid
SITE_011_S0155,SITE_011,-11.7420161680093,-18.2725029285126,36.88999176025391,0.0780734580741028,0.0205904464899665,0.0762630902077077,0.0207076049683454,36.89006129993405,36.89006129993404,36.89006129993405,1,True,True,True,A_core_lia_dem_valid
SITE_011_S0156,SITE_011,-15.2796609554848,-13.6722272303913,44.75865173339844,0.0769752399476547,0.02178960201227,0.0741615361689455,0.0219830816469074,44.75883724227059,44.75883724227059,44.75883724227059,1,True,True,True,A_core_lia_dem_valid
SITE_011_S0157,SITE_011,-15.6027825200554,-18.0559213924806,36.86104583740234,0.0695747299312614,0.0160815461631864,0.0700792046935408,0.0160984979634073,36.86083011188934,36.86083011188933,36.86083011188934,1,True,True,True,A_core_lia_dem_valid
SITE_011_S0158,SITE_011,-16.1746061742703,-17.8329176068373,44.76403045654297,0.0496434280787466,0.0147645646814877,0.0530433832815538,0.0147022800096368,44.76391300547768,44.76391300547768,44.76391300547768,1,True,True,True,A_core_lia_dem_valid
SITE_011_S0159,SITE_011,-13.3885363581041,-21.0510949269023,36.88884353637695,0.0656177327147258,0.0167414019241308,0.0690964022109786,0.0168550424073656,36.88874662867133,36.88874662867133,36.88874662867133,1,True,True,True,A_core_lia_dem_valid
SITE_011_S0160,SITE_011,-14.0232663374842,-19.4420223970706,44.75776672363281,0.065984874272512,0.0135741458595212,0.0675466231367102,0.0137231774151003,44.75760464274281,44.75760464274281,44.75760464274281,1,True,True,True,A_core_lia_dem_valid
SITE_011_S0161,SITE_011,-15.8285142460668,-19.2042049790035,36.85760116577149,0.0597493581927731,0.0163780769075929,0.0607935154269794,0.0165504857623395,36.85766086860185,36.85766086860185,36.85766086860185,1,True,True,True,A_core_lia_dem_valid
SITE_011_S0162,SITE_011,-17.2955738154002,-22.3643754708208,44.76519393920898,0.0621287487943967,0.0142153375513023,0.0628304511504841,0.0143718568616213,44.76515562929701,44.76515562929701,44.76515562929701,1,True,True,True,A_core_lia_dem_valid
SITE_011_S0163,SITE_011,-11.7257869433631,-19.1506661066103,36.88579940795898,0.099244180843234,0.0238592319211198,0.0990834002822269,0.0240937253986887,36.88572279952322,36.88572279952322,36.88572279952322,1,True,True,True,A_core_lia_dem_valid
SITE_011_S0164,SITE_011,-12.5389301535169,-16.4968999514702,44.75566864013672,0.0525883917965822,0.0152199408784508,0.052845946115752,0.0152595262120213,44.75583898855371,44.75583898855371,44.75583898855371,1,True,True,True,A_core_lia_dem_valid
SITE_011_S0165,SITE_011,-11.070442896399,-19.7240491048097,44.76497268676758,0.0661611200703514,0.0136651083630406,0.0670297659125656,0.0141027636379923,44.7649068518927,44.76490685189269,44.7649068518927,1,True,True,True,A_core_lia_dem_valid
SITE_011_S0166,SITE_011,-13.2825100028218,-18.9158069181838,36.88388442993164,0.0719461494270298,0.0205143306709228,0.0726966270675629,0.0214041851738559,36.88372036904087,36.88372036904087,36.88372036904087,1,True,True,True,A_core_lia_dem_valid
SITE_011_S0167,SITE_011,-12.7433133737159,-21.3038480588257,44.75201034545898,0.0664263223815295,0.0150717345821774,0.0673437550070661,0.0152262545951906,44.75191954894213,44.75191954894213,44.75191954894213,1,True,True,True,A_core_lia_dem_valid
SITE_011_S0168,SITE_011,-10.5191394740939,-17.2972132752066,36.85945129394531,0.0786865865356392,0.0185236247484054,0.0785493220692431,0.018582104915684,36.85978058135612,36.85978058135612,36.85978058135612,1,True,True,True,A_core_lia_dem_valid
SITE_011_S0169,SITE_011,-15.5423440024419,-19.1882324619186,44.76924896240234,0.0590802183167801,0.0136088155634287,0.060136343696971,0.0137379082705089,44.76914561385796,44.76914561385796,44.76914561385796,1,True,True,True,A_core_lia_dem_valid
SITE_011_S0170,SITE_011,-8.05734301400595,-18.8131597993191,36.88581848144531,0.143599211125634,0.0137937199233393,0.1443110006273315,0.0140706910716278,36.88557269268783,36.88557269268783,36.88557269268783,1,True,True,True,A_core_lia_dem_valid
SITE_011_S0171,SITE_011,-10.3441926494137,-20.6836542007274,44.75264358520508,0.0986654514137275,0.0144679669942706,0.0991565545799209,0.0147064641201983,44.75256057024077,44.75256057024077,44.75256057024077,1,True,True,True,A_core_lia_dem_valid
SITE_011_S0172,SITE_011,-9.17339132507835,-19.1759101742214,36.85890197753906,0.1515854763819111,0.0185891105555411,0.1506919711602585,0.0188166443445938,36.85917690185586,36.85917690185586,36.85917690185586,1,True,True,True,A_core_lia_dem_valid
SITE_011_S0173,SITE_011,-11.2079090592905,-17.6986132158099,44.76848983764648,0.0940561383879394,0.0161338582888452,0.0910281909890688,0.016329173212888,44.76856431352841,44.76856431352842,44.76856431352841,1,True,True,True,A_core_lia_dem_valid
SITE_011_S0174,SITE_011,-10.5146171256277,-17.7520451965148,36.88756942749024,0.1147065694327321,0.015916862146308,0.1139232502512483,0.0159988950528664,36.8875403841274,36.8875403841274,36.8875403841274,1,True,True,True,A_core_lia_dem_valid
SITE_011_S0175,SITE_011,-11.8399278330133,-19.837270639925,44.75389862060547,0.0695944300873412,0.0103891404733682,0.0698192806201584,0.010569351172753,44.75380218860717,44.75380218860717,44.75380218860717,1,True,True,True,A_core_lia_dem_valid
SITE_011_S0176,SITE_011,-12.0664883139169,-20.3187273610119,36.85465621948242,0.1151160151844295,0.0157686774360222,0.1178566732032927,0.0161006594882749,36.85436170248487,36.85436170248487,36.85436170248487,1,True,True,True,A_core_lia_dem_valid
SITE_011_S0177,SITE_011,-11.5690673149735,-21.6863437517081,44.76379776000977,0.0816578804558774,0.0130821237951103,0.0811076750658767,0.0131890568463706,44.76409009578475,44.76409009578475,44.76409009578475,1,True,True,True,A_core_lia_dem_valid
SITE_011_S0178,SITE_011,-11.0621456360469,-20.9497256943099,36.88761520385742,0.1063631240069741,0.0143931419754193,0.1067716557925149,0.0142493710052565,36.88757030309297,36.88757030309297,36.88757030309297,1,True,True,True,A_core_lia_dem_valid
SITE_011_S0179,SITE_011,-9.96042416422182,-21.8212860344792,44.75532531738281,0.0800244162148899,0.0136313978489488,0.0805186940959574,0.0137222079411838,44.75541537709671,44.75541537709671,44.75541537709671,1,True,True,True,A_core_lia_dem_valid
SITE_011_S0180,SITE_011,-12.0047812555824,-24.0235947415101,36.85187911987305,0.1023404675966351,0.016967366926579,0.1046067187731361,0.0170786392202393,36.85198568606287,36.85198568606287,36.85198568606287,1,True,True,True,A_core_lia_dem_valid
SITE_011_S0181,SITE_011,-9.86649505629734,-17.859155860125,44.76115417480469,0.0658223485598281,0.011857086300022,0.0649390356949955,0.0120975004515489,44.76133572845075,44.76133572845075,44.76133572845075,1,True,True,True,A_core_lia_dem_valid
SITE_011_S0182,SITE_011,-13.2517919059785,-16.6828535503687,36.88786697387695,0.0925702519454234,0.0146807830263343,0.1019875508661696,0.0150405647071561,36.88769404733609,36.88769404733609,36.88769404733609,1,True,True,True,A_core_lia_dem_valid
SITE_011_S0183,SITE_011,-9.31445424634918,-17.5046642512764,44.75636672973633,0.0719633047696616,0.0141720934481256,0.073015435398304,0.014295802515368,44.75609273793452,44.75609273793452,44.75609273793452,1,True,True,True,A_core_lia_dem_valid
SITE_011_S0184,SITE_011,-10.21219699968,-18.8291146038116,36.85530090332031,0.1015430319474803,0.0204235078394412,0.1013515834979437,0.0205907040243439,36.85536632471801,36.85536632471801,36.85536632471801,1,True,True,True,A_core_lia_dem_valid
SITE_011_S0185,SITE_011,-10.2697774892928,-18.22810794971,44.7658576965332,0.0769194122983349,0.017365278330528,0.0768368751500491,0.017507943894466,44.76589621955184,44.76589621955185,44.76589621955184,1,True,True,True,A_core_lia_dem_valid
SITE_011_S0186,SITE_011,-10.9167423970319,-16.5371550802163,36.88219833374024,0.1245254856410126,0.0225467589663134,0.1250676039638526,0.0227643243283217,36.88240382004867,36.88240382004867,36.88240382004867,1,True,True,True,A_core_lia_dem_valid
SITE_011_S0187,SITE_011,-8.36130831440516,-18.9093591556334,44.75292205810547,0.0786164223071601,0.0197054395514229,0.0798084572527879,0.0198596918941647,44.75267678951084,44.75267678951084,44.75267678951084,1,True,True,True,A_core_lia_dem_valid
SITE_011_S0188,SITE_011,-9.86008583050797,-15.6574609484931,36.86025238037109,0.10315090239048,0.0188740648267169,0.1033701839527966,0.0192439809593337,36.86003287838643,36.86003287838643,36.86003287838643,1,True,True,True,A_core_lia_dem_valid
SITE_011_S0189,SITE_011,-9.49511165669026,-18.0608757090778,44.76819229125977,0.0721678419411182,0.0179176098729173,0.0720594673447403,0.0180639673824663,44.76811594936101,44.76811594936101,44.76811594936101,1,True,True,True,A_core_lia_dem_valid
SITE_011_S0190,SITE_011,-9.25939990124145,-13.2795937144931,36.88224411010742,0.1038169067932499,0.0223396685880518,0.1044298159919771,0.0221063652437495,36.88232010784707,36.88232010784707,36.88232010784707,1,True,True,True,A_core_lia_dem_valid
SITE_011_S0191,SITE_011,-10.1745431709406,-17.3209048704192,44.74954223632812,0.0742451737738317,0.0172548477186097,0.0749712036504053,0.0172961152885339,44.74940157146706,44.74940157146706,44.74940157146706,1,True,True,True,A_core_lia_dem_valid
SITE_011_S0192,SITE_011,-7.72010683277382,-20.3771119168053,36.85908889770508,0.1094165029128392,0.0209442197883294,0.1091811228534321,0.0211263241030183,36.85928948151028,36.85928948151028,36.85928948151028,1,True,True,True,A_core_lia_dem_valid
SITE_011_S0193,SITE_011,-13.4832955572815,-17.2084770522305,44.76948547363281,0.0633578505698177,0.0151774610951542,0.0641083832020744,0.0151983550714075,44.76932993452306,44.76932993452306,44.76932993452306,1,True,True,True,A_core_lia_dem_valid
SITE_011_S0194,SITE_011,-10.1119011964054,-16.9858529249707,36.85219955444336,0.1120147873875167,0.0245026201775504,0.1115742940484318,0.0246650380139917,36.85244038731162,36.85244038731162,36.85244038731162,1,True,True,True,A_core_lia_dem_valid
SITE_011_S0195,SITE_011,-13.6518243994429,-17.2465267142587,44.76637649536133,0.0773248731344938,0.0199043586694945,0.0781848400987592,0.0201244512467036,44.7663165787194,44.7663165787194,44.7663165787194,1,True,True,True,A_core_lia_dem_valid
SITE_011_S0196,SITE_011,-11.7835166324819,-17.8145162654905,36.89015579223633,0.1030545085089074,0.020686931244822,0.1035316808043438,0.0208713849868359,36.89002729305113,36.89002729305113,36.89002729305113,1,True,True,True,A_core_lia_dem_valid
SITE_011_S0197,SITE_011,-13.7997758017284,-22.8702291318151,44.75369262695312,0.0673796398440996,0.01433721444673,0.0679919985973236,0.0141271399499975,44.75356551596204,44.75356551596204,44.75356551596204,1,True,True,True,A_core_lia_dem_valid
SITE_011_S0198,SITE_011,-13.2160324136684,-21.387777349451,36.88741302490234,0.0482764063692755,0.0078449369690174,0.0489513913946755,0.0079781080150321,36.88765109959257,36.88765109959258,36.88765109959257,1,True,True,True,A_core_lia_dem_valid
SITE_011_S0199,SITE_011,-13.1482089881546,-23.5843191058028,44.75429153442383,0.0417529427798257,0.0080522354542174,0.042098954834956,0.0081691843590894,44.75440759616855,44.75440759616855,44.75440759616855,1,True,True,True,A_core_lia_dem_valid
SITE_011_S0200,SITE_011,-10.4066600452423,-19.6776786457856,36.85281372070312,0.0981793150140179,0.0142418240321179,0.0992854865042515,0.0143770351019142,36.85288464075509,36.85288464075509,36.85288464075509,1,True,True,True,A_core_lia_dem_valid
SITE_011_S0201,SITE_011,-10.6277391802277,-23.7612675158337,44.76116180419922,0.0589584860479226,0.0105113604799326,0.0568993740745737,0.0105903261607903,44.76137391242776,44.76137391242776,44.76137391242776,1,True,True,True,A_core_lia_dem_valid
SITE_011_S0202,SITE_011,-12.0497887358946,-20.4246600251393,36.88116836547852,0.0893936006228129,0.0143172194932897,0.0904127981670108,0.0144819166433112,36.88143010308748,36.88143010308748,36.88143010308748,1,True,True,True,A_core_lia_dem_valid
SITE_011_S0203,SITE_011,-12.1323422098082,-18.8425805768113,44.75223922729492,0.0541264763060543,0.0102112761201957,0.0542118397677018,0.010310813234774,44.75221107916126,44.75221107916126,44.75221107916126,1,True,True,True,A_core_lia_dem_valid
SITE_011_S0204,SITE_011,-13.9702776870889,-16.6243707093673,36.86244201660156,0.095116444726785,0.0198065470945503,0.0948638065380079,0.0199012610047227,36.86240807059426,36.86240807059426,36.86240807059426,1,True,True,True,A_core_lia_dem_valid
SITE_011_S0205,SITE_011,-11.1416541036722,-20.8769045951259,44.76798248291016,0.064784430998067,0.0156286704861041,0.0647932564379808,0.0155247678254719,44.76823118148003,44.76823118148003,44.76823118148003,1,True,True,True,A_core_lia_dem_valid
SITE_011_S0206,SITE_011,-12.3987443218071,-17.6959226515023,36.87937927246094,0.0861850956057788,0.0162812737665242,0.0881222609044377,0.0163567057779679,36.87939025474827,36.87939025474827,36.87939025474827,1,True,True,True,A_core_lia_dem_valid
SITE_011_S0207,SITE_011,-13.3901125208568,-28.6999864805817,36.86017990112305,0.0550304396905832,0.0048350227504769,0.0554388602689644,0.0049144269819097,36.86005899154442,36.86005899154442,36.86005899154442,1,True,True,True,A_core_lia_dem_valid
SITE_011_S0208,SITE_011,-17.5720585451747,-25.6446538890287,44.76715850830078,0.032608517497364,0.0037450488765482,0.0321999255529819,0.0037232207978084,44.76724596528022,44.76724596528022,44.76724596528022,1,True,True,True,A_core_lia_dem_valid
SITE_011_S0209,SITE_011,-13.8257639976874,-21.3170297835906,36.88118743896485,0.0683038635386361,0.0073069155529244,0.069259952203727,0.0076453038410147,36.88129560834314,36.88129560834314,36.88129560834314,1,True,True,True,A_core_lia_dem_valid
SITE_011_S0210,SITE_011,-12.8220544069293,-26.2394773095403,44.74863815307617,0.0398677688298953,0.0048499774403818,0.0414852329137779,0.0050076407373684,44.74872294071157,44.74872294071157,44.74872294071157,1,True,True,True,A_core_lia_dem_valid
SITE_011_S0211,SITE_011,-11.6138034354572,-20.2431865863231,36.85655212402344,0.0564356531451145,0.007350121515631,0.0564906229730619,0.0077866199419983,36.85687803884616,36.85687803884616,36.85687803884616,1,True,True,True,A_core_lia_dem_valid
SITE_011_S0212,SITE_011,-15.4948335720385,-27.4544234196708,44.76716995239258,0.0347138791510628,0.0049378564828354,0.0350251118063834,0.0050132363864559,44.76730079723127,44.76730079723127,44.76730079723127,1,True,True,True,A_core_lia_dem_valid
SITE_011_S0213,SITE_011,-14.3621912321762,-28.3414436708895,36.89007568359375,0.0453137579104966,0.0054608341678977,0.0456602856222494,0.0052052750122468,36.88996712116037,36.88996712116037,36.88996712116037,1,True,True,True,A_core_lia_dem_valid
SITE_011_S0214,SITE_011,-15.1458057326356,-26.7277758339846,44.75634765625,0.0258277688092655,0.0041692407389119,0.0257781180132318,0.004182228280109,44.75623449170067,44.75623449170067,44.75623449170067,1,True,True,True,A_core_lia_dem_valid
SITE_011_S0215,SITE_011,-10.613241740488,-20.2917087208608,36.89347457885742,0.0873869528609107,0.0113772180886007,0.0874878589788613,0.0115210380978343,36.89366957678276,36.89366957678276,36.89366957678276,1,True,True,True,A_core_lia_dem_valid
SITE_011_S0216,SITE_011,-9.5639670218854,-17.5223496552802,44.75983810424805,0.0733516967379384,0.0165770840355091,0.0732663253087688,0.016693216446948,44.76000723092242,44.76000723092242,44.76000723092242,1,True,True,True,A_core_lia_dem_valid
SITE_011_S0217,SITE_011,-10.968831264086,-22.6071895664516,36.85598754882812,0.0780145984474155,0.0100758917236493,0.0781838001137125,0.0097755631695474,36.8558719582261,36.8558719582261,36.8558719582261,1,True,True,True,A_core_lia_dem_valid
SITE_011_S0218,SITE_011,-13.9407501958211,-21.001278510951,36.86167526245117,0.060255309264693,0.0157579719730753,0.0607698395627516,0.0160051659003402,36.86162476964368,36.86162476964368,36.86162476964368,1,True,True,True,A_core_lia_dem_valid
SITE_011_S0219,SITE_011,-14.3585488733428,-18.8329690282041,44.76167678833008,0.0594671292934152,0.0143727244652418,0.059680972467234,0.0140088360032857,44.76191551021478,44.76191551021478,44.76191551021478,1,True,True,True,A_core_lia_dem_valid
SITE_011_S0220,SITE_011,-12.6286066437425,-20.9170561111116,36.86960601806641,0.0480732513136333,0.0076275011853904,0.048825848981922,0.0079771984858051,36.8695667721062,36.86956677210619,36.8695667721062,1,True,True,True,A_core_lia_dem_valid
SITE_011_S0221,SITE_011,-14.2234970478729,-21.8018166664946,44.77024459838867,0.0363914801325235,0.005816202278042,0.0366048641233129,0.0056871564925027,44.77006951242667,44.77006951242666,44.77006951242667,1,True,True,True,A_core_lia_dem_valid
SITE_011_S0222,SITE_011,-12.5329600167888,-19.2246369923133,36.86099624633789,0.0521954624975721,0.0123467277983824,0.0532382165245067,0.0125220571261727,36.86132688582317,36.86132688582317,36.86132688582317,1,True,True,True,A_core_lia_dem_valid
SITE_011_S0223,SITE_011,-13.839154206247,-24.0873023743456,44.76165008544922,0.0349487483667002,0.0080614531389437,0.0354015967779352,0.0082086623148833,44.7619123582247,44.7619123582247,44.7619123582247,1,True,True,True,A_core_lia_dem_valid
SITE_011_S0224,SITE_011,-10.4789692456147,-20.4532453963245,36.86949157714844,0.0501314595383074,0.0095501594201518,0.0514609431603103,0.0099156436586525,36.86925018281638,36.86925018281638,36.86925018281638,1,True,True,True,A_core_lia_dem_valid
SITE_011_S0225,SITE_011,-8.95301726240736,-19.8076467134577,44.75601196289063,0.0692612331200275,0.0166697578121804,0.0684676940739016,0.0166129019862201,44.77247601161022,44.77247601161022,44.77247601161022,1,True,True,True,A_core_lia_dem_valid
SITE_011_S0226,SITE_011,-11.9698005726038,-28.6034943001704,36.85297012329102,0.0790465863959656,0.0158527602277333,0.0789981089780728,0.0159989898373163,36.85943198933816,36.85943198933817,36.85943198933816,1,True,True,True,A_core_lia_dem_valid
SITE_011_S0227,SITE_011,-19.5129806859236,-17.1655615689511,44.76047134399414,0.0373829803615808,0.0069690539149774,0.0377615124577243,0.0069971726333469,44.76004334335808,44.76004334335808,44.76004334335808,1,True,True,True,A_core_lia_dem_valid
SITE_011_S0228,SITE_011,-13.8980544715762,-20.3219499780774,44.77011871337891,0.0613140210178163,0.0136164557540582,0.0623100035269687,0.0138923020453341,44.76991681299159,44.76991681299159,44.76991681299159,1,True,True,True,A_core_lia_dem_valid
SITE_011_S0229,SITE_011,-15.3004859824466,-21.168095341256,36.86168670654297,0.0475701505235499,0.008214114439658,0.048438065421802,0.0084565826468219,36.86597334099176,36.86597334099176,36.86597334099176,1,True,True,True,A_core_lia_dem_valid
SITE_011_S0230,SITE_011,-13.4833576163908,-15.7723695300624,44.77169799804688,0.0661083163527978,0.0145958817036201,0.0658282588946598,0.0147566761371944,44.76971002238543,44.76971002238545,44.76971002238543,1,True,True,True,A_core_lia_dem_valid
SITE_011_S0231,SITE_011,-10.4211838299296,-14.2795993457316,36.86167907714844,0.1059261642479234,0.0338326090954043,0.1060804830436353,0.0334092240617696,36.8613825758186,36.8613825758186,36.8613825758186,1,True,True,True,A_core_lia_dem_valid
SITE_011_S0232,SITE_011,-13.7316547920043,-18.6343132656874,44.76446914672852,0.0675295773728026,0.0161518305633217,0.0681547597307324,0.0162812391271941,44.76444713487803,44.76444713487803,44.76444713487803,1,True,True,True,A_core_lia_dem_valid
SITE_011_S0233,SITE_011,-11.4874510069104,-19.9796259555761,36.86221694946289,0.0678496663520733,0.0150290489962414,0.0683057181233609,0.0148337250728795,36.86195978289589,36.86195978289589,36.86195978289589,1,True,True,True,A_core_lia_dem_valid
SITE_011_S0234,SITE_011,-12.9459463485418,-18.2756425239464,44.76829528808594,0.0555786458030343,0.0131177500526731,0.0559432689339658,0.0132506073001243,44.76657627242552,44.76657627242552,44.76657627242552,1,True,True,True,A_core_lia_dem_valid
SITE_011_S0235,SITE_011,-13.6284335908038,-20.6724711972068,36.86482620239258,0.0650517850783136,0.0148951091787112,0.0654189721283353,0.0154009163840986,36.86453601112546,36.86453601112546,36.86453601112546,1,True,True,True,A_core_lia_dem_valid
SITE_011_S0236,SITE_011,-9.82847070056182,-17.4203211474545,44.75125885009766,0.0590677239745855,0.0142576693738293,0.0602722894011537,0.014440759907189,44.75103038353257,44.75103038353257,44.75103038353257,1,True,True,True,A_core_lia_dem_valid
SITE_011_S0237,SITE_011,-8.87885369609834,-20.4452692939282,36.85383224487305,0.0870883340222967,0.0195531582677116,0.0877524810431548,0.0194767091945096,36.85370256674507,36.85370256674507,36.85370256674507,1,True,True,True,A_core_lia_dem_valid
SITE_011_S0238,SITE_011,-15.0645945073927,-21.2143549611216,44.76528549194336,0.0489952642967303,0.0090026044070499,0.0491815768869956,0.0088072459435935,44.76549652027635,44.76549652027634,44.76549652027635,1,True,True,True,A_core_lia_dem_valid
SITE_011_S0239,SITE_011,-11.1324973865479,-14.9760200783505,36.88869094848633,0.0748860866162512,0.0205954709555953,0.0755646506264621,0.0208523509985114,36.88904435912893,36.88904435912893,36.88904435912893,1,True,True,True,A_core_lia_dem_valid
SITE_011_S0240,SITE_011,-12.2353521070009,-20.4943812858219,44.75683212280273,0.0639464109722111,0.0125600997037771,0.0637723510220278,0.0126836864577813,44.75668502373718,44.75668502373718,44.75668502373718,1,True,True,True,A_core_lia_dem_valid
SITE_011_S0241,SITE_011,-18.0424177057318,-22.3681657489689,36.85280609130859,0.0425077260285615,0.0042398485494163,0.0423768195952976,0.0035509691743137,36.85282090711608,36.85282090711608,36.85282090711608,1,True,True,True,A_core_lia_dem_valid
SITE_011_S0242,SITE_011,-7.9074164267987,-17.4746674429783,36.88495254516602,0.1033563328948285,0.0187710821100821,0.1035958016663789,0.0190688919355195,36.88480273149106,36.88480273149106,36.88480273149106,1,True,True,True,A_core_lia_dem_valid
SITE_011_S0243,SITE_011,-10.0720627594595,-23.3394889621132,44.75474166870117,0.0818448192460669,0.0140326042276703,0.0822409952036392,0.0138700738316035,44.75454361763493,44.75454361763493,44.75454361763493,1,True,True,True,A_core_lia_dem_valid
SITE_011_S0244,SITE_011,-12.9982072872371,-18.7503598445701,36.8507194519043,0.0839206637773248,0.0122017561393376,0.0834561102878716,0.0123819070054026,36.85057098729678,36.85057098729678,36.85057098729678,1,True,True,True,A_core_lia_dem_valid
SITE_011_S0245,SITE_011,-13.0904482214411,-23.946052926754,44.76011276245117,0.0384832398386465,0.0060387959853849,0.039109454077243,0.0060906737964498,44.75985690396952,44.75985690396952,44.75985690396952,1,True,True,True,A_core_lia_dem_valid
SITE_011_S0246,SITE_011,-8.77544448640752,-18.3352650677535,36.88481140136719,0.1087794072098202,0.0168293624516162,0.1083764516240284,0.0169445219691152,36.88475870033832,36.88475870033832,36.88475870033832,1,True,True,True,A_core_lia_dem_valid
SITE_011_S0247,SITE_011,-14.8285232139486,-18.7559824330346,44.75241851806641,0.0638879819669657,0.0120130537388225,0.0642349108041804,0.0120118525687513,44.75252013428966,44.75252013428966,44.75252013428966,1,True,True,True,A_core_lia_dem_valid
SITE_011_S0248,SITE_011,-9.94042263785342,-21.5886874447667,36.8640251159668,0.0876281297620799,0.0117255318232655,0.0868263584678923,0.0116220562183353,36.8637880522464,36.8637880522464,36.8637880522464,1,True,True,True,A_core_lia_dem_valid
SITE_011_S0249,SITE_011,-9.50912540122896,-21.2867722021684,36.88068771362305,0.079884574520919,0.0103583757227493,0.0796350959403279,0.0102681574863664,36.88083590846685,36.88083590846685,36.88083590846685,1,True,True,True,A_core_lia_dem_valid
SITE_011_S0250,SITE_011,-14.761464098034,-20.4091925596288,44.74787521362305,0.051570633376638,0.0079085543918578,0.0517628056004091,0.0075855070796201,44.74775798207955,44.74775798207955,44.74775798207955,1,True,True,True,A_core_lia_dem_valid
SITE_011_S0251,SITE_011,-8.8564233735063,-21.379599400358,36.85963821411133,0.071933579655985,0.0064287457528462,0.0722597352971817,0.006480595210417,36.85979301741447,36.85979301741447,36.85979301741447,1,True,True,True,A_core_lia_dem_valid
SITE_011_S0252,SITE_011,-12.487291208102,-21.6087247733338,44.76672744750977,0.0427359630415837,0.0066928949734816,0.0426987078946865,0.0065759519325694,44.76693271089262,44.76693271089262,44.76693271089262,1,True,True,True,A_core_lia_dem_valid
SITE_011_S0253,SITE_011,-7.93572287276909,-20.7624068598105,36.87864303588867,0.0937717356118891,0.0107626903026054,0.0944339083631833,0.0110241126284649,36.87886178838382,36.87886178838382,36.87886178838382,1,True,True,True,A_core_lia_dem_valid
SITE_011_S0254,SITE_011,-11.2481319055283,-21.5347018044756,44.74985504150391,0.0698396984322203,0.0100422413316037,0.0699889390543103,0.0099765321713118,44.74963554701515,44.74963554701515,44.74963554701515,1,True,True,True,A_core_lia_dem_valid
SITE_011_S0255,SITE_011,-7.74930813502923,-20.1809173970263,36.857666015625,0.0996018120563692,0.0126516722701489,0.0988877853879958,0.0126000816480785,36.85762352754129,36.85762352754129,36.85762352754129,1,True,True,True,A_core_lia_dem_valid
SITE_011_S0256,SITE_011,-8.70878793500114,-19.9935693659636,36.85760116577149,0.0816505816082159,0.0140124021708551,0.0825146574517827,0.0139207434041464,36.85735548193352,36.85735548193352,36.85735548193352,1,True,True,True,A_core_lia_dem_valid
SITE_011_S0257,SITE_011,-12.4491160276141,-19.5181950047998,44.76365661621094,0.0572704963675803,0.0110165282649298,0.0575932499674367,0.0111881994798174,44.7635782925588,44.76357829255878,44.7635782925588,1,True,True,True,A_core_lia_dem_valid
SITE_011_S0258,SITE_011,-9.37596693270853,-21.2600788441015,36.8890266418457,0.0779289143698083,0.0099402746463763,0.0778796195376802,0.0101477018754388,36.88887224308245,36.88887224308245,36.88887224308245,1,True,True,True,A_core_lia_dem_valid
SITE_011_S0259,SITE_011,-11.9651238499547,-24.6260225952174,44.75872802734375,0.0469428218114707,0.0083889759611338,0.0483634421630804,0.0079019722337645,44.75856600246416,44.75856600246416,44.75856600246416,1,True,True,True,A_core_lia_dem_valid
SITE_011_S0260,SITE_011,-10.9156148120135,-20.8954682961081,36.85344314575195,0.1022277890725373,0.0113387766604622,0.0977773229875079,0.0114730085601232,36.85320735045178,36.85320735045178,36.85320735045178,1,True,True,True,A_core_lia_dem_valid
SITE_011_S0261,SITE_011,-12.5061995336851,-22.3152926557026,44.76188659667969,0.0554900527745485,0.0076764758844445,0.0554103942325774,0.0077441394240501,44.76177586817217,44.76177586817217,44.76177586817217,1,True,True,True,A_core_lia_dem_valid
SITE_011_S0262,SITE_011,-10.1251970250284,-24.2206926846882,36.88821792602539,0.0538457561781009,0.0087231894331421,0.0544604319683563,0.0086437077372119,36.88817686935455,36.88817686935454,36.88817686935455,1,True,True,True,A_core_lia_dem_valid
SITE_011_S0263,SITE_011,-13.4709907520242,-21.3586463193678,44.75651168823242,0.0442415156380997,0.0064035242926588,0.0448642558664267,0.0065984646113742,44.75654510949946,44.75654510949946,44.75654510949946,1,True,True,True,A_core_lia_dem_valid
SITE_011_S0264,SITE_011,-14.9014522001029,-21.274100546714,36.85674285888672,0.0486521195258117,0.0074229354127099,0.0487826366862857,0.0082020907538206,36.85698079701626,36.85698079701626,36.85698079701626,1,True,True,True,A_core_lia_dem_valid
SITE_011_S0265,SITE_011,-9.45611832515793,-19.3654430064525,44.76362609863281,0.0811950066829665,0.0090147711690216,0.0773732815246115,0.0090693105846495,44.76350517956501,44.76350517956501,44.76350517956501,1,True,True,True,A_core_lia_dem_valid
SITE_011_S0266,SITE_011,-14.6669442566974,-27.2786119173557,44.75339126586914,0.0274160365139444,0.0047153753775917,0.0276109436329132,0.0044857697395097,44.75352708162272,44.75352708162272,44.75352708162272,1,True,True,True,A_core_lia_dem_valid
SITE_011_S0267,SITE_011,-15.3347526997428,-18.0058769618957,36.86005020141602,0.0722831114003879,0.0100009855421053,0.0757788128426285,0.0103847692716019,36.85998030779191,36.8599803077919,36.85998030779191,1,True,True,True,A_core_lia_dem_valid
SITE_011_S0268,SITE_011,-12.0018276656839,-24.5551294198901,44.76618194580078,0.0532977581942182,0.0069627621149023,0.0520343212117958,0.0070957393577483,44.76644414473944,44.76644414473944,44.76644414473944,1,True,True,True,A_core_lia_dem_valid
SITE_011_S0269,SITE_011,-11.2821992013656,-18.9576823667011,36.87850570678711,0.0688977677166849,0.0077953281012789,0.0679513856637293,0.0081878680511381,36.87875176078903,36.87875176078903,36.87875176078903,1,True,True,True,A_core_lia_dem_valid
SITE_011_S0270,SITE_011,-13.7577919158171,-23.4345960479677,44.74863052368164,0.0375747868772589,0.0051026369697945,0.0369311888313831,0.0049408616280885,44.74851034690076,44.74851034690076,44.74851034690076,1,True,True,True,A_core_lia_dem_valid
SITE_011_S0271,SITE_011,-13.1842685098253,-24.9155395850889,36.86148834228516,0.0578618487860156,0.0046801102321018,0.0581196823611264,0.0051954541614031,36.86134612725216,36.86134612725216,36.86134612725216,1,True,True,True,A_core_lia_dem_valid
SITE_011_S0272,SITE_011,-10.748025081345,-22.0487031398573,44.77219772338867,0.0500997360547383,0.0058872681439256,0.0516018737277186,0.005761313476787,44.77233024328121,44.77233024328121,44.77233024328121,1,True,True,True,A_core_lia_dem_valid
SITE_011_S0273,SITE_011,-16.0454625190159,-25.5142987128994,36.88504409790039,0.0398783014238708,0.0036508807544084,0.0399721542583669,0.0034734286962532,36.88507330350114,36.88507330350114,36.88507330350114,1,True,True,True,A_core_lia_dem_valid
SITE_011_S0274,SITE_011,-19.3302114114994,-24.1985130408941,44.75286102294922,0.022983320467174,0.0040363715624056,0.0222989819188831,0.0042445839664412,44.752711757886,44.75271175788599,44.752711757886,1,True,True,True,A_core_lia_dem_valid
SITE_011_S0275,SITE_011,-15.4364655600623,-39.269216754298,36.85414505004883,0.0334120089437011,0.0012606005307217,0.0322996792914841,0.0025659933902639,36.85412620695629,36.85412620695629,36.85412620695629,1,True,True,True,A_core_lia_dem_valid
SITE_011_S0276,SITE_011,-14.7161601244752,-20.7469161492875,44.7641830444336,0.034249852270271,0.0071670218739014,0.035125825515067,0.0061518775380472,44.76427773071213,44.76427773071213,44.76427773071213,1,True,True,True,A_core_lia_dem_valid
SITE_011_S0277,SITE_011,-10.237270379524,-19.9331864727145,36.88723754882812,0.0902332841700409,0.0134731370164081,0.0913483218164401,0.0137272780213044,36.88696785177654,36.88696785177653,36.88696785177654,1,True,True,True,A_core_lia_dem_valid
SITE_011_S0278,SITE_011,-17.021314106317,-23.5177304007944,44.75399398803711,0.0350216205086972,0.0058176811984138,0.0346943895675647,0.0057620064098129,44.75409156987163,44.75409156987161,44.75409156987163,1,True,True,True,A_core_lia_dem_valid
SITE_011_S0279,SITE_011,-12.7954136814646,-20.5353138837878,44.76337051391602,0.040766300915016,0.007699431822273,0.0409137186739179,0.0078772318695399,44.76327506473226,44.76327506473227,44.76327506473226,1,True,True,True,A_core_lia_dem_valid
SITE_011_S0280,SITE_011,-12.4014434595481,-19.6028051209109,36.89186859130859,0.0736302482385628,0.0107583858737623,0.0820931818950699,0.0102157046466436,36.89177983905593,36.89177983905593,36.89177983905593,1,True,True,True,A_core_lia_dem_valid
SITE_011_S0281,SITE_011,-12.3197161331523,-24.6454120019162,44.75991058349609,0.0423705643353362,0.0081084394646394,0.0424923540524203,0.0082209897560734,44.75989929079072,44.75989929079072,44.75989929079072,1,True,True,True,A_core_lia_dem_valid
SITE_011_S0282,SITE_011,-11.4100412279768,-18.2187534885347,36.85658645629883,0.081368485456235,0.0145260321359253,0.0818162190643534,0.0145750452364208,36.85662154959312,36.85662154959312,36.85662154959312,1,True,True,True,A_core_lia_dem_valid
SITE_011_S0283,SITE_011,-8.98144778032582,-14.7888185456306,44.76783752441406,0.1179554794516384,0.021266666110605,0.1143860360975303,0.0213747113579769,44.76803764247295,44.76803764247295,44.76803764247295,1,True,True,True,A_core_lia_dem_valid
SITE_011_S0284,SITE_011,-11.3452411633632,-17.2576772400869,36.88795852661133,0.1657816679335172,0.0255584291964284,0.1793312758493352,0.0254516774137433,36.8877603758806,36.8877603758806,36.8877603758806,1,True,True,True,A_core_lia_dem_valid
SITE_011_S0285,SITE_011,-12.6931858344651,-14.5817070250462,44.75525283813477,0.0610292685124126,0.0219559372545121,0.0613897002991379,0.0193282739590251,44.75524941382343,44.75524941382343,44.75524941382343,1,True,True,True,A_core_lia_dem_valid
SITE_011_S0286,SITE_011,-16.2785066128899,-19.5837844847778,36.86310195922852,0.0460003756389197,0.012008094369796,0.0469198810079788,0.0119612644215907,36.86302097940941,36.86302097940941,36.86302097940941,1,True,True,True,A_core_lia_dem_valid
SITE_011_S0287,SITE_011,-11.0794131491203,-22.3087925171401,44.76963043212891,0.0436599796886245,0.0110996666892121,0.0437078668256319,0.011126130895896,44.76986275690602,44.76986275690602,44.76986275690602,1,True,True,True,A_core_lia_dem_valid
SITE_011_S0288,SITE_011,-14.815314633461,-17.8803453105613,36.88249969482422,0.0622117717481321,0.0130999273516741,0.0624198797726888,0.0128291481986416,36.88244295315235,36.88244295315235,36.88244295315235,1,True,True,True,A_core_lia_dem_valid
SITE_011_S0289,SITE_011,-12.0429112262218,-19.2961028296817,44.74996185302734,0.0499465898802883,0.0103184758064647,0.0496883488675283,0.0103101275349665,44.74982902762124,44.74982902762124,44.74982902762124,1,True,True,True,A_core_lia_dem_valid
SITE_011_S0290,SITE_011,-17.2553469786752,-16.4644129146165,36.85596466064453,0.0643519901111722,0.0173645462411809,0.0619818951896089,0.0147545507672602,36.85590610744068,36.85590610744069,36.85590610744068,1,True,True,True,A_core_lia_dem_valid
SITE_011_S0291,SITE_011,-14.3378676529605,-23.1608046356245,44.77201080322266,0.0381458624017735,0.0096877119904901,0.0384225021208418,0.009543075722799,44.77218026548208,44.7721802654821,44.77218026548208,1,True,True,True,A_core_lia_dem_valid
SITE_011_S0292,SITE_011,-16.0664069988123,-21.2741132923936,36.88582992553711,0.051734516877267,0.0140361513564777,0.0526326855538803,0.0140395435833452,36.88548456651082,36.88548456651081,36.88548456651082,1,True,True,True,A_core_lia_dem_valid
SITE_011_S0293,SITE_011,-15.2479346191126,-19.3023279603257,44.75232696533203,0.0384314798004925,0.0102635207389377,0.0380300149954584,0.0099511357702128,44.75226736068727,44.75226736068727,44.75226736068727,1,True,True,True,A_core_lia_dem_valid
SITE_011_S0294,SITE_011,-17.7176513337873,-22.6448720872081,36.85825347900391,0.0399262459431257,0.008932119375433,0.040878784476239,0.0090191133037442,36.85809663413227,36.85809663413227,36.85809663413227,1,True,True,True,A_core_lia_dem_valid
SITE_011_S0295,SITE_011,-11.9597468581051,-20.1127128957101,44.76787567138672,0.0568528424244787,0.0148563874466344,0.0561366712479858,0.0148187956963942,44.76766030609063,44.76766030609063,44.76766030609063,1,True,True,True,A_core_lia_dem_valid
SITE_011_S0296,SITE_011,-15.8962415264258,-24.4176810349538,36.89157104492188,0.0529477037071168,0.0076872419669509,0.0541418439231349,0.0086153398491547,36.89126697825965,36.89126697825965,36.89126697825965,1,True,True,True,A_core_lia_dem_valid
SITE_011_S0297,SITE_011,-11.1684698832573,-20.9360841166614,44.75809860229492,0.0744180473427337,0.0109523782687642,0.0755678610980807,0.0110274094973655,44.75797137367601,44.75797137367601,44.75797137367601,1,True,True,True,A_core_lia_dem_valid
SITE_011_S0298,SITE_011,-10.9966508249725,-19.6597462910343,36.85770797729492,0.0807383079578479,0.0213735149904257,0.0815270396266822,0.0211892171850267,36.85753362517252,36.85753362517251,36.85753362517252,1,True,True,True,A_core_lia_dem_valid
SITE_011_S0299,SITE_011,-9.86584934703143,-15.2641372922747,44.76592254638672,0.0872536035183496,0.0254824786558334,0.0804682721197909,0.0231330193918396,44.76595898402834,44.76595898402834,44.76595898402834,1,True,True,True,A_core_lia_dem_valid
SITE_011_S0300,SITE_011,-13.3210208880338,-16.0164729980543,36.89048004150391,0.0562571860922405,0.0177510172523894,0.0584025536731799,0.0158890417952418,36.89073724548648,36.89073724548648,36.89073724548648,1,True,True,True,A_core_lia_dem_valid
SITE_011_S0301,SITE_011,-11.9716725707986,-22.485013544676,44.75873184204102,0.0405162215609392,0.0081507101093956,0.0403148780193562,0.0086976821926962,44.75861674109508,44.75861674109508,44.75861674109508,1,True,True,True,A_core_lia_dem_valid
SITE_011_S0302,SITE_011,-11.9826656243437,-18.8719134649102,36.85815811157227,0.099775098785758,0.0195815115896135,0.099986726683047,0.0205348483973454,36.85790895148244,36.85790895148244,36.85790895148244,1,True,True,True,A_core_lia_dem_valid
SITE_011_S0303,SITE_011,-7.57250942245914,-16.2488105349647,44.76523590087891,0.1161881379174588,0.0206591886420736,0.0974337626898368,0.0200713428955919,44.76544323941034,44.76544323941034,44.76544323941034,1,True,True,True,A_core_lia_dem_valid
SITE_011_S0304,SITE_011,-11.7975305745109,-17.0054519711153,36.88397216796875,0.1105978301581409,0.0211138526695542,0.1116669753847045,0.0214647318389755,36.88391130904144,36.88391130904144,36.88391130904144,1,True,True,True,A_core_lia_dem_valid
SITE_011_S0305,SITE_011,-12.128171454747,-17.4419511040728,44.75480270385742,0.09011788794439,0.016481993119744,0.0905734771000336,0.0162613929332655,44.75455868094033,44.75455868094033,44.75455868094033,1,True,True,True,A_core_lia_dem_valid
SITE_011_S0306,SITE_011,-11.9308550583029,-14.8721158975515,36.86139678955078,0.058058470420302,0.0168836258196892,0.0644891222981533,0.0164355004415691,36.86170642982504,36.86170642982503,36.86170642982504,1,True,True,True,A_core_lia_dem_valid
SITE_011_S0307,SITE_011,-18.3159394266899,-21.0815552545615,44.76891326904297,0.0451960617130309,0.0143388163835066,0.048647815793689,0.0156174633822292,44.76865479411219,44.76865479411219,44.76865479411219,1,True,True,True,A_core_lia_dem_valid
SITE_011_S0308,SITE_011,-10.6481857639734,-19.1484949599606,36.88372421264648,0.0872978341048794,0.0176930540059559,0.0899142298648552,0.0175335481924004,36.88388733922292,36.88388733922292,36.88388733922292,1,True,True,True,A_core_lia_dem_valid
SITE_011_S0309,SITE_011,-13.1360065601028,-20.3191966057382,44.75395965576172,0.0752314125584845,0.0143804482298178,0.0767972470990113,0.0141503730053824,44.75376794344997,44.75376794344997,44.75376794344997,1,True,True,True,A_core_lia_dem_valid
SITE_011_S0310,SITE_011,-12.2666947025828,-22.2521310011885,36.86172103881836,0.0719625003851311,0.0159998246451763,0.0754221643585706,0.0159959212274853,36.86150339834344,36.86150339834344,36.86150339834344,1,True,True,True,A_core_lia_dem_valid
SITE_011_S0311,SITE_011,-12.0348168978855,-16.6501517353254,44.77053833007812,0.0696366202255874,0.0171897804695437,0.0699497687861245,0.0176946370992794,44.770318706492,44.770318706492,44.770318706492,1,True,True,True,A_core_lia_dem_valid
SITE_011_S0312,SITE_011,-10.4699110816715,-19.6861507485847,36.88869094848633,0.1047245810426704,0.0252732772835426,0.1061501382071274,0.0249648858698797,36.88868160843285,36.88868160843285,36.88868160843285,1,True,True,True,A_core_lia_dem_valid
SITE_011_S0313,SITE_011,-14.0731745868011,-16.723901918968,44.75423431396485,0.0650499219422086,0.0183989720745674,0.0650657159272115,0.0183086277044408,44.75397703503117,44.75397703503117,44.75397703503117,1,True,True,True,A_core_lia_dem_valid
SITE_011_S0314,SITE_011,-11.4709085648973,-17.694706446627,36.86260223388672,0.08198923013147,0.0155219215837617,0.0830401394221376,0.0155945348150274,36.86241728364481,36.86241728364481,36.86241728364481,1,True,True,True,A_core_lia_dem_valid
SITE_011_S0315,SITE_011,-11.2129985721813,-16.73621112435,44.76800537109375,0.0723849109116531,0.0148182444280276,0.0712808805004251,0.0147119508013757,44.76792123309474,44.76792123309474,44.76792123309474,1,True,True,True,A_core_lia_dem_valid
SITE_011_S0316,SITE_011,-12.0494385976358,-17.2892011262385,36.88633346557617,0.0854378442424866,0.016301479858136,0.0848946381626006,0.0157037618295545,36.88607640036781,36.88607640036781,36.88607640036781,1,True,True,True,A_core_lia_dem_valid
SITE_011_S0317,SITE_011,-11.314501528587,-19.0887735308958,44.75396728515625,0.0594890292568339,0.0167563803287016,0.0595748421345534,0.0167635897282556,44.75395389295538,44.75395389295538,44.75395389295538,1,True,True,True,A_core_lia_dem_valid
SITE_011_S0318,SITE_011,-10.0966854972119,-19.3913481153354,36.85190963745117,0.0867412261996004,0.0201980403396818,0.0867210567595414,0.0202685718268248,36.85220066267043,36.85220066267043,36.85220066267043,1,True,True,True,A_core_lia_dem_valid
SITE_011_S0319,SITE_011,-12.8590003965973,-20.583963242361,44.76230621337891,0.0680971735260552,0.0180214557362099,0.0678357503118667,0.0181834024234594,44.76215938793644,44.76215938793644,44.76215938793644,1,True,True,True,A_core_lia_dem_valid
SITE_011_S0320,SITE_011,-9.52421475434212,-20.0237058478878,36.88839721679688,0.0913980485925214,0.0118036552512138,0.0910993331235982,0.0118616204993241,36.88867417005034,36.88867417005034,36.88867417005034,1,True,True,True,A_core_lia_dem_valid
SITE_011_S0321,SITE_011,-12.5913435744762,-20.650031953451,44.75828170776367,0.0614762625820149,0.0085942947991877,0.0637419041145279,0.0085609997690979,44.75807764305259,44.75807764305259,44.75807764305259,1,True,True,True,A_core_lia_dem_valid
SITE_011_S0322,SITE_011,-12.0653680803101,-15.2117392818924,36.85791015625,0.1036714507142702,0.0151926566789754,0.103733627875278,0.0158956609457494,36.85794397348109,36.85794397348109,36.85794397348109,1,True,True,True,A_core_lia_dem_valid
SITE_011_S0323,SITE_011,-10.5968902174092,-19.5137194194559,44.76572036743164,0.0858478388898022,0.0135199598595499,0.0833734672221638,0.0135690538028903,44.76587483687161,44.76587483687161,44.76587483687161,1,True,True,True,A_core_lia_dem_valid
SITE_011_S0324,SITE_011,-9.35095106659056,-21.8633295546594,36.88814163208008,0.115770228130319,0.0159761260408494,0.1144280062754868,0.015972096539116,36.88827899961687,36.88827899961687,36.88827899961687,1,True,True,True,A_core_lia_dem_valid
SITE_011_S0325,SITE_011,-12.8287085482128,-16.8855161775626,44.75537872314453,0.0728067776757711,0.0118528902158141,0.0773575307293764,0.0124271041722585,44.75516469690851,44.75516469690851,44.75516469690851,1,True,True,True,A_core_lia_dem_valid
SITE_011_S0326,SITE_011,-8.70950088654806,-17.0744414266458,36.85967636108398,0.1071159205646589,0.0111456640144913,0.1044976797527297,0.0113852227299606,36.85974162382522,36.85974162382522,36.85974162382522,1,True,True,True,A_core_lia_dem_valid
SITE_011_S0327,SITE_011,-12.3721632643347,-19.2122792768704,44.76884841918945,0.077524147613181,0.010203755059176,0.0774302057194476,0.0104651221286873,44.76897856994246,44.76897856994246,44.76897856994246,1,True,True,True,A_core_lia_dem_valid
SITE_011_S0328,SITE_011,-12.1807102852425,-19.3444767079624,36.88268661499024,0.0896166428509685,0.0089825331472708,0.0889372977163688,0.0084522181204486,36.8829031727885,36.8829031727885,36.8829031727885,1,True,True,True,A_core_lia_dem_valid
SITE_011_S0329,SITE_011,-14.403558818802,-24.7858674647698,44.75516128540039,0.043856496154848,0.0055685517199647,0.0440815585213974,0.0056311418657352,44.75515874747365,44.75515874747365,44.75515874747365,1,True,True,True,A_core_lia_dem_valid
SITE_011_S0330,SITE_011,-10.6815889555229,-20.0184132602151,36.86111068725586,0.1111691912180932,0.017815496907052,0.1134556611593837,0.0176869787578145,36.86089275256877,36.86089275256877,36.86089275256877,1,True,True,True,A_core_lia_dem_valid
SITE_011_S0331,SITE_011,-10.7041269129972,-22.1853236343982,44.76621246337891,0.0852823295500651,0.011753106096035,0.0842486133279279,0.0119474576829277,44.76645692998495,44.76645692998495,44.76645692998495,1,True,True,True,A_core_lia_dem_valid
SITE_011_S0332,SITE_011,-10.0077710563405,-21.3208745434908,36.88266754150391,0.1141806305715414,0.0132991477942736,0.1128199131091722,0.0132694369381024,36.88263010986213,36.88263010986213,36.88263010986213,1,True,True,True,A_core_lia_dem_valid
SITE_011_S0333,SITE_011,-13.9585365384188,-23.6245827204519,44.75114059448242,0.0737590047551526,0.0106829537399527,0.0744042338572491,0.0107014399864839,44.75104654242205,44.75104654242205,44.75104654242205,1,True,True,True,A_core_lia_dem_valid
SITE_011_S0334,SITE_011,-10.858194279212,-18.0514003465319,36.85488510131836,0.1074716630826393,0.0097249517958456,0.1063514790720777,0.0098089108121347,36.85505140438195,36.85505140438195,36.85505140438195,1,True,True,True,A_core_lia_dem_valid
SITE_011_S0335,SITE_011,-13.1308452640745,-22.7334271891356,44.76614379882812,0.0802929001425703,0.0145661304166747,0.0796792418219072,0.0146744978191032,44.76599017656536,44.76599017656536,44.76599017656536,1,True,True,True,A_core_lia_dem_valid
SITE_011_S0336,SITE_011,-9.16080554366551,-16.5385040942857,36.88545227050781,0.1211778206967712,0.0148327925201091,0.1196505532280167,0.0149937344103315,36.88519187934442,36.88519187934442,36.88519187934442,1,True,True,True,A_core_lia_dem_valid
SITE_011_S0337,SITE_011,-9.90337559520393,-21.0704371001576,44.75166320800781,0.0730218344098991,0.0111984691965497,0.0733684655357053,0.0112076210981162,44.75147698556456,44.75147698556456,44.75147698556456,1,True,True,True,A_core_lia_dem_valid
SITE_011_S0338,SITE_011,-8.86974094834576,-17.6018694357806,36.85239410400391,0.1231805077774657,0.0167045931608623,0.1224904467864537,0.0171195714764281,36.85220219511088,36.85220219511088,36.85220219511088,1,True,True,True,A_core_lia_dem_valid
SITE_011_S0339,SITE_011,-12.2112046458493,-23.5542412799356,44.76215744018555,0.0560293556294507,0.006378928466055,0.056837900361897,0.0069182520962456,44.76197168284614,44.76197168284614,44.76197168284614,1,True,True,True,A_core_lia_dem_valid
SITE_011_S0340,SITE_011,-10.9090110153213,-19.9244097917257,36.89067077636719,0.081830614267124,0.0080743346293266,0.0824300266167631,0.0080095944221441,36.89046515315528,36.89046515315528,36.89046515315528,1,True,True,True,A_core_lia_dem_valid
SITE_011_S0341,SITE_011,-10.6097272305996,-21.749879977006,44.75650024414063,0.0733201617954505,0.0111016983608715,0.0741547859795851,0.0114191349772563,44.75626332054295,44.75626332054295,44.75626332054295,1,True,True,True,A_core_lia_dem_valid
SITE_011_S0342,SITE_011,-8.66192869458182,-16.2454918540193,36.85159683227539,0.1256571360097991,0.0166638375664997,0.1243031526161512,0.016426153675554,36.85182204682462,36.85182204682462,36.85182204682462,1,True,True,True,A_core_lia_dem_valid
SITE_011_S0343,SITE_011,-10.4136188518385,-18.4234700948264,44.76107788085938,0.0779945512695445,0.0117529334451278,0.0783203571000032,0.0121943597351851,44.76096212242026,44.76096212242026,44.76096212242026,1,True,True,True,A_core_lia_dem_valid
SITE_011_S0344,SITE_011,-8.94301860838988,-14.8749523911245,36.88533401489258,0.1240294090575642,0.0177751964672158,0.1237568999707331,0.0178112594687874,36.88536694756539,36.88536694756539,36.88536694756539,1,True,True,True,A_core_lia_dem_valid
SITE_011_S0345,SITE_011,-6.77097158686805,-20.6518705625787,44.75458526611328,0.0836284658436973,0.0127373223172293,0.0837724560995896,0.0128811399197136,44.75479094438202,44.75479094438202,44.75479094438202,1,True,True,True,A_core_lia_dem_valid
SITE_011_S0346,SITE_011,-8.92370425005883,-16.4610840320491,36.85393142700195,0.1185773775478204,0.0153171534712115,0.1178940388781052,0.0155028870633377,36.85415748167144,36.85415748167144,36.85415748167144,1,True,True,True,A_core_lia_dem_valid
SITE_011_S0347,SITE_011,-9.10919063395127,-17.884825860924,44.76155853271485,0.0900868607643577,0.0134629704203042,0.090993982947167,0.0136210486088178,44.76145914438608,44.76145914438608,44.76145914438608,1,True,True,True,A_core_lia_dem_valid
SITE_011_S0348,SITE_011,-10.1166968873102,-23.0882599712821,36.8797721862793,0.0672032454692655,0.0057371383154776,0.0672524722279222,0.0062393233606627,36.87992168923038,36.87992168923037,36.87992168923038,1,True,True,True,A_core_lia_dem_valid
SITE_011_S0349,SITE_011,-9.84947581176261,-22.5321236783333,44.7507209777832,0.0617662290111184,0.0082449943585217,0.0626207558134639,0.0085589420905262,44.75076641020228,44.75076641020228,44.75076641020228,1,True,True,True,A_core_lia_dem_valid
SITE_011_S0350,SITE_011,-10.0394629086316,-18.9815561675366,36.85995483398438,0.1024975924245617,0.0138347525635941,0.1027925847509961,0.0142487066633021,36.86001797748385,36.86001797748385,36.86001797748385,1,True,True,True,A_core_lia_dem_valid
SITE_011_S0351,SITE_011,-10.1715917368735,-20.4398819896853,44.76714324951172,0.0738459026151233,0.0132581902264306,0.0744027663158121,0.0138556565421462,44.76707808316542,44.76707808316542,44.76707808316542,1,True,True,True,A_core_lia_dem_valid
SITE_011_S0352,SITE_011,-9.75550043878292,-17.7553149282832,36.87887573242188,0.1100754126740826,0.0152455660995716,0.1107954617194187,0.0155565120763846,36.8785598294613,36.8785598294613,36.8785598294613,1,True,True,True,A_core_lia_dem_valid
SITE_011_S0353,SITE_011,-10.917853486465,-23.8125658665524,44.74853515625,0.062517201917039,0.010271311766054,0.0628045719310089,0.0104006799686999,44.74831332137533,44.74831332137533,44.74831332137533,1,True,True,True,A_core_lia_dem_valid
SITE_011_S0354,SITE_011,-12.4028755270097,-19.5412788370322,36.86160659790039,0.1051203709012932,0.0167754231714126,0.105196372244829,0.0167757327007244,36.86130153964204,36.86130153964204,36.86130153964204,1,True,True,True,A_core_lia_dem_valid
SITE_011_S0355,SITE_011,-10.961605025718,-18.9958766127547,44.7689094543457,0.0703198017718063,0.0113716266785437,0.0713016285820875,0.0113494114372146,44.76901629714702,44.76901629714702,44.76901629714702,1,True,True,True,A_core_lia_dem_valid
SITE_011_S0356,SITE_011,-9.20112974097655,-19.9182177476562,36.88283157348633,0.1068667185472117,0.0153844806106968,0.1067101617764543,0.015472097704302,36.88283693955795,36.88283693955795,36.88283693955795,1,True,True,True,A_core_lia_dem_valid
SITE_011_S0357,SITE_011,-10.5011883016247,-19.599925480734,44.75043869018555,0.070563172503478,0.0119970194291737,0.0711893120237309,0.0120711661031308,44.75029675115609,44.75029675115609,44.75029675115609,1,True,True,True,A_core_lia_dem_valid
SITE_011_S0358,SITE_011,-9.37784792791233,-22.4799166479903,36.8555908203125,0.109932923639814,0.013115852363488,0.1089195511214159,0.0129959985219701,36.85546470680574,36.85546470680574,36.85546470680574,1,True,True,True,A_core_lia_dem_valid
SITE_011_S0359,SITE_011,-11.192584230039,-21.1379927792,44.76705551147461,0.0770298930837048,0.0133083290565345,0.0778288890255822,0.0132087767245958,44.76697888246268,44.76697888246268,44.76697888246268,1,True,True,True,A_core_lia_dem_valid
SITE_011_S0360,SITE_011,-9.25012574753663,-21.5735906628842,36.88450622558594,0.1077789488641752,0.012354314094452,0.1086544126278609,0.0124195710916163,36.88445207134808,36.88445207134807,36.88445207134808,1,True,True,True,A_core_lia_dem_valid
SITE_011_S0361,SITE_011,-11.8737219572442,-19.711311288728,44.75566864013672,0.0663070484167999,0.0100701152921343,0.0658269276907667,0.0101917635095823,44.7554972872485,44.7554972872485,44.7554972872485,1,True,True,True,A_core_lia_dem_valid
SITE_011_S0362,SITE_011,-9.0769773974705,-18.0751089330976,36.84632110595703,0.0866094510174459,0.0125885777496215,0.0865780469103727,0.012736142826278,36.8466104206286,36.8466104206286,36.8466104206286,1,True,True,True,A_core_lia_dem_valid
SITE_011_S0363,SITE_011,-10.5377441184686,-18.8861604908211,44.84231567382812,0.083114692237642,0.016168397395975,0.0837158272240632,0.0161654238762724,44.84205250422761,44.84205250422761,44.84205250422761,1,True,True,True,A_core_lia_dem_valid
SITE_011_S0364,SITE_011,-5.93510130590596,-17.9752793998955,36.88697052001953,0.1274114656282795,0.0138902223927693,0.1273495437995887,0.0140453905653966,36.88728141844781,36.88728141844781,36.88728141844781,1,True,True,True,A_core_lia_dem_valid
SITE_011_S0365,SITE_011,-11.1898151105962,-16.4730324962023,44.75916290283203,0.0772978158626291,0.0127375023925883,0.0783237504922313,0.0134936258411546,44.75922760997918,44.75922760997918,44.75922760997918,1,True,True,True,A_core_lia_dem_valid
SITE_011_S0366,SITE_011,-8.83897673261543,-14.7599611726949,36.85249328613281,0.1085023228741354,0.0122543688056369,0.10758713470289,0.0124463494661275,36.85280700693181,36.85280700693181,36.85280700693181,1,True,True,True,A_core_lia_dem_valid
SITE_011_S0367,SITE_011,-11.9771857699609,-20.2509120069034,44.84526062011719,0.0696075831933154,0.0119460197683009,0.0699585116576449,0.0121789282540802,44.84538109366351,44.84538109366351,44.84538109366351,1,True,True,True,A_core_lia_dem_valid
SITE_011_S0368,SITE_011,-9.88106343618402,-18.6312983455028,36.86027145385742,0.0888492700292004,0.013593992893584,0.0888369999080896,0.0133424615767124,36.86041183519783,36.86041183519783,36.86041183519783,1,True,True,True,A_core_lia_dem_valid
SITE_011_S0369,SITE_011,-12.2488729442918,-20.6712436349427,44.84900283813477,0.0684505943291717,0.0124254574771556,0.0680522657943662,0.0124544596430993,44.84906326135251,44.84906326135251,44.84906326135251,1,True,True,True,A_core_lia_dem_valid
SITE_011_S0370,SITE_011,-9.36191443046815,-19.2887876841012,36.87567138671875,0.111200941916969,0.0174530379598339,0.1101463361056866,0.0174769985862076,36.87580320490231,36.87580320490231,36.87580320490231,1,True,True,True,A_core_lia_dem_valid
SITE_011_S0371,SITE_011,-12.0738260468961,-20.3946972377324,44.75273895263672,0.07493755771882,0.0137798700926618,0.0752531130841852,0.0139972713510997,44.7529266825262,44.7529266825262,44.7529266825262,1,True,True,True,A_core_lia_dem_valid
SITE_011_S0372,SITE_011,-9.09719376731024,-24.9916153941629,36.86094665527344,0.0756024718988273,0.0085708881569238,0.0763655775440512,0.0087050463564863,36.86081630240586,36.86081630240586,36.86081630240586,1,True,True,True,A_core_lia_dem_valid
SITE_011_S0373,SITE_011,-11.7993821506942,-20.0201711860793,44.85097503662109,0.0581733285884062,0.0137158720205641,0.0585294327167449,0.0136873980732289,44.85103681862712,44.85103681862712,44.85103681862712,1,True,True,True,A_core_lia_dem_valid
SITE_011_S0374,SITE_011,-10.7114876203216,-19.9999843228387,36.87823486328125,0.0574408232979476,0.0082580470133365,0.0591894789111375,0.0088211188068045,36.8781763407132,36.87817634071321,36.8781763407132,1,True,True,True,A_core_lia_dem_valid
SITE_011_S0375,SITE_011,-13.4963735263558,-23.6377018976896,44.75305938720703,0.0449995952306522,0.0073045389364577,0.0459254771712131,0.0069094471541,44.75313314606109,44.75313314606109,44.75313314606109,1,True,True,True,A_core_lia_dem_valid
SITE_011_S0376,SITE_011,-11.5361529945668,-24.5923222818007,36.85746765136719,0.0914296909736516,0.0102168760096103,0.0948196271435095,0.0101405689536749,36.85723124352907,36.85723124352907,36.85723124352907,1,True,True,True,A_core_lia_dem_valid
SITE_011_S0377,SITE_011,-13.2753605236297,-22.5918711572155,44.85072326660156,0.0420841313526034,0.0061738702335949,0.0424133229103764,0.0057451045532652,44.85045498866896,44.85045498866896,44.85045498866896,1,True,True,True,A_core_lia_dem_valid
SITE_011_S0378,SITE_011,-9.22493169292044,-23.8925995601882,36.88586044311523,0.0890216734922594,0.0115686082762355,0.0882363061882831,0.011535845813672,36.88567149084318,36.88567149084318,36.88567149084318,1,True,True,True,A_core_lia_dem_valid
SITE_011_S0379,SITE_011,-13.3570923320584,-22.7351094022884,44.75669479370117,0.035357592391471,0.0056311279361964,0.0357182623124049,0.0056805810043114,44.75689856754234,44.75689856754234,44.75689856754234,1,True,True,True,A_core_lia_dem_valid
SITE_011_S0380,SITE_011,-14.561270668833,-29.163298320473,36.85554504394531,0.0416330478298995,0.0037031557271706,0.0414126699105089,0.0051367840550036,36.85559041377923,36.85559041377922,36.85559041377923,1,True,True,True,A_core_lia_dem_valid
SITE_011_S0381,SITE_011,-16.3336105665262,-22.976643147323,44.84916305541992,0.0355483479549487,0.0057786826706594,0.0354551956444473,0.0059498698768089,44.84939800062944,44.84939800062944,44.84939800062944,1,True,True,True,A_core_lia_dem_valid
SITE_011_S0382,SITE_011,-13.5913553033155,-24.7244910327072,36.88828659057617,0.0394855247996747,0.0053715199769607,0.0396332534825053,0.0056534017050363,36.88842116815184,36.88842116815184,36.88842116815184,1,True,True,True,A_core_lia_dem_valid
SITE_011_S0383,SITE_011,-18.0568971170968,-23.1211739209386,44.75991058349609,0.033373890829583,0.006007781769149,0.0336139041921238,0.0062064354396903,44.75991818393656,44.75991818393656,44.75991818393656,1,True,True,True,A_core_lia_dem_valid
SITE_011_S0384,SITE_011,-13.8909062927742,-22.6905904938732,36.85117340087891,0.0408993573737873,0.0062667768006936,0.0391770508405807,0.0059248799687854,36.8512038968644,36.8512038968644,36.8512038968644,1,True,True,True,A_core_lia_dem_valid
SITE_011_S0385,SITE_011,-15.3416237741859,-23.4895781271538,44.84467315673828,0.0351857204652494,0.0056617617376195,0.0347021198276506,0.0058524456610461,44.8444055745705,44.84440557457049,44.8444055745705,1,True,True,True,A_core_lia_dem_valid
SITE_011_S0386,SITE_011,-11.8687927259193,-20.8307193271487,36.88578033447266,0.0394519215491082,0.0079875126637168,0.0405570532146121,0.0080872645132444,36.88577589777481,36.88577589777481,36.88577589777481,1,True,True,True,A_core_lia_dem_valid
SITE_011_S0387,SITE_011,-16.9968460945112,-20.674272092272,44.75999069213867,0.0355991674297385,0.0113285728461212,0.0357232503942081,0.0113685221385792,44.75981601049258,44.75981601049258,44.75981601049258,1,True,True,True,A_core_lia_dem_valid
SITE_011_S0388,SITE_011,-9.928316323877,-15.5942042576719,36.85672378540039,0.0978619823563289,0.0308024746091832,0.1033422550438289,0.0251787250288192,36.85694595375276,36.85694595375276,36.85694595375276,1,True,True,True,A_core_lia_dem_valid
SITE_011_S0389,SITE_011,-16.0007760629986,-19.4506268170931,44.848388671875,0.0518149979440404,0.0127176576413893,0.0569826481988683,0.013017600896342,44.84839122903261,44.84839122903261,44.84839122903261,1,True,True,True,A_core_lia_dem_valid
SITE_011_S0390,SITE_011,-15.6865435112357,-25.6939444009999,36.88610076904297,0.0386228776298877,0.0083135685089076,0.0386228059030775,0.0083737218189853,36.88593590600578,36.88593590600578,36.88593590600578,1,True,True,True,A_core_lia_dem_valid
SITE_011_S0391,SITE_011,-20.0259545684533,-21.1131149364374,44.75855255126953,0.0338691565415097,0.0077128299403044,0.0338472283551567,0.0075926021285216,44.7584046292598,44.75840462925981,44.7584046292598,1,True,True,True,A_core_lia_dem_valid
SITE_011_S0392,SITE_011,-12.7584698914975,-18.8366492653762,36.86430358886719,0.037200346849678,0.0085875846968104,0.0364401933094522,0.0083046068582826,36.86450084330753,36.86450084330753,36.86450084330753,1,True,True,True,A_core_lia_dem_valid
SITE_011_S0393,SITE_011,-18.853848700961,-19.1071500390257,44.85235977172852,0.0256144718877557,0.0068479394994464,0.026017688128051,0.0068326872245672,44.85214739979649,44.85214739979649,44.85214739979649,1,True,True,True,A_core_lia_dem_valid
SITE_011_S0394,SITE_011,-12.0498880765561,-21.6696259072931,36.8829460144043,0.0496106701882349,0.0076521408917485,0.0497855578694078,0.0082550896655412,36.8831692578025,36.8831692578025,36.8831692578025,1,True,True,True,A_core_lia_dem_valid
SITE_011_S0395,SITE_011,-13.3927580453388,-19.9524647764164,44.75801467895508,0.0483216980803343,0.0087429837923997,0.0479422560106681,0.0091398721646933,44.75788249525912,44.75788249525912,44.75788249525912,1,True,True,True,A_core_lia_dem_valid
SITE_011_S0396,SITE_011,-12.8059785640316,-27.3708107607536,36.86106872558594,0.0317470609272519,0.0038207114352101,0.032832702419916,0.003784421267618,36.8611930438665,36.86119304386649,36.8611930438665,1,True,True,True,A_core_lia_dem_valid
SITE_011_S0397,SITE_011,-16.6569917597651,-26.0454861129236,44.85404205322266,0.0273548479543791,0.0037795103534073,0.0274908018153574,0.0042175905423591,44.85383592109487,44.85383592109487,44.85383592109487,1,True,True,True,A_core_lia_dem_valid
SITE_011_S0398,SITE_011,-17.2120490377874,-22.2478531646899,36.88579940795898,0.0367371460319393,0.006021108075943,0.0367081279482599,0.0055729005931104,36.8858842450993,36.88588424509931,36.8858842450993,1,True,True,True,A_core_lia_dem_valid
SITE_011_S0399,SITE_011,-15.5891372580477,-23.2875313939614,44.75529098510742,0.0254140160688095,0.0047547664005997,0.0254082165732724,0.0053169227701101,44.755523346005,44.755523346005,44.755523346005,1,True,True,True,A_core_lia_dem_valid
SITE_011_S0400,SITE_011,-12.3104721017889,-21.8420448892805,36.85429000854492,0.0729740650518661,0.006610880505135,0.0735840368711521,0.0064068906157222,36.85428595002413,36.85428595002412,36.85428595002413,1,True,True,True,A_core_lia_dem_valid
SITE_011_S0401,SITE_011,-14.0253885823762,-24.7482730449256,44.84914779663086,0.0508619101565337,0.0074774280373168,0.052129583506171,0.0076252859272283,44.84943561260148,44.84943561260148,44.84943561260148,1,True,True,True,A_core_lia_dem_valid
SITE_011_S0402,SITE_011,-14.2812028453877,-26.9400345943435,36.8843002319336,0.047266330462363,0.004829402629561,0.0477856982821299,0.0049159591444567,36.88431193226334,36.88431193226334,36.88431193226334,1,True,True,True,A_core_lia_dem_valid
SITE_011_S0403,SITE_011,-11.6804920767995,-19.037822697791,44.75699234008789,0.0733598300511171,0.0132647933345288,0.0712894632870953,0.0129343076314377,44.75724955710682,44.75724955710682,44.75724955710682,1,True,True,True,A_core_lia_dem_valid
SITE_011_S0404,SITE_011,-12.4888046706849,-22.7827285083944,36.85355758666992,0.0538508778403866,0.0073560744133669,0.0538653993348479,0.0064875385177976,36.85351615261566,36.85351615261566,36.85351615261566,1,True,True,True,A_core_lia_dem_valid
SITE_011_S0405,SITE_011,-15.8012650586108,-21.787764857078,44.8447265625,0.0330636400915682,0.00660673003321,0.0321901687418328,0.0067954324394927,44.84473190307617,44.84473190307617,44.84473190307617,1,True,True,True,A_core_lia_dem_valid
SITE_011_S0406,SITE_011,-14.6768019929709,-24.3143025634729,36.88651275634766,0.0406480708262986,0.0065472825153501,0.0414275984130339,0.0070126067295847,36.8866054152962,36.8866054152962,36.8866054152962,1,True,True,True,A_core_lia_dem_valid
SITE_011_S0407,SITE_011,-16.113807490012,-22.6033053610355,44.76091384887695,0.0364347882527444,0.0083337029369754,0.0367520792915681,0.0081251102225964,44.76107804954466,44.76107804954466,44.76107804954466,1,True,True,True,A_core_lia_dem_valid
SITE_011_S0408,SITE_011,-13.4309885983577,-19.8967927843112,36.85791778564453,0.0654038514776362,0.0122195304681857,0.0656057972137267,0.0123317920297016,36.85787098224345,36.85787098224345,36.85787098224345,1,True,True,True,A_core_lia_dem_valid
SITE_011_S0409,SITE_011,-12.8806785092866,-23.394454957649,44.84905242919922,0.0494892300268325,0.0110008802119127,0.0493584365309646,0.0110560634195637,44.84887964034328,44.84887964034328,44.84887964034328,1,True,True,True,A_core_lia_dem_valid
SITE_011_S0410,SITE_011,-9.29065258724558,-18.148073946886,36.88471221923828,0.1068674918098582,0.0237020853989654,0.10693185098998,0.0235521807979575,36.8849977360439,36.8849977360439,36.8849977360439,1,True,True,True,A_core_lia_dem_valid
SITE_011_S0411,SITE_011,-8.52462588260542,-18.4306544234657,44.75878143310547,0.0976004286768952,0.0226538272491759,0.0977688371635087,0.0226455210094098,44.75875588303092,44.75875588303092,44.75875588303092,1,True,True,True,A_core_lia_dem_valid
SITE_011_S0412,SITE_011,-12.5340875640482,-16.6423231968551,36.86085510253906,0.0724742714256029,0.0185399510595446,0.0724575873662773,0.0177471218711366,36.86086428491471,36.86086428491471,36.86086428491471,1,True,True,True,A_core_lia_dem_valid
SITE_011_S0413,SITE_011,-7.73976212333288,-15.7399512958825,44.85319900512695,0.1157419584947294,0.017437261255044,0.1102881811884894,0.0174999787034121,44.85324581200479,44.85324581200479,44.85324581200479,1,True,True,True,A_core_lia_dem_valid
SITE_011_S0414,SITE_011,-16.0238024762194,-23.596815166385,36.88019561767578,0.0562358658711594,0.0128623482685846,0.0559371013091379,0.0125447415920896,36.88024422406924,36.88024422406924,36.88024422406924,1,True,True,True,A_core_lia_dem_valid
SITE_011_S0415,SITE_011,-12.6862815835609,-19.8666959579762,44.75659942626953,0.0464322130340668,0.0121407157363783,0.0470687564959128,0.0121655980700534,44.75659831135172,44.75659831135172,44.75659831135172,1,True,True,True,A_core_lia_dem_valid
SITE_011_S0416,SITE_011,-16.3813079811508,-16.4729154305651,36.85760498046875,0.0577335065023766,0.017909741146076,0.058097097640972,0.0179606973202784,36.85771043131293,36.85771043131294,36.85771043131293,1,True,True,True,A_core_lia_dem_valid
SITE_011_S0417,SITE_011,-15.3535578212707,-21.3986880817556,44.84843826293945,0.0463758673332631,0.0133796308851904,0.0455181730132789,0.0133943099676872,44.8482956323003,44.8482956323003,44.8482956323003,1,True,True,True,A_core_lia_dem_valid
SITE_011_S0418,SITE_011,-15.661337378672,-18.3432592506865,36.87834930419922,0.0358438136983967,0.0119598024716186,0.0387293494646479,0.0122813238834147,36.87861022685557,36.87861022685558,36.87861022685557,1,True,True,True,A_core_lia_dem_valid
SITE_011_S0419,SITE_011,-12.8347656386978,-21.5960814935522,44.7523307800293,0.0386917600077059,0.010304705763441,0.0390242646674442,0.0101686184350648,44.75232940467043,44.75232940467043,44.75232940467043,1,True,True,True,A_core_lia_dem_valid
SITE_011_S0420,SITE_011,-11.9843852783757,-19.8835719658096,36.85566329956055,0.0470141032789243,0.0107346514010441,0.0467440067332415,0.0107559025669785,36.85539703777901,36.85539703777901,36.85539703777901,1,True,True,True,A_core_lia_dem_valid
SITE_011_S0421,SITE_011,-13.9282581719476,-17.5824909329499,44.84999847412109,0.0382816733735261,0.010610848439133,0.0373326271585977,0.0104818995902897,44.85029931027971,44.85029931027971,44.85029931027971,1,True,True,True,A_core_lia_dem_valid
SITE_011_S0422,SITE_011,-14.0351410179087,-23.2900369780975,36.88685607910156,0.0402914344467636,0.0087321369601423,0.0407238954702323,0.0088533378632939,36.88713516580616,36.88713516580616,36.88713516580616,1,True,True,True,A_core_lia_dem_valid
SITE_011_S0423,SITE_011,-15.9910479214277,-21.3032834319395,44.75918197631836,0.0586818935887681,0.0162246720927457,0.0597286213005398,0.016296117644481,44.75924511538896,44.75924511538896,44.75924511538896,1,True,True,True,A_core_lia_dem_valid
SITE_011_S0424,SITE_011,-15.0176335406216,-19.1598698586414,44.84820175170898,0.0428128569221331,0.0082365323851505,0.0430209504922265,0.0083999016022546,44.84803690160594,44.84803690160594,44.84803690160594,1,True,True,True,A_core_lia_dem_valid
SITE_011_S0425,SITE_011,-13.1632124188441,-19.8949680129909,36.88576126098633,0.0563109432698951,0.0129930426041931,0.0564695183012956,0.0127305008383783,36.88608995149653,36.88608995149653,36.88608995149653,1,True,True,True,A_core_lia_dem_valid
SITE_011_S0426,SITE_011,-12.4438493298118,-17.7648768516386,44.75830841064453,0.0724663901660177,0.0196847747773345,0.0727436978765476,0.0197348618351903,44.75839878546955,44.75839878546955,44.75839878546955,1,True,True,True,A_core_lia_dem_valid
SITE_011_S0427,SITE_011,-11.8753531559063,-19.5889590923655,36.85567474365234,0.0663794099456734,0.0180446007392472,0.0676213716899539,0.0181876616264016,36.8560156916702,36.85601569167021,36.8560156916702,1,True,True,True,A_core_lia_dem_valid
SITE_011_S0428,SITE_011,-11.6902365390271,-21.1839290443003,44.84917449951172,0.0568880562235911,0.0124678198718983,0.0587522861941513,0.0123328278709937,44.849083205726,44.849083205726,44.849083205726,1,True,True,True,A_core_lia_dem_valid
SITE_011_S0429,SITE_011,-10.2029435212738,-17.5890227052834,36.88185119628906,0.0637992247690757,0.0131003863452416,0.0646513346435479,0.0132715022220025,36.88212554730046,36.88212554730046,36.88212554730046,1,True,True,True,A_core_lia_dem_valid
SITE_011_S0430,SITE_011,-14.8195785509506,-21.8979347788504,44.75591659545898,0.0519451356504524,0.0140161921021838,0.0516745210996386,0.0137420465956974,44.75594945150291,44.75594945150291,44.75594945150291,1,True,True,True,A_core_lia_dem_valid
SITE_011_S0431,SITE_011,-13.1943130332868,-19.1831078610549,36.85695266723633,0.0637633865492211,0.0172287894437553,0.0643390021902327,0.016905390197868,36.85700872842057,36.85700872842057,36.85700872842057,1,True,True,True,A_core_lia_dem_valid
SITE_011_S0432,SITE_011,-12.3789516530576,-19.0089081769999,44.8487548828125,0.0581627709252966,0.0155286882207211,0.0551138166834202,0.0154849343542664,44.84901639151567,44.84901639151567,44.84901639151567,1,True,True,True,A_core_lia_dem_valid
SITE_011_S0433,SITE_011,-13.2966532305489,-18.5242115137507,36.87952423095703,0.0531281761121418,0.0145093466305277,0.0538599341457555,0.014748641363022,36.87928072531317,36.87928072531317,36.87928072531317,1,True,True,True,A_core_lia_dem_valid
SITE_011_S0434,SITE_011,-15.0089725032345,-24.8137261169228,44.7542610168457,0.0390883855563071,0.0092655283140225,0.0395733752738638,0.0093233262155963,44.7539702614849,44.7539702614849,44.7539702614849,1,True,True,True,A_core_lia_dem_valid
SITE_011_S0435,SITE_011,-13.3690880258426,-19.3636564563335,36.85834121704102,0.0584867776681979,0.0134746812755726,0.0591675496009396,0.0138669577994307,36.85859704266071,36.85859704266071,36.85859704266071,1,True,True,True,A_core_lia_dem_valid
SITE_011_S0436,SITE_011,-13.7343734820695,-21.2913922787939,44.84963607788086,0.0480905978423025,0.0127282874410351,0.0482146202032396,0.0127302111627787,44.84977719651995,44.84977719651995,44.84977719651995,1,True,True,True,A_core_lia_dem_valid
SITE_011_S0437,SITE_011,-12.4538655933327,-18.4919210595328,36.88226699829102,0.0635293984744283,0.0200166188252882,0.0653711692766192,0.0199577763972137,36.88213968546716,36.88213968546716,36.88213968546716,1,True,True,True,A_core_lia_dem_valid
SITE_011_S0438,SITE_011,-11.1680108673378,-18.3874042128712,44.75650405883789,0.0588619551766249,0.0132181526565303,0.0593180603428203,0.0132707660903587,44.75651157120977,44.75651157120977,44.75651157120977,1,True,True,True,A_core_lia_dem_valid
SITE_011_S0439,SITE_011,-14.0148692696597,-16.0806626331462,36.85639953613281,0.0713394295672575,0.0199095137024091,0.0715314036350191,0.0200874358647859,36.85647306559553,36.85647306559553,36.85647306559553,1,True,True,True,A_core_lia_dem_valid
SITE_011_S0440,SITE_011,-11.9423690882857,-17.5381808779378,44.84709930419922,0.0557460665578643,0.0153458544394622,0.0547996340637427,0.0154859877751427,44.84728793249254,44.84728793249254,44.84728793249254,1,True,True,True,A_core_lia_dem_valid
SITE_011_S0441,SITE_011,-13.6642024931944,-18.4891921512478,36.88293838500977,0.0625593672071894,0.0172978068546702,0.0637275911589155,0.0175908539675314,36.8832891962745,36.8832891962745,36.8832891962745,1,True,True,True,A_core_lia_dem_valid
SITE_011_S0442,SITE_011,-12.311346365149,-21.3597721588393,44.758544921875,0.0527840476607283,0.0134172708546328,0.0535227120920647,0.0135217819084056,44.75842348674614,44.75842348674614,44.75842348674614,1,True,True,True,A_core_lia_dem_valid
SITE_011_S0443,SITE_011,-8.58541146233197,-20.7037786483075,36.85665130615234,0.0809693687409162,0.0134794234856963,0.0811789738097124,0.0136857908967606,36.85689841416472,36.85689841416472,36.85689841416472,1,True,True,True,A_core_lia_dem_valid
SITE_011_S0444,SITE_011,-11.1273221708302,-19.1648799964036,44.84656143188477,0.0534482135747869,0.0143945080393718,0.0540946040288717,0.0143436318961322,44.84670647906688,44.84670647906688,44.84670647906688,1,True,True,True,A_core_lia_dem_valid
SITE_011_S0445,SITE_011,-13.2681527471533,-23.0700548656857,36.88611221313477,0.0776250445379735,0.0127135553966379,0.0823215423289921,0.0127419397651137,36.88635494581157,36.88635494581156,36.88635494581157,1,True,True,True,A_core_lia_dem_valid
SITE_011_S0446,SITE_011,-13.9954219715899,-23.8594422644738,44.76123428344727,0.0577217504878838,0.0100380350597616,0.0568924549862425,0.0093443971260204,44.76130956439594,44.76130956439594,44.76130956439594,1,True,True,True,A_core_lia_dem_valid
SITE_011_S0447,SITE_011,-14.5985022196655,-18.3731213195875,36.85419464111328,0.1229954188312551,0.0168498949706554,0.1245772211157205,0.016869780384464,36.85449068321373,36.85449068321373,36.85449068321373,1,True,True,True,A_core_lia_dem_valid
SITE_011_S0448,SITE_011,-13.7878203718986,-19.1070838490544,44.84455490112305,0.0763551633059978,0.0141836388585054,0.0768046929236547,0.0143136865699686,44.84445585694704,44.84445585694704,44.84445585694704,1,True,True,True,A_core_lia_dem_valid
SITE_011_S0449,SITE_011,-14.8812158326921,-20.742101666535,36.88047027587891,0.0944560054639463,0.0101427828999337,0.0971237009554772,0.0100189133596586,36.88068796489053,36.88068796489053,36.88068796489053,1,True,True,True,A_core_lia_dem_valid
SITE_011_S0450,SITE_011,-13.6067688286613,-23.7014373789334,44.75539779663086,0.0512342583181129,0.0102065100050013,0.0523388805203599,0.0104387045065869,44.75528620709059,44.7552862070906,44.75528620709059,1,True,True,True,A_core_lia_dem_valid
SITE_011_S0451,SITE_011,-14.6176037869433,-17.2115824787924,36.85579299926758,0.1026294444998105,0.012049802364264,0.1020262425576831,0.0119892413307393,36.85599931672983,36.85599931672982,36.85599931672983,1,True,True,True,A_core_lia_dem_valid
SITE_011_S0452,SITE_011,-13.3244813166821,-19.2643263008275,44.86541748046875,0.0597223978696597,0.0123998283729371,0.060606896086181,0.0124301041186411,44.86552641646668,44.86552641646668,44.86552641646668,1,True,True,True,A_core_lia_dem_valid
SITE_011_S0453,SITE_011,-7.18697929552173,-16.0074096426357,36.87874221801758,0.1375632783376778,0.0181842887256708,0.1341212647598614,0.0182969481461577,36.87887690923249,36.87887690923249,36.87887690923249,1,True,True,True,A_core_lia_dem_valid
SITE_011_S0454,SITE_011,-12.0335324446798,-17.1378089868746,44.75333786010742,0.0764270512221588,0.0118157307063746,0.0771717244933953,0.0120881890505841,44.75318284381002,44.75318284381002,44.75318284381002,1,True,True,True,A_core_lia_dem_valid
SITE_011_S0455,SITE_011,-9.38937622156154,-18.6423171426836,36.85801696777344,0.1053004626598623,0.0126000572575463,0.1054758241581951,0.0128182620468928,36.85814864271269,36.85814864271269,36.85814864271269,1,True,True,True,A_core_lia_dem_valid
SITE_011_S0456,SITE_011,-14.4903691989053,-17.0273020582537,44.86822509765625,0.0713301546581917,0.0125650218677603,0.0719150660160006,0.0128621638672788,44.86803383434484,44.86803383434484,44.86803383434484,1,True,True,True,A_core_lia_dem_valid
SITE_011_S0457,SITE_011,-9.55862390161384,-19.3469732527605,36.88036727905273,0.1092912604496714,0.012589407321583,0.1076960429270148,0.0126125938659667,36.88061526198294,36.88061526198293,36.88061526198294,1,True,True,True,A_core_lia_dem_valid
SITE_011_S0458,SITE_011,-15.1173295274459,-24.343799371355,44.75138092041016,0.0343025775088204,0.0045084523601043,0.0346183999052938,0.0048608475630315,44.7513404862991,44.7513404862991,44.7513404862991,1,True,True,True,A_core_lia_dem_valid
SITE_011_S0459,SITE_011,-9.36497982351903,-17.5010240454941,36.85353469848633,0.1020003399501244,0.0126850322292496,0.1015494359626062,0.0127906561948092,36.85322425456139,36.85322425456138,36.85322425456139,1,True,True,True,A_core_lia_dem_valid
SITE_011_S0460,SITE_011,-15.6946365550865,-22.0995348889928,44.86339950561523,0.0410413950350549,0.0078630204638845,0.0420153617058639,0.0076020184796825,44.86319434714039,44.86319434714039,44.86319434714039,1,True,True,True,A_core_lia_dem_valid
SITE_011_S0461,SITE_011,-8.9755091750782,-24.5529023655764,36.88273620605469,0.0615716039430764,0.0099054810968745,0.0627820206932106,0.0097100562702138,36.88244661087109,36.88244661087109,36.88244661087109,1,True,True,True,A_core_lia_dem_valid
SITE_011_S0462,SITE_011,-15.0113596587931,-19.6989533715425,44.75483703613281,0.0692065274053149,0.0132793847688784,0.0677641575518243,0.0134094859122724,44.75473222381332,44.75473222381332,44.75473222381332,1,True,True,True,A_core_lia_dem_valid
SITE_011_S0463,SITE_011,-7.31134956078507,-22.9003637242087,36.84985733032227,0.13246284166144,0.0175924623959387,0.1326825514750698,0.0177865621180239,36.84965128737822,36.84965128737822,36.84965128737822,1,True,True,True,A_core_lia_dem_valid
SITE_011_S0464,SITE_011,-12.7659514935132,-22.3508899776098,44.84365844726562,0.0775459125638008,0.0146921939744303,0.078741692452703,0.0144402775945548,44.84369540522612,44.84369540522613,44.84369540522612,1,True,True,True,A_core_lia_dem_valid
SITE_011_S0465,SITE_011,-9.27983453226514,-18.610536326258,36.8851432800293,0.1328921247356467,0.0197244618915849,0.1317310593176035,0.0199755061748621,36.88532648140495,36.88532648140495,36.88532648140495,1,True,True,True,A_core_lia_dem_valid
SITE_011_S0466,SITE_011,-8.30390815532517,-16.0829880355298,36.85015487670898,0.127693125895328,0.0195470379634449,0.126626431139439,0.0196500061800181,36.85019925651719,36.85019925651719,36.85019925651719,1,True,True,True,A_core_lia_dem_valid
SITE_011_S0467,SITE_011,-11.1156274320973,-22.3181293976041,44.84145355224609,0.069384585599082,0.014215383235779,0.0690358529650518,0.0143302233686187,44.84159077053233,44.84159077053232,44.84159077053233,1,True,True,True,A_core_lia_dem_valid
SITE_012_S0001,SITE_012,-10.7336874190095,-20.2284324688503,35.01548767089844,0.0825676179097758,0.016726217382743,0.0827948737907924,0.0174896188711011,35.01572703411514,35.01572703411514,35.01572703411514,1,True,True,True,A_core_lia_dem_valid
SITE_012_S0002,SITE_012,-13.5630298547781,-17.5555225272636,43.78661346435547,0.0637512137624,0.0160429808213353,0.0691940232209324,0.0184830840267879,43.78661387672267,43.78661387672267,43.78661387672267,1,True,True,True,A_core_lia_dem_valid
SITE_012_S0003,SITE_012,-9.77034537089949,-27.5708653199777,35.01946258544922,0.0781165430763631,0.0078976364376859,0.0782291010506982,0.0128492958300782,35.01928330794414,35.01928330794414,35.01928330794414,1,True,True,True,A_core_lia_dem_valid
SITE_012_S0004,SITE_012,-9.64443638484856,-18.8427798108018,43.78772735595703,0.0818640517613519,0.0144259668864431,0.0836204963532965,0.0145192884246666,43.78782822132413,43.78782822132411,43.78782822132413,1,True,True,True,A_core_lia_dem_valid
SITE_012_S0005,SITE_012,-11.2177102850466,-19.3179143818036,35.01944351196289,0.0712225177139043,0.0141771698319592,0.0729139385633794,0.0140537929440262,35.01923029306643,35.01923029306643,35.01923029306643,1,True,True,True,A_core_lia_dem_valid
SITE_012_S0006,SITE_012,-8.93611401485874,-17.4413757054708,43.78945541381836,0.0747450281302857,0.0149199665668324,0.0708191540289664,0.0151755716189724,43.78950859370195,43.78950859370195,43.78950859370195,1,True,True,True,A_core_lia_dem_valid
SITE_012_S0007,SITE_012,-12.0080153145938,-16.6385436600734,35.018798828125,0.0680753087128202,0.0178227613634617,0.0692847896749038,0.0160945076846267,35.01909116245853,35.01909116245853,35.01909116245853,1,True,True,True,A_core_lia_dem_valid
SITE_012_S0008,SITE_012,-9.64453208836259,-19.0994540687989,43.78923034667969,0.0894401502107001,0.0127969323250707,0.1023390532547462,0.0130221018104605,43.78913363982799,43.78913363982799,43.78913363982799,1,True,True,True,A_core_lia_dem_valid
SITE_012_S0009,SITE_012,-14.3512380571808,-18.2037688112165,35.0081787109375,0.0632891579717397,0.0166290487403808,0.0635661424999987,0.0167208472447524,35.00842248733911,35.00842248733911,35.00842248733911,1,True,True,True,A_core_lia_dem_valid
SITE_012_S0010,SITE_012,-7.38659823438671,-17.0331458914972,43.7994499206543,0.1420634109693483,0.0178812530725951,0.1488451059620176,0.0176274223180121,43.79916467639474,43.79916467639474,43.79916467639474,1,True,True,True,A_core_lia_dem_valid
SITE_012_S0011,SITE_012,-10.3530493058309,-16.6185475720804,35.0100212097168,0.0928838707697161,0.0208065792054144,0.0923941639930867,0.0208157418103152,35.00994422186104,35.00994422186104,35.00994422186104,1,True,True,True,A_core_lia_dem_valid
SITE_012_S0012,SITE_012,-11.3365816327797,-16.4440639773824,43.7808952331543,0.0705024046536879,0.0161523096285558,0.1261697878333339,0.0152911427341357,43.78061259581597,43.78061259581597,43.78061259581597,1,True,True,True,A_core_lia_dem_valid
SITE_012_S0013,SITE_012,-11.5784590326302,-18.1982778217542,35.00907135009766,0.0632784002657677,0.0116373695314137,0.0645224674789056,0.0116490743471308,35.00906259163003,35.00906259163003,35.00906259163003,1,True,True,True,A_core_lia_dem_valid
SITE_012_S0014,SITE_012,-9.1644627423706,-21.0203888546859,43.77214813232422,0.0911047851131706,0.0125061605614374,0.098212780059997,0.012839467516707,43.77222539412374,43.77222539412374,43.77222539412374,1,True,True,True,A_core_lia_dem_valid
SITE_012_S0015,SITE_012,-7.94336853818638,-19.8211725177167,35.01612091064453,0.0700558002135764,0.0104863675223035,0.0647089888555362,0.0111100369865196,35.01607115361909,35.01607115361909,35.01607115361909,1,True,True,True,A_core_lia_dem_valid
SITE_012_S0016,SITE_012,-10.2338542789362,-17.8253125660648,43.77827453613281,0.0671603622947462,0.0127904565567525,0.0745824405037241,0.012721318165004,43.77828584076515,43.77828584076514,43.77828584076515,1,True,True,True,A_core_lia_dem_valid
SITE_012_S0017,SITE_012,-13.2434047609974,-16.7989172631016,34.99460983276367,0.0581709272062644,0.0147802823073127,0.0592577562084271,0.0146640482764507,34.99452697200353,34.99452697200353,34.99452697200353,1,True,True,True,A_core_lia_dem_valid
SITE_012_S0018,SITE_012,-5.19921125037094,-13.1546823351314,43.77135467529297,0.1322860133699283,0.0290557026600722,0.1098581912836337,0.0262569736240355,43.77157648557222,43.77157648557222,43.77157648557222,1,True,True,True,A_core_lia_dem_valid
SITE_012_S0019,SITE_012,-10.1215135192046,-14.8871159328797,34.99605560302734,0.0698646594211459,0.017017329540621,0.0702002437881849,0.017262446959762,34.99629141497702,34.99629141497702,34.99629141497702,1,True,True,True,A_core_lia_dem_valid
SITE_012_S0020,SITE_012,-8.14986602481579,-20.551451031932,43.77307510375977,0.1096209530335856,0.0141598836229079,0.104741705310262,0.0142970140988904,43.77302840079418,43.77302840079418,43.77302840079418,1,True,True,True,A_core_lia_dem_valid
SITE_012_S0021,SITE_012,-10.8185958670663,-18.7304136125959,34.99402236938477,0.0663613397710853,0.0149744292397413,0.0666235272328794,0.0155435959596379,34.99396559927199,34.99396559927199,34.99396559927199,1,True,True,True,A_core_lia_dem_valid
SITE_012_S0022,SITE_012,-9.59020924768249,-17.7223946055261,43.77698516845703,0.0839546722617724,0.0176067364427978,0.0816174557011092,0.017553010755334,43.77693310097406,43.77693310097406,43.77693310097406,1,True,True,True,A_core_lia_dem_valid
SITE_012_S0023,SITE_012,-12.6387685145068,-16.3758096723406,35.00111389160156,0.084115594352285,0.0192291496280166,0.0857187164349504,0.0193615615416695,35.00116464402673,35.00116464402672,35.00116464402673,1,True,True,True,A_core_lia_dem_valid
SITE_012_S0024,SITE_012,-7.89751090265997,-16.5697100580915,43.77246475219727,0.1159833116561749,0.0209235592516162,0.1176099649785169,0.0204687821582402,43.7723186170704,43.7723186170704,43.7723186170704,1,True,True,True,A_core_lia_dem_valid
SITE_012_S0025,SITE_012,-11.3787006959245,-16.6800354239194,35.00238418579102,0.0860912691553433,0.0211533751481021,0.0853669819990058,0.0198361877654602,35.00266476912898,35.00266476912898,35.00266476912898,1,True,True,True,A_core_lia_dem_valid
SITE_012_S0026,SITE_012,-6.70043702500528,-21.1245489598049,43.77753829956055,0.1372424704312569,0.016541144525679,0.1243001994117198,0.017126415802972,43.77770575683824,43.77770575683825,43.77770575683824,1,True,True,True,A_core_lia_dem_valid
SITE_012_S0027,SITE_012,-12.0285987158393,-16.2396362326281,35.00771713256836,0.0621507035816709,0.0171355815532406,0.0620867522067539,0.0164195221680903,35.00788906160106,35.00788906160107,35.00788906160106,1,True,True,True,A_core_lia_dem_valid
SITE_012_S0028,SITE_012,-7.65078438811715,-16.98273956447,43.77729797363281,0.0965594435544474,0.018266795715631,0.0879907705651017,0.0168362311436419,43.77743970023261,43.77743970023261,43.77743970023261,1,True,True,True,A_core_lia_dem_valid
SITE_012_S0029,SITE_012,-11.1551206636129,-18.8597394840534,43.78965377807617,0.0615523903550059,0.0119456968518354,0.0606504470939025,0.0110299445551548,43.78979109635421,43.78979109635421,43.78979109635421,1,True,True,True,A_core_lia_dem_valid
SITE_012_S0030,SITE_012,-13.2723325152534,-18.846616925157,35.00471878051758,0.0780873036881287,0.0133299408252868,0.0776271497016703,0.0133476376231427,35.00491003201702,35.00491003201702,35.00491003201702,1,True,True,True,A_core_lia_dem_valid
SITE_012_S0031,SITE_012,-9.37161181451219,-16.5838439684049,43.78832244873047,0.0907232799997617,0.014822108480181,0.1019999891918892,0.0139156597714058,43.78818769322668,43.78818769322668,43.78818769322668,1,True,True,True,A_core_lia_dem_valid
SITE_012_S0032,SITE_012,-17.0327790427669,-19.5787103727811,35.01651763916016,0.0621393458752168,0.0106393720349802,0.0619720549524032,0.0095833041523881,35.01651817930493,35.01651817930493,35.01651817930493,1,True,True,True,A_core_lia_dem_valid
SITE_012_S0033,SITE_012,-8.89360650474454,-17.4159263130871,43.78835678100586,0.0992755039572515,0.0159019600031173,0.1054678215204407,0.0160241437809335,43.78825826392348,43.78825826392348,43.78825826392348,1,True,True,True,A_core_lia_dem_valid
SITE_012_S0034,SITE_012,-10.5041842825468,-19.3234983031523,35.0196418762207,0.0673584920954373,0.0127990220763294,0.0711001674466001,0.0136186453882015,35.01971759982255,35.01971759982255,35.01971759982255,1,True,True,True,A_core_lia_dem_valid
SITE_012_S0035,SITE_012,-10.0472536720187,-16.1057270256299,43.78503799438477,0.0859210544944399,0.0139394923734168,0.093950385344126,0.0139384662956689,43.78508043845569,43.78508043845569,43.78508043845569,1,True,True,True,A_core_lia_dem_valid
SITE_012_S0036,SITE_012,-14.8385480128942,-24.5367237502486,35.02152252197266,0.0502715313387503,0.0075789710433202,0.0541348070285423,0.0091316300069082,35.02132183860011,35.02132183860011,35.02132183860011,1,True,True,True,A_core_lia_dem_valid
SITE_012_S0037,SITE_012,-10.1999591770469,-17.7044217942804,43.79167938232422,0.0906516854030535,0.0154356211251303,0.1054539629898168,0.0158825118761322,43.79168910974209,43.7916891097421,43.79168910974209,1,True,True,True,A_core_lia_dem_valid
SITE_012_S0038,SITE_012,-15.1916387335358,-18.4977034021972,35.01623153686523,0.0582293760033407,0.015767407779949,0.0737037933980132,0.0168095834667098,35.01597899068998,35.01597899068998,35.01597899068998,1,True,True,True,A_core_lia_dem_valid
SITE_012_S0039,SITE_012,-12.1464050895712,-19.5355689639814,43.79718399047852,0.0677717161338266,0.0123853847997149,0.0735251501846825,0.0124264128677526,43.79747705889937,43.79747705889937,43.79747705889937,1,True,True,True,A_core_lia_dem_valid
SITE_012_S0040,SITE_012,-12.1184973145396,-16.946253010666,35.01321411132812,0.0963788554817438,0.0217029665639306,0.0944948924220688,0.0204551105834837,35.01346180704905,35.01346180704905,35.01346180704905,1,True,True,True,A_core_lia_dem_valid
SITE_012_S0041,SITE_012,-12.4727718713632,-19.9931202859667,43.8016471862793,0.0804641604531386,0.0193650982417235,0.0832687250107737,0.0194635180347827,43.80150378850502,43.80150378850502,43.80150378850502,1,True,True,True,A_core_lia_dem_valid
SITE_012_S0042,SITE_012,-13.3788965842982,-16.6531751111173,35.0141487121582,0.0723933729851462,0.0163270648860343,0.0759068792680299,0.0158195244715256,35.01444424707154,35.01444424707154,35.01444424707154,1,True,True,True,A_core_lia_dem_valid
SITE_012_S0043,SITE_012,-11.8016137074246,-21.378636470182,43.78663635253906,0.0739467711291379,0.015202038382345,0.0744130599897168,0.0155920016755857,43.78659051826375,43.78659051826374,43.78659051826375,1,True,True,True,A_core_lia_dem_valid
SITE_012_S0044,SITE_012,-10.6765426714087,-18.8308366665372,35.01197052001953,0.0825288752669076,0.0157379957286456,0.0795733152895115,0.0149522939136591,35.01217202040445,35.01217202040445,35.01217202040445,1,True,True,True,A_core_lia_dem_valid
SITE_012_S0045,SITE_012,-9.01915989848529,-19.0820168464198,43.77675628662109,0.0900201156076213,0.0137402864937823,0.085508776399032,0.0131690739914153,43.77684876350988,43.77684876350987,43.77684876350988,1,True,True,True,A_core_lia_dem_valid
SITE_012_S0046,SITE_012,-13.008155768848,-19.9248351260826,35.01003646850586,0.0676112447596258,0.0143131304292138,0.0689701821548941,0.0140749730166732,35.01031896301868,35.01031896301868,35.01031896301868,1,True,True,True,A_core_lia_dem_valid
SITE_012_S0047,SITE_012,-9.51581176943925,-18.4768977787623,43.77870559692383,0.0850140482737869,0.0147991019253324,0.0824974331251739,0.0144639598083904,43.778508409285,43.778508409285,43.778508409285,1,True,True,True,A_core_lia_dem_valid
SITE_012_S0048,SITE_012,-11.1609547364152,-17.4091666424858,35.00568389892578,0.0858806200077136,0.0197020727590942,0.0861903022321654,0.0191203254310647,35.00548709840449,35.00548709840448,35.00548709840449,1,True,True,True,A_core_lia_dem_valid
SITE_012_S0049,SITE_012,-8.03861159851363,-21.4795197319249,43.78005981445312,0.1274713403299404,0.0115200521947509,0.1443380719764583,0.0121937407668484,43.78009489980342,43.78009489980342,43.78009489980342,1,True,True,True,A_core_lia_dem_valid
SITE_012_S0050,SITE_012,-12.9701383522404,-22.074556707076,35.00132369995117,0.0703995270548464,0.012638040811982,0.0731944576127757,0.0130787410486424,35.00111792122826,35.00111792122826,35.00111792122826,1,True,True,True,A_core_lia_dem_valid
SITE_012_S0051,SITE_012,-9.94878229646867,-18.6040821539628,43.78184509277344,0.0890665640459524,0.0121865722870726,0.1153934527751702,0.0111486842297455,43.78213024169498,43.78213024169498,43.78213024169498,1,True,True,True,A_core_lia_dem_valid
SITE_012_S0052,SITE_012,-12.672878344003,-21.1200934954051,35.01029586791992,0.0895901650252441,0.013916651149046,0.0900136370073266,0.0136613734422513,35.00995224738669,35.00995224738669,35.00995224738669,1,True,True,True,A_core_lia_dem_valid
SITE_012_S0053,SITE_012,-8.46294648015993,-16.8607151632598,43.77766418457031,0.1135470253656637,0.020993421198679,0.1251884959251833,0.0224028454502678,43.77786315850496,43.77786315850496,43.77786315850496,1,True,True,True,A_core_lia_dem_valid
SITE_012_S0054,SITE_012,-12.3409066495429,-19.5288863159499,35.01178359985352,0.0830343387068973,0.0136211620101042,0.0836161811138388,0.0137215230917799,35.01179292734154,35.01179292734154,35.01179292734154,1,True,True,True,A_core_lia_dem_valid
SITE_012_S0055,SITE_012,-11.4025993692428,-20.6762608872393,35.01614379882812,0.0834214777251084,0.0181395644444253,0.0856767315453382,0.0180909350441681,35.01639234509216,35.01639234509216,35.01639234509216,1,True,True,True,A_core_lia_dem_valid
SITE_012_S0056,SITE_012,-8.7918737791581,-18.6371263619408,43.79233932495117,0.0822390823054365,0.0137409783161903,0.0767940087708967,0.0132978933284089,43.79239753248865,43.79239753248865,43.79239753248865,1,True,True,True,A_core_lia_dem_valid
SITE_012_S0057,SITE_012,-11.4698612904321,-20.2239325185841,35.0145149230957,0.0741648119853602,0.0138403959814928,0.0722012691489301,0.0145460789038809,35.01455440027235,35.01455440027235,35.01455440027235,1,True,True,True,A_core_lia_dem_valid
SITE_012_S0058,SITE_012,-15.958368539019,-21.1636251391875,43.78401184082031,0.0401643002743526,0.0100499242161593,0.0651275791534251,0.0101820674971659,43.78399726215242,43.78399726215242,43.78399726215242,1,True,True,True,A_core_lia_dem_valid
SITE_012_S0059,SITE_012,-14.5263456621416,-20.3627551967592,35.01501846313477,0.0449480119104855,0.0122587963213953,0.0552302231363618,0.0121464290273643,35.01474004933021,35.01474004933021,35.01474004933021,1,True,True,True,A_core_lia_dem_valid
SITE_012_S0060,SITE_012,-11.0822314696366,-19.1798504145285,43.77845001220703,0.0792488521511445,0.0151481538690539,0.0842945251971422,0.0149493670707917,43.77842618087533,43.77842618087533,43.77842618087533,1,True,True,True,A_core_lia_dem_valid
SITE_012_S0061,SITE_012,-10.9459504115641,-16.8369463703628,35.01132965087891,0.077031362230579,0.0154556909301835,0.0772008078793684,0.0151953307827129,35.01130159753514,35.01130159753514,35.01130159753514,1,True,True,True,A_core_lia_dem_valid
SITE_012_S0062,SITE_012,-8.68208646419576,-17.9448384490147,43.78456115722656,0.0862980697535966,0.015607801136764,0.0817330883926525,0.0147496680097164,43.78452759463591,43.78452759463591,43.78452759463591,1,True,True,True,A_core_lia_dem_valid
SITE_012_S0063,SITE_012,-10.5588161468159,-16.7033383253614,35.01344299316406,0.0674723654468026,0.0195229649673777,0.0684294265296236,0.0196314878096892,35.01361020386013,35.01361020386013,35.01361020386013,1,True,True,True,A_core_lia_dem_valid
SITE_012_S0064,SITE_012,-11.2242261479425,-19.2947406592264,43.78402709960938,0.0831094170950749,0.0164017683249526,0.0890058494496835,0.017127600917877,43.78409027321661,43.78409027321661,43.78409027321661,1,True,True,True,A_core_lia_dem_valid
SITE_012_S0065,SITE_012,-11.2216309756401,-20.4003525102224,34.99214553833008,0.0546399608088864,0.0112429219675669,0.0551251746649083,0.0115015424659583,34.9922101244782,34.9922101244782,34.9922101244782,1,True,True,True,A_core_lia_dem_valid
SITE_012_S0066,SITE_012,-12.7504150251184,-21.7129302169683,34.98534393310547,0.0550969984921569,0.0115919291516611,0.0562366839509607,0.0120331449242825,34.98533812598011,34.98533812598011,34.98533812598011,1,True,True,True,A_core_lia_dem_valid
SITE_012_S0067,SITE_012,-7.4079014769716,-15.6167998248387,43.78070068359375,0.1279970187195566,0.026305233345787,0.1269784585867796,0.0232689120801348,43.78073651859212,43.78073651859212,43.78073651859212,1,True,True,True,A_core_lia_dem_valid
SITE_012_S0068,SITE_012,-14.5410690403177,-28.3725992235298,34.9999885559082,0.054513468918804,0.0073322956100393,0.0541660394751161,0.008488679745043,35.00009060177536,35.00009060177536,35.00009060177536,1,True,True,True,A_core_lia_dem_valid
SITE_012_S0069,SITE_012,-9.20484747423405,-19.3248920301948,43.85129165649414,0.0773644338874749,0.0130516487761497,0.0717258495508076,0.0136551245190115,43.85123635182872,43.85123635182872,43.85123635182872,1,True,True,True,A_core_lia_dem_valid
SITE_012_S0070,SITE_012,-12.5149843655255,-21.0163997619297,34.98222351074219,0.0499707880976843,0.0115487078639368,0.0494150681795101,0.0113732643480082,34.98222661637445,34.98222661637445,34.98222661637445,1,True,True,True,A_core_lia_dem_valid
SITE_012_S0071,SITE_012,-7.69177677259268,-18.246053989794,43.77421569824219,0.0897639169935268,0.0158065261143554,0.0798179259601003,0.0144272974637473,43.77442547650744,43.77442547650744,43.77442547650744,1,True,True,True,A_core_lia_dem_valid
SITE_012_S0072,SITE_012,-12.5770622455209,-19.7397357106051,35.00370788574219,0.0593870857208408,0.0127329896403227,0.0597822725794674,0.0126074255587925,35.00380777914694,35.00380777914694,35.00380777914694,1,True,True,True,A_core_lia_dem_valid
SITE_012_S0073,SITE_012,-12.1149163970198,-20.3866832647563,43.84896087646485,0.0703307767342648,0.0184258832373081,0.0703936134794729,0.0190503395628863,43.84916197581131,43.84916197581131,43.84916197581131,1,True,True,True,A_core_lia_dem_valid
SITE_012_S0074,SITE_012,-12.7980548817368,-20.647548975904,34.96079254150391,0.0754657586415608,0.0148148396625696,0.074772312539963,0.0147138849362599,34.96083676195521,34.96083676195521,34.96083676195521,1,True,True,True,A_core_lia_dem_valid
SITE_012_S0075,SITE_012,-11.1228771666249,-20.6986022064756,34.99845504760742,0.1009574904777185,0.0158952348639327,0.1005861055366306,0.0166298061706887,34.99873319260721,34.99873319260721,34.99873319260721,1,True,True,True,A_core_lia_dem_valid
SITE_012_S0076,SITE_012,-11.9336849970819,-21.5533595556024,43.83966827392578,0.0733718522698067,0.0115603138171722,0.0868969660870699,0.0155460903889447,43.83941503689984,43.83941503689984,43.83941503689984,1,True,True,True,A_core_lia_dem_valid
SITE_012_S0077,SITE_012,-12.7294657077285,-19.2541570953578,34.96163177490234,0.0833941250664791,0.0156131609789352,0.0862124003860109,0.0153913803638513,34.96173709952391,34.96173709952391,34.96173709952391,1,True,True,True,A_core_lia_dem_valid
SITE_012_S0078,SITE_012,-9.23555208440743,-21.917080421122,43.76713943481445,0.1028110639369391,0.0115068319400494,0.0981070115877029,0.0141706355349543,43.76738865569319,43.76738865569319,43.76738865569319,1,True,True,True,A_core_lia_dem_valid
SITE_012_S0079,SITE_012,-11.3622366944111,-23.6385782318142,34.99374008178711,0.083473136108812,0.0123466067469928,0.084489259220026,0.0155603227724756,34.99350796076257,34.99350796076257,34.99350796076257,1,True,True,True,A_core_lia_dem_valid
SITE_012_S0080,SITE_012,-14.6648967692753,-17.9219790022772,43.83698654174805,0.0522437881144337,0.0182259768284374,0.0572558523877165,0.0201945235024179,43.83701735693521,43.83701735693521,43.83701735693521,1,True,True,True,A_core_lia_dem_valid
SITE_012_S0081,SITE_012,-12.4442029331832,-20.39013238586,34.96622085571289,0.070341808293998,0.0147747491809754,0.0799238806643683,0.0176281936265674,34.96650553741166,34.96650553741166,34.96650553741166,1,True,True,True,A_core_lia_dem_valid
SITE_012_S0082,SITE_012,-12.6909767949553,-19.5935232451115,43.77086639404297,0.0708236825210453,0.013886413152492,0.0735854951891331,0.0147156027852827,43.77065011530107,43.77065011530107,43.77065011530107,1,True,True,True,A_core_lia_dem_valid
SITE_012_S0083,SITE_012,-15.1098326811617,-21.8031982527911,34.98957061767578,0.0626436576430767,0.0107014797914342,0.0701854959605078,0.0131219277762561,34.98959164473858,34.98959164473858,34.98959164473858,1,True,True,True,A_core_lia_dem_valid
SITE_012_S0084,SITE_012,-9.86889989702362,-16.4645587817442,43.83286285400391,0.0937186245896541,0.0231854328724847,0.0895340386952273,0.0231711999975181,43.83278222375497,43.83278222375497,43.83278222375497,1,True,True,True,A_core_lia_dem_valid
SITE_012_S0085,SITE_012,-13.3827662143737,-19.9696732293993,34.97249984741211,0.0977981645158595,0.0162899244225318,0.0970628792871332,0.0198507414836836,34.97248089895841,34.97248089895841,34.97248089895841,1,True,True,True,A_core_lia_dem_valid
SITE_012_S0086,SITE_012,-12.9541607351081,-20.0862309520077,43.77407836914063,0.0598657414270053,0.012235964869032,0.0671624792146926,0.0126346209562123,43.7738466244721,43.7738466244721,43.7738466244721,1,True,True,True,A_core_lia_dem_valid
SITE_012_S0087,SITE_012,-9.70464649409021,-22.6741381207084,34.99314117431641,0.0940783802585469,0.0174308428374517,0.0948898794511218,0.0197538232956342,34.99291562567603,34.99291562567603,34.99291562567603,1,True,True,True,A_core_lia_dem_valid
SITE_012_S0088,SITE_012,-10.5352892689558,-21.885699227763,43.83459854125977,0.0774964365428923,0.0115745342228441,0.0930065030616713,0.0131775351231141,43.83472628236157,43.83472628236157,43.83472628236157,1,True,True,True,A_core_lia_dem_valid
SITE_012_S0089,SITE_012,-12.5116546517139,-20.0866687208105,34.96724700927734,0.0660298309573087,0.0124385261933718,0.0707384235005837,0.0129209112717245,34.96729162402166,34.96729162402167,34.96729162402166,1,True,True,True,A_core_lia_dem_valid
SITE_012_S0090,SITE_012,-11.047205510581,-16.7980042259454,43.77384185791016,0.0778228947069781,0.0179103858722292,0.0766102040209504,0.0170488988964451,43.77405946516968,43.77405946516968,43.77405946516968,1,True,True,True,A_core_lia_dem_valid
SITE_012_S0091,SITE_012,-11.3597037870871,-19.8011512860878,35.00157928466797,0.0743657791324787,0.0130894109149148,0.0745297874158455,0.0117124715002,35.00183579601728,35.00183579601728,35.00183579601728,1,True,True,True,A_core_lia_dem_valid
SITE_012_S0092,SITE_012,-10.2019383427101,-18.4895731982404,43.84024810791016,0.0891764305420698,0.01831972998383,0.0914146150518624,0.0194237556755832,43.84011400273416,43.84011400273416,43.84011400273416,1,True,True,True,A_core_lia_dem_valid
SITE_012_S0093,SITE_012,-12.0301016904767,-24.8790452271328,34.96298217773438,0.0666397867144809,0.0120561531023071,0.0670085155699996,0.0133965208558098,34.96281214727872,34.96281214727872,34.96281214727872,1,True,True,True,A_core_lia_dem_valid
SITE_012_S0094,SITE_012,-13.4484784252056,-18.6061374081819,43.77527618408203,0.0569489759814108,0.0136260091307083,0.0763222217810448,0.0129410230291979,43.77509642203372,43.77509642203372,43.77509642203372,1,True,True,True,A_core_lia_dem_valid
SITE_012_S0095,SITE_012,-12.8734075207372,-19.8676064469721,35.00675964355469,0.0746967415221863,0.0139213558591076,0.0742254747146809,0.0140707255597587,35.00694332110785,35.00694332110785,35.00694332110785,1,True,True,True,A_core_lia_dem_valid
SITE_012_S0096,SITE_012,-11.5622169577872,-17.970954545958,43.83691787719727,0.0742413881421089,0.0154276936728921,0.0736045641158727,0.0154968559652503,43.83693078228807,43.83693078228808,43.83693078228807,1,True,True,True,A_core_lia_dem_valid
SITE_012_S0097,SITE_012,-12.7956939286151,-18.8495666586896,43.7760009765625,0.0651404426495234,0.0126740134497069,0.0647165560178549,0.0126137266204742,43.77601128010323,43.77601128010323,43.77601128010323,1,True,True,True,A_core_lia_dem_valid
SITE_012_S0098,SITE_012,-12.139940444455,-21.0759392468944,35.00860595703125,0.0698840421272648,0.0104347102233521,0.069317659983343,0.0108564049222205,35.00848719903937,35.00848719903938,35.00848719903937,1,True,True,True,A_core_lia_dem_valid
SITE_012_S0099,SITE_012,-11.0457351924536,-22.2554104724141,43.83399200439453,0.0529376361270745,0.0105221246359505,0.0531287014898326,0.0115761032113882,43.8341466671142,43.8341466671142,43.8341466671142,1,True,True,True,A_core_lia_dem_valid
SITE_012_S0100,SITE_012,-12.6779265387765,-19.5984469201802,34.96497344970703,0.0602452820829219,0.0119695821541699,0.0602710010018472,0.0111285157618996,34.96468511694752,34.96468511694752,34.96468511694752,1,True,True,True,A_core_lia_dem_valid
SITE_012_S0101,SITE_012,-10.1073535729587,-19.4031803376341,43.78359985351562,0.0614826955066786,0.0122228368927185,0.0612367696646187,0.0118673726867538,43.78382197517422,43.78382197517422,43.78382197517422,1,True,True,True,A_core_lia_dem_valid
SITE_012_S0102,SITE_012,-13.2498055782245,-18.1276899315724,35.00850677490234,0.0592171975059641,0.0130733341024794,0.0588323651523226,0.0116510666710235,35.00876660684902,35.00876660684901,35.00876660684902,1,True,True,True,A_core_lia_dem_valid
SITE_012_S0103,SITE_012,-7.82203871850518,-17.8003233578553,43.83484268188477,0.0511657542554818,0.0115582709033375,0.050265102937328,0.0111714296700164,43.83503838726855,43.83503838726855,43.83503838726855,1,True,True,True,A_core_lia_dem_valid
SITE_012_S0104,SITE_012,-14.2523081559695,-22.2566636524895,34.96943664550781,0.0627142068205608,0.0098999408579301,0.0629249814488453,0.009929412348851,34.96955684098329,34.96955684098329,34.96955684098329,1,True,True,True,A_core_lia_dem_valid
SITE_012_S0105,SITE_012,-10.1617253190789,-21.5871751113839,43.78741455078125,0.0631384283789675,0.0089358626223861,0.0597207467866046,0.0090022225912913,43.78764045667197,43.78764045667197,43.78764045667197,1,True,True,True,A_core_lia_dem_valid
SITE_012_S0106,SITE_012,-12.7967399337255,-19.4141227020056,35.01478576660156,0.089446085015085,0.0159114150083375,0.089144940974764,0.0158133926830807,35.01471284654939,35.01471284654939,35.01471284654939,1,True,True,True,A_core_lia_dem_valid
SITE_012_S0107,SITE_012,-11.1701107113081,-19.381821018319,43.83848571777344,0.0540560782103655,0.0122356653788959,0.0555594486737672,0.0122540871519155,43.83855210431917,43.83855210431917,43.83855210431917,1,True,True,True,A_core_lia_dem_valid
SITE_012_S0108,SITE_012,-9.11044012833005,-16.578477743696,34.9644660949707,0.0802894621839126,0.0212468749217482,0.0826050380508738,0.0212929698477322,34.96468912872981,34.96468912872981,34.96468912872981,1,True,True,True,A_core_lia_dem_valid
SITE_012_S0109,SITE_012,-8.21346167359556,-14.9021174342823,43.78611373901367,0.0724236450011913,0.0177502341928845,0.071341794378868,0.0147915950476655,43.78638867733797,43.78638867733797,43.78638867733797,1,True,True,True,A_core_lia_dem_valid
SITE_012_S0110,SITE_012,-12.2639943464693,-19.366505571321,35.01816177368164,0.0690977335969607,0.0130213706277916,0.0698112148714678,0.0131868130792378,35.01817838591759,35.01817838591759,35.01817838591759,1,True,True,True,A_core_lia_dem_valid
SITE_012_S0111,SITE_012,-9.46674286037591,-16.2467416439474,43.83604431152344,0.0622258615659342,0.0134516939076678,0.062874252623246,0.0127509005843238,43.83603725638442,43.83603725638442,43.83603725638442,1,True,True,True,A_core_lia_dem_valid
SITE_012_S0112,SITE_012,-12.1755275618676,-18.0739453189179,34.966796875,0.0994457454731067,0.019075553568287,0.1012486745255856,0.019422267448203,34.96656477522617,34.96656477522617,34.96656477522617,1,True,True,True,A_core_lia_dem_valid
SITE_012_S0113,SITE_012,-11.8603288638916,-21.204525268062,43.78921508789063,0.0730727983680036,0.0178740810550564,0.0740771546969075,0.017850546138569,43.78923254834623,43.78923254834622,43.78923254834623,1,True,True,True,A_core_lia_dem_valid
SITE_012_S0114,SITE_012,-11.0364377318774,-18.1089903446399,35.01887130737305,0.0970002735567343,0.0172596375928777,0.0958260573291312,0.0173163862552286,35.01912953377676,35.01912953377676,35.01912953377676,1,True,True,True,A_core_lia_dem_valid
SITE_012_S0115,SITE_012,-15.0511508543635,-19.5398288365429,34.96205520629883,0.0749876638166558,0.0177569707412397,0.0845607982474463,0.0190087415322527,34.96180967225974,34.96180967225974,34.96180967225974,1,True,True,True,A_core_lia_dem_valid
SITE_012_S0116,SITE_012,-12.036917810467,-15.2761402416466,43.78189849853516,0.0810861771802107,0.016737317691764,0.0826244734402424,0.0167178647474015,43.78206432992584,43.78206432992584,43.78206432992584,1,True,True,True,A_core_lia_dem_valid
SITE_012_S0117,SITE_012,-11.8423316552689,-23.4829924906506,35.01021575927734,0.0825520520160595,0.0127803621354097,0.0824507598762894,0.0131520290936187,35.01043995008291,35.01043995008291,35.01043995008291,1,True,True,True,A_core_lia_dem_valid
SITE_012_S0118,SITE_012,-12.6016827023187,-22.2519886783973,43.8397102355957,0.0632352064342962,0.0092597139739858,0.0630032899750419,0.0095530037062097,43.83948812289502,43.83948812289502,43.83948812289502,1,True,True,True,A_core_lia_dem_valid
SITE_012_S0119,SITE_012,-10.661892226953,-24.6607967031521,34.96311569213867,0.0718083651531859,0.0096574264491315,0.073439524596364,0.0107382241607436,34.96288115648424,34.96288115648424,34.96288115648424,1,True,True,True,A_core_lia_dem_valid
SITE_012_S0120,SITE_012,-12.5574869901782,-20.2752745510342,43.78422927856445,0.0516896033845841,0.0094083362376666,0.0521066977274546,0.0096067606753843,43.78434443075826,43.78434443075826,43.78434443075826,1,True,True,True,A_core_lia_dem_valid
SITE_012_S0121,SITE_012,-11.58741498572,-15.4842281814069,35.01239013671875,0.0878759417103396,0.0154317555971742,0.0890982276764907,0.0143634294140959,35.01209631342835,35.01209631342835,35.01209631342835,1,True,True,True,A_core_lia_dem_valid
SITE_012_S0122,SITE_012,-12.5719918097483,-21.4847842510495,43.83440780639648,0.0625904531056422,0.0141162734261792,0.0661455226748738,0.0143166564202752,43.83420254147538,43.83420254147538,43.83420254147538,1,True,True,True,A_core_lia_dem_valid
SITE_012_S0123,SITE_012,-8.97874498939874,-17.7070169599903,34.96757507324219,0.1018329009330935,0.0230749218269354,0.1029067985805464,0.022767883753885,34.96752676576207,34.96752676576207,34.96752676576207,1,True,True,True,A_core_lia_dem_valid
SITE_012_S0124,SITE_012,-9.16497503875631,-15.6453519577939,43.78608322143555,0.067998618847794,0.0198712057285742,0.0693047089925091,0.0176775190845602,43.78615220678133,43.78615220678133,43.78615220678133,1,True,True,True,A_core_lia_dem_valid
SITE_012_S0125,SITE_012,-10.0101983522048,-20.5707723917626,35.00747680664062,0.0900510025110943,0.0110203663920296,0.0902917420920743,0.0112380086110905,35.00745083215194,35.00745083215193,35.00745083215194,1,True,True,True,A_core_lia_dem_valid
SITE_012_S0126,SITE_012,-9.43258243627153,-18.1574770281398,43.83112716674805,0.0655910354562931,0.0154909294058028,0.0679115102711596,0.014674600090015,43.83114704478433,43.83114704478433,43.83114704478433,1,True,True,True,A_core_lia_dem_valid
SITE_012_S0127,SITE_012,-10.2756471535284,-19.7949973510486,34.96356201171875,0.0890102956112888,0.0157718926678911,0.0897662867154971,0.0166757211931281,34.96378635908047,34.96378635908048,34.96378635908047,1,True,True,True,A_core_lia_dem_valid
SITE_012_S0128,SITE_012,-10.8036783461237,-17.2505119563242,43.78497695922852,0.071824568754269,0.0176036653118666,0.0722374547220718,0.0170863978715198,43.78527814117921,43.78527814117921,43.78527814117921,1,True,True,True,A_core_lia_dem_valid
SITE_012_S0129,SITE_012,-7.86174264243631,-17.9987356757495,43.8272590637207,0.1153052561891005,0.0135247515896082,0.1167026776792086,0.0126879077456963,43.82742205849967,43.82742205849967,43.82742205849967,1,True,True,True,A_core_lia_dem_valid
SITE_012_S0130,SITE_012,-10.6203744844472,-16.9505655099336,35.0066032409668,0.1047968312352895,0.0184339250346492,0.1051133425910899,0.0186134998549836,35.00635271996468,35.00635271996469,35.00635271996468,1,True,True,True,A_core_lia_dem_valid
SITE_012_S0131,SITE_012,-14.1760325534605,-22.3458476854056,34.97010803222656,0.0822904733154508,0.0111342753557495,0.0821573672257076,0.0140442157947792,34.96994970965061,34.96994970965061,34.96994970965061,1,True,True,True,A_core_lia_dem_valid
SITE_012_S0132,SITE_012,-14.0990324450946,-17.5085791578698,43.77469635009766,0.0516119954520066,0.0144584422637996,0.061093397619916,0.0147267529790623,43.77457340187564,43.77457340187564,43.77457340187564,1,True,True,True,A_core_lia_dem_valid
SITE_012_S0133,SITE_012,-10.2396663271377,-19.7314729601497,35.00382995605469,0.1129897491180126,0.0196888685412704,0.1101820385293727,0.0199078422150126,35.00380897221034,35.00380897221034,35.00380897221034,1,True,True,True,A_core_lia_dem_valid
SITE_012_S0134,SITE_012,-10.0755218056481,-19.5571746741065,34.95814895629883,0.0942718329860104,0.0169076199775648,0.0936255893028444,0.0179988957768569,34.95832062489603,34.95832062489603,34.95832062489603,1,True,True,True,A_core_lia_dem_valid
SITE_012_S0135,SITE_012,-12.4690221322327,-22.3201380954165,43.77323532104492,0.0597715955745451,0.0112597244884749,0.0676514448458852,0.0128093654316782,43.7729950527882,43.77299505278821,43.7729950527882,1,True,True,True,A_core_lia_dem_valid
SITE_012_S0136,SITE_012,-14.7075312130535,-19.9956986855838,35.00285720825195,0.0633250320438387,0.0113790789325321,0.0691929286097059,0.011680567300043,35.00268636112676,35.00268636112677,35.00268636112676,1,True,True,True,A_core_lia_dem_valid
