sample_id,site_id,anonymous_reference_time,anonymous_sar_time,s1_time_diff_minutes,ndvi_time_diff_days,lai_time_diff_days
SITE_001_S0001,SITE_001,2003-09-26T00:00:00.000000Z,2003-09-26T00:00:46.460000Z,0.7743333333333333,11.23680555555556,3.236805555555556
SITE_001_S0002,SITE_001,2003-10-01T00:09:00.000000Z,2003-10-01T00:09:00.060000Z,0.001,0.2430555555555555,0.2430555555555555
SITE_001_S0003,SITE_001,2003-10-08T00:00:00.000000Z,2003-10-08T00:00:45.830000Z,0.7638333333333334,7.236805555555556,7.236805555555556
SITE_001_S0004,SITE_001,2003-11-01T00:00:00.000000Z,2003-11-01T00:00:45.140000Z,0.7523333333333333,2.236805555555556,2.236805555555556
SITE_001_S0005,SITE_001,2003-11-13T00:00:00.000000Z,2003-11-13T00:00:44.930000Z,0.7488333333333334,14.23680555555556,6.236805555555556
SITE_001_S0006,SITE_001,2003-11-18T00:08:00.000000Z,2003-11-18T00:08:58.100000Z,0.9683333333333334,3.242361111111111,3.242361111111111
SITE_001_S0007,SITE_001,2003-11-25T00:00:00.000000Z,2003-11-25T00:00:44.120000Z,0.7353333333333333,10.23680555555556,2.236805555555556
SITE_001_S0008,SITE_001,2003-11-30T00:08:00.000000Z,2003-11-30T00:08:58.340000Z,0.9723333333333334,15.24236111111111,7.242361111111111
SITE_001_S0009,SITE_001,2003-12-07T00:00:00.000000Z,2003-12-07T00:00:44.460000Z,0.741,6.236805555555556,6.236805555555556
SITE_001_S0010,SITE_001,2003-12-19T00:00:00.000000Z,2003-12-19T00:00:34.920000Z,0.582,2.236805555555556,2.236805555555556
SITE_001_S0011,SITE_001,2003-12-24T00:08:00.000000Z,2003-12-24T00:08:58.500000Z,0.975,7.242361111111111,7.242361111111111
SITE_001_S0012,SITE_001,2004-01-05T00:08:00.000000Z,2004-01-05T00:08:58.780000Z,0.9796666666666668,3.242361111111111,3.242361111111111
SITE_001_S0013,SITE_001,2004-01-12T00:00:00.000000Z,2004-01-12T00:00:45.290000Z,0.7548333333333334,10.23680555555556,2.236805555555556
SITE_001_S0014,SITE_001,2004-01-24T00:00:00.000000Z,2004-01-24T00:00:45.720000Z,0.762,6.236805555555556,6.236805555555556
SITE_001_S0015,SITE_001,2004-01-29T00:08:00.000000Z,2004-01-29T00:08:59.680000Z,0.9946666666666668,11.24236111111111,3.242361111111111
SITE_001_S0016,SITE_001,2004-02-05T00:00:00.000000Z,2004-02-05T00:00:46.290000Z,0.7715,2.236805555555556,2.236805555555556
SITE_001_S0017,SITE_001,2004-02-10T00:08:00.000000Z,2004-02-10T00:08:57.490000Z,0.9581666666666668,7.242361111111111,7.242361111111111
SITE_001_S0018,SITE_001,2004-02-17T00:00:00.000000Z,2004-02-17T00:00:47.050000Z,0.7841666666666667,14.23680555555556,6.236805555555556
SITE_001_S0019,SITE_001,2004-02-22T00:08:00.000000Z,2004-02-22T00:08:57.890000Z,0.9648333333333332,3.242361111111111,3.242361111111111
SITE_001_S0020,SITE_001,2004-03-05T00:08:00.000000Z,2004-03-05T00:08:58.820000Z,0.9803333333333332,15.24236111111111,7.242361111111111
SITE_001_S0021,SITE_001,2004-03-12T00:00:00.000000Z,2004-03-12T00:00:48.700000Z,0.8116666666666666,6.236805555555556,6.236805555555556
SITE_001_S0022,SITE_001,2004-03-17T00:08:00.000000Z,2004-03-17T00:08:59.620000Z,0.9936666666666668,11.24236111111111,3.242361111111111
SITE_001_S0023,SITE_001,2004-03-24T00:00:00.000000Z,2004-03-24T00:00:49.340000Z,0.8223333333333334,2.236805555555556,2.236805555555556
SITE_001_S0024,SITE_001,2004-04-05T00:00:00.000000Z,2004-04-05T00:00:50.100000Z,0.835,14.23680555555556,6.236805555555556
SITE_001_S0025,SITE_001,2004-04-10T00:09:00.000000Z,2004-04-10T00:09:01.220000Z,0.0203333333333333,3.243055555555556,3.243055555555556
SITE_001_S0026,SITE_001,2004-04-17T00:00:00.000000Z,2004-04-17T00:00:49.690000Z,0.8281666666666667,10.23680555555556,2.236805555555556
SITE_001_S0027,SITE_001,2004-04-22T00:09:00.000000Z,2004-04-22T00:09:00.540000Z,0.009,15.24305555555556,7.243055555555555
SITE_001_S0028,SITE_001,2004-04-29T00:00:00.000000Z,2004-04-29T00:00:50.480000Z,0.8413333333333334,6.236805555555556,6.236805555555556
SITE_001_S0029,SITE_001,2004-05-11T00:00:00.000000Z,2004-05-11T00:00:51.180000Z,0.853,2.236805555555556,2.236805555555556
SITE_001_S0030,SITE_001,2004-05-23T00:00:00.000000Z,2004-05-23T00:00:51.900000Z,0.865,14.23680555555556,6.236805555555556
SITE_001_S0031,SITE_001,2004-06-04T00:00:00.000000Z,2004-06-04T00:00:52.560000Z,0.876,10.23680555555556,2.236805555555556
SITE_001_S0032,SITE_001,2004-06-16T00:00:00.000000Z,2004-06-16T00:00:52.890000Z,0.8815,6.236805555555556,6.236805555555556
SITE_001_S0033,SITE_001,2004-06-28T00:00:00.000000Z,2004-06-28T00:00:53.250000Z,0.8875,2.236805555555556,2.236805555555556
SITE_001_S0034,SITE_001,2004-08-15T00:00:00.000000Z,2004-08-15T00:00:39.700000Z,0.6616666666666666,2.236805555555556,2.236805555555556
SITE_001_S0035,SITE_001,2004-08-27T00:00:00.000000Z,2004-08-27T00:00:57.970000Z,0.9661666666666666,14.23680555555556,6.236805555555556
SITE_001_S0036,SITE_001,2004-09-01T00:09:00.000000Z,2004-09-01T00:09:01.630000Z,0.0271666666666666,3.243055555555556,3.243055555555556
SITE_001_S0037,SITE_001,2004-09-08T00:00:00.000000Z,2004-09-08T00:00:47.750000Z,0.7958333333333333,10.23680555555556,2.236805555555556
SITE_001_S0038,SITE_001,2004-09-13T00:08:00.000000Z,2004-09-13T00:08:50.320000Z,0.8386666666666667,15.24236111111111,7.242361111111111
SITE_001_S0039,SITE_001,2004-09-20T00:00:00.000000Z,2004-09-20T00:00:57.500000Z,0.9583333333333334,6.236805555555556,6.236805555555556
SITE_001_S0040,SITE_001,2004-10-02T00:00:00.000000Z,2004-10-02T00:00:46.940000Z,0.7823333333333333,2.236805555555556,2.236805555555556
SITE_001_S0041,SITE_001,2004-10-07T00:08:00.000000Z,2004-10-07T00:08:49.450000Z,0.8241666666666667,7.242361111111111,7.242361111111111
SITE_001_S0042,SITE_001,2004-10-19T00:09:00.000000Z,2004-10-19T00:09:00.040000Z,0.0006666666666666666,6.243055555555555,6.243055555555555
SITE_001_S0043,SITE_001,2004-10-26T00:00:00.000000Z,2004-10-26T00:00:45.960000Z,0.766,13.23680555555556,5.236805555555556
SITE_001_S0044,SITE_001,2004-10-31T00:08:00.000000Z,2004-10-31T00:08:48.730000Z,0.8121666666666667,2.242361111111111,2.242361111111111
SITE_001_S0045,SITE_001,2004-11-07T00:00:00.000000Z,2004-11-07T00:00:55.570000Z,0.9261666666666668,9.236805555555556,1.236805555555555
SITE_001_S0046,SITE_001,2004-11-12T00:08:00.000000Z,2004-11-12T00:08:59.350000Z,0.9891666666666666,14.24236111111111,6.242361111111111
SITE_001_S0047,SITE_001,2004-11-19T00:00:00.000000Z,2004-11-19T00:00:37.470000Z,0.6245,5.236805555555556,5.236805555555556
SITE_001_S0048,SITE_001,2004-11-24T00:08:00.000000Z,2004-11-24T00:08:48.000000Z,0.8,10.24236111111111,2.242361111111111
SITE_001_S0049,SITE_001,2004-12-01T00:00:00.000000Z,2004-12-01T00:00:55.410000Z,0.9235,1.236805555555555,9.236805555555556
SITE_001_S0050,SITE_001,2004-12-06T00:08:00.000000Z,2004-12-06T00:08:59.070000Z,0.9845,6.242361111111111,14.24236111111111
SITE_001_S0051,SITE_001,2004-12-13T00:00:00.000000Z,2004-12-13T00:00:37.410000Z,0.6235,13.23680555555556,5.236805555555556
SITE_001_S0052,SITE_001,2004-12-18T00:08:00.000000Z,2004-12-18T00:08:48.000000Z,0.8,2.242361111111111,2.242361111111111
SITE_001_S0053,SITE_001,2004-12-25T00:00:00.000000Z,2004-12-25T00:00:55.590000Z,0.9265,9.236805555555556,1.236805555555555
SITE_001_S0054,SITE_001,2004-12-30T00:08:00.000000Z,2004-12-30T00:08:54.000000Z,0.9,14.24236111111111,6.242361111111111
SITE_001_S0055,SITE_001,2005-01-06T00:00:00.000000Z,2005-01-06T00:00:37.000000Z,0.6166666666666667,5.236805555555556,5.236805555555556
SITE_001_S0056,SITE_001,2005-01-11T00:08:00.000000Z,2005-01-11T00:08:48.820000Z,0.8136666666666666,10.24236111111111,2.242361111111111
SITE_001_S0057,SITE_001,2005-01-23T00:08:00.000000Z,2005-01-23T00:08:54.840000Z,0.914,6.242361111111111,6.242361111111111
SITE_001_S0058,SITE_001,2005-01-30T00:00:00.000000Z,2005-01-30T00:00:38.740000Z,0.6456666666666667,13.23680555555556,5.236805555555556
SITE_001_S0059,SITE_001,2005-02-04T00:08:00.000000Z,2005-02-04T00:08:49.740000Z,0.829,2.242361111111111,2.242361111111111
SITE_001_S0060,SITE_001,2005-02-16T00:08:00.000000Z,2005-02-16T00:08:55.790000Z,0.9298333333333332,14.24236111111111,6.242361111111111
SITE_001_S0061,SITE_001,2005-02-23T00:00:00.000000Z,2005-02-23T00:00:42.800000Z,0.7133333333333334,5.236805555555556,5.236805555555556
SITE_001_S0062,SITE_001,2005-02-28T00:08:00.000000Z,2005-02-28T00:08:53.680000Z,0.8946666666666667,10.24236111111111,2.242361111111111
SITE_001_S0063,SITE_001,2005-03-07T00:00:00.000000Z,2005-03-07T00:00:46.580000Z,0.7763333333333333,1.236805555555555,1.236805555555555
SITE_001_S0064,SITE_001,2005-03-12T00:09:00.000000Z,2005-03-12T00:09:02.420000Z,0.0403333333333333,6.243055555555555,6.243055555555555
SITE_001_S0065,SITE_001,2005-03-19T00:00:00.000000Z,2005-03-19T00:00:50.100000Z,0.835,13.23680555555556,5.236805555555556
SITE_001_S0066,SITE_001,2005-03-24T00:09:00.000000Z,2005-03-24T00:09:03.150000Z,0.0525,2.243055555555556,2.243055555555556
SITE_001_S0067,SITE_001,2005-04-12T00:00:00.000000Z,2005-04-12T00:00:51.440000Z,0.8573333333333333,5.236805555555556,5.236805555555556
SITE_001_S0068,SITE_001,2005-04-17T00:09:00.000000Z,2005-04-17T00:09:04.560000Z,0.076,10.24305555555556,2.243055555555556
SITE_001_S0069,SITE_001,2005-04-29T00:09:00.000000Z,2005-04-29T00:09:05.080000Z,0.0846666666666666,6.243055555555555,6.243055555555555
SITE_001_S0070,SITE_001,2005-05-06T00:00:00.000000Z,2005-05-06T00:00:52.770000Z,0.8795,13.23680555555556,5.236805555555556
SITE_001_S0071,SITE_001,2005-05-18T00:00:00.000000Z,2005-05-18T00:00:53.680000Z,0.8946666666666667,9.236805555555556,1.236805555555555
SITE_001_S0072,SITE_001,2005-05-23T00:09:00.000000Z,2005-05-23T00:09:06.360000Z,0.106,14.24305555555556,6.243055555555555
SITE_001_S0073,SITE_001,2005-05-30T00:00:00.000000Z,2005-05-30T00:00:54.000000Z,0.9,5.236805555555556,5.236805555555556
SITE_001_S0074,SITE_001,2005-06-04T00:09:00.000000Z,2005-06-04T00:09:07.000000Z,0.1166666666666666,10.24305555555556,2.243055555555556
SITE_001_S0075,SITE_001,2005-06-11T00:00:00.000000Z,2005-06-11T00:00:54.560000Z,0.9093333333333332,1.236805555555555,1.236805555555555
SITE_001_S0076,SITE_001,2005-06-16T00:09:00.000000Z,2005-06-16T00:09:07.000000Z,0.1166666666666666,6.243055555555555,6.243055555555555
SITE_001_S0077,SITE_001,2005-06-23T00:00:00.000000Z,2005-06-23T00:00:55.000000Z,0.9166666666666666,13.23680555555556,5.236805555555556
SITE_001_S0078,SITE_001,2005-06-28T00:09:00.000000Z,2005-06-28T00:09:07.000000Z,0.1166666666666666,2.243055555555556,2.243055555555556
SITE_001_S0079,SITE_001,2005-07-05T00:00:00.000000Z,2005-07-05T00:00:55.000000Z,0.9166666666666666,9.236805555555556,1.236805555555555
SITE_001_S0080,SITE_001,2005-07-10T00:09:00.000000Z,2005-07-10T00:09:08.410000Z,0.1401666666666666,14.24305555555556,6.243055555555555
SITE_001_S0081,SITE_001,2005-07-11T00:00:00.000000Z,2005-07-11T00:00:10.000000Z,0.1666666666666666,15.23680555555556,7.236805555555556
SITE_001_S0082,SITE_001,2005-07-16T00:08:00.000000Z,2005-07-16T00:08:29.120000Z,0.4853333333333333,4.242361111111111,4.242361111111111
SITE_001_S0083,SITE_001,2005-07-17T00:00:00.000000Z,2005-07-17T00:00:55.000000Z,0.9166666666666666,5.236805555555556,5.236805555555556
SITE_001_S0084,SITE_001,2005-07-22T00:09:00.000000Z,2005-07-22T00:09:08.000000Z,0.1333333333333333,10.24305555555556,2.243055555555556
SITE_001_S0085,SITE_001,2005-07-23T00:00:00.000000Z,2005-07-23T00:00:10.000000Z,0.1666666666666666,11.23680555555556,3.236805555555556
SITE_001_S0086,SITE_001,2005-07-28T00:08:00.000000Z,2005-07-28T00:08:29.170000Z,0.4861666666666667,0.2423611111111111,0.2423611111111111
SITE_001_S0087,SITE_001,2005-07-29T00:00:00.000000Z,2005-07-29T00:00:55.000000Z,0.9166666666666666,1.236805555555555,1.236805555555555
SITE_001_S0088,SITE_001,2005-08-03T00:09:00.000000Z,2005-08-03T00:09:08.320000Z,0.1386666666666666,6.243055555555555,6.243055555555555
SITE_001_S0089,SITE_001,2005-08-04T00:00:00.000000Z,2005-08-04T00:00:10.790000Z,0.1798333333333333,7.236805555555556,7.236805555555556
SITE_001_S0090,SITE_001,2005-08-09T00:08:00.000000Z,2005-08-09T00:08:29.250000Z,0.4875,12.24236111111111,4.242361111111111
SITE_001_S0091,SITE_001,2005-08-10T00:00:00.000000Z,2005-08-10T00:00:55.800000Z,0.93,13.23680555555556,5.236805555555556
SITE_001_S0092,SITE_001,2005-08-15T00:09:00.000000Z,2005-08-15T00:09:08.370000Z,0.1395,2.243055555555556,2.243055555555556
SITE_001_S0093,SITE_001,2005-08-21T00:08:00.000000Z,2005-08-21T00:08:29.000000Z,0.4833333333333333,8.24236111111111,0.2423611111111111
SITE_001_S0094,SITE_001,2005-08-22T00:00:00.000000Z,2005-08-22T00:00:55.550000Z,0.9258333333333332,9.236805555555556,1.236805555555555
SITE_001_S0095,SITE_001,2005-08-27T00:09:00.000000Z,2005-08-27T00:09:08.000000Z,0.1333333333333333,14.24305555555556,6.243055555555555
SITE_001_S0096,SITE_001,2005-08-27T23:59:00.000000Z,2005-08-27T23:59:55.700000Z,0.9283333333333332,15.23611111111111,7.236111111111111
SITE_001_S0097,SITE_001,2005-09-02T00:08:00.000000Z,2005-09-02T00:08:28.000000Z,0.4666666666666667,4.242361111111111,4.242361111111111
SITE_001_S0098,SITE_001,2005-09-03T00:00:00.000000Z,2005-09-03T00:00:55.390000Z,0.9231666666666668,5.236805555555556,5.236805555555556
SITE_001_S0099,SITE_001,2005-09-08T00:09:00.000000Z,2005-09-08T00:09:08.000000Z,0.1333333333333333,10.24305555555556,2.243055555555556
SITE_001_S0100,SITE_001,2005-09-14T00:08:00.000000Z,2005-09-14T00:08:28.520000Z,0.4753333333333333,0.2423611111111111,0.2423611111111111
SITE_001_S0101,SITE_001,2005-09-20T00:09:00.000000Z,2005-09-20T00:09:07.600000Z,0.1266666666666666,6.243055555555555,6.243055555555555
SITE_001_S0102,SITE_001,2005-09-20T23:59:00.000000Z,2005-09-20T23:59:55.170000Z,0.9195,7.236111111111111,7.236111111111111
SITE_001_S0103,SITE_001,2005-09-26T00:08:00.000000Z,2005-09-26T00:08:28.000000Z,0.4666666666666667,12.24236111111111,4.242361111111111
SITE_001_S0104,SITE_001,2005-09-27T00:00:00.000000Z,2005-09-27T00:00:54.530000Z,0.9088333333333334,13.23680555555556,5.236805555555556
SITE_001_S0105,SITE_001,2005-10-02T00:09:00.000000Z,2005-10-02T00:09:07.000000Z,0.1166666666666666,2.243055555555556,2.243055555555556
SITE_001_S0106,SITE_001,2005-10-08T00:08:00.000000Z,2005-10-08T00:08:27.770000Z,0.4628333333333333,8.24236111111111,0.2423611111111111
SITE_001_S0107,SITE_001,2005-10-09T00:00:00.000000Z,2005-10-09T00:00:54.000000Z,0.9,9.236805555555556,1.236805555555555
SITE_001_S0108,SITE_001,2005-10-14T00:09:00.000000Z,2005-10-14T00:09:05.720000Z,0.0953333333333333,0.2430555555555555,0.2430555555555555
SITE_001_S0109,SITE_001,2005-10-15T00:00:00.000000Z,2005-10-15T00:00:08.000000Z,0.1333333333333333,1.236805555555555,1.236805555555555
SITE_001_S0110,SITE_001,2005-10-20T00:08:00.000000Z,2005-10-20T00:08:26.000000Z,0.4333333333333333,6.242361111111111,6.242361111111111
SITE_001_S0111,SITE_001,2005-10-21T00:00:00.000000Z,2005-10-21T00:00:52.680000Z,0.878,7.236805555555556,7.236805555555556
SITE_001_S0112,SITE_001,2005-10-26T00:09:00.000000Z,2005-10-26T00:09:05.000000Z,0.0833333333333333,12.24305555555556,4.243055555555555
SITE_001_S0113,SITE_001,2005-10-27T00:00:00.000000Z,2005-10-27T00:00:07.760000Z,0.1293333333333333,13.23680555555556,5.236805555555556
SITE_001_S0114,SITE_001,2005-11-01T00:08:00.000000Z,2005-11-01T00:08:25.760000Z,0.4293333333333333,2.242361111111111,2.242361111111111
SITE_001_S0115,SITE_001,2005-11-02T00:00:00.000000Z,2005-11-02T00:00:52.220000Z,0.8703333333333333,3.236805555555556,3.236805555555556
SITE_001_S0116,SITE_001,2005-11-19T00:09:00.000000Z,2005-11-19T00:09:04.000000Z,0.0666666666666666,4.243055555555555,4.243055555555555
SITE_001_S0117,SITE_001,2005-11-20T00:00:00.000000Z,2005-11-20T00:00:07.000000Z,0.1166666666666666,5.236805555555556,5.236805555555556
SITE_001_S0118,SITE_001,2005-11-25T00:08:00.000000Z,2005-11-25T00:08:25.000000Z,0.4166666666666667,10.24236111111111,2.242361111111111
SITE_001_S0119,SITE_001,2005-11-26T00:00:00.000000Z,2005-11-26T00:00:51.000000Z,0.85,11.23680555555556,3.236805555555556
SITE_001_S0120,SITE_001,2005-12-01T00:09:00.000000Z,2005-12-01T00:09:04.460000Z,0.0743333333333333,0.2430555555555555,0.2430555555555555
SITE_001_S0121,SITE_001,2005-12-02T00:00:00.000000Z,2005-12-02T00:00:07.100000Z,0.1183333333333333,1.236805555555555,1.236805555555555
SITE_001_S0122,SITE_001,2005-12-07T00:08:00.000000Z,2005-12-07T00:08:25.290000Z,0.4215,6.242361111111111,6.242361111111111
SITE_001_S0123,SITE_001,2005-12-08T00:00:00.000000Z,2005-12-08T00:00:51.710000Z,0.8618333333333333,7.236805555555556,7.236805555555556
SITE_001_S0124,SITE_001,2005-12-14T00:00:00.000000Z,2005-12-14T00:00:06.000000Z,0.1,13.23680555555556,5.236805555555556
SITE_001_S0125,SITE_001,2005-12-19T00:08:00.000000Z,2005-12-19T00:08:25.230000Z,0.4205,2.242361111111111,2.242361111111111
SITE_001_S0126,SITE_001,2005-12-20T00:00:00.000000Z,2005-12-20T00:00:51.720000Z,0.862,3.236805555555556,3.236805555555556
SITE_001_S0127,SITE_001,2005-12-25T00:09:00.000000Z,2005-12-25T00:09:04.000000Z,0.0666666666666666,8.243055555555555,0.2430555555555555
SITE_001_S0128,SITE_001,2005-12-26T00:00:00.000000Z,2005-12-26T00:00:07.000000Z,0.1166666666666666,9.236805555555556,1.236805555555555
SITE_001_S0129,SITE_001,2005-12-31T00:08:00.000000Z,2005-12-31T00:08:25.000000Z,0.4166666666666667,14.24236111111111,6.242361111111111
SITE_001_S0130,SITE_001,2006-01-01T00:00:00.000000Z,2006-01-01T00:00:51.000000Z,0.85,15.23680555555556,7.236805555555556
SITE_001_S0131,SITE_001,2006-01-06T00:09:00.000000Z,2006-01-06T00:09:04.000000Z,0.0666666666666666,4.243055555555555,4.243055555555555
SITE_001_S0132,SITE_001,2006-01-07T00:00:00.000000Z,2006-01-07T00:00:07.000000Z,0.1166666666666666,5.236805555555556,5.236805555555556
SITE_001_S0133,SITE_001,2006-01-12T00:08:00.000000Z,2006-01-12T00:08:25.000000Z,0.4166666666666667,10.24236111111111,2.242361111111111
SITE_001_S0134,SITE_001,2006-01-13T00:00:00.000000Z,2006-01-13T00:00:52.000000Z,0.8666666666666667,11.23680555555556,3.236805555555556
SITE_001_S0135,SITE_001,2006-01-18T00:09:00.000000Z,2006-01-18T00:09:05.300000Z,0.0883333333333333,0.2430555555555555,0.2430555555555555
SITE_001_S0136,SITE_001,2006-01-19T00:00:00.000000Z,2006-01-19T00:00:07.880000Z,0.1313333333333333,1.236805555555555,1.236805555555555
SITE_001_S0137,SITE_001,2006-01-24T00:08:00.000000Z,2006-01-24T00:08:26.220000Z,0.437,6.242361111111111,6.242361111111111
SITE_001_S0138,SITE_001,2006-01-25T00:00:00.000000Z,2006-01-25T00:00:52.000000Z,0.8666666666666667,7.236805555555556,7.236805555555556
SITE_001_S0139,SITE_001,2006-01-30T00:09:00.000000Z,2006-01-30T00:09:05.920000Z,0.0986666666666666,12.24305555555556,4.243055555555555
SITE_001_S0140,SITE_001,2006-01-31T00:00:00.000000Z,2006-01-31T00:00:08.490000Z,0.1415,13.23680555555556,5.236805555555556
SITE_001_S0141,SITE_001,2006-02-05T00:08:00.000000Z,2006-02-05T00:08:26.850000Z,0.4475,2.242361111111111,2.242361111111111
SITE_001_S0142,SITE_001,2006-02-06T00:00:00.000000Z,2006-02-06T00:00:53.250000Z,0.8875,3.236805555555556,3.236805555555556
SITE_001_S0143,SITE_001,2006-02-11T00:09:00.000000Z,2006-02-11T00:09:06.000000Z,0.1,8.243055555555555,0.2430555555555555
SITE_001_S0144,SITE_001,2006-02-12T00:00:00.000000Z,2006-02-12T00:00:09.000000Z,0.15,9.236805555555556,1.236805555555555
SITE_001_S0145,SITE_001,2006-02-17T00:08:00.000000Z,2006-02-17T00:08:27.000000Z,0.45,14.24236111111111,6.242361111111111
SITE_001_S0146,SITE_001,2006-02-18T00:00:00.000000Z,2006-02-18T00:00:54.160000Z,0.9026666666666666,15.23680555555556,7.236805555555556
SITE_001_S0147,SITE_001,2006-02-23T00:09:00.000000Z,2006-02-23T00:09:07.120000Z,0.1186666666666666,4.243055555555555,4.243055555555555
SITE_001_S0148,SITE_001,2006-02-24T00:00:00.000000Z,2006-02-24T00:00:09.000000Z,0.15,5.236805555555556,5.236805555555556
SITE_001_S0149,SITE_001,2006-03-01T00:08:00.000000Z,2006-03-01T00:08:28.160000Z,0.4693333333333333,10.24236111111111,2.242361111111111
SITE_001_S0150,SITE_001,2006-03-02T00:00:00.000000Z,2006-03-02T00:00:54.000000Z,0.9,11.23680555555556,3.236805555555556
SITE_001_S0151,SITE_001,2006-03-07T00:08:00.000000Z,2006-03-07T00:08:59.000000Z,0.9833333333333332,0.2423611111111111,0.2423611111111111
SITE_001_S0152,SITE_001,2006-03-08T00:00:00.000000Z,2006-03-08T00:00:10.000000Z,0.1666666666666666,1.236805555555555,1.236805555555555
SITE_001_S0153,SITE_001,2006-03-13T00:08:00.000000Z,2006-03-13T00:08:34.000000Z,0.5666666666666667,6.242361111111111,6.242361111111111
SITE_001_S0154,SITE_001,2006-03-14T00:00:00.000000Z,2006-03-14T00:00:49.000000Z,0.8166666666666667,7.236805555555556,7.236805555555556
SITE_001_S0155,SITE_001,2006-03-19T00:09:00.000000Z,2006-03-19T00:09:00.000000Z,0,12.24305555555556,4.243055555555555
SITE_001_S0156,SITE_001,2006-03-20T00:00:00.000000Z,2006-03-20T00:00:24.000000Z,0.4,13.23680555555556,5.236805555555556
SITE_001_S0157,SITE_001,2006-03-25T00:08:00.000000Z,2006-03-25T00:08:35.000000Z,0.5833333333333334,2.242361111111111,2.242361111111111
SITE_001_S0158,SITE_001,2006-03-26T00:00:00.000000Z,2006-03-26T00:00:50.000000Z,0.8333333333333334,3.236805555555556,3.236805555555556
SITE_001_S0159,SITE_001,2006-03-31T00:09:00.000000Z,2006-03-31T00:09:00.000000Z,0,8.243055555555555,0.2430555555555555
SITE_001_S0160,SITE_001,2006-04-01T00:00:00.000000Z,2006-04-01T00:00:25.000000Z,0.4166666666666667,9.236805555555556,1.236805555555555
SITE_001_S0161,SITE_001,2006-04-06T00:08:00.000000Z,2006-04-06T00:08:35.000000Z,0.5833333333333334,14.24236111111111,6.242361111111111
SITE_001_S0162,SITE_001,2006-04-07T00:00:00.000000Z,2006-04-07T00:00:51.000000Z,0.85,15.23680555555556,7.236805555555556
SITE_001_S0163,SITE_001,2006-04-12T00:09:00.000000Z,2006-04-12T00:09:01.000000Z,0.0166666666666666,4.243055555555555,4.243055555555555
SITE_001_S0164,SITE_001,2006-04-13T00:00:00.000000Z,2006-04-13T00:00:26.000000Z,0.4333333333333333,5.236805555555556,5.236805555555556
SITE_001_S0165,SITE_001,2006-04-18T00:08:00.000000Z,2006-04-18T00:08:36.000000Z,0.6,10.24236111111111,2.242361111111111
SITE_001_S0166,SITE_001,2006-04-24T00:09:00.000000Z,2006-04-24T00:09:02.000000Z,0.0333333333333333,0.2430555555555555,0.2430555555555555
SITE_001_S0167,SITE_001,2006-04-30T00:08:00.000000Z,2006-04-30T00:08:37.000000Z,0.6166666666666667,6.242361111111111,6.242361111111111
SITE_001_S0168,SITE_001,2006-05-01T00:00:00.000000Z,2006-05-01T00:00:52.000000Z,0.8666666666666667,7.236805555555556,7.236805555555556
SITE_001_S0169,SITE_001,2006-05-06T00:09:00.000000Z,2006-05-06T00:09:02.000000Z,0.0333333333333333,12.24305555555556,4.243055555555555
SITE_001_S0170,SITE_001,2006-05-07T00:00:00.000000Z,2006-05-07T00:00:27.000000Z,0.45,13.23680555555556,5.236805555555556
SITE_001_S0171,SITE_001,2006-05-12T00:08:00.000000Z,2006-05-12T00:08:37.000000Z,0.6166666666666667,2.242361111111111,2.242361111111111
SITE_001_S0172,SITE_001,2006-05-13T00:00:00.000000Z,2006-05-13T00:00:53.000000Z,0.8833333333333333,3.236805555555556,3.236805555555556
SITE_001_S0173,SITE_001,2006-05-18T00:09:00.000000Z,2006-05-18T00:09:03.000000Z,0.05,8.243055555555555,0.2430555555555555
SITE_001_S0174,SITE_001,2006-05-30T00:09:00.000000Z,2006-05-30T00:09:04.000000Z,0.0666666666666666,4.243055555555555,4.243055555555555
SITE_001_S0175,SITE_001,2006-05-31T00:00:00.000000Z,2006-05-31T00:00:28.000000Z,0.4666666666666667,5.236805555555556,5.236805555555556
SITE_001_S0176,SITE_001,2006-06-05T00:08:00.000000Z,2006-06-05T00:08:39.000000Z,0.65,10.24236111111111,2.242361111111111
SITE_001_S0177,SITE_001,2006-06-06T00:00:00.000000Z,2006-06-06T00:00:54.000000Z,0.9,11.23680555555556,3.236805555555556
SITE_001_S0178,SITE_001,2006-06-11T00:09:00.000000Z,2006-06-11T00:09:04.000000Z,0.0666666666666666,0.2430555555555555,0.2430555555555555
SITE_001_S0179,SITE_001,2006-06-12T00:00:00.000000Z,2006-06-12T00:00:29.000000Z,0.4833333333333333,1.236805555555555,1.236805555555555
SITE_001_S0180,SITE_001,2006-09-15T00:09:00.000000Z,2006-09-15T00:09:05.000000Z,0.0833333333333333,0.2430555555555555,0.2430555555555555
SITE_001_S0181,SITE_001,2006-09-16T00:00:00.000000Z,2006-09-16T00:00:29.000000Z,0.4833333333333333,1.236805555555555,1.236805555555555
SITE_001_S0182,SITE_001,2006-09-21T00:08:00.000000Z,2006-09-21T00:08:39.000000Z,0.65,6.242361111111111,6.242361111111111
SITE_001_S0183,SITE_001,2006-09-22T00:00:00.000000Z,2006-09-22T00:00:54.000000Z,0.9,7.236805555555556,7.236805555555556
SITE_001_S0184,SITE_001,2006-09-27T00:09:00.000000Z,2006-09-27T00:09:04.000000Z,0.0666666666666666,12.24305555555556,4.243055555555555
SITE_001_S0185,SITE_001,2006-09-28T00:00:00.000000Z,2006-09-28T00:00:29.000000Z,0.4833333333333333,13.23680555555556,5.236805555555556
SITE_001_S0186,SITE_001,2006-10-03T00:08:00.000000Z,2006-10-03T00:08:39.000000Z,0.65,2.242361111111111,2.242361111111111
SITE_001_S0187,SITE_001,2006-10-04T00:00:00.000000Z,2006-10-04T00:00:54.000000Z,0.9,3.236805555555556,3.236805555555556
SITE_001_S0188,SITE_001,2006-10-09T00:09:00.000000Z,2006-10-09T00:09:04.000000Z,0.0666666666666666,8.243055555555555,0.2430555555555555
SITE_001_S0189,SITE_001,2006-10-10T00:00:00.000000Z,2006-10-10T00:00:29.000000Z,0.4833333333333333,9.236805555555556,1.236805555555555
SITE_001_S0190,SITE_001,2006-10-15T00:08:00.000000Z,2006-10-15T00:08:38.000000Z,0.6333333333333333,1.242361111111111,1.242361111111111
SITE_001_S0191,SITE_001,2006-10-16T00:00:00.000000Z,2006-10-16T00:00:53.000000Z,0.8833333333333333,2.236805555555556,2.236805555555556
SITE_001_S0192,SITE_001,2006-10-21T00:09:00.000000Z,2006-10-21T00:09:03.000000Z,0.05,7.243055555555555,7.243055555555555
SITE_001_S0193,SITE_001,2006-10-22T00:00:00.000000Z,2006-10-22T00:00:28.000000Z,0.4666666666666667,8.236805555555556,0.2368055555555555
SITE_001_S0194,SITE_001,2006-10-27T00:08:00.000000Z,2006-10-27T00:08:38.000000Z,0.6333333333333333,13.24236111111111,5.242361111111111
SITE_001_S0195,SITE_001,2006-10-28T00:00:00.000000Z,2006-10-28T00:00:53.000000Z,0.8833333333333333,14.23680555555556,6.236805555555556
SITE_001_S0196,SITE_001,2006-11-02T00:09:00.000000Z,2006-11-02T00:09:03.000000Z,0.05,3.243055555555556,3.243055555555556
SITE_001_S0197,SITE_001,2006-11-03T00:00:00.000000Z,2006-11-03T00:00:28.000000Z,0.4666666666666667,4.236805555555556,4.236805555555556
SITE_001_S0198,SITE_001,2006-11-08T00:08:00.000000Z,2006-11-08T00:08:37.000000Z,0.6166666666666667,9.24236111111111,1.242361111111111
SITE_001_S0199,SITE_001,2006-11-09T00:00:00.000000Z,2006-11-09T00:00:53.000000Z,0.8833333333333333,10.23680555555556,2.236805555555556
SITE_001_S0200,SITE_001,2006-11-14T00:09:00.000000Z,2006-11-14T00:09:02.000000Z,0.0333333333333333,15.24305555555556,7.243055555555555
SITE_001_S0201,SITE_001,2006-11-15T00:00:00.000000Z,2006-11-15T00:00:27.000000Z,0.45,0.2368055555555555,0.2368055555555555
SITE_001_S0202,SITE_001,2006-11-20T00:08:00.000000Z,2006-11-20T00:08:37.000000Z,0.6166666666666667,5.242361111111111,5.242361111111111
SITE_001_S0203,SITE_001,2006-11-21T00:00:00.000000Z,2006-11-21T00:00:53.000000Z,0.8833333333333333,6.236805555555556,6.236805555555556
SITE_001_S0204,SITE_001,2006-11-26T00:09:00.000000Z,2006-11-26T00:09:02.000000Z,0.0333333333333333,11.24305555555556,3.243055555555556
SITE_001_S0205,SITE_001,2006-11-27T00:00:00.000000Z,2006-11-27T00:00:27.000000Z,0.45,12.23680555555556,4.236805555555556
SITE_001_S0206,SITE_001,2006-12-02T00:08:00.000000Z,2006-12-02T00:08:37.000000Z,0.6166666666666667,1.242361111111111,1.242361111111111
SITE_001_S0207,SITE_001,2006-12-03T00:00:00.000000Z,2006-12-03T00:00:52.000000Z,0.8666666666666667,2.236805555555556,2.236805555555556
SITE_001_S0208,SITE_001,2006-12-08T00:09:00.000000Z,2006-12-08T00:09:02.000000Z,0.0333333333333333,7.243055555555555,7.243055555555555
SITE_001_S0209,SITE_001,2006-12-09T00:00:00.000000Z,2006-12-09T00:00:27.000000Z,0.45,8.236805555555556,0.2368055555555555
SITE_001_S0210,SITE_001,2006-12-15T00:00:00.000000Z,2006-12-15T00:00:52.000000Z,0.8666666666666667,14.23680555555556,6.236805555555556
SITE_001_S0211,SITE_001,2006-12-20T00:09:00.000000Z,2006-12-20T00:09:02.000000Z,0.0333333333333333,3.243055555555556,3.243055555555556
SITE_001_S0212,SITE_001,2007-01-25T00:09:00.000000Z,2007-01-25T00:09:03.000000Z,0.05,7.243055555555555,7.243055555555555
SITE_001_S0213,SITE_001,2007-01-26T00:00:00.000000Z,2007-01-26T00:00:28.000000Z,0.4666666666666667,8.236805555555556,0.2368055555555555
SITE_001_S0214,SITE_001,2007-01-31T00:08:00.000000Z,2007-01-31T00:08:38.000000Z,0.6333333333333333,13.24236111111111,5.242361111111111
SITE_001_S0215,SITE_001,2007-02-01T00:00:00.000000Z,2007-02-01T00:00:53.000000Z,0.8833333333333333,14.23680555555556,6.236805555555556
SITE_001_S0216,SITE_001,2007-02-06T00:09:00.000000Z,2007-02-06T00:09:04.000000Z,0.0666666666666666,3.243055555555556,3.243055555555556
SITE_001_S0217,SITE_001,2007-02-07T00:00:00.000000Z,2007-02-07T00:00:28.000000Z,0.4666666666666667,4.236805555555556,4.236805555555556
SITE_001_S0218,SITE_001,2007-02-12T00:08:00.000000Z,2007-02-12T00:08:39.000000Z,0.65,9.24236111111111,1.242361111111111
SITE_001_S0219,SITE_001,2007-02-13T00:00:00.000000Z,2007-02-13T00:00:54.000000Z,0.9,10.23680555555556,2.236805555555556
SITE_001_S0220,SITE_001,2007-02-18T00:09:00.000000Z,2007-02-18T00:09:04.000000Z,0.0666666666666666,15.24305555555556,7.243055555555555
SITE_001_S0221,SITE_001,2007-02-19T00:00:00.000000Z,2007-02-19T00:00:29.000000Z,0.4833333333333333,0.2368055555555555,0.2368055555555555
SITE_001_S0222,SITE_001,2007-02-24T00:08:00.000000Z,2007-02-24T00:08:39.000000Z,0.65,5.242361111111111,5.242361111111111
SITE_001_S0223,SITE_001,2007-02-25T00:00:00.000000Z,2007-02-25T00:00:55.000000Z,0.9166666666666666,6.236805555555556,6.236805555555556
SITE_001_S0224,SITE_001,2007-03-02T00:09:00.000000Z,2007-03-02T00:09:05.000000Z,0.0833333333333333,11.24305555555556,3.243055555555556
SITE_001_S0225,SITE_001,2007-03-03T00:00:00.000000Z,2007-03-03T00:00:30.000000Z,0.5,12.23680555555556,4.236805555555556
SITE_001_S0226,SITE_001,2007-03-08T00:08:00.000000Z,2007-03-08T00:08:40.000000Z,0.6666666666666666,1.242361111111111,1.242361111111111
SITE_001_S0227,SITE_001,2007-03-09T00:00:00.000000Z,2007-03-09T00:00:55.000000Z,0.9166666666666666,2.236805555555556,2.236805555555556
SITE_001_S0228,SITE_001,2007-03-14T00:09:00.000000Z,2007-03-14T00:09:06.000000Z,0.1,7.243055555555555,7.243055555555555
SITE_001_S0229,SITE_001,2007-03-15T00:00:00.000000Z,2007-03-15T00:00:30.000000Z,0.5,8.236805555555556,0.2368055555555555
SITE_001_S0230,SITE_001,2007-03-20T00:08:00.000000Z,2007-03-20T00:08:41.000000Z,0.6833333333333333,13.24236111111111,5.242361111111111
SITE_001_S0231,SITE_001,2007-03-21T00:00:00.000000Z,2007-03-21T00:00:56.000000Z,0.9333333333333332,14.23680555555556,6.236805555555556
SITE_001_S0232,SITE_001,2007-03-26T00:09:00.000000Z,2007-03-26T00:09:06.000000Z,0.1,3.243055555555556,3.243055555555556
SITE_001_S0233,SITE_001,2007-03-27T00:00:00.000000Z,2007-03-27T00:00:31.000000Z,0.5166666666666667,4.236805555555556,4.236805555555556
SITE_001_S0234,SITE_001,2007-04-01T00:08:00.000000Z,2007-04-01T00:08:41.000000Z,0.6833333333333333,9.24236111111111,1.242361111111111
SITE_001_S0235,SITE_001,2007-04-02T00:00:00.000000Z,2007-04-02T00:00:57.000000Z,0.95,10.23680555555556,2.236805555555556
SITE_001_S0236,SITE_001,2007-04-07T00:09:00.000000Z,2007-04-07T00:09:07.000000Z,0.1166666666666666,15.24305555555556,7.243055555555555
SITE_001_S0237,SITE_001,2007-04-08T00:00:00.000000Z,2007-04-08T00:00:32.000000Z,0.5333333333333333,0.2368055555555555,0.2368055555555555
SITE_001_S0238,SITE_001,2007-04-13T00:08:00.000000Z,2007-04-13T00:08:42.000000Z,0.7,5.242361111111111,5.242361111111111
SITE_001_S0239,SITE_001,2007-04-14T00:00:00.000000Z,2007-04-14T00:00:57.000000Z,0.95,6.236805555555556,6.236805555555556
SITE_001_S0240,SITE_001,2007-04-19T00:09:00.000000Z,2007-04-19T00:09:08.000000Z,0.1333333333333333,11.24305555555556,3.243055555555556
SITE_001_S0241,SITE_001,2007-04-20T00:00:00.000000Z,2007-04-20T00:00:33.000000Z,0.55,12.23680555555556,4.236805555555556
SITE_001_S0242,SITE_001,2007-04-25T00:08:00.000000Z,2007-04-25T00:08:43.000000Z,0.7166666666666667,1.242361111111111,1.242361111111111
SITE_001_S0243,SITE_001,2007-04-26T00:00:00.000000Z,2007-04-26T00:00:58.000000Z,0.9666666666666668,2.236805555555556,2.236805555555556
SITE_001_S0244,SITE_001,2007-06-30T00:09:00.000000Z,2007-06-30T00:09:12.000000Z,0.2,3.243055555555556,3.243055555555556
SITE_001_S0245,SITE_001,2007-07-01T00:00:00.000000Z,2007-07-01T00:00:28.000000Z,0.4666666666666667,4.236805555555556,4.236805555555556
SITE_001_S0246,SITE_001,2007-07-06T00:08:00.000000Z,2007-07-06T00:08:46.000000Z,0.7666666666666667,9.24236111111111,1.242361111111111
SITE_001_S0247,SITE_001,2008-01-03T00:00:00.000000Z,2008-01-03T00:00:59.000000Z,0.9833333333333332,1.236805555555555,1.236805555555555
SITE_001_S0248,SITE_001,2008-01-08T00:09:00.000000Z,2008-01-08T00:09:09.000000Z,0.15,6.243055555555555,6.243055555555555
SITE_001_S0249,SITE_001,2008-01-09T00:00:00.000000Z,2008-01-09T00:00:34.000000Z,0.5666666666666667,7.236805555555556,7.236805555555556
SITE_001_S0250,SITE_001,2008-01-14T00:08:00.000000Z,2008-01-14T00:08:44.000000Z,0.7333333333333333,12.24236111111111,4.242361111111111
SITE_001_S0251,SITE_001,2008-01-15T00:00:00.000000Z,2008-01-15T00:00:59.000000Z,0.9833333333333332,13.23680555555556,5.236805555555556
SITE_001_S0252,SITE_001,2008-01-20T00:09:00.000000Z,2008-01-20T00:09:09.000000Z,0.15,2.243055555555556,2.243055555555556
SITE_001_S0253,SITE_001,2008-01-21T00:00:00.000000Z,2008-01-21T00:00:34.000000Z,0.5666666666666667,3.236805555555556,3.236805555555556
SITE_001_S0254,SITE_001,2008-01-26T00:08:00.000000Z,2008-01-26T00:08:44.000000Z,0.7333333333333333,8.24236111111111,0.2423611111111111
SITE_001_S0255,SITE_001,2008-01-27T00:01:00.000000Z,2008-01-27T00:01:00.000000Z,0,9.2375,1.2375
SITE_001_S0256,SITE_001,2008-02-01T00:09:00.000000Z,2008-02-01T00:09:10.000000Z,0.1666666666666666,14.24305555555556,6.243055555555555
SITE_001_S0257,SITE_001,2008-02-02T00:00:00.000000Z,2008-02-02T00:00:35.000000Z,0.5833333333333334,15.23680555555556,7.236805555555556
SITE_001_S0258,SITE_001,2008-02-07T00:08:00.000000Z,2008-02-07T00:08:45.000000Z,0.75,4.242361111111111,4.242361111111111
SITE_001_S0259,SITE_001,2008-02-08T00:01:00.000000Z,2008-02-08T00:01:00.000000Z,0,5.2375,5.2375
SITE_001_S0260,SITE_001,2008-02-13T00:09:00.000000Z,2008-02-13T00:09:10.000000Z,0.1666666666666666,10.24305555555556,2.243055555555556
SITE_001_S0261,SITE_001,2008-02-14T00:00:00.000000Z,2008-02-14T00:00:35.000000Z,0.5833333333333334,11.23680555555556,3.236805555555556
SITE_001_S0262,SITE_001,2008-02-19T00:08:00.000000Z,2008-02-19T00:08:45.000000Z,0.75,0.2423611111111111,0.2423611111111111
SITE_001_S0263,SITE_001,2008-02-25T00:09:00.000000Z,2008-02-25T00:09:11.000000Z,0.1833333333333333,6.243055555555555,6.243055555555555
SITE_001_S0264,SITE_001,2008-02-26T00:00:00.000000Z,2008-02-26T00:00:36.000000Z,0.6,7.236805555555556,7.236805555555556
SITE_001_S0265,SITE_001,2008-03-02T00:08:00.000000Z,2008-03-02T00:08:46.000000Z,0.7666666666666667,12.24236111111111,4.242361111111111
SITE_001_S0266,SITE_001,2008-03-03T00:01:00.000000Z,2008-03-03T00:01:01.000000Z,0.0166666666666666,13.2375,5.2375
SITE_001_S0267,SITE_001,2008-03-08T00:09:00.000000Z,2008-03-08T00:09:11.000000Z,0.1833333333333333,2.243055555555556,2.243055555555556
SITE_001_S0268,SITE_001,2008-03-09T00:00:00.000000Z,2008-03-09T00:00:36.000000Z,0.6,3.236805555555556,3.236805555555556
SITE_001_S0269,SITE_001,2008-03-20T00:09:00.000000Z,2008-03-20T00:09:12.000000Z,0.2,14.24305555555556,6.243055555555555
SITE_001_S0270,SITE_001,2008-03-21T00:00:00.000000Z,2008-03-21T00:00:37.000000Z,0.6166666666666667,15.23680555555556,7.236805555555556
SITE_001_S0271,SITE_001,2008-03-26T00:08:00.000000Z,2008-03-26T00:08:47.000000Z,0.7833333333333333,4.242361111111111,4.242361111111111
SITE_001_S0272,SITE_001,2008-03-27T00:01:00.000000Z,2008-03-27T00:01:02.000000Z,0.0333333333333333,5.2375,5.2375
SITE_001_S0273,SITE_001,2008-04-01T00:09:00.000000Z,2008-04-01T00:09:13.000000Z,0.2166666666666666,10.24305555555556,2.243055555555556
SITE_001_S0274,SITE_001,2008-04-02T00:00:00.000000Z,2008-04-02T00:00:38.000000Z,0.6333333333333333,11.23680555555556,3.236805555555556
SITE_001_S0275,SITE_001,2008-04-07T00:08:00.000000Z,2008-04-07T00:08:48.000000Z,0.8,0.2423611111111111,0.2423611111111111
SITE_001_S0276,SITE_001,2008-04-08T00:01:00.000000Z,2008-04-08T00:01:03.000000Z,0.05,1.2375,1.2375
SITE_001_S0277,SITE_001,2008-04-13T00:09:00.000000Z,2008-04-13T00:09:14.000000Z,0.2333333333333333,6.243055555555555,6.243055555555555
SITE_001_S0278,SITE_001,2008-04-14T00:00:00.000000Z,2008-04-14T00:00:39.000000Z,0.65,7.236805555555556,7.236805555555556
SITE_001_S0279,SITE_001,2008-04-19T00:08:00.000000Z,2008-04-19T00:08:49.000000Z,0.8166666666666667,12.24236111111111,4.242361111111111
SITE_001_S0280,SITE_001,2008-04-20T00:01:00.000000Z,2008-04-20T00:01:04.000000Z,0.0666666666666666,13.2375,5.2375
SITE_001_S0281,SITE_001,2008-04-25T00:09:00.000000Z,2008-04-25T00:09:14.000000Z,0.2333333333333333,2.243055555555556,2.243055555555556
SITE_001_S0282,SITE_001,2008-04-26T00:00:00.000000Z,2008-04-26T00:00:39.000000Z,0.65,3.236805555555556,3.236805555555556
SITE_001_S0283,SITE_001,2008-05-01T00:08:00.000000Z,2008-05-01T00:08:49.000000Z,0.8166666666666667,8.24236111111111,0.2423611111111111
SITE_001_S0284,SITE_001,2008-05-02T00:01:00.000000Z,2008-05-02T00:01:05.000000Z,0.0833333333333333,9.2375,1.2375
SITE_001_S0285,SITE_001,2008-05-07T00:09:00.000000Z,2008-05-07T00:09:15.000000Z,0.25,14.24305555555556,6.243055555555555
SITE_001_S0286,SITE_001,2008-05-08T00:00:00.000000Z,2008-05-08T00:00:40.000000Z,0.6666666666666666,15.23680555555556,7.236805555555556
SITE_001_S0287,SITE_001,2008-05-13T00:08:00.000000Z,2008-05-13T00:08:50.000000Z,0.8333333333333334,4.242361111111111,4.242361111111111
SITE_001_S0288,SITE_001,2008-05-14T00:01:00.000000Z,2008-05-14T00:01:05.000000Z,0.0833333333333333,5.2375,5.2375
SITE_001_S0289,SITE_001,2008-05-19T00:09:00.000000Z,2008-05-19T00:09:16.000000Z,0.2666666666666666,10.24305555555556,2.243055555555556
SITE_001_S0290,SITE_001,2008-05-20T00:00:00.000000Z,2008-05-20T00:00:41.000000Z,0.6833333333333333,11.23680555555556,3.236805555555556
SITE_001_S0291,SITE_001,2008-05-25T00:08:00.000000Z,2008-05-25T00:08:51.000000Z,0.85,0.2423611111111111,0.2423611111111111
SITE_001_S0292,SITE_001,2008-05-26T00:01:00.000000Z,2008-05-26T00:01:06.000000Z,0.1,1.2375,1.2375
SITE_001_S0293,SITE_001,2008-05-31T00:09:00.000000Z,2008-05-31T00:09:17.000000Z,0.2833333333333333,6.243055555555555,6.243055555555555
SITE_001_S0294,SITE_001,2008-06-01T00:00:00.000000Z,2008-06-01T00:00:41.000000Z,0.6833333333333333,7.236805555555556,7.236805555555556
SITE_001_S0295,SITE_001,2008-06-06T00:08:00.000000Z,2008-06-06T00:08:52.000000Z,0.8666666666666667,12.24236111111111,4.242361111111111
SITE_001_S0296,SITE_001,2008-06-07T00:01:00.000000Z,2008-06-07T00:01:07.000000Z,0.1166666666666666,13.2375,5.2375
SITE_001_S0297,SITE_001,2008-06-12T00:09:00.000000Z,2008-06-12T00:09:17.000000Z,0.2833333333333333,2.243055555555556,2.243055555555556
SITE_001_S0298,SITE_001,2008-06-13T00:00:00.000000Z,2008-06-13T00:00:42.000000Z,0.7,3.236805555555556,3.236805555555556
SITE_001_S0299,SITE_001,2008-06-18T00:08:00.000000Z,2008-06-18T00:08:52.000000Z,0.8666666666666667,8.24236111111111,0.2423611111111111
SITE_001_S0300,SITE_001,2008-06-19T00:01:00.000000Z,2008-06-19T00:01:07.000000Z,0.1166666666666666,9.2375,1.2375
SITE_001_S0301,SITE_001,2008-06-24T00:09:00.000000Z,2008-06-24T00:09:18.000000Z,0.3,14.24305555555556,6.243055555555555
SITE_001_S0302,SITE_001,2008-06-25T00:00:00.000000Z,2008-06-25T00:00:43.000000Z,0.7166666666666667,15.23680555555556,7.236805555555556
SITE_001_S0303,SITE_001,2008-06-30T00:08:00.000000Z,2008-06-30T00:08:53.000000Z,0.8833333333333333,4.242361111111111,4.242361111111111
SITE_001_S0304,SITE_001,2008-07-01T00:01:00.000000Z,2008-07-01T00:01:08.000000Z,0.1333333333333333,5.2375,5.2375
SITE_001_S0305,SITE_001,2008-07-06T00:09:00.000000Z,2008-07-06T00:09:18.000000Z,0.3,10.24305555555556,2.243055555555556
SITE_001_S0306,SITE_001,2008-07-07T00:00:00.000000Z,2008-07-07T00:00:43.000000Z,0.7166666666666667,11.23680555555556,3.236805555555556
SITE_001_S0307,SITE_001,2008-07-12T00:08:00.000000Z,2008-07-12T00:08:53.000000Z,0.8833333333333333,0.2423611111111111,0.2423611111111111
SITE_001_S0308,SITE_001,2008-07-13T00:01:00.000000Z,2008-07-13T00:01:08.000000Z,0.1333333333333333,1.2375,1.2375
SITE_001_S0309,SITE_001,2008-07-18T00:09:00.000000Z,2008-07-18T00:09:18.000000Z,0.3,6.243055555555555,6.243055555555555
SITE_001_S0310,SITE_001,2008-07-19T00:00:00.000000Z,2008-07-19T00:00:43.000000Z,0.7166666666666667,7.236805555555556,7.236805555555556
SITE_001_S0311,SITE_001,2008-07-24T00:08:00.000000Z,2008-07-24T00:08:53.000000Z,0.8833333333333333,12.24236111111111,4.242361111111111
SITE_001_S0312,SITE_001,2008-07-25T00:01:00.000000Z,2008-07-25T00:01:08.000000Z,0.1333333333333333,13.2375,5.2375
SITE_001_S0313,SITE_001,2008-07-30T00:09:00.000000Z,2008-07-30T00:09:18.000000Z,0.3,2.243055555555556,2.243055555555556
SITE_001_S0314,SITE_001,2008-07-31T00:00:00.000000Z,2008-07-31T00:00:43.000000Z,0.7166666666666667,3.236805555555556,3.236805555555556
SITE_001_S0315,SITE_001,2008-08-05T00:08:00.000000Z,2008-08-05T00:08:53.000000Z,0.8833333333333333,8.24236111111111,0.2423611111111111
SITE_001_S0316,SITE_001,2008-08-06T00:01:00.000000Z,2008-08-06T00:01:08.000000Z,0.1333333333333333,9.2375,1.2375
SITE_001_S0317,SITE_001,2008-08-11T00:09:00.000000Z,2008-08-11T00:09:18.000000Z,0.3,14.24305555555556,6.243055555555555
SITE_001_S0318,SITE_001,2008-08-12T00:00:00.000000Z,2008-08-12T00:00:43.000000Z,0.7166666666666667,15.23680555555556,7.236805555555556
SITE_001_S0319,SITE_001,2008-08-17T00:08:00.000000Z,2008-08-17T00:08:53.000000Z,0.8833333333333333,4.242361111111111,4.242361111111111
SITE_001_S0320,SITE_001,2008-08-18T00:01:00.000000Z,2008-08-18T00:01:08.000000Z,0.1333333333333333,5.2375,5.2375
SITE_001_S0321,SITE_001,2008-08-23T00:09:00.000000Z,2008-08-23T00:09:18.000000Z,0.3,10.24305555555556,2.243055555555556
SITE_001_S0322,SITE_001,2008-08-24T00:00:00.000000Z,2008-08-24T00:00:43.000000Z,0.7166666666666667,11.23680555555556,3.236805555555556
SITE_001_S0323,SITE_001,2008-08-29T00:08:00.000000Z,2008-08-29T00:08:53.000000Z,0.8833333333333333,0.2423611111111111,0.2423611111111111
SITE_001_S0324,SITE_001,2008-08-30T00:01:00.000000Z,2008-08-30T00:01:08.000000Z,0.1333333333333333,1.2375,1.2375
SITE_001_S0325,SITE_001,2008-09-04T00:09:00.000000Z,2008-09-04T00:09:18.000000Z,0.3,6.243055555555555,6.243055555555555
SITE_001_S0326,SITE_001,2008-09-05T00:00:00.000000Z,2008-09-05T00:00:43.000000Z,0.7166666666666667,7.236805555555556,7.236805555555556
SITE_001_S0327,SITE_001,2008-09-10T00:08:00.000000Z,2008-09-10T00:08:53.000000Z,0.8833333333333333,12.24236111111111,4.242361111111111
SITE_001_S0328,SITE_001,2008-09-11T00:01:00.000000Z,2008-09-11T00:01:08.000000Z,0.1333333333333333,13.2375,5.2375
SITE_001_S0329,SITE_001,2008-09-16T00:09:00.000000Z,2008-09-16T00:09:18.000000Z,0.3,2.243055555555556,2.243055555555556
SITE_001_S0330,SITE_001,2008-09-17T00:00:00.000000Z,2008-09-17T00:00:42.000000Z,0.7,3.236805555555556,3.236805555555556
SITE_001_S0331,SITE_001,2008-09-22T00:08:00.000000Z,2008-09-22T00:08:52.000000Z,0.8666666666666667,8.24236111111111,0.2423611111111111
SITE_001_S0332,SITE_001,2008-09-23T00:01:00.000000Z,2008-09-23T00:01:07.000000Z,0.1166666666666666,9.2375,1.2375
SITE_001_S0333,SITE_001,2008-09-28T00:09:00.000000Z,2008-09-28T00:09:17.000000Z,0.2833333333333333,14.24305555555556,6.243055555555555
SITE_001_S0334,SITE_001,2008-09-29T00:00:00.000000Z,2008-09-29T00:00:42.000000Z,0.7,15.23680555555556,7.236805555555556
SITE_001_S0335,SITE_001,2008-10-04T00:08:00.000000Z,2008-10-04T00:08:52.000000Z,0.8666666666666667,4.242361111111111,4.242361111111111
SITE_001_S0336,SITE_001,2008-10-05T00:01:00.000000Z,2008-10-05T00:01:07.000000Z,0.1166666666666666,5.2375,5.2375
SITE_001_S0337,SITE_001,2008-10-10T00:09:00.000000Z,2008-10-10T00:09:17.000000Z,0.2833333333333333,10.24305555555556,2.243055555555556
SITE_001_S0338,SITE_001,2008-10-11T00:00:00.000000Z,2008-10-11T00:00:41.000000Z,0.6833333333333333,11.23680555555556,3.236805555555556
SITE_001_S0339,SITE_001,2008-10-16T00:08:00.000000Z,2008-10-16T00:08:51.000000Z,0.85,3.242361111111111,3.242361111111111
SITE_001_S0340,SITE_001,2008-10-17T00:01:00.000000Z,2008-10-17T00:01:06.000000Z,0.1,4.2375,4.2375
SITE_001_S0341,SITE_001,2008-10-22T00:09:00.000000Z,2008-10-22T00:09:16.000000Z,0.2666666666666666,9.243055555555555,1.243055555555556
SITE_001_S0342,SITE_001,2008-10-23T00:00:00.000000Z,2008-10-23T00:00:41.000000Z,0.6833333333333333,10.23680555555556,2.236805555555556
SITE_001_S0343,SITE_001,2008-10-28T00:08:00.000000Z,2008-10-28T00:08:51.000000Z,0.85,15.24236111111111,7.242361111111111
SITE_001_S0344,SITE_001,2008-10-29T00:01:00.000000Z,2008-10-29T00:01:06.000000Z,0.1,0.2375,0.2375
SITE_001_S0345,SITE_001,2008-11-03T00:09:00.000000Z,2008-11-03T00:09:16.000000Z,0.2666666666666666,5.243055555555555,5.243055555555555
SITE_001_S0346,SITE_001,2008-11-04T00:00:00.000000Z,2008-11-04T00:00:41.000000Z,0.6833333333333333,6.236805555555556,6.236805555555556
SITE_001_S0347,SITE_001,2008-11-09T00:08:00.000000Z,2008-11-09T00:08:50.000000Z,0.8333333333333334,11.24236111111111,3.242361111111111
SITE_001_S0348,SITE_001,2008-11-10T00:01:00.000000Z,2008-11-10T00:01:06.000000Z,0.1,12.2375,4.2375
SITE_001_S0349,SITE_001,2008-11-15T00:09:00.000000Z,2008-11-15T00:09:15.000000Z,0.25,1.243055555555556,1.243055555555556
SITE_001_S0350,SITE_001,2008-11-16T00:00:00.000000Z,2008-11-16T00:00:40.000000Z,0.6666666666666666,2.236805555555556,2.236805555555556
SITE_001_S0351,SITE_001,2008-11-21T00:08:00.000000Z,2008-11-21T00:08:50.000000Z,0.8333333333333334,7.242361111111111,7.242361111111111
SITE_001_S0352,SITE_001,2008-11-22T00:01:00.000000Z,2008-11-22T00:01:05.000000Z,0.0833333333333333,8.2375,0.2375
SITE_001_S0353,SITE_001,2008-11-27T00:09:00.000000Z,2008-11-27T00:09:15.000000Z,0.25,13.24305555555556,5.243055555555555
SITE_001_S0354,SITE_001,2008-11-28T00:00:00.000000Z,2008-11-28T00:00:40.000000Z,0.6666666666666666,14.23680555555556,6.236805555555556
SITE_001_S0355,SITE_001,2008-12-03T00:08:00.000000Z,2008-12-03T00:08:50.000000Z,0.8333333333333334,3.242361111111111,3.242361111111111
SITE_001_S0356,SITE_001,2008-12-04T00:01:00.000000Z,2008-12-04T00:01:05.000000Z,0.0833333333333333,4.2375,4.2375
SITE_001_S0357,SITE_001,2008-12-09T00:09:00.000000Z,2008-12-09T00:09:15.000000Z,0.25,9.243055555555555,1.243055555555556
SITE_001_S0358,SITE_001,2008-12-10T00:00:00.000000Z,2008-12-10T00:00:40.000000Z,0.6666666666666666,10.23680555555556,2.236805555555556
SITE_001_S0359,SITE_001,2008-12-15T00:08:00.000000Z,2008-12-15T00:08:50.000000Z,0.8333333333333334,15.24236111111111,7.242361111111111
SITE_001_S0360,SITE_001,2008-12-16T00:01:00.000000Z,2008-12-16T00:01:05.000000Z,0.0833333333333333,0.2375,0.2375
SITE_001_S0361,SITE_001,2008-12-21T00:09:00.000000Z,2008-12-21T00:09:15.000000Z,0.25,5.243055555555555,5.243055555555555
SITE_001_S0362,SITE_001,2008-12-22T00:00:00.000000Z,2008-12-22T00:00:40.000000Z,0.6666666666666666,6.236805555555556,6.236805555555556
SITE_001_S0363,SITE_001,2008-12-27T00:08:00.000000Z,2008-12-27T00:08:50.000000Z,0.8333333333333334,11.24236111111111,3.242361111111111
SITE_001_S0364,SITE_001,2008-12-28T00:01:00.000000Z,2008-12-28T00:01:05.000000Z,0.0833333333333333,12.2375,4.2375
SITE_001_S0365,SITE_001,2009-01-02T00:09:00.000000Z,2009-01-02T00:09:15.000000Z,0.25,1.243055555555556,1.243055555555556
SITE_001_S0366,SITE_001,2009-01-03T00:00:00.000000Z,2009-01-03T00:00:40.000000Z,0.6666666666666666,2.236805555555556,2.236805555555556
SITE_001_S0367,SITE_001,2009-01-08T00:08:00.000000Z,2009-01-08T00:08:50.000000Z,0.8333333333333334,7.242361111111111,7.242361111111111
SITE_001_S0368,SITE_001,2009-01-09T00:01:00.000000Z,2009-01-09T00:01:05.000000Z,0.0833333333333333,8.2375,0.2375
SITE_001_S0369,SITE_001,2009-01-14T00:09:00.000000Z,2009-01-14T00:09:16.000000Z,0.2666666666666666,13.24305555555556,5.243055555555555
SITE_001_S0370,SITE_001,2009-01-15T00:00:00.000000Z,2009-01-15T00:00:40.000000Z,0.6666666666666666,14.23680555555556,6.236805555555556
SITE_001_S0371,SITE_001,2009-01-20T00:08:00.000000Z,2009-01-20T00:08:50.000000Z,0.8333333333333334,3.242361111111111,3.242361111111111
SITE_001_S0372,SITE_001,2009-01-21T00:01:00.000000Z,2009-01-21T00:01:06.000000Z,0.1,4.2375,4.2375
SITE_001_S0373,SITE_001,2009-01-26T00:09:00.000000Z,2009-01-26T00:09:16.000000Z,0.2666666666666666,9.243055555555555,1.243055555555556
SITE_001_S0374,SITE_001,2009-01-27T00:00:00.000000Z,2009-01-27T00:00:41.000000Z,0.6833333333333333,10.23680555555556,2.236805555555556
SITE_001_S0375,SITE_001,2009-02-01T00:08:00.000000Z,2009-02-01T00:08:51.000000Z,0.85,15.24236111111111,7.242361111111111
SITE_001_S0376,SITE_001,2009-02-02T00:01:00.000000Z,2009-02-02T00:01:06.000000Z,0.1,0.2375,0.2375
SITE_001_S0377,SITE_001,2009-02-07T00:09:00.000000Z,2009-02-07T00:09:16.000000Z,0.2666666666666666,5.243055555555555,5.243055555555555
SITE_001_S0378,SITE_001,2009-02-08T00:00:00.000000Z,2009-02-08T00:00:41.000000Z,0.6833333333333333,6.236805555555556,6.236805555555556
SITE_001_S0379,SITE_001,2009-02-13T00:08:00.000000Z,2009-02-13T00:08:51.000000Z,0.85,11.24236111111111,3.242361111111111
SITE_001_S0380,SITE_001,2009-02-14T00:01:00.000000Z,2009-02-14T00:01:07.000000Z,0.1166666666666666,12.2375,4.2375
SITE_001_S0381,SITE_001,2009-02-19T00:09:00.000000Z,2009-02-19T00:09:17.000000Z,0.2833333333333333,1.243055555555556,1.243055555555556
SITE_001_S0382,SITE_001,2009-02-20T00:00:00.000000Z,2009-02-20T00:00:42.000000Z,0.7,2.236805555555556,2.236805555555556
SITE_001_S0383,SITE_001,2009-02-25T00:08:00.000000Z,2009-02-25T00:08:52.000000Z,0.8666666666666667,7.242361111111111,7.242361111111111
SITE_001_S0384,SITE_001,2009-02-26T00:01:00.000000Z,2009-02-26T00:01:07.000000Z,0.1166666666666666,8.2375,0.2375
SITE_001_S0385,SITE_001,2009-03-03T00:09:00.000000Z,2009-03-03T00:09:18.000000Z,0.3,13.24305555555556,5.243055555555555
SITE_001_S0386,SITE_001,2009-03-04T00:00:00.000000Z,2009-03-04T00:00:42.000000Z,0.7,14.23680555555556,6.236805555555556
SITE_001_S0387,SITE_001,2009-03-09T00:08:00.000000Z,2009-03-09T00:08:53.000000Z,0.8833333333333333,3.242361111111111,3.242361111111111
SITE_001_S0388,SITE_001,2009-03-10T00:01:00.000000Z,2009-03-10T00:01:08.000000Z,0.1333333333333333,4.2375,4.2375
SITE_001_S0389,SITE_001,2009-03-15T00:09:00.000000Z,2009-03-15T00:09:18.000000Z,0.3,9.243055555555555,1.243055555555556
SITE_001_S0390,SITE_001,2009-03-16T00:00:00.000000Z,2009-03-16T00:00:43.000000Z,0.7166666666666667,10.23680555555556,2.236805555555556
SITE_001_S0391,SITE_001,2009-03-21T00:08:00.000000Z,2009-03-21T00:08:54.000000Z,0.9,15.24236111111111,7.242361111111111
SITE_001_S0392,SITE_001,2009-03-22T00:01:00.000000Z,2009-03-22T00:01:09.000000Z,0.15,0.2375,0.2375
SITE_001_S0393,SITE_001,2009-03-27T00:09:00.000000Z,2009-03-27T00:09:19.000000Z,0.3166666666666666,5.243055555555555,5.243055555555555
SITE_001_S0394,SITE_001,2009-03-28T00:00:00.000000Z,2009-03-28T00:00:44.000000Z,0.7333333333333333,6.236805555555556,6.236805555555556
SITE_001_S0395,SITE_001,2009-04-02T00:08:00.000000Z,2009-04-02T00:08:54.000000Z,0.9,11.24236111111111,3.242361111111111
SITE_001_S0396,SITE_001,2009-04-03T00:01:00.000000Z,2009-04-03T00:01:10.000000Z,0.1666666666666666,12.2375,4.2375
SITE_001_S0397,SITE_001,2009-04-08T00:09:00.000000Z,2009-04-08T00:09:20.000000Z,0.3333333333333333,1.243055555555556,1.243055555555556
SITE_001_S0398,SITE_001,2009-04-09T00:00:00.000000Z,2009-04-09T00:00:45.000000Z,0.75,2.236805555555556,2.236805555555556
SITE_001_S0399,SITE_001,2009-04-14T00:08:00.000000Z,2009-04-14T00:08:55.000000Z,0.9166666666666666,7.242361111111111,7.242361111111111
SITE_001_S0400,SITE_001,2009-04-15T00:01:00.000000Z,2009-04-15T00:01:10.000000Z,0.1666666666666666,8.2375,0.2375
SITE_001_S0401,SITE_001,2009-04-20T00:09:00.000000Z,2009-04-20T00:09:20.000000Z,0.3333333333333333,13.24305555555556,5.243055555555555
SITE_001_S0402,SITE_001,2009-04-21T00:00:00.000000Z,2009-04-21T00:00:45.000000Z,0.75,14.23680555555556,6.236805555555556
SITE_001_S0403,SITE_001,2009-04-26T00:08:00.000000Z,2009-04-26T00:08:56.000000Z,0.9333333333333332,3.242361111111111,3.242361111111111
SITE_001_S0404,SITE_001,2009-04-27T00:01:00.000000Z,2009-04-27T00:01:11.000000Z,0.1833333333333333,4.2375,4.2375
SITE_001_S0405,SITE_001,2009-05-02T00:09:00.000000Z,2009-05-02T00:09:21.000000Z,0.35,9.243055555555555,1.243055555555556
SITE_001_S0406,SITE_001,2009-05-03T00:00:00.000000Z,2009-05-03T00:00:46.000000Z,0.7666666666666667,10.23680555555556,2.236805555555556
SITE_001_S0407,SITE_001,2009-05-08T00:08:00.000000Z,2009-05-08T00:08:56.000000Z,0.9333333333333332,15.24236111111111,7.242361111111111
SITE_001_S0408,SITE_001,2009-05-09T00:01:00.000000Z,2009-05-09T00:01:12.000000Z,0.2,0.2375,0.2375
SITE_001_S0409,SITE_001,2009-05-14T00:09:00.000000Z,2009-05-14T00:09:22.000000Z,0.3666666666666666,5.243055555555555,5.243055555555555
SITE_001_S0410,SITE_001,2009-05-15T00:00:00.000000Z,2009-05-15T00:00:47.000000Z,0.7833333333333333,6.236805555555556,6.236805555555556
SITE_001_S0411,SITE_001,2010-01-15T00:08:00.000000Z,2010-01-15T00:08:56.000000Z,0.9333333333333332,13.24236111111111,5.242361111111111
SITE_001_S0412,SITE_001,2010-01-16T00:01:00.000000Z,2010-01-16T00:01:11.000000Z,0.1833333333333333,14.2375,6.2375
SITE_001_S0413,SITE_001,2010-01-21T00:09:00.000000Z,2010-01-21T00:09:22.000000Z,0.3666666666666666,3.243055555555556,3.243055555555556
SITE_001_S0414,SITE_001,2010-01-28T00:01:00.000000Z,2010-01-28T00:01:12.000000Z,0.2,10.2375,2.2375
SITE_001_S0415,SITE_001,2010-02-02T00:09:00.000000Z,2010-02-02T00:09:22.000000Z,0.3666666666666666,15.24305555555556,7.243055555555555
SITE_001_S0416,SITE_001,2010-02-03T00:00:00.000000Z,2010-02-03T00:00:47.000000Z,0.7833333333333333,0.2368055555555555,0.2368055555555555
SITE_001_S0417,SITE_001,2010-02-08T00:08:00.000000Z,2010-02-08T00:08:57.000000Z,0.95,5.242361111111111,5.242361111111111
SITE_001_S0418,SITE_001,2010-02-09T00:01:00.000000Z,2010-02-09T00:01:12.000000Z,0.2,6.2375,6.2375
SITE_001_S0419,SITE_001,2010-02-20T00:08:00.000000Z,2010-02-20T00:08:58.000000Z,0.9666666666666668,1.242361111111111,1.242361111111111
SITE_001_S0420,SITE_001,2010-02-21T00:01:00.000000Z,2010-02-21T00:01:13.000000Z,0.2166666666666666,2.2375,2.2375
SITE_001_S0421,SITE_001,2010-02-26T00:09:00.000000Z,2010-02-26T00:09:23.000000Z,0.3833333333333333,7.243055555555555,7.243055555555555
SITE_001_S0422,SITE_001,2010-02-27T00:00:00.000000Z,2010-02-27T00:00:48.000000Z,0.8,8.236805555555556,0.2368055555555555
SITE_001_S0423,SITE_001,2010-03-04T00:08:00.000000Z,2010-03-04T00:08:58.000000Z,0.9666666666666668,13.24236111111111,5.242361111111111
SITE_001_S0424,SITE_001,2010-03-05T00:01:00.000000Z,2010-03-05T00:01:14.000000Z,0.2333333333333333,14.2375,6.2375
SITE_001_S0425,SITE_001,2010-03-10T00:09:00.000000Z,2010-03-10T00:09:24.000000Z,0.4,3.243055555555556,3.243055555555556
SITE_001_S0426,SITE_001,2010-03-11T00:00:00.000000Z,2010-03-11T00:00:49.000000Z,0.8166666666666667,4.236805555555556,4.236805555555556
SITE_001_S0427,SITE_001,2010-03-17T00:01:00.000000Z,2010-03-17T00:01:14.000000Z,0.2333333333333333,10.2375,2.2375
SITE_001_S0428,SITE_001,2010-03-22T00:09:00.000000Z,2010-03-22T00:09:25.000000Z,0.4166666666666667,15.24305555555556,7.243055555555555
SITE_001_S0429,SITE_001,2010-03-23T00:00:00.000000Z,2010-03-23T00:00:50.000000Z,0.8333333333333334,0.2368055555555555,0.2368055555555555
SITE_001_S0430,SITE_001,2010-03-28T00:09:00.000000Z,2010-03-28T00:09:00.000000Z,0,5.243055555555555,5.243055555555555
SITE_001_S0431,SITE_001,2010-03-29T00:01:00.000000Z,2010-03-29T00:01:15.000000Z,0.25,6.2375,6.2375
SITE_001_S0432,SITE_001,2010-04-03T00:09:00.000000Z,2010-04-03T00:09:25.000000Z,0.4166666666666667,11.24305555555556,3.243055555555556
SITE_001_S0433,SITE_001,2010-04-04T00:00:00.000000Z,2010-04-04T00:00:50.000000Z,0.8333333333333334,12.23680555555556,4.236805555555556
SITE_001_S0434,SITE_001,2010-04-09T00:09:00.000000Z,2010-04-09T00:09:00.000000Z,0,1.243055555555556,1.243055555555556
SITE_001_S0435,SITE_001,2010-04-10T00:01:00.000000Z,2010-04-10T00:01:16.000000Z,0.2666666666666666,2.2375,2.2375
SITE_001_S0436,SITE_001,2010-04-15T00:09:00.000000Z,2010-04-15T00:09:26.000000Z,0.4333333333333333,7.243055555555555,7.243055555555555
SITE_001_S0437,SITE_001,2010-04-21T00:09:00.000000Z,2010-04-21T00:09:01.000000Z,0.0166666666666666,13.24305555555556,5.243055555555555
SITE_001_S0438,SITE_001,2010-04-22T00:01:00.000000Z,2010-04-22T00:01:17.000000Z,0.2833333333333333,14.2375,6.2375
SITE_001_S0439,SITE_001,2010-04-27T00:09:00.000000Z,2010-04-27T00:09:27.000000Z,0.45,3.243055555555556,3.243055555555556
SITE_001_S0440,SITE_001,2010-04-28T00:00:00.000000Z,2010-04-28T00:00:52.000000Z,0.8666666666666667,4.236805555555556,4.236805555555556
SITE_001_S0441,SITE_001,2010-05-03T00:09:00.000000Z,2010-05-03T00:09:02.000000Z,0.0333333333333333,9.243055555555555,1.243055555555556
SITE_001_S0442,SITE_001,2010-05-04T00:01:00.000000Z,2010-05-04T00:01:17.000000Z,0.2833333333333333,10.2375,2.2375
SITE_001_S0443,SITE_001,2010-05-09T00:09:00.000000Z,2010-05-09T00:09:27.000000Z,0.45,15.24305555555556,7.243055555555555
SITE_001_S0444,SITE_001,2010-05-10T00:00:00.000000Z,2010-05-10T00:00:52.000000Z,0.8666666666666667,0.2368055555555555,0.2368055555555555
SITE_001_S0445,SITE_001,2010-05-15T00:09:00.000000Z,2010-05-15T00:09:03.000000Z,0.05,5.243055555555555,5.243055555555555
SITE_001_S0446,SITE_001,2010-05-16T00:01:00.000000Z,2010-05-16T00:01:18.000000Z,0.3,6.2375,6.2375
SITE_001_S0447,SITE_001,2010-05-21T00:09:00.000000Z,2010-05-21T00:09:28.000000Z,0.4666666666666667,11.24305555555556,3.243055555555556
SITE_001_S0448,SITE_001,2010-05-22T00:00:00.000000Z,2010-05-22T00:00:53.000000Z,0.8833333333333333,12.23680555555556,4.236805555555556
SITE_001_S0449,SITE_001,2010-05-27T00:09:00.000000Z,2010-05-27T00:09:03.000000Z,0.05,1.243055555555556,1.243055555555556
SITE_001_S0450,SITE_001,2010-05-28T00:01:00.000000Z,2010-05-28T00:01:19.000000Z,0.3166666666666666,2.2375,2.2375
SITE_001_S0451,SITE_001,2010-06-02T00:09:00.000000Z,2010-06-02T00:09:29.000000Z,0.4833333333333333,7.243055555555555,7.243055555555555
SITE_001_S0452,SITE_001,2010-06-03T00:00:00.000000Z,2010-06-03T00:00:54.000000Z,0.9,8.236805555555556,0.2368055555555555
SITE_001_S0453,SITE_001,2010-06-08T00:09:00.000000Z,2010-06-08T00:09:04.000000Z,0.0666666666666666,13.24305555555556,5.243055555555555
SITE_001_S0454,SITE_001,2010-06-09T00:01:00.000000Z,2010-06-09T00:01:19.000000Z,0.3166666666666666,14.2375,6.2375
SITE_001_S0455,SITE_001,2010-06-14T00:09:00.000000Z,2010-06-14T00:09:29.000000Z,0.4833333333333333,3.243055555555556,3.243055555555556
SITE_001_S0456,SITE_001,2010-06-15T00:00:00.000000Z,2010-06-15T00:00:54.000000Z,0.9,4.236805555555556,4.236805555555556
SITE_001_S0457,SITE_001,2010-06-20T00:09:00.000000Z,2010-06-20T00:09:04.000000Z,0.0666666666666666,9.243055555555555,1.243055555555556
SITE_001_S0458,SITE_001,2010-06-21T00:01:00.000000Z,2010-06-21T00:01:20.000000Z,0.3333333333333333,10.2375,2.2375
SITE_001_S0459,SITE_001,2010-06-26T00:09:00.000000Z,2010-06-26T00:09:30.000000Z,0.5,15.24305555555556,7.243055555555555
SITE_001_S0460,SITE_001,2010-06-27T00:00:00.000000Z,2010-06-27T00:00:55.000000Z,0.9166666666666666,0.2368055555555555,0.2368055555555555
SITE_001_S0461,SITE_001,2010-07-02T00:09:00.000000Z,2010-07-02T00:09:05.000000Z,0.0833333333333333,5.243055555555555,5.243055555555555
SITE_001_S0462,SITE_001,2010-07-03T00:01:00.000000Z,2010-07-03T00:01:20.000000Z,0.3333333333333333,6.2375,6.2375
SITE_001_S0463,SITE_001,2010-07-08T00:09:00.000000Z,2010-07-08T00:09:30.000000Z,0.5,11.24305555555556,3.243055555555556
SITE_001_S0464,SITE_001,2010-07-09T00:00:00.000000Z,2010-07-09T00:00:55.000000Z,0.9166666666666666,12.23680555555556,4.236805555555556
SITE_001_S0465,SITE_001,2010-07-14T00:09:00.000000Z,2010-07-14T00:09:05.000000Z,0.0833333333333333,1.243055555555556,1.243055555555556
SITE_001_S0466,SITE_001,2010-07-15T00:01:00.000000Z,2010-07-15T00:01:21.000000Z,0.35,2.2375,2.2375
SITE_001_S0467,SITE_001,2010-07-20T00:09:00.000000Z,2010-07-20T00:09:31.000000Z,0.5166666666666667,7.243055555555555,7.243055555555555
SITE_001_S0468,SITE_001,2010-07-21T00:00:00.000000Z,2010-07-21T00:00:55.000000Z,0.9166666666666666,8.236805555555556,0.2368055555555555
SITE_001_S0469,SITE_001,2010-07-26T00:09:00.000000Z,2010-07-26T00:09:05.000000Z,0.0833333333333333,13.24305555555556,5.243055555555555
SITE_001_S0470,SITE_001,2010-07-27T00:01:00.000000Z,2010-07-27T00:01:21.000000Z,0.35,14.2375,6.2375
SITE_001_S0471,SITE_001,2010-08-01T00:09:00.000000Z,2010-08-01T00:09:31.000000Z,0.5166666666666667,3.243055555555556,3.243055555555556
SITE_001_S0472,SITE_001,2010-08-02T00:00:00.000000Z,2010-08-02T00:00:56.000000Z,0.9333333333333332,4.236805555555556,4.236805555555556
SITE_001_S0473,SITE_001,2010-08-07T00:09:00.000000Z,2010-08-07T00:09:05.000000Z,0.0833333333333333,9.243055555555555,1.243055555555556
SITE_001_S0474,SITE_001,2010-08-08T00:01:00.000000Z,2010-08-08T00:01:21.000000Z,0.35,10.2375,2.2375
SITE_001_S0475,SITE_001,2010-08-13T00:09:00.000000Z,2010-08-13T00:09:31.000000Z,0.5166666666666667,15.24305555555556,7.243055555555555
SITE_001_S0476,SITE_001,2010-08-14T00:00:00.000000Z,2010-08-14T00:00:55.000000Z,0.9166666666666666,0.2368055555555555,0.2368055555555555
SITE_001_S0477,SITE_001,2010-08-19T00:09:00.000000Z,2010-08-19T00:09:05.000000Z,0.0833333333333333,5.243055555555555,5.243055555555555
SITE_001_S0478,SITE_001,2010-08-20T00:01:00.000000Z,2010-08-20T00:01:20.000000Z,0.3333333333333333,6.2375,6.2375
SITE_001_S0479,SITE_001,2010-08-25T00:09:00.000000Z,2010-08-25T00:09:30.000000Z,0.5,11.24305555555556,3.243055555555556
SITE_001_S0480,SITE_001,2010-08-26T00:00:00.000000Z,2010-08-26T00:00:55.000000Z,0.9166666666666666,12.23680555555556,4.236805555555556
SITE_001_S0481,SITE_001,2010-08-31T00:09:00.000000Z,2010-08-31T00:09:05.000000Z,0.0833333333333333,1.243055555555556,1.243055555555556
SITE_001_S0482,SITE_001,2010-09-01T00:01:00.000000Z,2010-09-01T00:01:20.000000Z,0.3333333333333333,2.2375,2.2375
SITE_001_S0483,SITE_001,2010-09-06T00:09:00.000000Z,2010-09-06T00:09:30.000000Z,0.5,7.243055555555555,7.243055555555555
SITE_001_S0484,SITE_001,2010-09-07T00:00:00.000000Z,2010-09-07T00:00:55.000000Z,0.9166666666666666,8.236805555555556,0.2368055555555555
SITE_001_S0485,SITE_001,2010-09-12T00:09:00.000000Z,2010-09-12T00:09:04.000000Z,0.0666666666666666,13.24305555555556,5.243055555555555
SITE_001_S0486,SITE_001,2010-09-13T00:01:00.000000Z,2010-09-13T00:01:20.000000Z,0.3333333333333333,14.2375,6.2375
SITE_001_S0487,SITE_001,2010-09-19T00:00:00.000000Z,2010-09-19T00:00:54.000000Z,0.9,4.236805555555556,4.236805555555556
SITE_001_S0488,SITE_001,2010-09-24T00:09:00.000000Z,2010-09-24T00:09:04.000000Z,0.0666666666666666,9.243055555555555,1.243055555555556
SITE_001_S0489,SITE_001,2010-09-25T00:01:00.000000Z,2010-09-25T00:01:19.000000Z,0.3166666666666666,10.2375,2.2375
SITE_001_S0490,SITE_001,2010-09-30T00:09:00.000000Z,2010-09-30T00:09:29.000000Z,0.4833333333333333,15.24305555555556,7.243055555555555
SITE_001_S0491,SITE_001,2010-10-01T00:00:00.000000Z,2010-10-01T00:00:54.000000Z,0.9,0.2368055555555555,0.2368055555555555
SITE_001_S0492,SITE_001,2010-10-12T00:09:00.000000Z,2010-10-12T00:09:28.000000Z,0.4666666666666667,11.24305555555556,3.243055555555556
SITE_001_S0493,SITE_001,2010-10-19T00:01:00.000000Z,2010-10-19T00:01:18.000000Z,0.3,5.2375,5.2375
SITE_001_S0494,SITE_001,2010-10-24T00:09:00.000000Z,2010-10-24T00:09:28.000000Z,0.4666666666666667,10.24305555555556,2.243055555555556
SITE_001_S0495,SITE_001,2010-10-31T00:01:00.000000Z,2010-10-31T00:01:17.000000Z,0.2833333333333333,1.2375,1.2375
SITE_001_S0496,SITE_001,2010-11-05T00:09:00.000000Z,2010-11-05T00:09:27.000000Z,0.45,6.243055555555555,6.243055555555555
SITE_001_S0497,SITE_001,2010-11-12T00:01:00.000000Z,2010-11-12T00:01:17.000000Z,0.2833333333333333,13.2375,5.2375
SITE_001_S0498,SITE_001,2010-11-17T00:09:00.000000Z,2010-11-17T00:09:27.000000Z,0.45,2.243055555555556,2.243055555555556
SITE_001_S0499,SITE_001,2010-11-24T00:01:00.000000Z,2010-11-24T00:01:17.000000Z,0.2833333333333333,9.2375,1.2375
SITE_001_S0500,SITE_001,2010-11-29T00:09:00.000000Z,2010-11-29T00:09:27.000000Z,0.45,14.24305555555556,6.243055555555555
SITE_001_S0501,SITE_001,2010-12-06T00:01:00.000000Z,2010-12-06T00:01:17.000000Z,0.2833333333333333,5.2375,5.2375
SITE_001_S0502,SITE_001,2010-12-11T00:09:00.000000Z,2010-12-11T00:09:26.000000Z,0.4333333333333333,10.24305555555556,2.243055555555556
SITE_001_S0503,SITE_001,2010-12-18T00:01:00.000000Z,2010-12-18T00:01:17.000000Z,0.2833333333333333,1.2375,1.2375
SITE_001_S0504,SITE_001,2010-12-23T00:09:00.000000Z,2010-12-23T00:09:27.000000Z,0.45,6.243055555555555,6.243055555555555
SITE_001_S0505,SITE_001,2010-12-30T00:01:00.000000Z,2010-12-30T00:01:17.000000Z,0.2833333333333333,13.2375,5.2375
SITE_001_S0506,SITE_001,2011-01-04T00:09:00.000000Z,2011-01-04T00:09:27.000000Z,0.45,2.243055555555556,2.243055555555556
SITE_001_S0507,SITE_001,2011-01-11T00:01:00.000000Z,2011-01-11T00:01:17.000000Z,0.2833333333333333,9.2375,1.2375
SITE_001_S0508,SITE_001,2011-01-16T00:09:00.000000Z,2011-01-16T00:09:27.000000Z,0.45,14.24305555555556,6.243055555555555
SITE_001_S0509,SITE_001,2011-01-23T00:01:00.000000Z,2011-01-23T00:01:17.000000Z,0.2833333333333333,5.2375,5.2375
SITE_001_S0510,SITE_001,2011-01-28T00:09:00.000000Z,2011-01-28T00:09:27.000000Z,0.45,10.24305555555556,2.243055555555556
SITE_001_S0511,SITE_001,2011-02-04T00:01:00.000000Z,2011-02-04T00:01:18.000000Z,0.3,1.2375,1.2375
SITE_001_S0512,SITE_001,2011-02-09T00:09:00.000000Z,2011-02-09T00:09:28.000000Z,0.4666666666666667,6.243055555555555,6.243055555555555
SITE_001_S0513,SITE_001,2011-02-16T00:01:00.000000Z,2011-02-16T00:01:18.000000Z,0.3,13.2375,5.2375
SITE_001_S0514,SITE_001,2011-02-21T00:09:00.000000Z,2011-02-21T00:09:29.000000Z,0.4833333333333333,2.243055555555556,2.243055555555556
SITE_001_S0515,SITE_001,2011-02-28T00:01:00.000000Z,2011-02-28T00:01:19.000000Z,0.3166666666666666,9.2375,1.2375
SITE_001_S0516,SITE_001,2011-03-05T00:09:00.000000Z,2011-03-05T00:09:29.000000Z,0.4833333333333333,14.24305555555556,6.243055555555555
SITE_001_S0517,SITE_001,2011-03-12T00:01:00.000000Z,2011-03-12T00:01:20.000000Z,0.3333333333333333,5.2375,5.2375
SITE_001_S0518,SITE_001,2011-03-17T00:09:00.000000Z,2011-03-17T00:09:31.000000Z,0.5166666666666667,10.24305555555556,2.243055555555556
SITE_001_S0519,SITE_001,2011-03-24T00:01:00.000000Z,2011-03-24T00:01:21.000000Z,0.35,1.2375,1.2375
SITE_001_S0520,SITE_001,2011-03-29T00:09:00.000000Z,2011-03-29T00:09:31.000000Z,0.5166666666666667,6.243055555555555,6.243055555555555
SITE_001_S0521,SITE_001,2011-04-05T00:01:00.000000Z,2011-04-05T00:01:22.000000Z,0.3666666666666666,13.2375,5.2375
SITE_001_S0522,SITE_001,2011-04-10T00:09:00.000000Z,2011-04-10T00:09:32.000000Z,0.5333333333333333,2.243055555555556,2.243055555555556
SITE_001_S0523,SITE_001,2011-04-17T00:01:00.000000Z,2011-04-17T00:01:22.000000Z,0.3666666666666666,9.2375,1.2375
SITE_001_S0524,SITE_001,2011-04-29T00:01:00.000000Z,2011-04-29T00:01:23.000000Z,0.3833333333333333,5.2375,5.2375
SITE_001_S0525,SITE_001,2011-05-04T00:09:00.000000Z,2011-05-04T00:09:33.000000Z,0.55,10.24305555555556,2.243055555555556
SITE_001_S0526,SITE_001,2011-05-11T00:01:00.000000Z,2011-05-11T00:01:24.000000Z,0.4,1.2375,1.2375
SITE_001_S0527,SITE_001,2011-05-16T00:09:00.000000Z,2011-05-16T00:09:34.000000Z,0.5666666666666667,6.243055555555555,6.243055555555555
SITE_001_S0528,SITE_001,2011-05-23T00:01:00.000000Z,2011-05-23T00:01:25.000000Z,0.4166666666666667,13.2375,5.2375
SITE_001_S0529,SITE_001,2011-05-28T00:09:00.000000Z,2011-05-28T00:09:35.000000Z,0.5833333333333334,2.243055555555556,2.243055555555556
SITE_001_S0530,SITE_001,2011-06-04T00:01:00.000000Z,2011-06-04T00:01:25.000000Z,0.4166666666666667,9.2375,1.2375
SITE_001_S0531,SITE_001,2011-06-09T00:09:00.000000Z,2011-06-09T00:09:35.000000Z,0.5833333333333334,14.24305555555556,6.243055555555555
SITE_001_S0532,SITE_001,2011-06-16T00:01:00.000000Z,2011-06-16T00:01:26.000000Z,0.4333333333333333,5.2375,5.2375
SITE_001_S0533,SITE_001,2011-06-21T00:09:00.000000Z,2011-06-21T00:09:36.000000Z,0.6,10.24305555555556,2.243055555555556
SITE_001_S0534,SITE_001,2011-06-28T00:01:00.000000Z,2011-06-28T00:01:26.000000Z,0.4333333333333333,1.2375,1.2375
SITE_001_S0535,SITE_001,2011-07-03T00:09:00.000000Z,2011-07-03T00:09:36.000000Z,0.6,6.243055555555555,6.243055555555555
SITE_001_S0536,SITE_001,2011-07-10T00:01:00.000000Z,2011-07-10T00:01:26.000000Z,0.4333333333333333,13.2375,5.2375
SITE_001_S0537,SITE_001,2011-07-15T00:09:00.000000Z,2011-07-15T00:09:37.000000Z,0.6166666666666667,2.243055555555556,2.243055555555556
SITE_001_S0538,SITE_001,2011-07-22T00:01:00.000000Z,2011-07-22T00:01:27.000000Z,0.45,9.2375,1.2375
SITE_001_S0539,SITE_001,2011-07-27T00:09:00.000000Z,2011-07-27T00:09:37.000000Z,0.6166666666666667,14.24305555555556,6.243055555555555
SITE_001_S0540,SITE_001,2011-08-03T00:01:00.000000Z,2011-08-03T00:01:26.000000Z,0.4333333333333333,5.2375,13.2375
SITE_001_S0541,SITE_001,2011-08-08T00:09:00.000000Z,2011-08-08T00:09:37.000000Z,0.6166666666666667,10.24305555555556,2.243055555555556
SITE_001_S0542,SITE_001,2011-08-15T00:01:00.000000Z,2011-08-15T00:01:26.000000Z,0.4333333333333333,1.2375,1.2375
SITE_001_S0543,SITE_001,2011-08-20T00:09:00.000000Z,2011-08-20T00:09:36.000000Z,0.6,6.243055555555555,6.243055555555555
SITE_001_S0544,SITE_001,2011-08-27T00:01:00.000000Z,2011-08-27T00:01:26.000000Z,0.4333333333333333,13.2375,5.2375
SITE_001_S0545,SITE_001,2011-09-01T00:09:00.000000Z,2011-09-01T00:09:36.000000Z,0.6,2.243055555555556,2.243055555555556
SITE_001_S0546,SITE_001,2011-09-08T00:01:00.000000Z,2011-09-08T00:01:26.000000Z,0.4333333333333333,9.2375,1.2375
SITE_001_S0547,SITE_001,2011-09-13T00:09:00.000000Z,2011-09-13T00:09:35.000000Z,0.5833333333333334,14.24305555555556,6.243055555555555
SITE_001_S0548,SITE_001,2011-09-20T00:01:00.000000Z,2011-09-20T00:01:26.000000Z,0.4333333333333333,5.2375,5.2375
SITE_001_S0549,SITE_001,2011-09-25T00:09:00.000000Z,2011-09-25T00:09:35.000000Z,0.5833333333333334,10.24305555555556,2.243055555555556
SITE_001_S0550,SITE_001,2011-10-02T00:01:00.000000Z,2011-10-02T00:01:25.000000Z,0.4166666666666667,1.2375,1.2375
SITE_001_S0551,SITE_001,2011-10-07T00:09:00.000000Z,2011-10-07T00:09:34.000000Z,0.5666666666666667,6.243055555555555,6.243055555555555
SITE_001_S0552,SITE_001,2011-10-14T00:01:00.000000Z,2011-10-14T00:01:24.000000Z,0.4,0.2375,0.2375
SITE_001_S0553,SITE_001,2011-10-19T00:09:00.000000Z,2011-10-19T00:09:34.000000Z,0.5666666666666667,5.243055555555555,5.243055555555555
SITE_001_S0554,SITE_001,2011-10-26T00:01:00.000000Z,2011-10-26T00:01:23.000000Z,0.3833333333333333,12.2375,4.2375
SITE_001_S0555,SITE_001,2011-10-31T00:09:00.000000Z,2011-10-31T00:09:33.000000Z,0.55,1.243055555555556,1.243055555555556
SITE_001_S0556,SITE_001,2011-11-07T00:01:00.000000Z,2011-11-07T00:01:23.000000Z,0.3833333333333333,8.2375,0.2375
SITE_001_S0557,SITE_001,2011-11-12T00:09:00.000000Z,2011-11-12T00:09:33.000000Z,0.55,13.24305555555556,5.243055555555555
SITE_001_S0558,SITE_001,2011-11-19T00:01:00.000000Z,2011-11-19T00:01:23.000000Z,0.3833333333333333,4.2375,4.2375
SITE_001_S0559,SITE_001,2011-11-24T00:09:00.000000Z,2011-11-24T00:09:32.000000Z,0.5333333333333333,9.243055555555555,1.243055555555556
SITE_001_S0560,SITE_001,2011-12-01T00:01:00.000000Z,2011-12-01T00:01:22.000000Z,0.3666666666666666,0.2375,0.2375
SITE_001_S0561,SITE_001,2011-12-06T00:09:00.000000Z,2011-12-06T00:09:32.000000Z,0.5333333333333333,5.243055555555555,5.243055555555555
SITE_001_S0562,SITE_001,2011-12-13T00:01:00.000000Z,2011-12-13T00:01:22.000000Z,0.3666666666666666,12.2375,4.2375
SITE_001_S0563,SITE_001,2011-12-18T00:09:00.000000Z,2011-12-18T00:09:32.000000Z,0.5333333333333333,1.243055555555556,1.243055555555556
SITE_001_S0564,SITE_001,2011-12-25T00:01:00.000000Z,2011-12-25T00:01:22.000000Z,0.3666666666666666,8.2375,0.2375
SITE_001_S0565,SITE_001,2011-12-30T00:09:00.000000Z,2011-12-30T00:09:32.000000Z,0.5333333333333333,13.24305555555556,5.243055555555555
SITE_001_S0566,SITE_001,2012-01-06T00:01:00.000000Z,2012-01-06T00:01:23.000000Z,0.3833333333333333,4.2375,4.2375
SITE_001_S0567,SITE_001,2012-01-11T00:09:00.000000Z,2012-01-11T00:09:33.000000Z,0.55,9.243055555555555,1.243055555555556
SITE_001_S0568,SITE_001,2012-01-18T00:01:00.000000Z,2012-01-18T00:01:23.000000Z,0.3833333333333333,0.2375,0.2375
SITE_001_S0569,SITE_001,2012-01-23T00:09:00.000000Z,2012-01-23T00:09:33.000000Z,0.55,5.243055555555555,5.243055555555555
SITE_001_S0570,SITE_001,2012-01-30T00:01:00.000000Z,2012-01-30T00:01:23.000000Z,0.3833333333333333,12.2375,4.2375
SITE_001_S0571,SITE_001,2012-02-04T00:09:00.000000Z,2012-02-04T00:09:33.000000Z,0.55,1.243055555555556,1.243055555555556
SITE_001_S0572,SITE_001,2012-02-11T00:01:00.000000Z,2012-02-11T00:01:24.000000Z,0.4,8.2375,0.2375
SITE_001_S0573,SITE_001,2012-02-16T00:09:00.000000Z,2012-02-16T00:09:34.000000Z,0.5666666666666667,13.24305555555556,5.243055555555555
SITE_001_S0574,SITE_001,2012-02-23T00:01:00.000000Z,2012-02-23T00:01:25.000000Z,0.4166666666666667,4.2375,4.2375
SITE_001_S0575,SITE_001,2012-02-28T00:09:00.000000Z,2012-02-28T00:09:35.000000Z,0.5833333333333334,9.243055555555555,1.243055555555556
SITE_001_S0576,SITE_001,2012-03-06T00:01:00.000000Z,2012-03-06T00:01:25.000000Z,0.4166666666666667,0.2375,0.2375
SITE_001_S0577,SITE_001,2012-03-11T00:09:00.000000Z,2012-03-11T00:09:35.000000Z,0.5833333333333334,5.243055555555555,5.243055555555555
SITE_001_S0578,SITE_001,2012-03-18T00:01:00.000000Z,2012-03-18T00:01:25.000000Z,0.4166666666666667,12.2375,4.2375
SITE_001_S0579,SITE_001,2012-03-23T00:09:00.000000Z,2012-03-23T00:09:36.000000Z,0.6,1.243055555555556,1.243055555555556
SITE_001_S0580,SITE_001,2012-03-30T00:01:00.000000Z,2012-03-30T00:01:26.000000Z,0.4333333333333333,8.2375,0.2375
SITE_001_S0581,SITE_001,2012-04-04T00:09:00.000000Z,2012-04-04T00:09:36.000000Z,0.6,13.24305555555556,5.243055555555555
SITE_001_S0582,SITE_001,2012-04-11T00:01:00.000000Z,2012-04-11T00:01:27.000000Z,0.45,4.2375,4.2375
SITE_001_S0583,SITE_001,2012-04-16T00:09:00.000000Z,2012-04-16T00:09:37.000000Z,0.6166666666666667,9.243055555555555,1.243055555555556
SITE_001_S0584,SITE_001,2012-04-23T00:01:00.000000Z,2012-04-23T00:01:28.000000Z,0.4666666666666667,0.2375,0.2375
SITE_001_S0585,SITE_001,2012-04-28T00:09:00.000000Z,2012-04-28T00:09:38.000000Z,0.6333333333333333,5.243055555555555,5.243055555555555
SITE_001_S0586,SITE_001,2012-05-05T00:01:00.000000Z,2012-05-05T00:01:29.000000Z,0.4833333333333333,12.2375,4.2375
SITE_001_S0587,SITE_001,2012-05-10T00:09:00.000000Z,2012-05-10T00:09:39.000000Z,0.65,1.243055555555556,1.243055555555556
SITE_001_S0588,SITE_001,2012-05-17T00:01:00.000000Z,2012-05-17T00:01:30.000000Z,0.5,8.2375,0.2375
SITE_001_S0589,SITE_001,2012-05-22T00:09:00.000000Z,2012-05-22T00:09:39.000000Z,0.65,13.24305555555556,5.243055555555555
SITE_001_S0590,SITE_001,2012-06-10T00:01:00.000000Z,2012-06-10T00:01:31.000000Z,0.5166666666666667,0.2375,0.2375
SITE_001_S0591,SITE_001,2012-06-15T00:09:00.000000Z,2012-06-15T00:09:41.000000Z,0.6833333333333333,5.243055555555555,5.243055555555555
SITE_001_S0592,SITE_001,2012-06-22T00:01:00.000000Z,2012-06-22T00:01:31.000000Z,0.5166666666666667,12.2375,4.2375
SITE_001_S0593,SITE_001,2012-06-27T00:09:00.000000Z,2012-06-27T00:09:41.000000Z,0.6833333333333333,1.243055555555556,1.243055555555556
SITE_001_S0594,SITE_001,2012-07-04T00:01:00.000000Z,2012-07-04T00:01:31.000000Z,0.5166666666666667,8.2375,0.2375
SITE_001_S0595,SITE_001,2012-07-09T00:09:00.000000Z,2012-07-09T00:09:42.000000Z,0.7,13.24305555555556,5.243055555555555
SITE_001_S0596,SITE_001,2012-07-16T00:01:00.000000Z,2012-07-16T00:01:32.000000Z,0.5333333333333333,4.2375,4.2375
SITE_001_S0597,SITE_001,2012-07-28T00:01:00.000000Z,2012-07-28T00:01:32.000000Z,0.5333333333333333,0.2375,0.2375
SITE_001_S0598,SITE_001,2012-08-02T00:09:00.000000Z,2012-08-02T00:09:42.000000Z,0.7,5.243055555555555,5.243055555555555
SITE_001_S0599,SITE_001,2012-08-09T00:01:00.000000Z,2012-08-09T00:01:32.000000Z,0.5333333333333333,12.2375,4.2375
SITE_001_S0600,SITE_001,2012-08-14T00:09:00.000000Z,2012-08-14T00:09:41.000000Z,0.6833333333333333,1.243055555555556,1.243055555555556
SITE_001_S0601,SITE_001,2012-08-21T00:01:00.000000Z,2012-08-21T00:01:31.000000Z,0.5166666666666667,8.2375,0.2375
SITE_001_S0602,SITE_001,2012-09-02T00:01:00.000000Z,2012-09-02T00:01:31.000000Z,0.5166666666666667,4.2375,4.2375
SITE_001_S0603,SITE_001,2012-09-07T00:09:00.000000Z,2012-09-07T00:09:40.000000Z,0.6666666666666666,9.243055555555555,1.243055555555556
SITE_001_S0604,SITE_001,2012-09-14T00:01:00.000000Z,2012-09-14T00:01:31.000000Z,0.5166666666666667,0.2375,0.2375
SITE_001_S0605,SITE_001,2012-09-19T00:09:00.000000Z,2012-09-19T00:09:40.000000Z,0.6666666666666666,5.243055555555555,5.243055555555555
SITE_001_S0606,SITE_001,2012-09-26T00:01:00.000000Z,2012-09-26T00:01:30.000000Z,0.5,12.2375,4.2375
SITE_001_S0607,SITE_001,2012-10-01T00:09:00.000000Z,2012-10-01T00:09:39.000000Z,0.65,1.243055555555556,1.243055555555556
SITE_001_S0608,SITE_001,2012-10-08T00:01:00.000000Z,2012-10-08T00:01:29.000000Z,0.4833333333333333,8.2375,0.2375
SITE_001_S0609,SITE_001,2012-10-13T00:09:00.000000Z,2012-10-13T00:09:39.000000Z,0.65,0.2430555555555555,0.2430555555555555
SITE_001_S0610,SITE_001,2012-10-20T00:01:00.000000Z,2012-10-20T00:01:29.000000Z,0.4833333333333333,7.2375,7.2375
SITE_001_S0611,SITE_001,2012-10-25T00:09:00.000000Z,2012-10-25T00:09:38.000000Z,0.6333333333333333,12.24305555555556,4.243055555555555
SITE_001_S0612,SITE_001,2012-11-01T00:01:00.000000Z,2012-11-01T00:01:28.000000Z,0.4666666666666667,3.2375,3.2375
SITE_001_S0613,SITE_001,2012-11-06T00:09:00.000000Z,2012-11-06T00:09:38.000000Z,0.6333333333333333,8.243055555555555,0.2430555555555555
SITE_001_S0614,SITE_001,2012-11-13T00:01:00.000000Z,2012-11-13T00:01:28.000000Z,0.4666666666666667,15.2375,7.2375
SITE_001_S0615,SITE_001,2012-11-18T00:09:00.000000Z,2012-11-18T00:09:38.000000Z,0.6333333333333333,4.243055555555555,4.243055555555555
SITE_001_S0616,SITE_001,2012-11-25T00:01:00.000000Z,2012-11-25T00:01:27.000000Z,0.45,11.2375,3.2375
SITE_001_S0617,SITE_001,2012-11-30T00:09:00.000000Z,2012-11-30T00:09:37.000000Z,0.6166666666666667,0.2430555555555555,0.2430555555555555
SITE_001_S0618,SITE_001,2012-12-07T00:01:00.000000Z,2012-12-07T00:01:27.000000Z,0.45,7.2375,7.2375
SITE_001_S0619,SITE_001,2012-12-12T00:09:00.000000Z,2012-12-12T00:09:37.000000Z,0.6166666666666667,12.24305555555556,4.243055555555555
SITE_001_S0620,SITE_001,2012-12-19T00:01:00.000000Z,2012-12-19T00:01:27.000000Z,0.45,3.2375,3.2375
SITE_001_S0621,SITE_001,2012-12-24T00:09:00.000000Z,2012-12-24T00:09:37.000000Z,0.6166666666666667,8.243055555555555,0.2430555555555555
SITE_001_S0622,SITE_001,2012-12-31T00:01:00.000000Z,2012-12-31T00:01:28.000000Z,0.4666666666666667,15.2375,7.2375
SITE_001_S0623,SITE_001,2013-01-05T00:09:00.000000Z,2013-01-05T00:09:38.000000Z,0.6333333333333333,4.243055555555555,4.243055555555555
SITE_001_S0624,SITE_001,2013-01-12T00:01:00.000000Z,2013-01-12T00:01:28.000000Z,0.4666666666666667,11.2375,3.2375
SITE_001_S0625,SITE_001,2013-01-17T00:09:00.000000Z,2013-01-17T00:09:38.000000Z,0.6333333333333333,0.2430555555555555,0.2430555555555555
SITE_001_S0626,SITE_001,2013-11-08T00:01:00.000000Z,2013-11-08T00:01:22.000000Z,0.3666666666666666,9.2375,1.2375
SITE_001_S0627,SITE_001,2013-11-13T00:09:00.000000Z,2013-11-13T00:09:31.000000Z,0.5166666666666667,14.24305555555556,6.243055555555555
SITE_001_S0628,SITE_001,2013-11-20T00:01:00.000000Z,2013-11-20T00:01:21.000000Z,0.35,5.2375,5.2375
SITE_001_S0629,SITE_001,2013-11-25T00:09:00.000000Z,2013-11-25T00:09:31.000000Z,0.5166666666666667,10.24305555555556,2.243055555555556
SITE_001_S0630,SITE_001,2013-12-02T00:01:00.000000Z,2013-12-02T00:01:20.000000Z,0.3333333333333333,1.2375,1.2375
SITE_001_S0631,SITE_001,2013-12-07T00:09:00.000000Z,2013-12-07T00:09:30.000000Z,0.5,6.243055555555555,6.243055555555555
SITE_001_S0632,SITE_001,2013-12-14T00:01:00.000000Z,2013-12-14T00:01:20.000000Z,0.3333333333333333,13.2375,5.2375
SITE_001_S0633,SITE_001,2013-12-19T00:09:00.000000Z,2013-12-19T00:09:31.000000Z,0.5166666666666667,2.243055555555556,2.243055555555556
SITE_001_S0634,SITE_001,2013-12-26T00:01:00.000000Z,2013-12-26T00:01:21.000000Z,0.35,9.2375,1.2375
SITE_001_S0635,SITE_001,2013-12-31T00:09:00.000000Z,2013-12-31T00:09:31.000000Z,0.5166666666666667,14.24305555555556,6.243055555555555
SITE_001_S0636,SITE_001,2014-01-07T00:01:00.000000Z,2014-01-07T00:01:21.000000Z,0.35,5.2375,5.2375
SITE_001_S0637,SITE_001,2014-01-12T00:09:00.000000Z,2014-01-12T00:09:31.000000Z,0.5166666666666667,10.24305555555556,2.243055555555556
SITE_001_S0638,SITE_001,2014-01-19T00:01:00.000000Z,2014-01-19T00:01:21.000000Z,0.35,1.2375,1.2375
SITE_001_S0639,SITE_001,2014-01-24T00:09:00.000000Z,2014-01-24T00:09:31.000000Z,0.5166666666666667,6.243055555555555,6.243055555555555
SITE_001_S0640,SITE_001,2014-01-31T00:01:00.000000Z,2014-01-31T00:01:21.000000Z,0.35,13.2375,5.2375
SITE_001_S0641,SITE_001,2014-02-05T00:09:00.000000Z,2014-02-05T00:09:31.000000Z,0.5166666666666667,2.243055555555556,2.243055555555556
SITE_001_S0642,SITE_001,2014-02-11T00:08:00.000000Z,2014-02-11T00:08:23.000000Z,0.3833333333333333,8.24236111111111,0.2423611111111111
SITE_001_S0643,SITE_001,2014-02-12T00:01:00.000000Z,2014-02-12T00:01:21.000000Z,0.35,9.2375,1.2375
SITE_001_S0644,SITE_001,2014-02-17T00:09:00.000000Z,2014-02-17T00:09:31.000000Z,0.5166666666666667,14.24305555555556,6.243055555555555
SITE_001_S0645,SITE_001,2014-02-18T00:00:00.000000Z,2014-02-18T00:00:10.000000Z,0.1666666666666666,15.23680555555556,7.236805555555556
SITE_001_S0646,SITE_001,2014-02-23T00:08:00.000000Z,2014-02-23T00:08:23.000000Z,0.3833333333333333,4.242361111111111,4.242361111111111
SITE_001_S0647,SITE_001,2014-02-24T00:01:00.000000Z,2014-02-24T00:01:21.000000Z,0.35,5.2375,5.2375
SITE_001_S0648,SITE_001,2014-03-01T00:09:00.000000Z,2014-03-01T00:09:31.000000Z,0.5166666666666667,10.24305555555556,2.243055555555556
SITE_001_S0649,SITE_001,2014-03-02T00:00:00.000000Z,2014-03-02T00:00:11.000000Z,0.1833333333333333,11.23680555555556,3.236805555555556
SITE_001_S0650,SITE_001,2014-03-07T00:08:00.000000Z,2014-03-07T00:08:25.000000Z,0.4166666666666667,0.2423611111111111,0.2423611111111111
SITE_001_S0651,SITE_001,2014-03-08T00:01:00.000000Z,2014-03-08T00:01:21.000000Z,0.35,1.2375,1.2375
SITE_001_S0652,SITE_001,2014-03-13T00:09:00.000000Z,2014-03-13T00:09:30.000000Z,0.5,6.243055555555555,6.243055555555555
SITE_001_S0653,SITE_001,2014-03-14T00:00:00.000000Z,2014-03-14T00:00:13.000000Z,0.2166666666666666,7.236805555555556,7.236805555555556
SITE_001_S0654,SITE_001,2014-03-19T00:08:00.000000Z,2014-03-19T00:08:26.000000Z,0.4333333333333333,12.24236111111111,4.242361111111111
SITE_001_S0655,SITE_001,2014-03-20T00:01:00.000000Z,2014-03-20T00:01:20.000000Z,0.3333333333333333,13.2375,5.2375
SITE_001_S0656,SITE_001,2014-03-25T00:09:00.000000Z,2014-03-25T00:09:30.000000Z,0.5,2.243055555555556,2.243055555555556
SITE_001_S0657,SITE_001,2014-03-26T00:00:00.000000Z,2014-03-26T00:00:13.000000Z,0.2166666666666666,3.236805555555556,3.236805555555556
SITE_001_S0658,SITE_001,2014-03-31T00:08:00.000000Z,2014-03-31T00:08:26.000000Z,0.4333333333333333,8.24236111111111,0.2423611111111111
SITE_001_S0659,SITE_001,2014-04-01T00:01:00.000000Z,2014-04-01T00:01:19.000000Z,0.3166666666666666,9.2375,1.2375
SITE_001_S0660,SITE_001,2014-04-06T00:09:00.000000Z,2014-04-06T00:09:29.000000Z,0.4833333333333333,14.24305555555556,6.243055555555555
SITE_001_S0661,SITE_001,2014-04-07T00:00:00.000000Z,2014-04-07T00:00:14.000000Z,0.2333333333333333,15.23680555555556,7.236805555555556
SITE_001_S0662,SITE_001,2014-04-12T00:08:00.000000Z,2014-04-12T00:08:27.000000Z,0.45,4.242361111111111,4.242361111111111
SITE_001_S0663,SITE_001,2014-04-13T00:01:00.000000Z,2014-04-13T00:01:19.000000Z,0.3166666666666666,5.2375,5.2375
SITE_001_S0664,SITE_001,2014-04-18T00:09:00.000000Z,2014-04-18T00:09:28.000000Z,0.4666666666666667,10.24305555555556,2.243055555555556
SITE_001_S0665,SITE_001,2014-04-19T00:00:00.000000Z,2014-04-19T00:00:15.000000Z,0.25,11.23680555555556,3.236805555555556
SITE_001_S0666,SITE_001,2014-04-24T00:08:00.000000Z,2014-04-24T00:08:28.000000Z,0.4666666666666667,0.2423611111111111,0.2423611111111111
SITE_001_S0667,SITE_001,2014-04-25T00:01:00.000000Z,2014-04-25T00:01:18.000000Z,0.3,1.2375,1.2375
SITE_001_S0668,SITE_001,2014-04-30T00:09:00.000000Z,2014-04-30T00:09:28.000000Z,0.4666666666666667,6.243055555555555,6.243055555555555
SITE_001_S0669,SITE_001,2014-05-01T00:00:00.000000Z,2014-05-01T00:00:15.000000Z,0.25,7.236805555555556,7.236805555555556
SITE_001_S0670,SITE_001,2014-05-06T00:08:00.000000Z,2014-05-06T00:08:29.000000Z,0.4833333333333333,12.24236111111111,4.242361111111111
SITE_001_S0671,SITE_001,2014-05-07T00:01:00.000000Z,2014-05-07T00:01:18.000000Z,0.3,13.2375,5.2375
SITE_001_S0672,SITE_001,2014-05-12T00:09:00.000000Z,2014-05-12T00:09:28.000000Z,0.4666666666666667,2.243055555555556,2.243055555555556
SITE_001_S0673,SITE_001,2014-05-13T00:00:00.000000Z,2014-05-13T00:00:16.000000Z,0.2666666666666666,3.236805555555556,3.236805555555556
SITE_001_S0674,SITE_001,2014-05-18T00:08:00.000000Z,2014-05-18T00:08:29.000000Z,0.4833333333333333,8.24236111111111,0.2423611111111111
SITE_001_S0675,SITE_001,2014-05-19T00:01:00.000000Z,2014-05-19T00:01:17.000000Z,0.2833333333333333,9.2375,1.2375
SITE_001_S0676,SITE_001,2014-05-25T00:00:00.000000Z,2014-05-25T00:00:17.000000Z,0.2833333333333333,15.23680555555556,7.236805555555556
SITE_001_S0677,SITE_001,2014-05-30T00:08:00.000000Z,2014-05-30T00:08:30.000000Z,0.5,4.242361111111111,4.242361111111111
SITE_001_S0678,SITE_001,2014-05-31T00:01:00.000000Z,2014-05-31T00:01:17.000000Z,0.2833333333333333,5.2375,5.2375
SITE_001_S0679,SITE_001,2014-06-05T00:09:00.000000Z,2014-06-05T00:09:28.000000Z,0.4666666666666667,10.24305555555556,2.243055555555556
SITE_001_S0680,SITE_001,2014-06-06T00:00:00.000000Z,2014-06-06T00:00:17.000000Z,0.2833333333333333,11.23680555555556,3.236805555555556
SITE_001_S0681,SITE_001,2014-06-11T00:08:00.000000Z,2014-06-11T00:08:30.000000Z,0.5,0.2423611111111111,0.2423611111111111
SITE_001_S0682,SITE_001,2014-06-12T00:01:00.000000Z,2014-06-12T00:01:18.000000Z,0.3,1.2375,1.2375
SITE_001_S0683,SITE_001,2014-06-17T00:09:00.000000Z,2014-06-17T00:09:28.000000Z,0.4666666666666667,6.243055555555555,6.243055555555555
SITE_001_S0684,SITE_001,2014-06-18T00:00:00.000000Z,2014-06-18T00:00:17.000000Z,0.2833333333333333,7.236805555555556,7.236805555555556
SITE_001_S0685,SITE_001,2014-06-23T00:08:00.000000Z,2014-06-23T00:08:31.000000Z,0.5166666666666667,12.24236111111111,4.242361111111111
SITE_001_S0686,SITE_001,2014-06-24T00:01:00.000000Z,2014-06-24T00:01:18.000000Z,0.3,13.2375,5.2375
SITE_001_S0687,SITE_001,2014-06-29T00:09:00.000000Z,2014-06-29T00:09:28.000000Z,0.4666666666666667,2.243055555555556,2.243055555555556
SITE_001_S0688,SITE_001,2014-06-30T00:00:00.000000Z,2014-06-30T00:00:18.000000Z,0.3,3.236805555555556,3.236805555555556
SITE_001_S0689,SITE_001,2014-07-05T00:08:00.000000Z,2014-07-05T00:08:31.000000Z,0.5166666666666667,8.24236111111111,0.2423611111111111
SITE_001_S0690,SITE_001,2014-07-06T00:01:00.000000Z,2014-07-06T00:01:18.000000Z,0.3,9.2375,1.2375
SITE_001_S0691,SITE_001,2014-07-11T00:09:00.000000Z,2014-07-11T00:09:28.000000Z,0.4666666666666667,14.24305555555556,6.243055555555555
SITE_001_S0692,SITE_001,2014-07-12T00:00:00.000000Z,2014-07-12T00:00:18.000000Z,0.3,15.23680555555556,7.236805555555556
SITE_001_S0693,SITE_001,2014-07-17T00:08:00.000000Z,2014-07-17T00:08:31.000000Z,0.5166666666666667,4.242361111111111,4.242361111111111
SITE_001_S0694,SITE_001,2014-07-18T00:01:00.000000Z,2014-07-18T00:01:18.000000Z,0.3,5.2375,5.2375
SITE_001_S0695,SITE_001,2014-07-23T00:09:00.000000Z,2014-07-23T00:09:29.000000Z,0.4833333333333333,10.24305555555556,2.243055555555556
SITE_001_S0696,SITE_001,2014-07-24T00:00:00.000000Z,2014-07-24T00:00:18.000000Z,0.3,11.23680555555556,3.236805555555556
SITE_001_S0697,SITE_001,2014-07-29T00:08:00.000000Z,2014-07-29T00:08:31.000000Z,0.5166666666666667,0.2423611111111111,0.2423611111111111
SITE_001_S0698,SITE_001,2014-07-30T00:01:00.000000Z,2014-07-30T00:01:19.000000Z,0.3166666666666666,1.2375,1.2375
SITE_001_S0699,SITE_001,2014-08-04T00:09:00.000000Z,2014-08-04T00:09:28.000000Z,0.4666666666666667,6.243055555555555,6.243055555555555
SITE_001_S0700,SITE_001,2014-08-05T00:00:00.000000Z,2014-08-05T00:00:18.000000Z,0.3,7.236805555555556,7.236805555555556
SITE_001_S0701,SITE_001,2014-08-11T00:01:00.000000Z,2014-08-11T00:01:18.000000Z,0.3,13.2375,5.2375
SITE_001_S0702,SITE_001,2014-08-16T00:09:00.000000Z,2014-08-16T00:09:28.000000Z,0.4666666666666667,2.243055555555556,2.243055555555556
SITE_001_S0703,SITE_001,2014-08-17T00:00:00.000000Z,2014-08-17T00:00:18.000000Z,0.3,3.236805555555556,3.236805555555556
SITE_001_S0704,SITE_001,2014-08-22T00:08:00.000000Z,2014-08-22T00:08:30.000000Z,0.5,8.24236111111111,0.2423611111111111
SITE_001_S0705,SITE_001,2014-08-23T00:01:00.000000Z,2014-08-23T00:01:18.000000Z,0.3,9.2375,1.2375
SITE_001_S0706,SITE_001,2014-08-29T00:00:00.000000Z,2014-08-29T00:00:17.000000Z,0.2833333333333333,15.23680555555556,7.236805555555556
SITE_001_S0707,SITE_001,2014-09-04T00:01:00.000000Z,2014-09-04T00:01:17.000000Z,0.2833333333333333,5.2375,5.2375
SITE_001_S0708,SITE_001,2014-09-09T00:09:00.000000Z,2014-09-09T00:09:26.000000Z,0.4333333333333333,10.24305555555556,2.243055555555556
SITE_001_S0709,SITE_001,2014-09-10T00:00:00.000000Z,2014-09-10T00:00:17.000000Z,0.2833333333333333,11.23680555555556,3.236805555555556
SITE_001_S0710,SITE_001,2014-09-15T00:08:00.000000Z,2014-09-15T00:08:30.000000Z,0.5,0.2423611111111111,0.2423611111111111
SITE_001_S0711,SITE_001,2014-09-16T00:01:00.000000Z,2014-09-16T00:01:16.000000Z,0.2666666666666666,1.2375,1.2375
SITE_001_S0712,SITE_001,2014-09-21T00:09:00.000000Z,2014-09-21T00:09:25.000000Z,0.4166666666666667,6.243055555555555,6.243055555555555
SITE_001_S0713,SITE_001,2014-09-22T00:00:00.000000Z,2014-09-22T00:00:16.000000Z,0.2666666666666666,7.236805555555556,7.236805555555556
SITE_001_S0714,SITE_001,2014-09-27T00:08:00.000000Z,2014-09-27T00:08:29.000000Z,0.4833333333333333,12.24236111111111,4.242361111111111
SITE_001_S0715,SITE_001,2014-09-28T00:01:00.000000Z,2014-09-28T00:01:15.000000Z,0.25,13.2375,5.2375
SITE_001_S0716,SITE_001,2014-10-03T00:09:00.000000Z,2014-10-03T00:09:24.000000Z,0.4,2.243055555555556,2.243055555555556
SITE_001_S0717,SITE_001,2014-10-04T00:00:00.000000Z,2014-10-04T00:00:16.000000Z,0.2666666666666666,3.236805555555556,3.236805555555556
SITE_001_S0718,SITE_001,2014-10-09T00:08:00.000000Z,2014-10-09T00:08:28.000000Z,0.4666666666666667,8.24236111111111,0.2423611111111111
SITE_001_S0719,SITE_001,2014-10-10T00:01:00.000000Z,2014-10-10T00:01:13.000000Z,0.2166666666666666,9.2375,1.2375
SITE_002_S0001,SITE_002,2009-08-29T00:00:00.000000Z,2009-08-29T00:00:25.790000Z,0.4298333333333333,6.242361111111111,6.242361111111111
SITE_002_S0002,SITE_002,2009-09-04T23:52:00.000000Z,2009-09-04T23:52:38.740000Z,0.6456666666666667,13.23680555555556,5.236805555555556
SITE_002_S0003,SITE_002,2009-09-10T00:00:00.000000Z,2009-09-10T00:00:49.740000Z,0.829,2.242361111111111,2.242361111111111
SITE_002_S0004,SITE_002,2009-09-16T23:52:00.000000Z,2009-09-16T23:52:35.300000Z,0.5883333333333334,9.236805555555556,1.236805555555555
SITE_002_S0005,SITE_002,2009-09-22T00:00:00.000000Z,2009-09-22T00:00:26.750000Z,0.4458333333333333,14.24236111111111,6.242361111111111
SITE_002_S0006,SITE_002,2009-10-10T23:52:00.000000Z,2009-10-10T23:52:21.580000Z,0.3596666666666667,1.236805555555555,1.236805555555555
SITE_002_S0007,SITE_002,2009-10-16T00:00:00.000000Z,2009-10-16T00:00:37.420000Z,0.6236666666666667,6.242361111111111,6.242361111111111
SITE_002_S0008,SITE_002,2009-10-22T23:52:00.000000Z,2009-10-22T23:52:25.100000Z,0.4183333333333333,13.23680555555556,5.236805555555556
SITE_002_S0009,SITE_002,2009-10-28T00:00:00.000000Z,2009-10-28T00:00:38.150000Z,0.6358333333333334,2.242361111111111,2.242361111111111
SITE_002_S0010,SITE_002,2009-11-15T23:52:00.000000Z,2009-11-15T23:52:26.440000Z,0.4406666666666666,5.236805555555556,5.236805555555556
SITE_002_S0011,SITE_002,2009-11-21T00:00:00.000000Z,2009-11-21T00:00:39.560000Z,0.6593333333333333,10.24236111111111,2.242361111111111
SITE_002_S0012,SITE_002,2009-12-03T00:00:00.000000Z,2009-12-03T00:00:40.080000Z,0.668,6.242361111111111,6.242361111111111
SITE_002_S0013,SITE_002,2009-12-09T23:52:00.000000Z,2009-12-09T23:52:27.770000Z,0.4628333333333333,13.23680555555556,5.236805555555556
SITE_002_S0014,SITE_002,2009-12-21T23:52:00.000000Z,2009-12-21T23:52:28.680000Z,0.478,9.236805555555556,1.236805555555555
SITE_002_S0015,SITE_002,2009-12-27T00:00:00.000000Z,2009-12-27T00:00:41.360000Z,0.6893333333333334,14.24236111111111,6.242361111111111
SITE_002_S0016,SITE_002,2010-01-02T23:52:00.000000Z,2010-01-02T23:52:29.000000Z,0.4833333333333333,5.236805555555556,5.236805555555556
SITE_002_S0017,SITE_002,2010-01-08T00:00:00.000000Z,2010-01-08T00:00:42.000000Z,0.7,10.24236111111111,2.242361111111111
SITE_002_S0018,SITE_002,2010-01-14T23:52:00.000000Z,2010-01-14T23:52:29.560000Z,0.4926666666666666,1.236805555555555,1.236805555555555
SITE_002_S0019,SITE_002,2010-01-20T00:00:00.000000Z,2010-01-20T00:00:42.000000Z,0.7,6.242361111111111,6.242361111111111
SITE_002_S0020,SITE_002,2010-01-26T23:52:00.000000Z,2010-01-26T23:52:30.000000Z,0.5,13.23680555555556,5.236805555555556
SITE_002_S0021,SITE_002,2010-02-01T00:00:00.000000Z,2010-02-01T00:00:42.000000Z,0.7,2.242361111111111,2.242361111111111
SITE_002_S0022,SITE_002,2010-02-07T23:52:00.000000Z,2010-02-07T23:52:30.490000Z,0.5081666666666667,9.236805555555556,1.236805555555555
SITE_002_S0023,SITE_002,2010-02-13T00:00:00.000000Z,2010-02-13T00:00:43.410000Z,0.7235,14.24236111111111,6.242361111111111
SITE_002_S0024,SITE_002,2010-02-13T23:51:00.000000Z,2010-02-13T23:51:45.000000Z,0.75,15.23611111111111,7.236111111111111
SITE_002_S0025,SITE_002,2010-02-19T00:00:00.000000Z,2010-02-19T00:00:04.120000Z,0.0686666666666666,4.242361111111111,4.242361111111111
SITE_002_S0026,SITE_002,2010-02-19T23:52:00.000000Z,2010-02-19T23:52:30.000000Z,0.5,5.236805555555556,5.236805555555556
SITE_002_S0027,SITE_002,2010-02-25T00:00:00.000000Z,2010-02-25T00:00:43.000000Z,0.7166666666666667,10.24236111111111,2.242361111111111
SITE_002_S0028,SITE_002,2010-02-25T23:51:00.000000Z,2010-02-25T23:51:45.000000Z,0.75,11.23611111111111,3.236111111111111
SITE_002_S0029,SITE_002,2010-03-03T00:00:00.000000Z,2010-03-03T00:00:04.170000Z,0.0695,0.2423611111111111,0.2423611111111111
SITE_002_S0030,SITE_002,2010-03-03T23:52:00.000000Z,2010-03-03T23:52:30.000000Z,0.5,1.236805555555555,1.236805555555555
SITE_002_S0031,SITE_002,2010-03-09T23:51:00.000000Z,2010-03-09T23:51:45.000000Z,0.75,7.236111111111111,7.236111111111111
SITE_002_S0032,SITE_002,2010-03-15T00:00:00.000000Z,2010-03-15T00:00:04.250000Z,0.0708333333333333,12.24236111111111,4.242361111111111
SITE_002_S0033,SITE_002,2010-03-21T00:00:00.000000Z,2010-03-21T00:00:43.370000Z,0.7228333333333333,2.242361111111111,2.242361111111111
SITE_002_S0034,SITE_002,2010-03-27T00:00:00.000000Z,2010-03-27T00:00:04.000000Z,0.0666666666666666,8.24236111111111,0.2423611111111111
SITE_002_S0035,SITE_002,2010-03-27T23:52:00.000000Z,2010-03-27T23:52:30.550000Z,0.5091666666666667,9.236805555555556,1.236805555555555
SITE_002_S0036,SITE_002,2010-04-02T00:00:00.000000Z,2010-04-02T00:00:43.000000Z,0.7166666666666667,14.24236111111111,6.242361111111111
SITE_002_S0037,SITE_002,2010-04-02T23:51:00.000000Z,2010-04-02T23:51:55.700000Z,0.9283333333333332,15.23611111111111,7.236111111111111
SITE_002_S0038,SITE_002,2010-04-08T23:52:00.000000Z,2010-04-08T23:52:30.000000Z,0.5,5.236805555555556,5.236805555555556
SITE_002_S0039,SITE_002,2010-04-14T00:00:00.000000Z,2010-04-14T00:00:43.000000Z,0.7166666666666667,10.24236111111111,2.242361111111111
SITE_002_S0040,SITE_002,2010-04-20T00:00:00.000000Z,2010-04-20T00:00:03.520000Z,0.0586666666666666,0.2423611111111111,0.2423611111111111
SITE_002_S0041,SITE_002,2010-04-20T23:52:00.000000Z,2010-04-20T23:52:30.020000Z,0.5003333333333333,1.236805555555555,1.236805555555555
SITE_002_S0042,SITE_002,2010-04-26T00:00:00.000000Z,2010-04-26T00:00:42.600000Z,0.71,6.242361111111111,6.242361111111111
SITE_002_S0043,SITE_002,2010-04-26T23:51:00.000000Z,2010-04-26T23:51:55.170000Z,0.9195,7.236111111111111,7.236111111111111
SITE_002_S0044,SITE_002,2010-05-02T00:00:00.000000Z,2010-05-02T00:00:03.000000Z,0.05,12.24236111111111,4.242361111111111
SITE_002_S0045,SITE_002,2010-05-02T23:52:00.000000Z,2010-05-02T23:52:29.530000Z,0.4921666666666666,13.23680555555556,5.236805555555556
SITE_002_S0046,SITE_002,2010-05-08T00:00:00.000000Z,2010-05-08T00:00:42.160000Z,0.7026666666666667,2.242361111111111,2.242361111111111
SITE_002_S0047,SITE_002,2010-05-14T00:00:00.000000Z,2010-05-14T00:00:02.770000Z,0.0461666666666666,8.24236111111111,0.2423611111111111
SITE_002_S0048,SITE_002,2010-05-14T23:52:00.000000Z,2010-05-14T23:52:29.000000Z,0.4833333333333333,9.236805555555556,1.236805555555555
SITE_002_S0049,SITE_002,2010-05-20T00:00:00.000000Z,2010-05-20T00:00:40.000000Z,0.6666666666666666,0.2423611111111111,0.2423611111111111
SITE_002_S0050,SITE_002,2010-05-20T23:51:00.000000Z,2010-05-20T23:51:43.000000Z,0.7166666666666667,1.236111111111111,1.236111111111111
SITE_002_S0051,SITE_002,2010-05-26T00:00:00.000000Z,2010-05-26T00:00:01.000000Z,0.0166666666666666,6.242361111111111,6.242361111111111
SITE_002_S0052,SITE_002,2010-05-26T23:52:00.000000Z,2010-05-26T23:52:27.000000Z,0.45,7.236805555555556,7.236805555555556
SITE_002_S0053,SITE_002,2010-06-01T00:00:00.000000Z,2010-06-01T00:00:40.240000Z,0.6706666666666666,12.24236111111111,4.242361111111111
SITE_002_S0054,SITE_002,2010-06-01T23:51:00.000000Z,2010-06-01T23:51:42.000000Z,0.7,13.23611111111111,5.236111111111111
SITE_002_S0055,SITE_002,2010-06-07T00:00:00.000000Z,2010-06-07T00:00:00.760000Z,0.0126666666666666,2.242361111111111,2.242361111111111
SITE_002_S0056,SITE_002,2010-06-07T23:52:00.000000Z,2010-06-07T23:52:27.220000Z,0.4536666666666666,3.236805555555556,3.236805555555556
SITE_002_S0057,SITE_002,2010-06-13T00:00:00.000000Z,2010-06-13T00:00:39.990000Z,0.6665,8.24236111111111,0.2423611111111111
SITE_002_S0058,SITE_002,2010-06-13T23:51:00.000000Z,2010-06-13T23:51:42.000000Z,0.7,9.23611111111111,1.236111111111111
SITE_002_S0059,SITE_002,2010-06-19T00:00:00.000000Z,2010-06-19T00:00:00.000000Z,0,14.24236111111111,6.242361111111111
SITE_002_S0060,SITE_002,2010-06-19T23:52:00.000000Z,2010-06-19T23:52:27.000000Z,0.45,15.23680555555556,7.236805555555556
SITE_002_S0061,SITE_002,2010-06-25T00:00:00.000000Z,2010-06-25T00:00:39.000000Z,0.65,4.242361111111111,4.242361111111111
SITE_002_S0062,SITE_002,2010-06-25T23:51:00.000000Z,2010-06-25T23:51:42.000000Z,0.7,5.236111111111111,5.236111111111111
SITE_002_S0063,SITE_002,2010-07-01T00:00:00.000000Z,2010-07-01T00:00:00.350000Z,0.0058333333333333,10.24236111111111,2.242361111111111
SITE_002_S0064,SITE_002,2010-07-01T23:52:00.000000Z,2010-07-01T23:52:26.000000Z,0.4333333333333333,11.23680555555556,3.236805555555556
SITE_002_S0065,SITE_002,2010-07-07T00:00:00.000000Z,2010-07-07T00:00:39.460000Z,0.6576666666666666,0.2423611111111111,0.2423611111111111
SITE_002_S0066,SITE_002,2010-07-07T23:51:00.000000Z,2010-07-07T23:51:42.000000Z,0.7,1.236111111111111,1.236111111111111
SITE_002_S0067,SITE_002,2010-07-13T00:00:00.000000Z,2010-07-13T00:00:00.000000Z,0,6.242361111111111,6.242361111111111
SITE_002_S0068,SITE_002,2010-07-13T23:52:00.000000Z,2010-07-13T23:52:26.000000Z,0.4333333333333333,7.236805555555556,7.236805555555556
SITE_002_S0069,SITE_002,2010-07-19T00:00:00.000000Z,2010-07-19T00:00:39.000000Z,0.65,12.24236111111111,4.242361111111111
SITE_002_S0070,SITE_002,2010-07-19T23:51:00.000000Z,2010-07-19T23:51:41.000000Z,0.6833333333333333,13.23611111111111,5.236111111111111
SITE_002_S0071,SITE_002,2010-07-25T00:00:00.000000Z,2010-07-25T00:00:00.230000Z,0.0038333333333333,2.242361111111111,2.242361111111111
SITE_002_S0072,SITE_002,2010-07-25T23:52:00.000000Z,2010-07-25T23:52:26.720000Z,0.4453333333333333,3.236805555555556,3.236805555555556
SITE_002_S0073,SITE_002,2010-07-31T00:00:00.000000Z,2010-07-31T00:00:39.000000Z,0.65,8.24236111111111,0.2423611111111111
SITE_002_S0074,SITE_002,2010-07-31T23:51:00.000000Z,2010-07-31T23:51:42.190000Z,0.7031666666666667,9.23611111111111,1.236111111111111
SITE_002_S0075,SITE_002,2010-08-06T00:00:00.000000Z,2010-08-06T00:00:00.500000Z,0.0083333333333333,14.24236111111111,6.242361111111111
SITE_002_S0076,SITE_002,2010-08-06T23:52:00.000000Z,2010-08-06T23:52:26.000000Z,0.4333333333333333,15.23680555555556,7.236805555555556
SITE_002_S0077,SITE_002,2010-08-12T00:00:00.000000Z,2010-08-12T00:00:39.830000Z,0.6638333333333334,4.242361111111111,4.242361111111111
SITE_002_S0078,SITE_002,2010-08-12T23:51:00.000000Z,2010-08-12T23:51:42.410000Z,0.7068333333333333,5.236111111111111,5.236111111111111
SITE_002_S0079,SITE_002,2010-08-18T00:00:00.000000Z,2010-08-18T00:00:00.000000Z,0,10.24236111111111,2.242361111111111
SITE_002_S0080,SITE_002,2010-08-18T23:52:00.000000Z,2010-08-18T23:52:27.000000Z,0.45,11.23680555555556,3.236805555555556
SITE_002_S0081,SITE_002,2010-08-24T00:00:00.000000Z,2010-08-24T00:00:40.300000Z,0.6716666666666666,0.2423611111111111,0.2423611111111111
SITE_002_S0082,SITE_002,2010-08-24T23:51:00.000000Z,2010-08-24T23:51:42.880000Z,0.7146666666666667,1.236111111111111,1.236111111111111
SITE_002_S0083,SITE_002,2010-08-30T00:00:00.000000Z,2010-08-30T00:00:01.220000Z,0.0203333333333333,6.242361111111111,6.242361111111111
SITE_002_S0084,SITE_002,2010-08-30T23:52:00.000000Z,2010-08-30T23:52:27.000000Z,0.45,7.236805555555556,7.236805555555556
SITE_002_S0085,SITE_002,2010-09-05T00:00:00.000000Z,2010-09-05T00:00:40.920000Z,0.682,12.24236111111111,4.242361111111111
SITE_002_S0086,SITE_002,2010-09-05T23:51:00.000000Z,2010-09-05T23:51:43.490000Z,0.7248333333333333,13.23611111111111,5.236111111111111
SITE_002_S0087,SITE_002,2010-09-11T00:00:00.000000Z,2010-09-11T00:00:01.850000Z,0.0308333333333333,2.242361111111111,2.242361111111111
SITE_002_S0088,SITE_002,2010-09-11T23:52:00.000000Z,2010-09-11T23:52:28.250000Z,0.4708333333333333,3.236805555555556,3.236805555555556
SITE_002_S0089,SITE_002,2010-09-17T00:00:00.000000Z,2010-09-17T00:00:41.440000Z,0.6906666666666667,8.24236111111111,0.2423611111111111
SITE_002_S0090,SITE_002,2010-09-17T23:51:00.000000Z,2010-09-17T23:51:44.000000Z,0.7333333333333333,9.23611111111111,1.236111111111111
SITE_002_S0091,SITE_002,2010-09-23T00:00:00.000000Z,2010-09-23T00:00:02.000000Z,0.0333333333333333,14.24236111111111,6.242361111111111
SITE_002_S0092,SITE_002,2010-09-23T23:52:00.000000Z,2010-09-23T23:52:29.000000Z,0.4833333333333333,15.23680555555556,7.236805555555556
SITE_002_S0093,SITE_002,2010-09-29T00:00:00.000000Z,2010-09-29T00:00:42.000000Z,0.7,4.242361111111111,4.242361111111111
SITE_002_S0094,SITE_002,2010-09-29T23:51:00.000000Z,2010-09-29T23:51:44.000000Z,0.7333333333333333,5.236111111111111,5.236111111111111
SITE_002_S0095,SITE_002,2010-10-05T00:00:00.000000Z,2010-10-05T00:00:03.160000Z,0.0526666666666666,10.24236111111111,2.242361111111111
SITE_002_S0096,SITE_002,2010-10-05T23:52:00.000000Z,2010-10-05T23:52:29.000000Z,0.4833333333333333,11.23680555555556,3.236805555555556
SITE_002_S0097,SITE_002,2010-10-11T23:51:00.000000Z,2010-10-11T23:51:45.000000Z,0.75,1.236111111111111,1.236111111111111
SITE_002_S0098,SITE_002,2010-10-17T00:00:00.000000Z,2010-10-17T00:00:09.000000Z,0.15,6.242361111111111,6.242361111111111
SITE_002_S0099,SITE_002,2010-10-23T23:51:00.000000Z,2010-10-23T23:51:59.000000Z,0.9833333333333332,13.23611111111111,5.236111111111111
SITE_002_S0100,SITE_002,2010-10-29T00:00:00.000000Z,2010-10-29T00:00:10.000000Z,0.1666666666666666,2.242361111111111,2.242361111111111
SITE_002_S0101,SITE_002,2010-11-04T23:52:00.000000Z,2010-11-04T23:52:00.000000Z,0,9.236805555555556,1.236805555555555
SITE_002_S0102,SITE_002,2010-11-10T00:00:00.000000Z,2010-11-10T00:00:10.000000Z,0.1666666666666666,14.24236111111111,6.242361111111111
SITE_002_S0103,SITE_002,2010-11-16T23:52:00.000000Z,2010-11-16T23:52:01.000000Z,0.0166666666666666,5.236805555555556,5.236805555555556
SITE_002_S0104,SITE_002,2010-11-22T00:00:00.000000Z,2010-11-22T00:00:11.000000Z,0.1833333333333333,10.24236111111111,2.242361111111111
SITE_002_S0105,SITE_002,2010-11-28T23:52:00.000000Z,2010-11-28T23:52:01.000000Z,0.0166666666666666,1.236805555555555,1.236805555555555
SITE_002_S0106,SITE_002,2010-12-04T00:00:00.000000Z,2010-12-04T00:00:12.000000Z,0.2,6.242361111111111,6.242361111111111
SITE_002_S0107,SITE_002,2010-12-10T23:52:00.000000Z,2010-12-10T23:52:02.000000Z,0.0333333333333333,13.23680555555556,5.236805555555556
SITE_002_S0108,SITE_002,2010-12-16T00:00:00.000000Z,2010-12-16T00:00:12.000000Z,0.2,2.242361111111111,2.242361111111111
SITE_002_S0109,SITE_002,2010-12-22T23:52:00.000000Z,2010-12-22T23:52:03.000000Z,0.05,9.236805555555556,1.236805555555555
SITE_002_S0110,SITE_002,2010-12-28T00:00:00.000000Z,2010-12-28T00:00:13.000000Z,0.2166666666666666,14.24236111111111,6.242361111111111
SITE_002_S0111,SITE_002,2011-01-03T23:52:00.000000Z,2011-01-03T23:52:03.000000Z,0.05,5.236805555555556,5.236805555555556
SITE_002_S0112,SITE_002,2011-01-09T00:00:00.000000Z,2011-01-09T00:00:14.000000Z,0.2333333333333333,10.24236111111111,2.242361111111111
SITE_002_S0113,SITE_002,2011-01-15T23:52:00.000000Z,2011-01-15T23:52:04.000000Z,0.0666666666666666,1.236805555555555,1.236805555555555
SITE_002_S0114,SITE_002,2011-01-21T00:00:00.000000Z,2011-01-21T00:00:14.000000Z,0.2333333333333333,6.242361111111111,6.242361111111111
SITE_002_S0115,SITE_002,2011-01-27T23:52:00.000000Z,2011-01-27T23:52:04.000000Z,0.0666666666666666,13.23680555555556,5.236805555555556
SITE_002_S0116,SITE_002,2011-02-08T23:52:00.000000Z,2011-02-08T23:52:05.000000Z,0.0833333333333333,9.236805555555556,1.236805555555555
SITE_002_S0117,SITE_002,2011-02-14T00:00:00.000000Z,2011-02-14T00:00:15.000000Z,0.25,14.24236111111111,6.242361111111111
SITE_002_S0118,SITE_002,2011-02-20T23:52:00.000000Z,2011-02-20T23:52:05.000000Z,0.0833333333333333,5.236805555555556,5.236805555555556
SITE_002_S0119,SITE_002,2011-02-26T00:00:00.000000Z,2011-02-26T00:00:15.000000Z,0.25,10.24236111111111,2.242361111111111
SITE_002_S0120,SITE_002,2011-03-04T23:52:00.000000Z,2011-03-04T23:52:05.000000Z,0.0833333333333333,1.236805555555555,1.236805555555555
SITE_002_S0121,SITE_002,2011-03-10T00:00:00.000000Z,2011-03-10T00:00:15.000000Z,0.25,6.242361111111111,6.242361111111111
SITE_002_S0122,SITE_002,2011-03-16T23:52:00.000000Z,2011-03-16T23:52:05.000000Z,0.0833333333333333,13.23680555555556,5.236805555555556
SITE_002_S0123,SITE_002,2011-03-22T00:00:00.000000Z,2011-03-22T00:00:15.000000Z,0.25,2.242361111111111,2.242361111111111
SITE_002_S0124,SITE_002,2011-03-28T23:52:00.000000Z,2011-03-28T23:52:05.000000Z,0.0833333333333333,9.236805555555556,1.236805555555555
SITE_002_S0125,SITE_002,2011-04-03T00:00:00.000000Z,2011-04-03T00:00:15.000000Z,0.25,14.24236111111111,6.242361111111111
SITE_002_S0126,SITE_002,2011-04-09T23:52:00.000000Z,2011-04-09T23:52:05.000000Z,0.0833333333333333,5.236805555555556,5.236805555555556
SITE_002_S0127,SITE_002,2011-04-15T00:00:00.000000Z,2011-04-15T00:00:15.000000Z,0.25,10.24236111111111,2.242361111111111
SITE_002_S0128,SITE_002,2011-04-21T23:52:00.000000Z,2011-04-21T23:52:04.000000Z,0.0666666666666666,1.236805555555555,1.236805555555555
SITE_002_S0129,SITE_002,2011-04-27T00:00:00.000000Z,2011-04-27T00:00:14.000000Z,0.2333333333333333,6.242361111111111,6.242361111111111
SITE_002_S0130,SITE_002,2011-05-03T23:52:00.000000Z,2011-05-03T23:52:04.000000Z,0.0666666666666666,13.23680555555556,5.236805555555556
SITE_002_S0131,SITE_002,2011-05-09T00:00:00.000000Z,2011-05-09T00:00:14.000000Z,0.2333333333333333,2.242361111111111,2.242361111111111
SITE_002_S0132,SITE_002,2011-05-15T23:52:00.000000Z,2011-05-15T23:52:04.000000Z,0.0666666666666666,9.236805555555556,1.236805555555555
SITE_002_S0133,SITE_002,2011-05-21T00:00:00.000000Z,2011-05-21T00:00:13.000000Z,0.2166666666666666,1.242361111111111,1.242361111111111
SITE_002_S0134,SITE_002,2011-05-27T23:52:00.000000Z,2011-05-27T23:52:03.000000Z,0.05,8.236805555555556,0.2368055555555555
SITE_002_S0135,SITE_002,2011-06-02T00:00:00.000000Z,2011-06-02T00:00:13.000000Z,0.2166666666666666,13.24236111111111,5.242361111111111
SITE_002_S0136,SITE_002,2011-06-08T23:52:00.000000Z,2011-06-08T23:52:03.000000Z,0.05,4.236805555555556,4.236805555555556
SITE_002_S0137,SITE_002,2011-06-14T00:00:00.000000Z,2011-06-14T00:00:12.000000Z,0.2,9.24236111111111,1.242361111111111
SITE_002_S0138,SITE_002,2011-06-20T23:52:00.000000Z,2011-06-20T23:52:02.000000Z,0.0333333333333333,0.2368055555555555,0.2368055555555555
SITE_002_S0139,SITE_002,2011-06-26T00:00:00.000000Z,2011-06-26T00:00:12.000000Z,0.2,5.242361111111111,5.242361111111111
SITE_002_S0140,SITE_002,2011-07-02T23:52:00.000000Z,2011-07-02T23:52:02.000000Z,0.0333333333333333,12.23680555555556,4.236805555555556
SITE_002_S0141,SITE_002,2011-07-08T00:00:00.000000Z,2011-07-08T00:00:12.000000Z,0.2,1.242361111111111,1.242361111111111
SITE_002_S0142,SITE_002,2011-07-14T23:52:00.000000Z,2011-07-14T23:52:02.000000Z,0.0333333333333333,8.236805555555556,0.2368055555555555
SITE_002_S0143,SITE_002,2011-07-26T23:52:00.000000Z,2011-07-26T23:52:02.000000Z,0.0333333333333333,4.236805555555556,4.236805555555556
SITE_002_S0144,SITE_002,2011-08-01T00:00:00.000000Z,2011-08-01T00:00:12.000000Z,0.2,9.24236111111111,1.242361111111111
SITE_002_S0145,SITE_002,2011-08-07T23:52:00.000000Z,2011-08-07T23:52:02.000000Z,0.0333333333333333,0.2368055555555555,0.2368055555555555
SITE_002_S0146,SITE_002,2011-08-13T00:00:00.000000Z,2011-08-13T00:00:12.000000Z,0.2,5.242361111111111,5.242361111111111
SITE_002_S0147,SITE_002,2011-08-19T23:52:00.000000Z,2011-08-19T23:52:03.000000Z,0.05,12.23680555555556,4.236805555555556
SITE_002_S0148,SITE_002,2011-08-25T00:00:00.000000Z,2011-08-25T00:00:13.000000Z,0.2166666666666666,1.242361111111111,1.242361111111111
SITE_002_S0149,SITE_002,2011-08-31T23:52:00.000000Z,2011-08-31T23:52:03.000000Z,0.05,8.236805555555556,0.2368055555555555
SITE_002_S0150,SITE_002,2011-09-06T00:00:00.000000Z,2011-09-06T00:00:13.000000Z,0.2166666666666666,13.24236111111111,5.242361111111111
SITE_002_S0151,SITE_002,2011-09-12T23:52:00.000000Z,2011-09-12T23:52:03.000000Z,0.05,4.236805555555556,4.236805555555556
SITE_002_S0152,SITE_002,2011-09-18T00:00:00.000000Z,2011-09-18T00:00:14.000000Z,0.2333333333333333,9.24236111111111,1.242361111111111
SITE_002_S0153,SITE_002,2011-09-24T23:52:00.000000Z,2011-09-24T23:52:04.000000Z,0.0666666666666666,0.2368055555555555,0.2368055555555555
SITE_002_S0154,SITE_002,2011-10-24T00:00:00.000000Z,2011-10-24T00:00:16.000000Z,0.2666666666666666,13.24236111111111,5.242361111111111
SITE_002_S0155,SITE_002,2011-10-30T23:52:00.000000Z,2011-10-30T23:52:06.000000Z,0.1,4.236805555555556,4.236805555555556
SITE_002_S0156,SITE_002,2011-11-05T00:00:00.000000Z,2011-11-05T00:00:16.000000Z,0.2666666666666666,9.24236111111111,1.242361111111111
SITE_002_S0157,SITE_002,2011-11-11T23:52:00.000000Z,2011-11-11T23:52:07.000000Z,0.1166666666666666,0.2368055555555555,0.2368055555555555
SITE_002_S0158,SITE_002,2011-11-17T00:00:00.000000Z,2011-11-17T00:00:17.000000Z,0.2833333333333333,5.242361111111111,5.242361111111111
SITE_002_S0159,SITE_002,2011-11-23T23:52:00.000000Z,2011-11-23T23:52:08.000000Z,0.1333333333333333,12.23680555555556,4.236805555555556
SITE_002_S0160,SITE_002,2011-12-05T23:52:00.000000Z,2011-12-05T23:52:09.000000Z,0.15,8.236805555555556,0.2368055555555555
SITE_002_S0161,SITE_002,2011-12-11T00:00:00.000000Z,2011-12-11T00:00:19.000000Z,0.3166666666666666,13.24236111111111,5.242361111111111
SITE_002_S0162,SITE_002,2011-12-17T23:52:00.000000Z,2011-12-17T23:52:09.000000Z,0.15,4.236805555555556,4.236805555555556
SITE_002_S0163,SITE_002,2011-12-29T00:01:00.000000Z,2011-12-29T00:01:05.000000Z,0.0833333333333333,15.24305555555556,7.243055555555555
SITE_002_S0164,SITE_002,2011-12-29T23:52:00.000000Z,2011-12-29T23:52:03.000000Z,0.05,0.2368055555555555,0.2368055555555555
SITE_002_S0165,SITE_002,2012-01-04T00:00:00.000000Z,2012-01-04T00:00:20.000000Z,0.3333333333333333,5.242361111111111,5.242361111111111
SITE_002_S0166,SITE_002,2012-01-10T00:01:00.000000Z,2012-01-10T00:01:05.000000Z,0.0833333333333333,11.24305555555556,3.243055555555556
SITE_002_S0167,SITE_002,2012-01-10T23:52:00.000000Z,2012-01-10T23:52:04.000000Z,0.0666666666666666,12.23680555555556,4.236805555555556
SITE_002_S0168,SITE_002,2012-01-16T00:00:00.000000Z,2012-01-16T00:00:20.000000Z,0.3333333333333333,1.242361111111111,1.242361111111111
SITE_002_S0169,SITE_002,2012-01-22T00:01:00.000000Z,2012-01-22T00:01:05.000000Z,0.0833333333333333,7.243055555555555,7.243055555555555
SITE_002_S0170,SITE_002,2012-01-22T23:52:00.000000Z,2012-01-22T23:52:03.000000Z,0.05,8.236805555555556,0.2368055555555555
SITE_002_S0171,SITE_002,2012-01-28T00:00:00.000000Z,2012-01-28T00:00:21.000000Z,0.35,13.24236111111111,5.242361111111111
SITE_002_S0172,SITE_002,2012-02-03T00:01:00.000000Z,2012-02-03T00:01:06.000000Z,0.1,3.243055555555556,3.243055555555556
SITE_002_S0173,SITE_002,2012-02-03T23:52:00.000000Z,2012-02-03T23:52:03.000000Z,0.05,4.236805555555556,4.236805555555556
SITE_002_S0174,SITE_002,2012-02-09T00:00:00.000000Z,2012-02-09T00:00:21.000000Z,0.35,9.24236111111111,1.242361111111111
SITE_002_S0175,SITE_002,2012-02-15T00:01:00.000000Z,2012-02-15T00:01:06.000000Z,0.1,15.24305555555556,7.243055555555555
SITE_002_S0176,SITE_002,2012-02-15T23:52:00.000000Z,2012-02-15T23:52:03.000000Z,0.05,0.2368055555555555,0.2368055555555555
SITE_002_S0177,SITE_002,2012-02-21T00:00:00.000000Z,2012-02-21T00:00:20.000000Z,0.3333333333333333,5.242361111111111,5.242361111111111
SITE_002_S0178,SITE_002,2012-02-27T00:01:00.000000Z,2012-02-27T00:01:06.000000Z,0.1,11.24305555555556,3.243055555555556
SITE_002_S0179,SITE_002,2012-02-27T23:52:00.000000Z,2012-02-27T23:52:03.000000Z,0.05,12.23680555555556,4.236805555555556
SITE_002_S0180,SITE_002,2012-03-04T00:00:00.000000Z,2012-03-04T00:00:20.000000Z,0.3333333333333333,1.242361111111111,1.242361111111111
SITE_002_S0181,SITE_002,2012-03-10T00:01:00.000000Z,2012-03-10T00:01:05.000000Z,0.0833333333333333,7.243055555555555,7.243055555555555
SITE_002_S0182,SITE_002,2012-03-10T23:52:00.000000Z,2012-03-10T23:52:04.000000Z,0.0666666666666666,8.236805555555556,0.2368055555555555
SITE_002_S0183,SITE_002,2012-03-22T23:52:00.000000Z,2012-03-22T23:52:03.000000Z,0.05,4.236805555555556,4.236805555555556
SITE_002_S0184,SITE_002,2012-03-28T00:00:00.000000Z,2012-03-28T00:00:20.000000Z,0.3333333333333333,9.24236111111111,1.242361111111111
SITE_002_S0185,SITE_002,2012-04-03T00:01:00.000000Z,2012-04-03T00:01:06.000000Z,0.1,15.24305555555556,7.243055555555555
SITE_002_S0186,SITE_002,2012-04-03T23:52:00.000000Z,2012-04-03T23:52:03.000000Z,0.05,0.2368055555555555,0.2368055555555555
SITE_002_S0187,SITE_002,2012-04-09T00:00:00.000000Z,2012-04-09T00:00:20.000000Z,0.3333333333333333,5.242361111111111,5.242361111111111
SITE_002_S0188,SITE_002,2012-04-15T00:01:00.000000Z,2012-04-15T00:01:05.000000Z,0.0833333333333333,11.24305555555556,3.243055555555556
SITE_002_S0189,SITE_002,2012-04-15T23:52:00.000000Z,2012-04-15T23:52:03.000000Z,0.05,12.23680555555556,4.236805555555556
SITE_002_S0190,SITE_002,2012-04-21T00:00:00.000000Z,2012-04-21T00:00:21.000000Z,0.35,1.242361111111111,1.242361111111111
SITE_002_S0191,SITE_002,2012-04-27T23:52:00.000000Z,2012-04-27T23:52:03.000000Z,0.05,8.236805555555556,0.2368055555555555
SITE_002_S0192,SITE_002,2012-05-03T00:00:00.000000Z,2012-05-03T00:00:20.000000Z,0.3333333333333333,13.24236111111111,5.242361111111111
SITE_002_S0193,SITE_002,2012-05-09T00:01:00.000000Z,2012-05-09T00:01:05.000000Z,0.0833333333333333,3.243055555555556,3.243055555555556
SITE_002_S0194,SITE_002,2012-05-09T23:52:00.000000Z,2012-05-09T23:52:03.000000Z,0.05,4.236805555555556,4.236805555555556
SITE_002_S0195,SITE_002,2012-05-15T00:00:00.000000Z,2012-05-15T00:00:20.000000Z,0.3333333333333333,9.24236111111111,1.242361111111111
SITE_002_S0196,SITE_002,2012-05-21T00:01:00.000000Z,2012-05-21T00:01:05.000000Z,0.0833333333333333,2.243055555555556,2.243055555555556
SITE_002_S0197,SITE_002,2012-05-21T23:52:00.000000Z,2012-05-21T23:52:10.000000Z,0.1666666666666666,3.236805555555556,3.236805555555556
SITE_002_S0198,SITE_002,2012-05-27T00:00:00.000000Z,2012-05-27T00:00:20.000000Z,0.3333333333333333,8.24236111111111,0.2423611111111111
SITE_002_S0199,SITE_002,2012-06-02T23:52:00.000000Z,2012-06-02T23:52:10.000000Z,0.1666666666666666,15.23680555555556,7.236805555555556
SITE_002_S0200,SITE_002,2012-06-08T00:00:00.000000Z,2012-06-08T00:00:19.000000Z,0.3166666666666666,4.242361111111111,4.242361111111111
SITE_002_S0201,SITE_002,2012-06-14T23:52:00.000000Z,2012-06-14T23:52:09.000000Z,0.15,11.23680555555556,3.236805555555556
SITE_002_S0202,SITE_002,2012-06-20T00:00:00.000000Z,2012-06-20T00:00:19.000000Z,0.3166666666666666,0.2423611111111111,0.2423611111111111
SITE_002_S0203,SITE_002,2012-06-26T23:52:00.000000Z,2012-06-26T23:52:09.000000Z,0.15,7.236805555555556,7.236805555555556
SITE_002_S0204,SITE_002,2012-07-02T00:00:00.000000Z,2012-07-02T00:00:19.000000Z,0.3166666666666666,12.24236111111111,4.242361111111111
SITE_002_S0205,SITE_002,2012-07-08T23:52:00.000000Z,2012-07-08T23:52:09.000000Z,0.15,3.236805555555556,3.236805555555556
SITE_002_S0206,SITE_002,2012-07-14T00:00:00.000000Z,2012-07-14T00:00:19.000000Z,0.3166666666666666,8.24236111111111,0.2423611111111111
SITE_002_S0207,SITE_002,2012-07-20T23:52:00.000000Z,2012-07-20T23:52:09.000000Z,0.15,15.23680555555556,7.236805555555556
SITE_002_S0208,SITE_002,2012-07-26T00:00:00.000000Z,2012-07-26T00:00:19.000000Z,0.3166666666666666,4.242361111111111,4.242361111111111
SITE_002_S0209,SITE_002,2012-08-01T23:52:00.000000Z,2012-08-01T23:52:09.000000Z,0.15,11.23680555555556,3.236805555555556
SITE_002_S0210,SITE_002,2012-12-05T00:00:00.000000Z,2012-12-05T00:00:24.000000Z,0.4,8.24236111111111,0.2423611111111111
SITE_002_S0211,SITE_002,2012-12-11T23:52:00.000000Z,2012-12-11T23:52:15.000000Z,0.25,15.23680555555556,7.236805555555556
SITE_002_S0212,SITE_002,2012-12-17T00:00:00.000000Z,2012-12-17T00:00:25.000000Z,0.4166666666666667,4.242361111111111,4.242361111111111
SITE_002_S0213,SITE_002,2012-12-23T23:52:00.000000Z,2012-12-23T23:52:16.000000Z,0.2666666666666666,11.23680555555556,3.236805555555556
SITE_002_S0214,SITE_002,2012-12-29T00:00:00.000000Z,2012-12-29T00:00:26.000000Z,0.4333333333333333,0.2423611111111111,0.2423611111111111
SITE_002_S0215,SITE_002,2013-01-10T00:00:00.000000Z,2013-01-10T00:00:27.000000Z,0.45,12.24236111111111,4.242361111111111
SITE_002_S0216,SITE_002,2013-01-16T23:52:00.000000Z,2013-01-16T23:52:17.000000Z,0.2833333333333333,3.236805555555556,3.236805555555556
SITE_002_S0217,SITE_002,2013-01-22T00:00:00.000000Z,2013-01-22T00:00:27.000000Z,0.45,8.24236111111111,0.2423611111111111
SITE_002_S0218,SITE_002,2013-01-28T23:52:00.000000Z,2013-01-28T23:52:18.000000Z,0.3,15.23680555555556,7.236805555555556
SITE_002_S0219,SITE_002,2013-02-03T00:00:00.000000Z,2013-02-03T00:00:28.000000Z,0.4666666666666667,4.242361111111111,4.242361111111111
SITE_002_S0220,SITE_002,2013-02-09T23:52:00.000000Z,2013-02-09T23:52:18.000000Z,0.3,11.23680555555556,3.236805555555556
SITE_002_S0221,SITE_002,2013-02-15T00:00:00.000000Z,2013-02-15T00:00:28.000000Z,0.4666666666666667,0.2423611111111111,0.2423611111111111
SITE_002_S0222,SITE_002,2013-02-21T23:52:00.000000Z,2013-02-21T23:52:18.000000Z,0.3,7.236805555555556,7.236805555555556
SITE_002_S0223,SITE_002,2013-02-27T00:00:00.000000Z,2013-02-27T00:00:28.000000Z,0.4666666666666667,12.24236111111111,4.242361111111111
SITE_002_S0224,SITE_002,2013-03-05T23:52:00.000000Z,2013-03-05T23:52:18.000000Z,0.3,3.236805555555556,3.236805555555556
SITE_002_S0225,SITE_002,2013-03-11T00:00:00.000000Z,2013-03-11T00:00:28.000000Z,0.4666666666666667,8.24236111111111,0.2423611111111111
SITE_002_S0226,SITE_002,2013-03-17T23:52:00.000000Z,2013-03-17T23:52:18.000000Z,0.3,15.23680555555556,7.236805555555556
SITE_002_S0227,SITE_002,2013-03-23T00:00:00.000000Z,2013-03-23T00:00:28.000000Z,0.4666666666666667,4.242361111111111,4.242361111111111
SITE_002_S0228,SITE_002,2013-03-29T23:52:00.000000Z,2013-03-29T23:52:18.000000Z,0.3,11.23680555555556,3.236805555555556
SITE_002_S0229,SITE_002,2013-04-04T00:00:00.000000Z,2013-04-04T00:00:28.000000Z,0.4666666666666667,0.2423611111111111,0.2423611111111111
SITE_002_S0230,SITE_002,2013-04-10T23:52:00.000000Z,2013-04-10T23:52:18.000000Z,0.3,7.236805555555556,7.236805555555556
SITE_002_S0231,SITE_002,2013-04-16T00:00:00.000000Z,2013-04-16T00:00:28.000000Z,0.4666666666666667,12.24236111111111,4.242361111111111
SITE_002_S0232,SITE_002,2013-04-22T23:52:00.000000Z,2013-04-22T23:52:17.000000Z,0.2833333333333333,3.236805555555556,3.236805555555556
SITE_002_S0233,SITE_002,2013-04-28T00:00:00.000000Z,2013-04-28T00:00:27.000000Z,0.45,8.24236111111111,0.2423611111111111
SITE_002_S0234,SITE_002,2013-05-04T23:52:00.000000Z,2013-05-04T23:52:17.000000Z,0.2833333333333333,15.23680555555556,7.236805555555556
SITE_002_S0235,SITE_002,2013-05-10T00:00:00.000000Z,2013-05-10T00:00:27.000000Z,0.45,4.242361111111111,4.242361111111111
SITE_002_S0236,SITE_002,2013-05-16T23:52:00.000000Z,2013-05-16T23:52:16.000000Z,0.2666666666666666,11.23680555555556,3.236805555555556
SITE_002_S0237,SITE_002,2013-05-22T00:00:00.000000Z,2013-05-22T00:00:26.000000Z,0.4333333333333333,3.242361111111111,3.242361111111111
SITE_002_S0238,SITE_002,2013-05-28T23:52:00.000000Z,2013-05-28T23:52:16.000000Z,0.2666666666666666,10.23680555555556,2.236805555555556
SITE_002_S0239,SITE_002,2013-06-03T00:00:00.000000Z,2013-06-03T00:00:26.000000Z,0.4333333333333333,15.24236111111111,7.242361111111111
SITE_002_S0240,SITE_002,2013-06-09T23:52:00.000000Z,2013-06-09T23:52:16.000000Z,0.2666666666666666,6.236805555555556,6.236805555555556
SITE_002_S0241,SITE_002,2013-06-15T00:00:00.000000Z,2013-06-15T00:00:25.000000Z,0.4166666666666667,11.24236111111111,3.242361111111111
SITE_002_S0242,SITE_002,2013-06-21T23:52:00.000000Z,2013-06-21T23:52:15.000000Z,0.25,2.236805555555556,2.236805555555556
SITE_002_S0243,SITE_002,2013-06-27T00:00:00.000000Z,2013-06-27T00:00:25.000000Z,0.4166666666666667,7.242361111111111,7.242361111111111
SITE_002_S0244,SITE_002,2013-07-03T23:52:00.000000Z,2013-07-03T23:52:15.000000Z,0.25,14.23680555555556,6.236805555555556
SITE_002_S0245,SITE_002,2013-07-09T00:00:00.000000Z,2013-07-09T00:00:25.000000Z,0.4166666666666667,3.242361111111111,3.242361111111111
SITE_002_S0246,SITE_002,2013-07-15T23:52:00.000000Z,2013-07-15T23:52:15.000000Z,0.25,10.23680555555556,2.236805555555556
SITE_002_S0247,SITE_002,2013-07-21T00:00:00.000000Z,2013-07-21T00:00:25.000000Z,0.4166666666666667,15.24236111111111,7.242361111111111
SITE_002_S0248,SITE_002,2013-07-27T23:52:00.000000Z,2013-07-27T23:52:15.000000Z,0.25,6.236805555555556,6.236805555555556
SITE_002_S0249,SITE_002,2013-08-02T00:00:00.000000Z,2013-08-02T00:00:25.000000Z,0.4166666666666667,11.24236111111111,3.242361111111111
SITE_002_S0250,SITE_002,2013-08-08T23:52:00.000000Z,2013-08-08T23:52:15.000000Z,0.25,2.236805555555556,2.236805555555556
SITE_002_S0251,SITE_002,2013-09-19T00:00:00.000000Z,2013-09-19T00:00:26.000000Z,0.4333333333333333,11.24236111111111,3.242361111111111
SITE_002_S0252,SITE_002,2013-09-25T23:52:00.000000Z,2013-09-25T23:52:17.000000Z,0.2833333333333333,2.236805555555556,2.236805555555556
SITE_002_S0253,SITE_002,2013-10-01T00:00:00.000000Z,2013-10-01T00:00:27.000000Z,0.45,7.242361111111111,7.242361111111111
SITE_002_S0254,SITE_002,2013-10-07T23:52:00.000000Z,2013-10-07T23:52:17.000000Z,0.2833333333333333,14.23680555555556,6.236805555555556
SITE_002_S0255,SITE_002,2013-10-13T00:00:00.000000Z,2013-10-13T00:00:28.000000Z,0.4666666666666667,3.242361111111111,3.242361111111111
SITE_002_S0256,SITE_002,2013-10-19T23:52:00.000000Z,2013-10-19T23:52:18.000000Z,0.3,10.23680555555556,2.236805555555556
SITE_002_S0257,SITE_002,2013-10-25T00:00:00.000000Z,2013-10-25T00:00:29.000000Z,0.4833333333333333,15.24236111111111,7.242361111111111
SITE_002_S0258,SITE_002,2013-10-31T23:52:00.000000Z,2013-10-31T23:52:19.000000Z,0.3166666666666666,6.236805555555556,6.236805555555556
SITE_002_S0259,SITE_002,2013-11-06T00:00:00.000000Z,2013-11-06T00:00:29.000000Z,0.4833333333333333,11.24236111111111,3.242361111111111
SITE_002_S0260,SITE_002,2013-11-12T23:52:00.000000Z,2013-11-12T23:52:20.000000Z,0.3333333333333333,2.236805555555556,2.236805555555556
SITE_002_S0261,SITE_002,2013-11-18T00:00:00.000000Z,2013-11-18T00:00:30.000000Z,0.5,7.242361111111111,7.242361111111111
SITE_002_S0262,SITE_002,2013-11-24T23:52:00.000000Z,2013-11-24T23:52:20.000000Z,0.3333333333333333,14.23680555555556,6.236805555555556
SITE_002_S0263,SITE_002,2013-11-30T00:00:00.000000Z,2013-11-30T00:00:31.000000Z,0.5166666666666667,3.242361111111111,3.242361111111111
SITE_002_S0264,SITE_002,2013-12-06T23:52:00.000000Z,2013-12-06T23:52:21.000000Z,0.35,10.23680555555556,2.236805555555556
SITE_002_S0265,SITE_002,2013-12-12T00:00:00.000000Z,2013-12-12T00:00:31.000000Z,0.5166666666666667,15.24236111111111,7.242361111111111
SITE_002_S0266,SITE_002,2013-12-18T23:52:00.000000Z,2013-12-18T23:52:22.000000Z,0.3666666666666666,6.236805555555556,6.236805555555556
SITE_002_S0267,SITE_002,2013-12-24T00:00:00.000000Z,2013-12-24T00:00:32.000000Z,0.5333333333333333,11.24236111111111,3.242361111111111
SITE_002_S0268,SITE_002,2013-12-30T23:52:00.000000Z,2013-12-30T23:52:22.000000Z,0.3666666666666666,2.236805555555556,2.236805555555556
SITE_002_S0269,SITE_002,2014-01-11T23:52:00.000000Z,2014-01-11T23:52:23.000000Z,0.3833333333333333,14.23680555555556,6.236805555555556
SITE_002_S0270,SITE_002,2014-01-17T00:00:00.000000Z,2014-01-17T00:00:33.000000Z,0.55,3.242361111111111,3.242361111111111
SITE_003_S0001,SITE_003,2004-05-06T00:00:00.000000Z,2004-05-06T00:00:19.120000Z,0.3186666666666666,10.23680555555556,2.236805555555556
SITE_003_S0002,SITE_003,2004-05-11T00:08:00.000000Z,2004-05-11T00:08:29.410000Z,0.4901666666666666,15.24236111111111,7.242361111111111
SITE_003_S0003,SITE_003,2004-05-18T00:00:00.000000Z,2004-05-18T00:00:19.460000Z,0.3243333333333333,6.236805555555556,6.236805555555556
SITE_003_S0004,SITE_003,2004-05-30T00:00:00.000000Z,2004-05-30T00:00:09.920000Z,0.1653333333333333,2.236805555555556,2.236805555555556
SITE_003_S0005,SITE_003,2004-06-04T00:08:00.000000Z,2004-06-04T00:08:29.560000Z,0.4926666666666666,7.242361111111111,7.242361111111111
SITE_003_S0006,SITE_003,2004-06-16T00:08:00.000000Z,2004-06-16T00:08:29.850000Z,0.4975,3.242361111111111,3.242361111111111
SITE_003_S0007,SITE_003,2004-06-28T00:08:00.000000Z,2004-06-28T00:08:30.210000Z,0.5035,15.24236111111111,7.242361111111111
SITE_003_S0008,SITE_003,2004-07-05T00:00:00.000000Z,2004-07-05T00:00:20.720000Z,0.3453333333333333,6.236805555555556,6.236805555555556
SITE_003_S0009,SITE_003,2004-07-10T00:08:00.000000Z,2004-07-10T00:08:30.760000Z,0.5126666666666667,11.24236111111111,3.242361111111111
SITE_003_S0010,SITE_003,2004-07-17T00:00:00.000000Z,2004-07-17T00:00:21.290000Z,0.3548333333333333,2.236805555555556,2.236805555555556
SITE_003_S0011,SITE_003,2004-07-22T00:08:00.000000Z,2004-07-22T00:08:32.490000Z,0.5415,7.242361111111111,7.242361111111111
SITE_003_S0012,SITE_003,2004-07-29T00:00:00.000000Z,2004-07-29T00:00:22.050000Z,0.3675,14.23680555555556,6.236805555555556
SITE_003_S0013,SITE_003,2004-08-03T00:08:00.000000Z,2004-08-03T00:08:32.890000Z,0.5481666666666667,3.242361111111111,3.242361111111111
SITE_003_S0014,SITE_003,2004-08-15T00:08:00.000000Z,2004-08-15T00:08:33.820000Z,0.5636666666666666,15.24236111111111,7.242361111111111
SITE_003_S0015,SITE_003,2004-08-22T00:00:00.000000Z,2004-08-22T00:00:23.700000Z,0.395,6.236805555555556,6.236805555555556
SITE_003_S0016,SITE_003,2004-08-27T00:08:00.000000Z,2004-08-27T00:08:34.620000Z,0.577,11.24236111111111,3.242361111111111
SITE_003_S0017,SITE_003,2004-09-03T00:00:00.000000Z,2004-09-03T00:00:24.340000Z,0.4056666666666667,2.236805555555556,2.236805555555556
SITE_003_S0018,SITE_003,2004-09-08T00:08:00.000000Z,2004-09-08T00:08:35.240000Z,0.5873333333333334,7.242361111111111,7.242361111111111
SITE_003_S0019,SITE_003,2004-09-15T00:00:00.000000Z,2004-09-15T00:00:25.100000Z,0.4183333333333333,14.23680555555556,6.236805555555556
SITE_003_S0020,SITE_003,2004-09-20T00:08:00.000000Z,2004-09-20T00:08:36.220000Z,0.6036666666666667,3.242361111111111,3.242361111111111
SITE_003_S0021,SITE_003,2004-09-27T00:00:00.000000Z,2004-09-27T00:00:24.690000Z,0.4115,10.23680555555556,2.236805555555556
SITE_003_S0022,SITE_003,2004-10-02T00:08:00.000000Z,2004-10-02T00:08:35.540000Z,0.5923333333333334,15.24236111111111,7.242361111111111
SITE_003_S0023,SITE_003,2004-10-09T00:00:00.000000Z,2004-10-09T00:00:25.480000Z,0.4246666666666667,6.236805555555556,6.236805555555556
SITE_003_S0024,SITE_003,2004-10-21T00:00:00.000000Z,2004-10-21T00:00:26.180000Z,0.4363333333333333,2.236805555555556,2.236805555555556
SITE_003_S0025,SITE_003,2004-11-02T00:00:00.000000Z,2004-11-02T00:00:26.900000Z,0.4483333333333333,14.23680555555556,6.236805555555556
SITE_003_S0026,SITE_003,2004-11-14T00:00:00.000000Z,2004-11-14T00:00:27.560000Z,0.4593333333333333,10.23680555555556,2.236805555555556
SITE_003_S0027,SITE_003,2004-11-26T00:00:00.000000Z,2004-11-26T00:00:27.890000Z,0.4648333333333333,6.236805555555556,6.236805555555556
SITE_003_S0028,SITE_003,2004-12-08T00:00:00.000000Z,2004-12-08T00:00:28.250000Z,0.4708333333333333,2.236805555555556,2.236805555555556
SITE_003_S0029,SITE_003,2005-01-25T00:00:00.000000Z,2005-01-25T00:00:39.700000Z,0.6616666666666666,2.236805555555556,2.236805555555556
SITE_003_S0030,SITE_003,2005-02-11T00:08:00.000000Z,2005-02-11T00:08:32.720000Z,0.5453333333333333,3.242361111111111,3.242361111111111
SITE_003_S0031,SITE_003,2005-02-18T00:00:00.000000Z,2005-02-18T00:00:22.750000Z,0.3791666666666666,10.23680555555556,2.236805555555556
SITE_003_S0032,SITE_003,2005-03-02T00:00:00.000000Z,2005-03-02T00:00:32.500000Z,0.5416666666666666,6.236805555555556,6.236805555555556
SITE_003_S0033,SITE_003,2005-03-07T00:08:00.000000Z,2005-03-07T00:08:31.930000Z,0.5321666666666667,11.24236111111111,3.242361111111111
SITE_003_S0034,SITE_003,2005-03-14T00:00:00.000000Z,2005-03-14T00:00:21.940000Z,0.3656666666666666,2.236805555555556,2.236805555555556
SITE_003_S0035,SITE_003,2005-03-31T00:08:00.000000Z,2005-03-31T00:08:30.990000Z,0.5165,6.242361111111111,6.242361111111111
SITE_003_S0036,SITE_003,2005-04-07T00:00:00.000000Z,2005-04-07T00:00:20.960000Z,0.3493333333333333,13.23680555555556,5.236805555555556
SITE_003_S0037,SITE_003,2005-04-19T00:00:00.000000Z,2005-04-19T00:00:30.570000Z,0.5095,9.236805555555556,1.236805555555555
SITE_003_S0038,SITE_003,2005-04-24T00:08:00.000000Z,2005-04-24T00:08:30.300000Z,0.505,14.24236111111111,6.242361111111111
SITE_003_S0039,SITE_003,2005-05-13T00:00:00.000000Z,2005-05-13T00:00:30.410000Z,0.5068333333333334,1.236805555555555,9.236805555555556
SITE_003_S0040,SITE_003,2005-05-18T00:08:00.000000Z,2005-05-18T00:08:30.040000Z,0.5006666666666667,6.242361111111111,14.24236111111111
SITE_003_S0041,SITE_003,2005-06-06T00:00:00.000000Z,2005-06-06T00:00:30.000000Z,0.5,9.236805555555556,1.236805555555555
SITE_003_S0042,SITE_003,2005-06-11T00:08:00.000000Z,2005-06-11T00:08:24.000000Z,0.4,14.24236111111111,6.242361111111111
SITE_003_S0043,SITE_003,2005-06-30T00:00:00.000000Z,2005-06-30T00:00:34.000000Z,0.5666666666666667,1.236805555555555,1.236805555555555
SITE_003_S0044,SITE_003,2005-07-05T00:08:00.000000Z,2005-07-05T00:08:25.790000Z,0.4298333333333333,6.242361111111111,6.242361111111111
SITE_003_S0045,SITE_003,2005-07-24T00:00:00.000000Z,2005-07-24T00:00:35.300000Z,0.5883333333333334,9.236805555555556,1.236805555555555
SITE_003_S0046,SITE_003,2005-07-29T00:08:00.000000Z,2005-07-29T00:08:26.750000Z,0.4458333333333333,14.24236111111111,6.242361111111111
SITE_003_S0047,SITE_003,2005-08-10T00:08:00.000000Z,2005-08-10T00:08:24.650000Z,0.4108333333333333,10.24236111111111,2.242361111111111
SITE_003_S0048,SITE_003,2005-08-17T00:00:00.000000Z,2005-08-17T00:00:21.580000Z,0.3596666666666667,1.236805555555555,1.236805555555555
SITE_003_S0049,SITE_003,2005-08-22T00:08:00.000000Z,2005-08-22T00:08:37.420000Z,0.6236666666666667,6.242361111111111,6.242361111111111
SITE_003_S0050,SITE_003,2005-08-29T00:00:00.000000Z,2005-08-29T00:00:25.100000Z,0.4183333333333333,13.23680555555556,5.236805555555556
SITE_003_S0051,SITE_003,2005-09-03T00:08:00.000000Z,2005-09-03T00:08:38.150000Z,0.6358333333333334,2.242361111111111,2.242361111111111
SITE_003_S0052,SITE_003,2005-09-22T00:00:00.000000Z,2005-09-22T00:00:26.440000Z,0.4406666666666666,5.236805555555556,5.236805555555556
SITE_003_S0053,SITE_003,2005-09-27T00:08:00.000000Z,2005-09-27T00:08:39.560000Z,0.6593333333333333,10.24236111111111,2.242361111111111
SITE_003_S0054,SITE_003,2005-10-09T00:08:00.000000Z,2005-10-09T00:08:40.080000Z,0.668,6.242361111111111,6.242361111111111
SITE_003_S0055,SITE_003,2005-10-16T00:00:00.000000Z,2005-10-16T00:00:27.770000Z,0.4628333333333333,13.23680555555556,5.236805555555556
SITE_003_S0056,SITE_003,2005-10-28T00:00:00.000000Z,2005-10-28T00:00:28.680000Z,0.478,9.236805555555556,1.236805555555555
SITE_003_S0057,SITE_003,2005-11-02T00:08:00.000000Z,2005-11-02T00:08:41.360000Z,0.6893333333333334,14.24236111111111,6.242361111111111
SITE_003_S0058,SITE_003,2005-11-09T00:00:00.000000Z,2005-11-09T00:00:29.000000Z,0.4833333333333333,5.236805555555556,5.236805555555556
SITE_003_S0059,SITE_003,2005-11-14T00:08:00.000000Z,2005-11-14T00:08:42.000000Z,0.7,10.24236111111111,2.242361111111111
SITE_003_S0060,SITE_003,2005-11-21T00:00:00.000000Z,2005-11-21T00:00:29.560000Z,0.4926666666666666,1.236805555555555,1.236805555555555
SITE_003_S0061,SITE_003,2005-11-26T00:08:00.000000Z,2005-11-26T00:08:42.000000Z,0.7,6.242361111111111,6.242361111111111
SITE_003_S0062,SITE_003,2005-12-03T00:00:00.000000Z,2005-12-03T00:00:30.000000Z,0.5,13.23680555555556,5.236805555555556
SITE_003_S0063,SITE_003,2005-12-08T00:08:00.000000Z,2005-12-08T00:08:42.000000Z,0.7,2.242361111111111,2.242361111111111
SITE_003_S0064,SITE_003,2005-12-15T00:00:00.000000Z,2005-12-15T00:00:30.490000Z,0.5081666666666667,9.236805555555556,1.236805555555555
SITE_003_S0065,SITE_003,2005-12-20T00:08:00.000000Z,2005-12-20T00:08:43.410000Z,0.7235,14.24236111111111,6.242361111111111
SITE_003_S0066,SITE_003,2005-12-20T23:59:00.000000Z,2005-12-20T23:59:45.000000Z,0.75,15.23611111111111,7.236111111111111
SITE_003_S0067,SITE_003,2005-12-26T00:08:00.000000Z,2005-12-26T00:08:04.120000Z,0.0686666666666666,4.242361111111111,4.242361111111111
SITE_003_S0068,SITE_003,2005-12-27T00:00:00.000000Z,2005-12-27T00:00:30.000000Z,0.5,5.236805555555556,5.236805555555556
SITE_003_S0069,SITE_003,2006-01-01T00:08:00.000000Z,2006-01-01T00:08:43.000000Z,0.7166666666666667,10.24236111111111,2.242361111111111
SITE_003_S0070,SITE_003,2006-01-01T23:59:00.000000Z,2006-01-01T23:59:45.000000Z,0.75,11.23611111111111,3.236111111111111
SITE_003_S0071,SITE_003,2006-01-07T00:08:00.000000Z,2006-01-07T00:08:04.170000Z,0.0695,0.2423611111111111,0.2423611111111111
SITE_003_S0072,SITE_003,2006-01-08T00:00:00.000000Z,2006-01-08T00:00:30.000000Z,0.5,1.236805555555555,1.236805555555555
SITE_003_S0073,SITE_003,2006-01-13T23:59:00.000000Z,2006-01-13T23:59:45.000000Z,0.75,7.236111111111111,7.236111111111111
SITE_003_S0074,SITE_003,2006-01-19T00:08:00.000000Z,2006-01-19T00:08:04.250000Z,0.0708333333333333,12.24236111111111,4.242361111111111
SITE_003_S0075,SITE_003,2006-01-25T00:08:00.000000Z,2006-01-25T00:08:43.370000Z,0.7228333333333333,2.242361111111111,2.242361111111111
SITE_003_S0076,SITE_003,2006-01-31T00:08:00.000000Z,2006-01-31T00:08:04.000000Z,0.0666666666666666,8.24236111111111,0.2423611111111111
SITE_003_S0077,SITE_003,2006-02-01T00:00:00.000000Z,2006-02-01T00:00:30.550000Z,0.5091666666666667,9.236805555555556,1.236805555555555
SITE_003_S0078,SITE_003,2006-02-06T00:08:00.000000Z,2006-02-06T00:08:43.000000Z,0.7166666666666667,14.24236111111111,6.242361111111111
SITE_003_S0079,SITE_003,2006-02-06T23:59:00.000000Z,2006-02-06T23:59:55.700000Z,0.9283333333333332,15.23611111111111,7.236111111111111
SITE_003_S0080,SITE_003,2006-02-13T00:00:00.000000Z,2006-02-13T00:00:30.000000Z,0.5,5.236805555555556,5.236805555555556
SITE_003_S0081,SITE_003,2006-02-18T00:08:00.000000Z,2006-02-18T00:08:43.000000Z,0.7166666666666667,10.24236111111111,2.242361111111111
SITE_003_S0082,SITE_003,2006-02-24T00:08:00.000000Z,2006-02-24T00:08:03.520000Z,0.0586666666666666,0.2423611111111111,0.2423611111111111
SITE_003_S0083,SITE_003,2006-02-25T00:00:00.000000Z,2006-02-25T00:00:30.020000Z,0.5003333333333333,1.236805555555555,1.236805555555555
SITE_003_S0084,SITE_003,2006-03-02T00:08:00.000000Z,2006-03-02T00:08:42.600000Z,0.71,6.242361111111111,6.242361111111111
SITE_003_S0085,SITE_003,2006-03-02T23:59:00.000000Z,2006-03-02T23:59:55.170000Z,0.9195,7.236111111111111,7.236111111111111
SITE_003_S0086,SITE_003,2006-03-08T00:08:00.000000Z,2006-03-08T00:08:03.000000Z,0.05,12.24236111111111,4.242361111111111
SITE_003_S0087,SITE_003,2006-03-09T00:00:00.000000Z,2006-03-09T00:00:29.530000Z,0.4921666666666666,13.23680555555556,5.236805555555556
SITE_003_S0088,SITE_003,2006-03-14T00:08:00.000000Z,2006-03-14T00:08:42.160000Z,0.7026666666666667,2.242361111111111,2.242361111111111
SITE_003_S0089,SITE_003,2006-03-20T00:08:00.000000Z,2006-03-20T00:08:02.770000Z,0.0461666666666666,8.24236111111111,0.2423611111111111
SITE_003_S0090,SITE_003,2006-03-21T00:00:00.000000Z,2006-03-21T00:00:29.000000Z,0.4833333333333333,9.236805555555556,1.236805555555555
SITE_003_S0091,SITE_003,2006-03-26T00:08:00.000000Z,2006-03-26T00:08:40.000000Z,0.6666666666666666,0.2423611111111111,0.2423611111111111
SITE_003_S0092,SITE_003,2006-03-26T23:59:00.000000Z,2006-03-26T23:59:43.000000Z,0.7166666666666667,1.236111111111111,1.236111111111111
SITE_003_S0093,SITE_003,2006-04-01T00:08:00.000000Z,2006-04-01T00:08:01.000000Z,0.0166666666666666,6.242361111111111,6.242361111111111
SITE_003_S0094,SITE_003,2006-04-02T00:00:00.000000Z,2006-04-02T00:00:27.000000Z,0.45,7.236805555555556,7.236805555555556
SITE_003_S0095,SITE_003,2006-04-07T00:08:00.000000Z,2006-04-07T00:08:40.240000Z,0.6706666666666666,12.24236111111111,4.242361111111111
SITE_003_S0096,SITE_003,2006-04-13T00:08:00.000000Z,2006-04-13T00:08:00.760000Z,0.0126666666666666,2.242361111111111,2.242361111111111
SITE_003_S0097,SITE_003,2006-04-14T00:00:00.000000Z,2006-04-14T00:00:27.220000Z,0.4536666666666666,3.236805555555556,3.236805555555556
SITE_003_S0098,SITE_003,2006-04-19T00:08:00.000000Z,2006-04-19T00:08:39.990000Z,0.6665,8.24236111111111,0.2423611111111111
SITE_003_S0099,SITE_003,2006-04-19T23:59:00.000000Z,2006-04-19T23:59:42.000000Z,0.7,9.23611111111111,1.236111111111111
SITE_003_S0100,SITE_003,2006-04-25T00:08:00.000000Z,2006-04-25T00:08:00.000000Z,0,14.24236111111111,6.242361111111111
SITE_003_S0101,SITE_003,2006-04-26T00:00:00.000000Z,2006-04-26T00:00:27.000000Z,0.45,15.23680555555556,7.236805555555556
SITE_003_S0102,SITE_003,2006-05-01T00:08:00.000000Z,2006-05-01T00:08:39.000000Z,0.65,4.242361111111111,4.242361111111111
SITE_003_S0103,SITE_003,2006-05-01T23:59:00.000000Z,2006-05-01T23:59:42.000000Z,0.7,5.236111111111111,5.236111111111111
SITE_003_S0104,SITE_003,2006-05-07T00:08:00.000000Z,2006-05-07T00:08:00.350000Z,0.0058333333333333,10.24236111111111,2.242361111111111
SITE_003_S0105,SITE_003,2006-05-08T00:00:00.000000Z,2006-05-08T00:00:26.000000Z,0.4333333333333333,11.23680555555556,3.236805555555556
SITE_003_S0106,SITE_003,2006-05-13T00:08:00.000000Z,2006-05-13T00:08:39.460000Z,0.6576666666666666,0.2423611111111111,0.2423611111111111
SITE_003_S0107,SITE_003,2006-05-13T23:59:00.000000Z,2006-05-13T23:59:42.000000Z,0.7,1.236111111111111,1.236111111111111
SITE_003_S0108,SITE_003,2006-05-20T00:00:00.000000Z,2006-05-20T00:00:26.000000Z,0.4333333333333333,7.236805555555556,7.236805555555556
SITE_003_S0109,SITE_003,2006-05-31T00:08:00.000000Z,2006-05-31T00:08:00.230000Z,0.0038333333333333,2.242361111111111,2.242361111111111
SITE_003_S0110,SITE_003,2006-06-06T00:08:00.000000Z,2006-06-06T00:08:39.000000Z,0.65,8.24236111111111,0.2423611111111111
SITE_003_S0111,SITE_003,2006-06-06T23:59:00.000000Z,2006-06-06T23:59:42.190000Z,0.7031666666666667,9.23611111111111,1.236111111111111
SITE_003_S0112,SITE_003,2006-06-12T00:08:00.000000Z,2006-06-12T00:08:00.500000Z,0.0083333333333333,14.24236111111111,6.242361111111111
SITE_003_S0113,SITE_003,2006-06-13T00:00:00.000000Z,2006-06-13T00:00:26.000000Z,0.4333333333333333,15.23680555555556,7.236805555555556
SITE_003_S0114,SITE_003,2006-06-18T00:08:00.000000Z,2006-06-18T00:08:39.830000Z,0.6638333333333334,4.242361111111111,4.242361111111111
SITE_003_S0115,SITE_003,2006-06-18T23:59:00.000000Z,2006-06-18T23:59:42.410000Z,0.7068333333333333,5.236111111111111,5.236111111111111
SITE_003_S0116,SITE_003,2006-06-24T00:08:00.000000Z,2006-06-24T00:08:00.000000Z,0,10.24236111111111,2.242361111111111
SITE_003_S0117,SITE_003,2006-06-25T00:00:00.000000Z,2006-06-25T00:00:27.000000Z,0.45,11.23680555555556,3.236805555555556
SITE_003_S0118,SITE_003,2006-06-30T00:08:00.000000Z,2006-06-30T00:08:40.300000Z,0.6716666666666666,0.2423611111111111,0.2423611111111111
SITE_003_S0119,SITE_003,2006-06-30T23:59:00.000000Z,2006-06-30T23:59:42.880000Z,0.7146666666666667,1.236111111111111,1.236111111111111
SITE_003_S0120,SITE_003,2006-07-06T00:08:00.000000Z,2006-07-06T00:08:01.220000Z,0.0203333333333333,6.242361111111111,6.242361111111111
SITE_003_S0121,SITE_003,2006-07-07T00:00:00.000000Z,2006-07-07T00:00:27.000000Z,0.45,7.236805555555556,7.236805555555556
SITE_003_S0122,SITE_003,2006-07-12T00:08:00.000000Z,2006-07-12T00:08:40.920000Z,0.682,12.24236111111111,4.242361111111111
SITE_003_S0123,SITE_003,2006-07-12T23:59:00.000000Z,2006-07-12T23:59:43.490000Z,0.7248333333333333,13.23611111111111,5.236111111111111
SITE_003_S0124,SITE_003,2006-07-18T00:08:00.000000Z,2006-07-18T00:08:01.850000Z,0.0308333333333333,2.242361111111111,2.242361111111111
SITE_003_S0125,SITE_003,2006-07-19T00:00:00.000000Z,2006-07-19T00:00:28.250000Z,0.4708333333333333,3.236805555555556,3.236805555555556
SITE_003_S0126,SITE_003,2006-07-24T00:08:00.000000Z,2006-07-24T00:08:41.440000Z,0.6906666666666667,8.24236111111111,0.2423611111111111
SITE_003_S0127,SITE_003,2006-07-24T23:59:00.000000Z,2006-07-24T23:59:44.000000Z,0.7333333333333333,9.23611111111111,1.236111111111111
SITE_003_S0128,SITE_003,2006-07-30T00:08:00.000000Z,2006-07-30T00:08:02.000000Z,0.0333333333333333,14.24236111111111,6.242361111111111
SITE_003_S0129,SITE_003,2006-07-31T00:00:00.000000Z,2006-07-31T00:00:29.000000Z,0.4833333333333333,15.23680555555556,7.236805555555556
SITE_003_S0130,SITE_003,2006-08-05T00:08:00.000000Z,2006-08-05T00:08:42.000000Z,0.7,4.242361111111111,4.242361111111111
SITE_003_S0131,SITE_003,2006-08-05T23:59:00.000000Z,2006-08-05T23:59:44.000000Z,0.7333333333333333,5.236111111111111,5.236111111111111
SITE_003_S0132,SITE_003,2006-08-11T00:08:00.000000Z,2006-08-11T00:08:03.160000Z,0.0526666666666666,10.24236111111111,2.242361111111111
SITE_003_S0133,SITE_003,2006-08-12T00:00:00.000000Z,2006-08-12T00:00:29.000000Z,0.4833333333333333,11.23680555555556,3.236805555555556
SITE_003_S0134,SITE_003,2006-08-17T00:08:00.000000Z,2006-08-17T00:08:34.000000Z,0.5666666666666667,0.2423611111111111,0.2423611111111111
SITE_003_S0135,SITE_003,2006-08-17T23:59:00.000000Z,2006-08-17T23:59:45.000000Z,0.75,1.236111111111111,1.236111111111111
SITE_003_S0136,SITE_003,2006-08-23T00:08:00.000000Z,2006-08-23T00:08:09.000000Z,0.15,6.242361111111111,6.242361111111111
SITE_003_S0137,SITE_003,2006-08-24T00:00:00.000000Z,2006-08-24T00:00:24.000000Z,0.4,7.236805555555556,7.236805555555556
SITE_003_S0138,SITE_003,2006-08-29T00:08:00.000000Z,2006-08-29T00:08:35.000000Z,0.5833333333333334,12.24236111111111,4.242361111111111
SITE_003_S0139,SITE_003,2006-08-29T23:59:00.000000Z,2006-08-29T23:59:59.000000Z,0.9833333333333332,13.23611111111111,5.236111111111111
SITE_003_S0140,SITE_003,2006-09-04T00:08:00.000000Z,2006-09-04T00:08:10.000000Z,0.1666666666666666,2.242361111111111,2.242361111111111
SITE_003_S0141,SITE_003,2006-09-05T00:00:00.000000Z,2006-09-05T00:00:25.000000Z,0.4166666666666667,3.236805555555556,3.236805555555556
SITE_003_S0142,SITE_003,2006-09-10T00:08:00.000000Z,2006-09-10T00:08:35.000000Z,0.5833333333333334,8.24236111111111,0.2423611111111111
SITE_003_S0143,SITE_003,2006-09-11T00:00:00.000000Z,2006-09-11T00:00:00.000000Z,0,9.236805555555556,1.236805555555555
SITE_003_S0144,SITE_003,2006-09-16T00:08:00.000000Z,2006-09-16T00:08:10.000000Z,0.1666666666666666,14.24236111111111,6.242361111111111
SITE_003_S0145,SITE_003,2006-09-17T00:00:00.000000Z,2006-09-17T00:00:26.000000Z,0.4333333333333333,15.23680555555556,7.236805555555556
SITE_003_S0146,SITE_003,2006-09-22T00:08:00.000000Z,2006-09-22T00:08:36.000000Z,0.6,4.242361111111111,4.242361111111111
SITE_003_S0147,SITE_003,2006-09-23T00:00:00.000000Z,2006-09-23T00:00:01.000000Z,0.0166666666666666,5.236805555555556,5.236805555555556
SITE_003_S0148,SITE_003,2006-09-28T00:08:00.000000Z,2006-09-28T00:08:11.000000Z,0.1833333333333333,10.24236111111111,2.242361111111111
SITE_003_S0149,SITE_003,2006-12-15T00:08:00.000000Z,2006-12-15T00:08:40.000000Z,0.6666666666666666,8.24236111111111,0.2423611111111111
SITE_003_S0150,SITE_003,2006-12-16T00:00:00.000000Z,2006-12-16T00:00:05.000000Z,0.0833333333333333,9.236805555555556,1.236805555555555
SITE_003_S0151,SITE_003,2006-12-21T00:08:00.000000Z,2006-12-21T00:08:15.000000Z,0.25,14.24236111111111,6.242361111111111
SITE_003_S0152,SITE_003,2006-12-22T00:00:00.000000Z,2006-12-22T00:00:30.000000Z,0.5,15.23680555555556,7.236805555555556
SITE_003_S0153,SITE_003,2006-12-27T00:08:00.000000Z,2006-12-27T00:08:40.000000Z,0.6666666666666666,4.242361111111111,4.242361111111111
SITE_003_S0154,SITE_003,2006-12-28T00:00:00.000000Z,2006-12-28T00:00:05.000000Z,0.0833333333333333,5.236805555555556,5.236805555555556
SITE_003_S0155,SITE_003,2007-01-02T00:08:00.000000Z,2007-01-02T00:08:15.000000Z,0.25,10.24236111111111,2.242361111111111
SITE_003_S0156,SITE_003,2007-01-03T00:00:00.000000Z,2007-01-03T00:00:31.000000Z,0.5166666666666667,11.23680555555556,3.236805555555556
SITE_003_S0157,SITE_003,2007-01-08T00:08:00.000000Z,2007-01-08T00:08:41.000000Z,0.6833333333333333,0.2423611111111111,0.2423611111111111
SITE_003_S0158,SITE_003,2007-01-09T00:00:00.000000Z,2007-01-09T00:00:05.000000Z,0.0833333333333333,1.236805555555555,1.236805555555555
SITE_003_S0159,SITE_003,2007-01-14T00:08:00.000000Z,2007-01-14T00:08:15.000000Z,0.25,6.242361111111111,6.242361111111111
SITE_003_S0160,SITE_003,2007-01-15T00:00:00.000000Z,2007-01-15T00:00:31.000000Z,0.5166666666666667,7.236805555555556,7.236805555555556
SITE_003_S0161,SITE_003,2007-01-20T00:08:00.000000Z,2007-01-20T00:08:41.000000Z,0.6833333333333333,12.24236111111111,4.242361111111111
SITE_003_S0162,SITE_003,2007-01-21T00:00:00.000000Z,2007-01-21T00:00:05.000000Z,0.0833333333333333,13.23680555555556,5.236805555555556
SITE_003_S0163,SITE_003,2007-01-26T00:08:00.000000Z,2007-01-26T00:08:15.000000Z,0.25,2.242361111111111,2.242361111111111
SITE_003_S0164,SITE_003,2007-01-27T00:00:00.000000Z,2007-01-27T00:00:31.000000Z,0.5166666666666667,3.236805555555556,3.236805555555556
SITE_003_S0165,SITE_003,2007-02-01T00:08:00.000000Z,2007-02-01T00:08:40.000000Z,0.6666666666666666,8.24236111111111,0.2423611111111111
SITE_003_S0166,SITE_003,2007-02-02T00:00:00.000000Z,2007-02-02T00:00:05.000000Z,0.0833333333333333,9.236805555555556,1.236805555555555
SITE_003_S0167,SITE_003,2007-02-07T00:08:00.000000Z,2007-02-07T00:08:15.000000Z,0.25,14.24236111111111,6.242361111111111
SITE_003_S0168,SITE_003,2007-02-08T00:00:00.000000Z,2007-02-08T00:00:30.000000Z,0.5,15.23680555555556,7.236805555555556
SITE_003_S0169,SITE_003,2007-02-13T00:08:00.000000Z,2007-02-13T00:08:40.000000Z,0.6666666666666666,4.242361111111111,4.242361111111111
SITE_003_S0170,SITE_003,2007-02-14T00:00:00.000000Z,2007-02-14T00:00:05.000000Z,0.0833333333333333,5.236805555555556,5.236805555555556
SITE_003_S0171,SITE_003,2007-02-19T00:08:00.000000Z,2007-02-19T00:08:15.000000Z,0.25,10.24236111111111,2.242361111111111
SITE_003_S0172,SITE_003,2007-02-20T00:00:00.000000Z,2007-02-20T00:00:30.000000Z,0.5,11.23680555555556,3.236805555555556
SITE_003_S0173,SITE_003,2007-02-25T00:08:00.000000Z,2007-02-25T00:08:40.000000Z,0.6666666666666666,0.2423611111111111,0.2423611111111111
SITE_003_S0174,SITE_003,2007-02-26T00:00:00.000000Z,2007-02-26T00:00:04.000000Z,0.0666666666666666,1.236805555555555,1.236805555555555
SITE_003_S0175,SITE_003,2007-03-03T00:08:00.000000Z,2007-03-03T00:08:14.000000Z,0.2333333333333333,6.242361111111111,6.242361111111111
SITE_003_S0176,SITE_003,2007-03-04T00:00:00.000000Z,2007-03-04T00:00:29.000000Z,0.4833333333333333,7.236805555555556,7.236805555555556
SITE_003_S0177,SITE_003,2007-03-10T00:00:00.000000Z,2007-03-10T00:00:04.000000Z,0.0666666666666666,13.23680555555556,5.236805555555556
SITE_003_S0178,SITE_003,2007-03-15T00:08:00.000000Z,2007-03-15T00:08:14.000000Z,0.2333333333333333,2.242361111111111,2.242361111111111
SITE_003_S0179,SITE_003,2007-03-16T00:00:00.000000Z,2007-03-16T00:00:29.000000Z,0.4833333333333333,3.236805555555556,3.236805555555556
SITE_003_S0180,SITE_003,2007-03-21T00:08:00.000000Z,2007-03-21T00:08:39.000000Z,0.65,8.24236111111111,0.2423611111111111
SITE_003_S0181,SITE_003,2007-03-22T00:00:00.000000Z,2007-03-22T00:00:04.000000Z,0.0666666666666666,9.236805555555556,1.236805555555555
SITE_003_S0182,SITE_003,2007-03-27T00:08:00.000000Z,2007-03-27T00:08:13.000000Z,0.2166666666666666,1.242361111111111,1.242361111111111
SITE_003_S0183,SITE_003,2007-04-02T00:08:00.000000Z,2007-04-02T00:08:38.000000Z,0.6333333333333333,7.242361111111111,7.242361111111111
SITE_003_S0184,SITE_003,2007-04-03T00:00:00.000000Z,2007-04-03T00:00:03.000000Z,0.05,8.236805555555556,0.2368055555555555
SITE_003_S0185,SITE_003,2007-04-08T00:08:00.000000Z,2007-04-08T00:08:13.000000Z,0.2166666666666666,13.24236111111111,5.242361111111111
SITE_003_S0186,SITE_003,2007-04-09T00:00:00.000000Z,2007-04-09T00:00:28.000000Z,0.4666666666666667,14.23680555555556,6.236805555555556
SITE_003_S0187,SITE_003,2007-04-14T00:08:00.000000Z,2007-04-14T00:08:38.000000Z,0.6333333333333333,3.242361111111111,3.242361111111111
SITE_003_S0188,SITE_003,2007-04-15T00:00:00.000000Z,2007-04-15T00:00:03.000000Z,0.05,4.236805555555556,4.236805555555556
SITE_003_S0189,SITE_003,2007-04-20T00:08:00.000000Z,2007-04-20T00:08:12.000000Z,0.2,9.24236111111111,1.242361111111111
SITE_003_S0190,SITE_003,2007-04-21T00:00:00.000000Z,2007-04-21T00:00:28.000000Z,0.4666666666666667,10.23680555555556,2.236805555555556
SITE_003_S0191,SITE_003,2007-04-26T00:08:00.000000Z,2007-04-26T00:08:37.000000Z,0.6166666666666667,15.24236111111111,7.242361111111111
SITE_003_S0192,SITE_003,2007-05-02T00:08:00.000000Z,2007-05-02T00:08:12.000000Z,0.2,5.242361111111111,5.242361111111111
SITE_003_S0193,SITE_003,2007-05-03T00:00:00.000000Z,2007-05-03T00:00:28.000000Z,0.4666666666666667,6.236805555555556,6.236805555555556
SITE_003_S0194,SITE_003,2007-05-08T00:08:00.000000Z,2007-05-08T00:08:37.000000Z,0.6166666666666667,11.24236111111111,3.242361111111111
SITE_003_S0195,SITE_003,2007-05-09T00:00:00.000000Z,2007-05-09T00:00:02.000000Z,0.0333333333333333,12.23680555555556,4.236805555555556
SITE_003_S0196,SITE_003,2007-05-14T00:08:00.000000Z,2007-05-14T00:08:12.000000Z,0.2,1.242361111111111,1.242361111111111
SITE_003_S0197,SITE_003,2007-05-15T00:00:00.000000Z,2007-05-15T00:00:27.000000Z,0.45,2.236805555555556,2.236805555555556
SITE_003_S0198,SITE_003,2007-05-20T00:08:00.000000Z,2007-05-20T00:08:37.000000Z,0.6166666666666667,7.242361111111111,7.242361111111111
SITE_003_S0199,SITE_003,2007-05-21T00:00:00.000000Z,2007-05-21T00:00:02.000000Z,0.0333333333333333,8.236805555555556,0.2368055555555555
SITE_003_S0200,SITE_003,2007-06-01T00:08:00.000000Z,2007-06-01T00:08:37.000000Z,0.6166666666666667,3.242361111111111,3.242361111111111
SITE_003_S0201,SITE_003,2007-06-02T00:00:00.000000Z,2007-06-02T00:00:02.000000Z,0.0333333333333333,4.236805555555556,4.236805555555556
SITE_003_S0202,SITE_003,2007-06-07T00:08:00.000000Z,2007-06-07T00:08:12.000000Z,0.2,9.24236111111111,1.242361111111111
SITE_003_S0203,SITE_003,2007-06-13T00:08:00.000000Z,2007-06-13T00:08:37.000000Z,0.6166666666666667,15.24236111111111,7.242361111111111
SITE_003_S0204,SITE_003,2007-06-14T00:00:00.000000Z,2007-06-14T00:00:02.000000Z,0.0333333333333333,0.2368055555555555,0.2368055555555555
SITE_003_S0205,SITE_003,2007-06-19T00:08:00.000000Z,2007-06-19T00:08:12.000000Z,0.2,5.242361111111111,5.242361111111111
SITE_003_S0206,SITE_003,2007-06-20T00:00:00.000000Z,2007-06-20T00:00:28.000000Z,0.4666666666666667,6.236805555555556,6.236805555555556
SITE_003_S0207,SITE_003,2007-06-25T00:08:00.000000Z,2007-06-25T00:08:38.000000Z,0.6333333333333333,11.24236111111111,3.242361111111111
SITE_003_S0208,SITE_003,2007-06-26T00:00:00.000000Z,2007-06-26T00:00:03.000000Z,0.05,12.23680555555556,4.236805555555556
SITE_003_S0209,SITE_003,2007-07-01T00:08:00.000000Z,2007-07-01T00:08:13.000000Z,0.2166666666666666,1.242361111111111,1.242361111111111
SITE_003_S0210,SITE_003,2007-07-02T00:00:00.000000Z,2007-07-02T00:00:28.000000Z,0.4666666666666667,2.236805555555556,2.236805555555556
SITE_003_S0211,SITE_003,2007-07-07T00:08:00.000000Z,2007-07-07T00:08:38.000000Z,0.6333333333333333,7.242361111111111,7.242361111111111
SITE_003_S0212,SITE_003,2007-07-08T00:00:00.000000Z,2007-07-08T00:00:03.000000Z,0.05,8.236805555555556,0.2368055555555555
SITE_003_S0213,SITE_003,2007-07-13T00:08:00.000000Z,2007-07-13T00:08:13.000000Z,0.2166666666666666,13.24236111111111,5.242361111111111
SITE_003_S0214,SITE_003,2007-07-14T00:00:00.000000Z,2007-07-14T00:00:28.000000Z,0.4666666666666667,14.23680555555556,6.236805555555556
SITE_003_S0215,SITE_003,2007-07-19T00:08:00.000000Z,2007-07-19T00:08:39.000000Z,0.65,3.242361111111111,3.242361111111111
SITE_003_S0216,SITE_003,2007-07-20T00:00:00.000000Z,2007-07-20T00:00:03.000000Z,0.05,4.236805555555556,4.236805555555556
SITE_003_S0217,SITE_003,2007-07-25T00:08:00.000000Z,2007-07-25T00:08:14.000000Z,0.2333333333333333,9.24236111111111,1.242361111111111
SITE_003_S0218,SITE_003,2007-07-26T00:00:00.000000Z,2007-07-26T00:00:29.000000Z,0.4833333333333333,10.23680555555556,2.236805555555556
SITE_003_S0219,SITE_003,2007-07-31T00:08:00.000000Z,2007-07-31T00:08:39.000000Z,0.65,15.24236111111111,7.242361111111111
SITE_003_S0220,SITE_003,2007-08-01T00:00:00.000000Z,2007-08-01T00:00:04.000000Z,0.0666666666666666,0.2368055555555555,0.2368055555555555
SITE_003_S0221,SITE_003,2007-08-12T00:08:00.000000Z,2007-08-12T00:08:40.000000Z,0.6666666666666666,11.24236111111111,3.242361111111111
SITE_003_S0222,SITE_003,2007-08-13T00:00:00.000000Z,2007-08-13T00:00:05.000000Z,0.0833333333333333,12.23680555555556,4.236805555555556
SITE_003_S0223,SITE_003,2007-08-18T00:08:00.000000Z,2007-08-18T00:08:15.000000Z,0.25,1.242361111111111,1.242361111111111
SITE_003_S0224,SITE_003,2007-08-19T00:00:00.000000Z,2007-08-19T00:00:30.000000Z,0.5,2.236805555555556,2.236805555555556
SITE_003_S0225,SITE_003,2007-08-24T00:08:00.000000Z,2007-08-24T00:08:41.000000Z,0.6833333333333333,7.242361111111111,7.242361111111111
SITE_003_S0226,SITE_003,2007-08-25T00:00:00.000000Z,2007-08-25T00:00:05.000000Z,0.0833333333333333,8.236805555555556,0.2368055555555555
SITE_003_S0227,SITE_003,2007-08-30T00:08:00.000000Z,2007-08-30T00:08:16.000000Z,0.2666666666666666,13.24236111111111,5.242361111111111
SITE_003_S0228,SITE_003,2007-08-31T00:00:00.000000Z,2007-08-31T00:00:31.000000Z,0.5166666666666667,14.23680555555556,6.236805555555556
SITE_003_S0229,SITE_003,2007-09-05T00:08:00.000000Z,2007-09-05T00:08:41.000000Z,0.6833333333333333,3.242361111111111,3.242361111111111
SITE_003_S0230,SITE_003,2007-09-06T00:00:00.000000Z,2007-09-06T00:00:06.000000Z,0.1,4.236805555555556,4.236805555555556
SITE_003_S0231,SITE_003,2007-09-11T00:08:00.000000Z,2007-09-11T00:08:16.000000Z,0.2666666666666666,9.24236111111111,1.242361111111111
SITE_003_S0232,SITE_003,2007-09-12T00:00:00.000000Z,2007-09-12T00:00:32.000000Z,0.5333333333333333,10.23680555555556,2.236805555555556
SITE_003_S0233,SITE_003,2007-09-17T00:08:00.000000Z,2007-09-17T00:08:42.000000Z,0.7,15.24236111111111,7.242361111111111
SITE_003_S0234,SITE_003,2007-09-18T00:00:00.000000Z,2007-09-18T00:00:07.000000Z,0.1166666666666666,0.2368055555555555,0.2368055555555555
SITE_003_S0235,SITE_003,2007-09-23T00:08:00.000000Z,2007-09-23T00:08:17.000000Z,0.2833333333333333,5.242361111111111,5.242361111111111
SITE_003_S0236,SITE_003,2007-09-24T00:00:00.000000Z,2007-09-24T00:00:32.000000Z,0.5333333333333333,6.236805555555556,6.236805555555556
SITE_003_S0237,SITE_003,2007-09-29T00:08:00.000000Z,2007-09-29T00:08:43.000000Z,0.7166666666666667,11.24236111111111,3.242361111111111
SITE_003_S0238,SITE_003,2007-09-30T00:00:00.000000Z,2007-09-30T00:00:08.000000Z,0.1333333333333333,12.23680555555556,4.236805555555556
SITE_003_S0239,SITE_003,2007-10-05T00:08:00.000000Z,2007-10-05T00:08:18.000000Z,0.3,1.242361111111111,1.242361111111111
SITE_003_S0240,SITE_003,2007-10-06T00:00:00.000000Z,2007-10-06T00:00:33.000000Z,0.55,2.236805555555556,2.236805555555556
SITE_003_S0241,SITE_003,2007-10-11T00:08:00.000000Z,2007-10-11T00:08:44.000000Z,0.7333333333333333,7.242361111111111,7.242361111111111
SITE_003_S0242,SITE_003,2007-10-12T00:00:00.000000Z,2007-10-12T00:00:09.000000Z,0.15,8.236805555555556,0.2368055555555555
SITE_003_S0243,SITE_003,2007-10-17T00:08:00.000000Z,2007-10-17T00:08:19.000000Z,0.3166666666666666,13.24236111111111,5.242361111111111
SITE_003_S0244,SITE_003,2007-10-18T00:00:00.000000Z,2007-10-18T00:00:34.000000Z,0.5666666666666667,14.23680555555556,6.236805555555556
SITE_003_S0245,SITE_003,2007-10-23T00:08:00.000000Z,2007-10-23T00:08:44.000000Z,0.7333333333333333,3.242361111111111,3.242361111111111
SITE_003_S0246,SITE_003,2007-10-24T00:00:00.000000Z,2007-10-24T00:00:09.000000Z,0.15,4.236805555555556,4.236805555555556
SITE_003_S0247,SITE_003,2007-10-29T00:08:00.000000Z,2007-10-29T00:08:19.000000Z,0.3166666666666666,9.24236111111111,1.242361111111111
SITE_003_S0248,SITE_003,2007-10-30T00:00:00.000000Z,2007-10-30T00:00:35.000000Z,0.5833333333333334,10.23680555555556,2.236805555555556
SITE_003_S0249,SITE_003,2007-11-04T00:09:00.000000Z,2007-11-04T00:09:05.000000Z,0.0833333333333333,15.24305555555556,7.243055555555555
SITE_003_S0250,SITE_003,2007-11-05T00:00:00.000000Z,2007-11-05T00:00:03.000000Z,0.05,0.2368055555555555,0.2368055555555555
SITE_003_S0251,SITE_003,2007-11-10T00:08:00.000000Z,2007-11-10T00:08:20.000000Z,0.3333333333333333,5.242361111111111,5.242361111111111
SITE_003_S0252,SITE_003,2007-11-11T00:00:00.000000Z,2007-11-11T00:00:35.000000Z,0.5833333333333334,6.236805555555556,6.236805555555556
SITE_003_S0253,SITE_003,2007-11-16T00:09:00.000000Z,2007-11-16T00:09:05.000000Z,0.0833333333333333,11.24305555555556,3.243055555555556
SITE_003_S0254,SITE_003,2007-11-17T00:00:00.000000Z,2007-11-17T00:00:04.000000Z,0.0666666666666666,12.23680555555556,4.236805555555556
SITE_003_S0255,SITE_003,2007-11-22T00:08:00.000000Z,2007-11-22T00:08:20.000000Z,0.3333333333333333,1.242361111111111,1.242361111111111
SITE_003_S0256,SITE_003,2007-11-23T00:00:00.000000Z,2007-11-23T00:00:36.000000Z,0.6,2.236805555555556,2.236805555555556
SITE_003_S0257,SITE_003,2007-11-28T00:09:00.000000Z,2007-11-28T00:09:05.000000Z,0.0833333333333333,7.243055555555555,7.243055555555555
SITE_003_S0258,SITE_003,2007-11-29T00:00:00.000000Z,2007-11-29T00:00:03.000000Z,0.05,8.236805555555556,0.2368055555555555
SITE_003_S0259,SITE_003,2007-12-04T00:08:00.000000Z,2007-12-04T00:08:21.000000Z,0.35,13.24236111111111,5.242361111111111
SITE_003_S0260,SITE_003,2007-12-05T00:00:00.000000Z,2007-12-05T00:00:36.000000Z,0.6,14.23680555555556,6.236805555555556
SITE_003_S0261,SITE_003,2007-12-10T00:09:00.000000Z,2007-12-10T00:09:06.000000Z,0.1,3.243055555555556,3.243055555555556
SITE_003_S0262,SITE_003,2007-12-11T00:00:00.000000Z,2007-12-11T00:00:03.000000Z,0.05,4.236805555555556,4.236805555555556
SITE_003_S0263,SITE_003,2007-12-16T00:08:00.000000Z,2007-12-16T00:08:21.000000Z,0.35,9.24236111111111,1.242361111111111
SITE_003_S0264,SITE_003,2007-12-17T00:00:00.000000Z,2007-12-17T00:00:37.000000Z,0.6166666666666667,10.23680555555556,2.236805555555556
SITE_003_S0265,SITE_003,2007-12-22T00:09:00.000000Z,2007-12-22T00:09:06.000000Z,0.1,15.24305555555556,7.243055555555555
SITE_003_S0266,SITE_003,2007-12-23T00:00:00.000000Z,2007-12-23T00:00:03.000000Z,0.05,0.2368055555555555,0.2368055555555555
SITE_003_S0267,SITE_003,2007-12-28T00:08:00.000000Z,2007-12-28T00:08:20.000000Z,0.3333333333333333,5.242361111111111,5.242361111111111
SITE_003_S0268,SITE_003,2007-12-29T00:00:00.000000Z,2007-12-29T00:00:37.000000Z,0.6166666666666667,6.236805555555556,6.236805555555556
SITE_003_S0269,SITE_003,2008-01-03T00:09:00.000000Z,2008-01-03T00:09:06.000000Z,0.1,11.24305555555556,3.243055555555556
SITE_003_S0270,SITE_003,2008-01-04T00:00:00.000000Z,2008-01-04T00:00:03.000000Z,0.05,12.23680555555556,4.236805555555556
SITE_003_S0271,SITE_003,2008-01-10T00:00:00.000000Z,2008-01-10T00:00:37.000000Z,0.6166666666666667,2.236805555555556,2.236805555555556
SITE_003_S0272,SITE_003,2008-01-15T00:09:00.000000Z,2008-01-15T00:09:05.000000Z,0.0833333333333333,7.243055555555555,7.243055555555555
SITE_003_S0273,SITE_003,2008-01-16T00:00:00.000000Z,2008-01-16T00:00:04.000000Z,0.0666666666666666,8.236805555555556,0.2368055555555555
SITE_003_S0274,SITE_003,2008-01-21T00:08:00.000000Z,2008-01-21T00:08:20.000000Z,0.3333333333333333,13.24236111111111,5.242361111111111
SITE_003_S0275,SITE_003,2008-01-22T00:00:00.000000Z,2008-01-22T00:00:37.000000Z,0.6166666666666667,14.23680555555556,6.236805555555556
SITE_003_S0276,SITE_003,2008-01-27T00:09:00.000000Z,2008-01-27T00:09:06.000000Z,0.1,3.243055555555556,3.243055555555556
SITE_003_S0277,SITE_003,2008-01-28T00:00:00.000000Z,2008-01-28T00:00:03.000000Z,0.05,4.236805555555556,4.236805555555556
SITE_003_S0278,SITE_003,2008-02-02T00:08:00.000000Z,2008-02-02T00:08:20.000000Z,0.3333333333333333,9.24236111111111,1.242361111111111
SITE_003_S0279,SITE_003,2008-02-03T00:00:00.000000Z,2008-02-03T00:00:37.000000Z,0.6166666666666667,10.23680555555556,2.236805555555556
SITE_003_S0280,SITE_003,2008-02-08T00:09:00.000000Z,2008-02-08T00:09:06.000000Z,0.1,15.24305555555556,7.243055555555555
SITE_003_S0281,SITE_003,2008-02-09T00:00:00.000000Z,2008-02-09T00:00:03.000000Z,0.05,0.2368055555555555,0.2368055555555555
SITE_003_S0282,SITE_003,2008-02-14T00:08:00.000000Z,2008-02-14T00:08:20.000000Z,0.3333333333333333,5.242361111111111,5.242361111111111
SITE_003_S0283,SITE_003,2008-02-15T00:00:00.000000Z,2008-02-15T00:00:37.000000Z,0.6166666666666667,6.236805555555556,6.236805555555556
SITE_003_S0284,SITE_003,2008-02-20T00:09:00.000000Z,2008-02-20T00:09:05.000000Z,0.0833333333333333,11.24305555555556,3.243055555555556
SITE_003_S0285,SITE_003,2008-02-21T00:00:00.000000Z,2008-02-21T00:00:03.000000Z,0.05,12.23680555555556,4.236805555555556
SITE_003_S0286,SITE_003,2008-02-26T00:08:00.000000Z,2008-02-26T00:08:21.000000Z,0.35,1.242361111111111,1.242361111111111
SITE_003_S0287,SITE_003,2008-02-27T00:00:00.000000Z,2008-02-27T00:00:36.000000Z,0.6,2.236805555555556,2.236805555555556
SITE_003_S0288,SITE_003,2008-03-04T00:00:00.000000Z,2008-03-04T00:00:03.000000Z,0.05,8.236805555555556,0.2368055555555555
SITE_003_S0289,SITE_003,2008-03-09T00:08:00.000000Z,2008-03-09T00:08:20.000000Z,0.3333333333333333,13.24236111111111,5.242361111111111
SITE_003_S0290,SITE_003,2008-03-10T00:00:00.000000Z,2008-03-10T00:00:36.000000Z,0.6,14.23680555555556,6.236805555555556
SITE_003_S0291,SITE_003,2008-03-15T00:09:00.000000Z,2008-03-15T00:09:05.000000Z,0.0833333333333333,3.243055555555556,3.243055555555556
SITE_003_S0292,SITE_003,2008-03-16T00:00:00.000000Z,2008-03-16T00:00:03.000000Z,0.05,4.236805555555556,4.236805555555556
SITE_003_S0293,SITE_003,2008-03-21T00:08:00.000000Z,2008-03-21T00:08:20.000000Z,0.3333333333333333,9.24236111111111,1.242361111111111
SITE_003_S0294,SITE_003,2008-03-22T00:00:00.000000Z,2008-03-22T00:00:35.000000Z,0.5833333333333334,10.23680555555556,2.236805555555556
SITE_003_S0295,SITE_003,2008-03-27T00:09:00.000000Z,2008-03-27T00:09:05.000000Z,0.0833333333333333,2.243055555555556,2.243055555555556
SITE_003_S0296,SITE_003,2008-03-28T00:00:00.000000Z,2008-03-28T00:00:10.000000Z,0.1666666666666666,3.236805555555556,3.236805555555556
SITE_003_S0297,SITE_003,2008-04-02T00:08:00.000000Z,2008-04-02T00:08:20.000000Z,0.3333333333333333,8.24236111111111,0.2423611111111111
SITE_003_S0298,SITE_003,2008-04-03T00:00:00.000000Z,2008-04-03T00:00:35.000000Z,0.5833333333333334,9.236805555555556,1.236805555555555
SITE_003_S0299,SITE_003,2008-04-08T00:08:00.000000Z,2008-04-08T00:08:45.000000Z,0.75,14.24236111111111,6.242361111111111
SITE_003_S0300,SITE_003,2008-04-09T00:00:00.000000Z,2008-04-09T00:00:10.000000Z,0.1666666666666666,15.23680555555556,7.236805555555556
SITE_003_S0301,SITE_003,2008-04-20T00:08:00.000000Z,2008-04-20T00:08:44.000000Z,0.7333333333333333,10.24236111111111,2.242361111111111
SITE_003_S0302,SITE_003,2008-04-21T00:00:00.000000Z,2008-04-21T00:00:09.000000Z,0.15,11.23680555555556,3.236805555555556
SITE_003_S0303,SITE_003,2008-04-26T00:08:00.000000Z,2008-04-26T00:08:19.000000Z,0.3166666666666666,0.2423611111111111,0.2423611111111111
SITE_003_S0304,SITE_003,2008-04-27T00:00:00.000000Z,2008-04-27T00:00:34.000000Z,0.5666666666666667,1.236805555555555,1.236805555555555
SITE_003_S0305,SITE_003,2008-05-02T00:08:00.000000Z,2008-05-02T00:08:44.000000Z,0.7333333333333333,6.242361111111111,6.242361111111111
SITE_003_S0306,SITE_003,2008-05-03T00:00:00.000000Z,2008-05-03T00:00:09.000000Z,0.15,7.236805555555556,7.236805555555556
SITE_003_S0307,SITE_003,2008-05-08T00:08:00.000000Z,2008-05-08T00:08:19.000000Z,0.3166666666666666,12.24236111111111,4.242361111111111
SITE_003_S0308,SITE_003,2008-05-14T00:08:00.000000Z,2008-05-14T00:08:44.000000Z,0.7333333333333333,2.242361111111111,2.242361111111111
SITE_003_S0309,SITE_003,2008-05-15T00:00:00.000000Z,2008-05-15T00:00:09.000000Z,0.15,3.236805555555556,3.236805555555556
SITE_003_S0310,SITE_003,2008-05-20T00:08:00.000000Z,2008-05-20T00:08:19.000000Z,0.3166666666666666,8.24236111111111,0.2423611111111111
SITE_003_S0311,SITE_003,2008-05-21T00:00:00.000000Z,2008-05-21T00:00:34.000000Z,0.5666666666666667,9.236805555555556,1.236805555555555
SITE_003_S0312,SITE_003,2008-05-26T00:08:00.000000Z,2008-05-26T00:08:44.000000Z,0.7333333333333333,14.24236111111111,6.242361111111111
SITE_003_S0313,SITE_003,2008-05-27T00:00:00.000000Z,2008-05-27T00:00:09.000000Z,0.15,15.23680555555556,7.236805555555556
SITE_003_S0314,SITE_003,2008-06-01T00:08:00.000000Z,2008-06-01T00:08:19.000000Z,0.3166666666666666,4.242361111111111,4.242361111111111
SITE_003_S0315,SITE_003,2008-06-02T00:00:00.000000Z,2008-06-02T00:00:34.000000Z,0.5666666666666667,5.236805555555556,5.236805555555556
SITE_003_S0316,SITE_003,2008-06-07T00:08:00.000000Z,2008-06-07T00:08:44.000000Z,0.7333333333333333,10.24236111111111,2.242361111111111
SITE_003_S0317,SITE_003,2008-06-08T00:00:00.000000Z,2008-06-08T00:00:09.000000Z,0.15,11.23680555555556,3.236805555555556
SITE_003_S0318,SITE_003,2008-06-13T00:08:00.000000Z,2008-06-13T00:08:19.000000Z,0.3166666666666666,0.2423611111111111,0.2423611111111111
SITE_003_S0319,SITE_003,2008-06-14T00:00:00.000000Z,2008-06-14T00:00:34.000000Z,0.5666666666666667,1.236805555555555,1.236805555555555
SITE_003_S0320,SITE_003,2008-06-19T00:08:00.000000Z,2008-06-19T00:08:44.000000Z,0.7333333333333333,6.242361111111111,6.242361111111111
SITE_003_S0321,SITE_003,2008-06-20T00:00:00.000000Z,2008-06-20T00:00:09.000000Z,0.15,7.236805555555556,7.236805555555556
SITE_003_S0322,SITE_003,2008-06-25T00:08:00.000000Z,2008-06-25T00:08:19.000000Z,0.3166666666666666,12.24236111111111,4.242361111111111
SITE_003_S0323,SITE_003,2008-06-26T00:00:00.000000Z,2008-06-26T00:00:34.000000Z,0.5666666666666667,13.23680555555556,5.236805555555556
SITE_003_S0324,SITE_003,2008-07-01T00:08:00.000000Z,2008-07-01T00:08:44.000000Z,0.7333333333333333,2.242361111111111,2.242361111111111
SITE_003_S0325,SITE_003,2008-07-02T00:00:00.000000Z,2008-07-02T00:00:09.000000Z,0.15,3.236805555555556,3.236805555555556
SITE_003_S0326,SITE_003,2008-07-07T00:08:00.000000Z,2008-07-07T00:08:19.000000Z,0.3166666666666666,8.24236111111111,0.2423611111111111
SITE_003_S0327,SITE_003,2008-07-08T00:00:00.000000Z,2008-07-08T00:00:35.000000Z,0.5833333333333334,9.236805555555556,1.236805555555555
SITE_003_S0328,SITE_003,2008-07-13T00:08:00.000000Z,2008-07-13T00:08:45.000000Z,0.75,14.24236111111111,6.242361111111111
SITE_003_S0329,SITE_003,2008-07-14T00:00:00.000000Z,2008-07-14T00:00:10.000000Z,0.1666666666666666,15.23680555555556,7.236805555555556
SITE_003_S0330,SITE_003,2008-07-19T00:08:00.000000Z,2008-07-19T00:08:20.000000Z,0.3333333333333333,4.242361111111111,4.242361111111111
SITE_003_S0331,SITE_003,2008-07-20T00:00:00.000000Z,2008-07-20T00:00:35.000000Z,0.5833333333333334,5.236805555555556,5.236805555555556
SITE_003_S0332,SITE_003,2008-07-25T00:08:00.000000Z,2008-07-25T00:08:45.000000Z,0.75,10.24236111111111,2.242361111111111
SITE_003_S0333,SITE_003,2008-07-26T00:00:00.000000Z,2008-07-26T00:00:10.000000Z,0.1666666666666666,11.23680555555556,3.236805555555556
SITE_003_S0334,SITE_003,2008-07-31T00:08:00.000000Z,2008-07-31T00:08:20.000000Z,0.3333333333333333,0.2423611111111111,0.2423611111111111
SITE_003_S0335,SITE_003,2008-08-01T00:00:00.000000Z,2008-08-01T00:00:35.000000Z,0.5833333333333334,1.236805555555555,1.236805555555555
SITE_003_S0336,SITE_003,2008-08-06T00:08:00.000000Z,2008-08-06T00:08:46.000000Z,0.7666666666666667,6.242361111111111,6.242361111111111
SITE_003_S0337,SITE_003,2008-08-07T00:00:00.000000Z,2008-08-07T00:00:11.000000Z,0.1833333333333333,7.236805555555556,7.236805555555556
SITE_003_S0338,SITE_003,2008-08-12T00:08:00.000000Z,2008-08-12T00:08:21.000000Z,0.35,12.24236111111111,4.242361111111111
SITE_003_S0339,SITE_003,2008-08-13T00:00:00.000000Z,2008-08-13T00:00:36.000000Z,0.6,13.23680555555556,5.236805555555556
SITE_003_S0340,SITE_003,2008-08-18T00:08:00.000000Z,2008-08-18T00:08:46.000000Z,0.7666666666666667,2.242361111111111,2.242361111111111
SITE_003_S0341,SITE_003,2008-08-19T00:00:00.000000Z,2008-08-19T00:00:11.000000Z,0.1833333333333333,3.236805555555556,3.236805555555556
SITE_003_S0342,SITE_003,2008-08-24T00:08:00.000000Z,2008-08-24T00:08:22.000000Z,0.3666666666666666,8.24236111111111,0.2423611111111111
SITE_003_S0343,SITE_003,2008-08-25T00:00:00.000000Z,2008-08-25T00:00:37.000000Z,0.6166666666666667,9.236805555555556,1.236805555555555
SITE_003_S0344,SITE_003,2008-08-30T00:08:00.000000Z,2008-08-30T00:08:47.000000Z,0.7833333333333333,14.24236111111111,6.242361111111111
SITE_003_S0345,SITE_003,2008-08-31T00:00:00.000000Z,2008-08-31T00:00:12.000000Z,0.2,15.23680555555556,7.236805555555556
SITE_003_S0346,SITE_003,2008-09-05T00:08:00.000000Z,2008-09-05T00:08:22.000000Z,0.3666666666666666,4.242361111111111,4.242361111111111
SITE_003_S0347,SITE_003,2008-09-06T00:00:00.000000Z,2008-09-06T00:00:37.000000Z,0.6166666666666667,5.236805555555556,5.236805555555556
SITE_003_S0348,SITE_003,2008-09-11T00:08:00.000000Z,2008-09-11T00:08:48.000000Z,0.8,10.24236111111111,2.242361111111111
SITE_003_S0349,SITE_003,2008-09-12T00:00:00.000000Z,2008-09-12T00:00:13.000000Z,0.2166666666666666,11.23680555555556,3.236805555555556
SITE_003_S0350,SITE_003,2008-09-17T00:08:00.000000Z,2008-09-17T00:08:23.000000Z,0.3833333333333333,0.2423611111111111,0.2423611111111111
SITE_003_S0351,SITE_003,2008-09-18T00:00:00.000000Z,2008-09-18T00:00:38.000000Z,0.6333333333333333,1.236805555555555,1.236805555555555
SITE_003_S0352,SITE_003,2008-09-23T00:08:00.000000Z,2008-09-23T00:08:49.000000Z,0.8166666666666667,6.242361111111111,6.242361111111111
SITE_003_S0353,SITE_003,2008-09-24T00:00:00.000000Z,2008-09-24T00:00:14.000000Z,0.2333333333333333,7.236805555555556,7.236805555555556
SITE_003_S0354,SITE_003,2008-09-29T00:08:00.000000Z,2008-09-29T00:08:24.000000Z,0.4,12.24236111111111,4.242361111111111
SITE_003_S0355,SITE_003,2008-09-30T00:00:00.000000Z,2008-09-30T00:00:39.000000Z,0.65,13.23680555555556,5.236805555555556
SITE_003_S0356,SITE_003,2008-10-05T00:08:00.000000Z,2008-10-05T00:08:49.000000Z,0.8166666666666667,2.242361111111111,2.242361111111111
SITE_003_S0357,SITE_003,2008-10-06T00:00:00.000000Z,2008-10-06T00:00:14.000000Z,0.2333333333333333,3.236805555555556,3.236805555555556
SITE_003_S0358,SITE_003,2008-10-12T00:00:00.000000Z,2008-10-12T00:00:40.000000Z,0.6666666666666666,9.236805555555556,1.236805555555555
SITE_003_S0359,SITE_003,2008-10-17T00:08:00.000000Z,2008-10-17T00:08:50.000000Z,0.8333333333333334,14.24236111111111,6.242361111111111
SITE_003_S0360,SITE_003,2008-10-18T00:00:00.000000Z,2008-10-18T00:00:15.000000Z,0.25,15.23680555555556,7.236805555555556
SITE_003_S0361,SITE_003,2008-10-23T00:08:00.000000Z,2008-10-23T00:08:25.000000Z,0.4166666666666667,4.242361111111111,4.242361111111111
SITE_003_S0362,SITE_003,2008-10-24T00:00:00.000000Z,2008-10-24T00:00:40.000000Z,0.6666666666666666,5.236805555555556,5.236805555555556
SITE_003_S0363,SITE_003,2008-10-29T00:08:00.000000Z,2008-10-29T00:08:51.000000Z,0.85,10.24236111111111,2.242361111111111
SITE_003_S0364,SITE_003,2008-10-30T00:00:00.000000Z,2008-10-30T00:00:16.000000Z,0.2666666666666666,11.23680555555556,3.236805555555556
SITE_003_S0365,SITE_003,2008-11-04T00:08:00.000000Z,2008-11-04T00:08:26.000000Z,0.4333333333333333,0.2423611111111111,0.2423611111111111
SITE_003_S0366,SITE_003,2008-11-05T00:00:00.000000Z,2008-11-05T00:00:41.000000Z,0.6833333333333333,1.236805555555555,1.236805555555555
SITE_003_S0367,SITE_003,2008-11-10T00:08:00.000000Z,2008-11-10T00:08:52.000000Z,0.8666666666666667,6.242361111111111,6.242361111111111
SITE_003_S0368,SITE_003,2008-11-11T00:00:00.000000Z,2008-11-11T00:00:16.000000Z,0.2666666666666666,7.236805555555556,7.236805555555556
SITE_003_S0369,SITE_003,2008-11-16T00:08:00.000000Z,2008-11-16T00:08:27.000000Z,0.45,12.24236111111111,4.242361111111111
SITE_003_S0370,SITE_003,2008-11-17T00:00:00.000000Z,2008-11-17T00:00:42.000000Z,0.7,13.23680555555556,5.236805555555556
SITE_003_S0371,SITE_003,2008-11-22T00:08:00.000000Z,2008-11-22T00:08:52.000000Z,0.8666666666666667,2.242361111111111,2.242361111111111
SITE_003_S0372,SITE_003,2008-11-23T00:00:00.000000Z,2008-11-23T00:00:17.000000Z,0.2833333333333333,3.236805555555556,3.236805555555556
SITE_003_S0373,SITE_003,2008-11-28T00:08:00.000000Z,2008-11-28T00:08:27.000000Z,0.45,8.24236111111111,0.2423611111111111
SITE_003_S0374,SITE_003,2008-11-29T00:00:00.000000Z,2008-11-29T00:00:42.000000Z,0.7,9.236805555555556,1.236805555555555
SITE_003_S0375,SITE_003,2008-12-04T00:08:00.000000Z,2008-12-04T00:08:53.000000Z,0.8833333333333333,14.24236111111111,6.242361111111111
SITE_003_S0376,SITE_003,2008-12-05T00:00:00.000000Z,2008-12-05T00:00:18.000000Z,0.3,15.23680555555556,7.236805555555556
SITE_003_S0377,SITE_003,2008-12-10T00:08:00.000000Z,2008-12-10T00:08:28.000000Z,0.4666666666666667,4.242361111111111,4.242361111111111
SITE_003_S0378,SITE_003,2008-12-11T00:00:00.000000Z,2008-12-11T00:00:43.000000Z,0.7166666666666667,5.236805555555556,5.236805555555556
SITE_003_S0379,SITE_003,2008-12-16T00:08:00.000000Z,2008-12-16T00:08:53.000000Z,0.8833333333333333,10.24236111111111,2.242361111111111
SITE_003_S0380,SITE_003,2008-12-17T00:00:00.000000Z,2008-12-17T00:00:18.000000Z,0.3,11.23680555555556,3.236805555555556
SITE_003_S0381,SITE_003,2008-12-22T00:08:00.000000Z,2008-12-22T00:08:28.000000Z,0.4666666666666667,0.2423611111111111,0.2423611111111111
SITE_003_S0382,SITE_003,2008-12-23T00:00:00.000000Z,2008-12-23T00:00:43.000000Z,0.7166666666666667,1.236805555555555,1.236805555555555
SITE_003_S0383,SITE_003,2008-12-28T00:08:00.000000Z,2008-12-28T00:08:53.000000Z,0.8833333333333333,6.242361111111111,6.242361111111111
SITE_003_S0384,SITE_003,2008-12-29T00:00:00.000000Z,2008-12-29T00:00:18.000000Z,0.3,7.236805555555556,7.236805555555556
SITE_003_S0385,SITE_003,2009-01-03T00:08:00.000000Z,2009-01-03T00:08:28.000000Z,0.4666666666666667,12.24236111111111,4.242361111111111
SITE_003_S0386,SITE_003,2009-01-04T00:00:00.000000Z,2009-01-04T00:00:43.000000Z,0.7166666666666667,13.23680555555556,5.236805555555556
SITE_003_S0387,SITE_003,2009-01-09T00:08:00.000000Z,2009-01-09T00:08:53.000000Z,0.8833333333333333,2.242361111111111,2.242361111111111
SITE_003_S0388,SITE_003,2009-01-10T00:00:00.000000Z,2009-01-10T00:00:18.000000Z,0.3,3.236805555555556,3.236805555555556
SITE_003_S0389,SITE_003,2009-01-15T00:08:00.000000Z,2009-01-15T00:08:28.000000Z,0.4666666666666667,8.24236111111111,0.2423611111111111
SITE_003_S0390,SITE_003,2009-01-16T00:00:00.000000Z,2009-01-16T00:00:43.000000Z,0.7166666666666667,9.236805555555556,1.236805555555555
SITE_003_S0391,SITE_003,2009-01-21T00:08:00.000000Z,2009-01-21T00:08:53.000000Z,0.8833333333333333,14.24236111111111,6.242361111111111
SITE_003_S0392,SITE_003,2009-01-22T00:00:00.000000Z,2009-01-22T00:00:18.000000Z,0.3,15.23680555555556,7.236805555555556
SITE_003_S0393,SITE_003,2009-01-27T00:08:00.000000Z,2009-01-27T00:08:28.000000Z,0.4666666666666667,4.242361111111111,4.242361111111111
SITE_003_S0394,SITE_003,2009-01-28T00:00:00.000000Z,2009-01-28T00:00:43.000000Z,0.7166666666666667,5.236805555555556,5.236805555555556
SITE_003_S0395,SITE_003,2009-02-02T00:08:00.000000Z,2009-02-02T00:08:53.000000Z,0.8833333333333333,10.24236111111111,2.242361111111111
SITE_003_S0396,SITE_003,2009-02-14T00:08:00.000000Z,2009-02-14T00:08:53.000000Z,0.8833333333333333,6.242361111111111,6.242361111111111
SITE_003_S0397,SITE_003,2009-02-15T00:00:00.000000Z,2009-02-15T00:00:18.000000Z,0.3,7.236805555555556,7.236805555555556
SITE_003_S0398,SITE_003,2009-02-20T00:08:00.000000Z,2009-02-20T00:08:28.000000Z,0.4666666666666667,12.24236111111111,4.242361111111111
SITE_003_S0399,SITE_003,2009-02-21T00:00:00.000000Z,2009-02-21T00:00:43.000000Z,0.7166666666666667,13.23680555555556,5.236805555555556
SITE_003_S0400,SITE_003,2009-02-26T00:08:00.000000Z,2009-02-26T00:08:53.000000Z,0.8833333333333333,2.242361111111111,2.242361111111111
SITE_003_S0401,SITE_003,2009-02-27T00:00:00.000000Z,2009-02-27T00:00:17.000000Z,0.2833333333333333,3.236805555555556,3.236805555555556
SITE_003_S0402,SITE_003,2009-03-04T00:08:00.000000Z,2009-03-04T00:08:27.000000Z,0.45,8.24236111111111,0.2423611111111111
SITE_003_S0403,SITE_003,2009-03-05T00:00:00.000000Z,2009-03-05T00:00:42.000000Z,0.7,9.236805555555556,1.236805555555555
SITE_003_S0404,SITE_003,2009-03-10T00:08:00.000000Z,2009-03-10T00:08:52.000000Z,0.8666666666666667,14.24236111111111,6.242361111111111
SITE_003_S0405,SITE_003,2009-03-11T00:00:00.000000Z,2009-03-11T00:00:17.000000Z,0.2833333333333333,15.23680555555556,7.236805555555556
SITE_003_S0406,SITE_003,2009-03-16T00:08:00.000000Z,2009-03-16T00:08:27.000000Z,0.45,4.242361111111111,4.242361111111111
SITE_003_S0407,SITE_003,2009-03-17T00:00:00.000000Z,2009-03-17T00:00:42.000000Z,0.7,5.236805555555556,5.236805555555556
SITE_003_S0408,SITE_003,2009-03-22T00:08:00.000000Z,2009-03-22T00:08:52.000000Z,0.8666666666666667,10.24236111111111,2.242361111111111
SITE_003_S0409,SITE_003,2009-03-23T00:00:00.000000Z,2009-03-23T00:00:16.000000Z,0.2666666666666666,11.23680555555556,3.236805555555556
SITE_003_S0410,SITE_003,2009-03-28T00:08:00.000000Z,2009-03-28T00:08:26.000000Z,0.4333333333333333,3.242361111111111,3.242361111111111
SITE_003_S0411,SITE_003,2009-03-29T00:00:00.000000Z,2009-03-29T00:00:41.000000Z,0.6833333333333333,4.236805555555556,4.236805555555556
SITE_003_S0412,SITE_003,2009-04-03T00:08:00.000000Z,2009-04-03T00:08:51.000000Z,0.85,9.24236111111111,1.242361111111111
SITE_003_S0413,SITE_003,2009-04-04T00:00:00.000000Z,2009-04-04T00:00:16.000000Z,0.2666666666666666,10.23680555555556,2.236805555555556
SITE_003_S0414,SITE_003,2009-04-09T00:08:00.000000Z,2009-04-09T00:08:26.000000Z,0.4333333333333333,15.24236111111111,7.242361111111111
SITE_003_S0415,SITE_003,2009-04-10T00:00:00.000000Z,2009-04-10T00:00:41.000000Z,0.6833333333333333,0.2368055555555555,0.2368055555555555
SITE_003_S0416,SITE_003,2009-04-15T00:08:00.000000Z,2009-04-15T00:08:51.000000Z,0.85,5.242361111111111,5.242361111111111
SITE_003_S0417,SITE_003,2009-04-16T00:00:00.000000Z,2009-04-16T00:00:16.000000Z,0.2666666666666666,6.236805555555556,6.236805555555556
SITE_003_S0418,SITE_003,2009-04-21T00:08:00.000000Z,2009-04-21T00:08:25.000000Z,0.4166666666666667,11.24236111111111,3.242361111111111
SITE_003_S0419,SITE_003,2009-04-22T00:00:00.000000Z,2009-04-22T00:00:41.000000Z,0.6833333333333333,12.23680555555556,4.236805555555556
SITE_003_S0420,SITE_003,2009-04-27T00:08:00.000000Z,2009-04-27T00:08:50.000000Z,0.8333333333333334,1.242361111111111,1.242361111111111
SITE_003_S0421,SITE_003,2009-04-28T00:00:00.000000Z,2009-04-28T00:00:15.000000Z,0.25,2.236805555555556,2.236805555555556
SITE_003_S0422,SITE_003,2009-05-03T00:08:00.000000Z,2009-05-03T00:08:25.000000Z,0.4166666666666667,7.242361111111111,7.242361111111111
SITE_003_S0423,SITE_003,2009-05-04T00:00:00.000000Z,2009-05-04T00:00:40.000000Z,0.6666666666666666,8.236805555555556,0.2368055555555555
SITE_003_S0424,SITE_003,2009-05-09T00:08:00.000000Z,2009-05-09T00:08:50.000000Z,0.8333333333333334,13.24236111111111,5.242361111111111
SITE_003_S0425,SITE_003,2009-05-10T00:00:00.000000Z,2009-05-10T00:00:15.000000Z,0.25,14.23680555555556,6.236805555555556
SITE_003_S0426,SITE_003,2009-05-15T00:08:00.000000Z,2009-05-15T00:08:25.000000Z,0.4166666666666667,3.242361111111111,3.242361111111111
SITE_003_S0427,SITE_003,2009-05-16T00:00:00.000000Z,2009-05-16T00:00:40.000000Z,0.6666666666666666,4.236805555555556,4.236805555555556
SITE_003_S0428,SITE_003,2009-05-21T00:08:00.000000Z,2009-05-21T00:08:50.000000Z,0.8333333333333334,9.24236111111111,1.242361111111111
SITE_003_S0429,SITE_003,2009-05-22T00:00:00.000000Z,2009-05-22T00:00:15.000000Z,0.25,10.23680555555556,2.236805555555556
SITE_003_S0430,SITE_003,2009-05-27T00:08:00.000000Z,2009-05-27T00:08:25.000000Z,0.4166666666666667,15.24236111111111,7.242361111111111
SITE_003_S0431,SITE_003,2009-05-28T00:00:00.000000Z,2009-05-28T00:00:40.000000Z,0.6666666666666666,0.2368055555555555,0.2368055555555555
SITE_003_S0432,SITE_003,2009-06-02T00:08:00.000000Z,2009-06-02T00:08:50.000000Z,0.8333333333333334,5.242361111111111,5.242361111111111
SITE_003_S0433,SITE_003,2009-06-03T00:00:00.000000Z,2009-06-03T00:00:15.000000Z,0.25,6.236805555555556,6.236805555555556
SITE_003_S0434,SITE_003,2009-06-08T00:08:00.000000Z,2009-06-08T00:08:25.000000Z,0.4166666666666667,11.24236111111111,3.242361111111111
SITE_003_S0435,SITE_003,2009-06-09T00:00:00.000000Z,2009-06-09T00:00:40.000000Z,0.6666666666666666,12.23680555555556,4.236805555555556
SITE_003_S0436,SITE_003,2009-06-14T00:08:00.000000Z,2009-06-14T00:08:50.000000Z,0.8333333333333334,1.242361111111111,1.242361111111111
SITE_003_S0437,SITE_003,2009-06-15T00:00:00.000000Z,2009-06-15T00:00:15.000000Z,0.25,2.236805555555556,2.236805555555556
SITE_003_S0438,SITE_003,2009-06-20T00:08:00.000000Z,2009-06-20T00:08:25.000000Z,0.4166666666666667,7.242361111111111,7.242361111111111
SITE_003_S0439,SITE_003,2009-06-21T00:00:00.000000Z,2009-06-21T00:00:40.000000Z,0.6666666666666666,8.236805555555556,0.2368055555555555
SITE_003_S0440,SITE_003,2009-07-15T00:00:00.000000Z,2009-07-15T00:00:41.000000Z,0.6833333333333333,0.2368055555555555,0.2368055555555555
SITE_003_S0441,SITE_003,2009-07-20T00:08:00.000000Z,2009-07-20T00:08:51.000000Z,0.85,5.242361111111111,5.242361111111111
SITE_003_S0442,SITE_003,2009-07-21T00:00:00.000000Z,2009-07-21T00:00:16.000000Z,0.2666666666666666,6.236805555555556,6.236805555555556
SITE_003_S0443,SITE_003,2009-07-26T00:08:00.000000Z,2009-07-26T00:08:26.000000Z,0.4333333333333333,11.24236111111111,3.242361111111111
SITE_003_S0444,SITE_003,2009-07-27T00:00:00.000000Z,2009-07-27T00:00:42.000000Z,0.7,12.23680555555556,4.236805555555556
SITE_003_S0445,SITE_003,2009-08-01T00:08:00.000000Z,2009-08-01T00:08:52.000000Z,0.8666666666666667,1.242361111111111,1.242361111111111
SITE_003_S0446,SITE_003,2009-08-02T00:00:00.000000Z,2009-08-02T00:00:17.000000Z,0.2833333333333333,2.236805555555556,2.236805555555556
SITE_003_S0447,SITE_003,2009-08-07T00:08:00.000000Z,2009-08-07T00:08:27.000000Z,0.45,7.242361111111111,7.242361111111111
SITE_003_S0448,SITE_003,2009-08-08T00:00:00.000000Z,2009-08-08T00:00:42.000000Z,0.7,8.236805555555556,0.2368055555555555
SITE_003_S0449,SITE_003,2009-08-13T00:08:00.000000Z,2009-08-13T00:08:53.000000Z,0.8833333333333333,13.24236111111111,5.242361111111111
SITE_003_S0450,SITE_003,2009-08-14T00:00:00.000000Z,2009-08-14T00:00:17.000000Z,0.2833333333333333,14.23680555555556,6.236805555555556
SITE_003_S0451,SITE_003,2009-08-19T00:08:00.000000Z,2009-08-19T00:08:28.000000Z,0.4666666666666667,3.242361111111111,3.242361111111111
SITE_003_S0452,SITE_003,2009-08-20T00:00:00.000000Z,2009-08-20T00:00:43.000000Z,0.7166666666666667,4.236805555555556,4.236805555555556
SITE_003_S0453,SITE_003,2009-08-25T00:08:00.000000Z,2009-08-25T00:08:53.000000Z,0.8833333333333333,9.24236111111111,1.242361111111111
SITE_003_S0454,SITE_003,2009-08-26T00:00:00.000000Z,2009-08-26T00:00:18.000000Z,0.3,10.23680555555556,2.236805555555556
SITE_003_S0455,SITE_003,2009-08-31T00:08:00.000000Z,2009-08-31T00:08:29.000000Z,0.4833333333333333,15.24236111111111,7.242361111111111
SITE_003_S0456,SITE_003,2009-09-01T00:00:00.000000Z,2009-09-01T00:00:44.000000Z,0.7333333333333333,0.2368055555555555,0.2368055555555555
SITE_003_S0457,SITE_003,2009-09-06T00:08:00.000000Z,2009-09-06T00:08:54.000000Z,0.9,5.242361111111111,5.242361111111111
SITE_003_S0458,SITE_003,2009-09-07T00:00:00.000000Z,2009-09-07T00:00:19.000000Z,0.3166666666666666,6.236805555555556,6.236805555555556
SITE_003_S0459,SITE_003,2009-09-12T00:08:00.000000Z,2009-09-12T00:08:29.000000Z,0.4833333333333333,11.24236111111111,3.242361111111111
SITE_003_S0460,SITE_003,2009-09-13T00:00:00.000000Z,2009-09-13T00:00:45.000000Z,0.75,12.23680555555556,4.236805555555556
SITE_003_S0461,SITE_003,2009-09-18T00:08:00.000000Z,2009-09-18T00:08:55.000000Z,0.9166666666666666,1.242361111111111,1.242361111111111
SITE_003_S0462,SITE_003,2009-09-19T00:00:00.000000Z,2009-09-19T00:00:20.000000Z,0.3333333333333333,2.236805555555556,2.236805555555556
SITE_003_S0463,SITE_003,2009-09-24T00:08:00.000000Z,2009-09-24T00:08:30.000000Z,0.5,7.242361111111111,7.242361111111111
SITE_003_S0464,SITE_003,2009-09-25T00:00:00.000000Z,2009-09-25T00:00:45.000000Z,0.75,8.236805555555556,0.2368055555555555
SITE_003_S0465,SITE_003,2009-09-30T00:08:00.000000Z,2009-09-30T00:08:55.000000Z,0.9166666666666666,13.24236111111111,5.242361111111111
SITE_003_S0466,SITE_003,2009-10-01T00:00:00.000000Z,2009-10-01T00:00:20.000000Z,0.3333333333333333,14.23680555555556,6.236805555555556
SITE_003_S0467,SITE_003,2009-10-06T00:08:00.000000Z,2009-10-06T00:08:31.000000Z,0.5166666666666667,3.242361111111111,3.242361111111111
SITE_003_S0468,SITE_003,2009-10-07T00:00:00.000000Z,2009-10-07T00:00:46.000000Z,0.7666666666666667,4.236805555555556,4.236805555555556
SITE_003_S0469,SITE_003,2009-10-12T00:08:00.000000Z,2009-10-12T00:08:56.000000Z,0.9333333333333332,9.24236111111111,1.242361111111111
SITE_003_S0470,SITE_003,2009-10-13T00:00:00.000000Z,2009-10-13T00:00:21.000000Z,0.35,10.23680555555556,2.236805555555556
SITE_003_S0471,SITE_003,2009-10-18T00:08:00.000000Z,2009-10-18T00:08:31.000000Z,0.5166666666666667,15.24236111111111,7.242361111111111
SITE_003_S0472,SITE_003,2009-10-19T00:00:00.000000Z,2009-10-19T00:00:47.000000Z,0.7833333333333333,0.2368055555555555,0.2368055555555555
SITE_003_S0473,SITE_003,2009-10-24T00:08:00.000000Z,2009-10-24T00:08:57.000000Z,0.95,5.242361111111111,5.242361111111111
SITE_003_S0474,SITE_003,2009-10-25T00:00:00.000000Z,2009-10-25T00:00:22.000000Z,0.3666666666666666,6.236805555555556,6.236805555555556
SITE_003_S0475,SITE_003,2009-10-30T00:08:00.000000Z,2009-10-30T00:08:32.000000Z,0.5333333333333333,11.24236111111111,3.242361111111111
SITE_003_S0476,SITE_003,2009-10-31T00:00:00.000000Z,2009-10-31T00:00:47.000000Z,0.7833333333333333,12.23680555555556,4.236805555555556
SITE_003_S0477,SITE_003,2009-11-05T00:08:00.000000Z,2009-11-05T00:08:58.000000Z,0.9666666666666668,1.242361111111111,1.242361111111111
SITE_003_S0478,SITE_003,2009-11-06T00:00:00.000000Z,2009-11-06T00:00:22.000000Z,0.3666666666666666,2.236805555555556,2.236805555555556
SITE_003_S0479,SITE_003,2009-11-12T00:00:00.000000Z,2009-11-12T00:00:48.000000Z,0.8,8.236805555555556,0.2368055555555555
SITE_003_S0480,SITE_003,2009-11-17T00:08:00.000000Z,2009-11-17T00:08:58.000000Z,0.9666666666666668,13.24236111111111,5.242361111111111
SITE_003_S0481,SITE_003,2009-11-18T00:00:00.000000Z,2009-11-18T00:00:23.000000Z,0.3833333333333333,14.23680555555556,6.236805555555556
SITE_003_S0482,SITE_003,2009-11-23T00:08:00.000000Z,2009-11-23T00:08:33.000000Z,0.55,3.242361111111111,3.242361111111111
SITE_003_S0483,SITE_003,2009-11-24T00:00:00.000000Z,2009-11-24T00:00:49.000000Z,0.8166666666666667,4.236805555555556,4.236805555555556
SITE_003_S0484,SITE_003,2009-11-29T00:08:00.000000Z,2009-11-29T00:08:59.000000Z,0.9833333333333332,9.24236111111111,1.242361111111111
SITE_003_S0485,SITE_003,2009-11-30T00:00:00.000000Z,2009-11-30T00:00:24.000000Z,0.4,10.23680555555556,2.236805555555556
SITE_003_S0486,SITE_003,2009-12-05T00:08:00.000000Z,2009-12-05T00:08:34.000000Z,0.5666666666666667,15.24236111111111,7.242361111111111
SITE_003_S0487,SITE_003,2009-12-06T00:00:00.000000Z,2009-12-06T00:00:49.000000Z,0.8166666666666667,0.2368055555555555,0.2368055555555555
SITE_003_S0488,SITE_003,2009-12-11T00:08:00.000000Z,2009-12-11T00:08:59.000000Z,0.9833333333333332,5.242361111111111,5.242361111111111
SITE_003_S0489,SITE_003,2009-12-12T00:00:00.000000Z,2009-12-12T00:00:24.000000Z,0.4,6.236805555555556,6.236805555555556
SITE_003_S0490,SITE_003,2009-12-17T00:08:00.000000Z,2009-12-17T00:08:34.000000Z,0.5666666666666667,11.24236111111111,3.242361111111111
SITE_003_S0491,SITE_003,2009-12-18T00:00:00.000000Z,2009-12-18T00:00:50.000000Z,0.8333333333333334,12.23680555555556,4.236805555555556
SITE_003_S0492,SITE_003,2009-12-23T00:09:00.000000Z,2009-12-23T00:09:00.000000Z,0,1.243055555555556,1.243055555555556
SITE_003_S0493,SITE_003,2009-12-24T00:00:00.000000Z,2009-12-24T00:00:24.000000Z,0.4,2.236805555555556,2.236805555555556
SITE_003_S0494,SITE_003,2009-12-29T00:08:00.000000Z,2009-12-29T00:08:34.000000Z,0.5666666666666667,7.242361111111111,7.242361111111111
SITE_003_S0495,SITE_003,2009-12-30T00:00:00.000000Z,2009-12-30T00:00:50.000000Z,0.8333333333333334,8.236805555555556,0.2368055555555555
SITE_003_S0496,SITE_003,2010-01-04T00:09:00.000000Z,2010-01-04T00:09:00.000000Z,0,13.24305555555556,5.243055555555555
SITE_003_S0497,SITE_003,2010-01-05T00:00:00.000000Z,2010-01-05T00:00:25.000000Z,0.4166666666666667,14.23680555555556,6.236805555555556
SITE_003_S0498,SITE_003,2010-01-10T00:08:00.000000Z,2010-01-10T00:08:34.000000Z,0.5666666666666667,3.242361111111111,3.242361111111111
SITE_003_S0499,SITE_003,2010-01-11T00:00:00.000000Z,2010-01-11T00:00:50.000000Z,0.8333333333333334,4.236805555555556,4.236805555555556
SITE_003_S0500,SITE_003,2010-01-16T00:09:00.000000Z,2010-01-16T00:09:00.000000Z,0,9.243055555555555,1.243055555555556
SITE_003_S0501,SITE_003,2010-01-17T00:00:00.000000Z,2010-01-17T00:00:24.000000Z,0.4,10.23680555555556,2.236805555555556
SITE_003_S0502,SITE_003,2010-01-22T00:08:00.000000Z,2010-01-22T00:08:35.000000Z,0.5833333333333334,15.24236111111111,7.242361111111111
SITE_003_S0503,SITE_003,2010-01-23T00:00:00.000000Z,2010-01-23T00:00:50.000000Z,0.8333333333333334,0.2368055555555555,0.2368055555555555
SITE_003_S0504,SITE_003,2010-01-28T00:09:00.000000Z,2010-01-28T00:09:00.000000Z,0,5.243055555555555,5.243055555555555
SITE_003_S0505,SITE_003,2010-01-29T00:00:00.000000Z,2010-01-29T00:00:25.000000Z,0.4166666666666667,6.236805555555556,6.236805555555556
SITE_003_S0506,SITE_003,2010-02-03T00:08:00.000000Z,2010-02-03T00:08:34.000000Z,0.5666666666666667,11.24236111111111,3.242361111111111
SITE_003_S0507,SITE_003,2010-02-04T00:00:00.000000Z,2010-02-04T00:00:50.000000Z,0.8333333333333334,12.23680555555556,4.236805555555556
SITE_003_S0508,SITE_003,2010-02-09T00:09:00.000000Z,2010-02-09T00:09:00.000000Z,0,1.243055555555556,1.243055555555556
SITE_003_S0509,SITE_003,2010-02-10T00:00:00.000000Z,2010-02-10T00:00:24.000000Z,0.4,2.236805555555556,2.236805555555556
SITE_003_S0510,SITE_003,2010-02-15T00:08:00.000000Z,2010-02-15T00:08:34.000000Z,0.5666666666666667,7.242361111111111,7.242361111111111
SITE_003_S0511,SITE_003,2010-02-16T00:00:00.000000Z,2010-02-16T00:00:49.000000Z,0.8166666666666667,8.236805555555556,0.2368055555555555
SITE_003_S0512,SITE_003,2010-02-21T00:08:00.000000Z,2010-02-21T00:08:59.000000Z,0.9833333333333332,13.24236111111111,5.242361111111111
SITE_003_S0513,SITE_003,2010-02-22T00:00:00.000000Z,2010-02-22T00:00:24.000000Z,0.4,14.23680555555556,6.236805555555556
SITE_003_S0514,SITE_003,2010-02-27T00:08:00.000000Z,2010-02-27T00:08:34.000000Z,0.5666666666666667,3.242361111111111,3.242361111111111
SITE_003_S0515,SITE_003,2010-02-28T00:00:00.000000Z,2010-02-28T00:00:49.000000Z,0.8166666666666667,4.236805555555556,4.236805555555556
SITE_003_S0516,SITE_003,2010-03-05T00:08:00.000000Z,2010-03-05T00:08:59.000000Z,0.9833333333333332,9.24236111111111,1.242361111111111
SITE_003_S0517,SITE_003,2010-03-06T00:00:00.000000Z,2010-03-06T00:00:23.000000Z,0.3833333333333333,10.23680555555556,2.236805555555556
SITE_003_S0518,SITE_003,2010-03-11T00:08:00.000000Z,2010-03-11T00:08:33.000000Z,0.55,15.24236111111111,7.242361111111111
SITE_003_S0519,SITE_003,2010-03-12T00:00:00.000000Z,2010-03-12T00:00:48.000000Z,0.8,0.2368055555555555,0.2368055555555555
SITE_003_S0520,SITE_003,2010-03-17T00:08:00.000000Z,2010-03-17T00:08:58.000000Z,0.9666666666666668,5.242361111111111,5.242361111111111
SITE_003_S0521,SITE_003,2010-03-18T00:00:00.000000Z,2010-03-18T00:00:23.000000Z,0.3833333333333333,6.236805555555556,6.236805555555556
SITE_003_S0522,SITE_003,2010-03-23T00:08:00.000000Z,2010-03-23T00:08:33.000000Z,0.55,11.24236111111111,3.242361111111111
SITE_003_S0523,SITE_003,2010-03-24T00:00:00.000000Z,2010-03-24T00:00:48.000000Z,0.8,12.23680555555556,4.236805555555556
SITE_004_S0001,SITE_004,2005-03-16T00:00:00.000000Z,2005-03-16T00:00:51.000000Z,0.85,8.565972222222221,0.5659722222222222
SITE_004_S0002,SITE_004,2005-03-28T00:00:00.000000Z,2005-03-28T00:00:51.000000Z,0.85,4.565972222222222,4.565972222222222
SITE_004_S0003,SITE_004,2005-04-09T00:00:00.000000Z,2005-04-09T00:00:52.000000Z,0.8666666666666667,0.5659722222222222,0.5659722222222222
SITE_004_S0004,SITE_004,2005-04-21T00:00:00.000000Z,2005-04-21T00:00:53.000000Z,0.8833333333333333,12.56597222222222,4.565972222222222
SITE_004_S0005,SITE_004,2005-05-03T00:00:00.000000Z,2005-05-03T00:00:53.000000Z,0.8833333333333333,8.565972222222221,0.5659722222222222
SITE_004_S0006,SITE_004,2005-05-15T00:00:00.000000Z,2005-05-15T00:00:54.000000Z,0.9,4.565972222222222,4.565972222222222
SITE_004_S0007,SITE_004,2005-05-27T00:00:00.000000Z,2005-05-27T00:00:55.000000Z,0.9166666666666666,0.5659722222222222,0.5659722222222222
SITE_004_S0008,SITE_004,2005-06-08T00:00:00.000000Z,2005-06-08T00:00:56.000000Z,0.9333333333333332,12.56597222222222,4.565972222222222
SITE_004_S0009,SITE_004,2005-06-20T00:00:00.000000Z,2005-06-20T00:00:56.000000Z,0.9333333333333332,8.565972222222221,0.5659722222222222
SITE_004_S0010,SITE_004,2005-07-02T00:00:00.000000Z,2005-07-02T00:00:57.000000Z,0.95,4.565972222222222,4.565972222222222
SITE_004_S0011,SITE_004,2005-07-14T00:00:00.000000Z,2005-07-14T00:00:57.000000Z,0.95,0.5659722222222222,0.5659722222222222
SITE_004_S0012,SITE_004,2005-07-26T00:00:00.000000Z,2005-07-26T00:00:57.000000Z,0.95,12.56597222222222,4.565972222222222
SITE_004_S0013,SITE_004,2005-08-07T00:00:00.000000Z,2005-08-07T00:00:58.000000Z,0.9666666666666668,8.565972222222221,0.5659722222222222
SITE_004_S0014,SITE_004,2005-08-19T00:00:00.000000Z,2005-08-19T00:00:58.000000Z,0.9666666666666668,4.565972222222222,4.565972222222222
SITE_004_S0015,SITE_004,2005-08-31T00:00:00.000000Z,2005-08-31T00:00:58.000000Z,0.9666666666666668,0.5659722222222222,0.5659722222222222
SITE_004_S0016,SITE_004,2005-09-12T00:00:00.000000Z,2005-09-12T00:00:58.000000Z,0.9666666666666668,12.56597222222222,4.565972222222222
SITE_004_S0017,SITE_004,2005-09-24T00:00:00.000000Z,2005-09-24T00:00:57.000000Z,0.95,8.565972222222221,0.5659722222222222
SITE_004_S0018,SITE_004,2005-10-06T00:00:00.000000Z,2005-10-06T00:00:57.000000Z,0.95,4.565972222222222,4.565972222222222
SITE_004_S0019,SITE_004,2005-10-18T00:00:00.000000Z,2005-10-18T00:00:56.000000Z,0.9333333333333332,0.5659722222222222,0.5659722222222222
SITE_004_S0020,SITE_004,2005-11-11T00:00:00.000000Z,2005-11-11T00:00:56.000000Z,0.9333333333333332,11.56597222222222,3.565972222222222
SITE_004_S0021,SITE_004,2005-11-23T00:00:00.000000Z,2005-11-23T00:00:55.000000Z,0.9166666666666666,7.565972222222222,7.565972222222222
SITE_004_S0022,SITE_004,2005-12-05T00:00:00.000000Z,2005-12-05T00:00:55.000000Z,0.9166666666666666,3.565972222222222,3.565972222222222
SITE_004_S0023,SITE_004,2005-12-17T00:00:00.000000Z,2005-12-17T00:00:55.000000Z,0.9166666666666666,15.56597222222222,7.565972222222222
SITE_004_S0024,SITE_004,2005-12-29T00:00:00.000000Z,2005-12-29T00:00:55.000000Z,0.9166666666666666,11.56597222222222,3.565972222222222
SITE_004_S0025,SITE_004,2006-01-10T00:00:00.000000Z,2006-01-10T00:00:55.000000Z,0.9166666666666666,7.565972222222222,7.565972222222222
SITE_004_S0026,SITE_004,2006-01-22T00:00:00.000000Z,2006-01-22T00:00:55.000000Z,0.9166666666666666,3.565972222222222,3.565972222222222
SITE_004_S0027,SITE_004,2006-02-03T00:00:00.000000Z,2006-02-03T00:00:55.000000Z,0.9166666666666666,15.56597222222222,7.565972222222222
SITE_004_S0028,SITE_004,2006-02-15T00:00:00.000000Z,2006-02-15T00:00:56.000000Z,0.9333333333333332,11.56597222222222,3.565972222222222
SITE_004_S0029,SITE_004,2006-02-27T00:00:00.000000Z,2006-02-27T00:00:56.000000Z,0.9333333333333332,7.565972222222222,7.565972222222222
SITE_004_S0030,SITE_004,2006-03-11T00:00:00.000000Z,2006-03-11T00:00:57.000000Z,0.95,3.565972222222222,3.565972222222222
SITE_004_S0031,SITE_004,2006-03-23T00:00:00.000000Z,2006-03-23T00:00:58.000000Z,0.9666666666666668,15.56597222222222,7.565972222222222
SITE_004_S0032,SITE_004,2006-04-04T00:00:00.000000Z,2006-04-04T00:00:58.000000Z,0.9666666666666668,11.56597222222222,3.565972222222222
SITE_004_S0033,SITE_004,2006-04-16T00:00:00.000000Z,2006-04-16T00:00:59.000000Z,0.9833333333333332,7.565972222222222,7.565972222222222
SITE_004_S0034,SITE_004,2006-05-10T00:01:00.000000Z,2006-05-10T00:01:00.000000Z,0,15.56666666666667,7.566666666666666
SITE_004_S0035,SITE_004,2006-05-22T00:01:00.000000Z,2006-05-22T00:01:01.000000Z,0.0166666666666666,11.56666666666667,3.566666666666667
SITE_004_S0036,SITE_004,2006-06-03T00:01:00.000000Z,2006-06-03T00:01:02.000000Z,0.0333333333333333,7.566666666666666,7.566666666666666
SITE_004_S0037,SITE_004,2006-07-09T00:01:00.000000Z,2006-07-09T00:01:04.000000Z,0.0666666666666666,11.56666666666667,3.566666666666667
SITE_004_S0038,SITE_004,2006-07-21T00:01:00.000000Z,2006-07-21T00:01:04.000000Z,0.0666666666666666,7.566666666666666,7.566666666666666
SITE_004_S0039,SITE_004,2006-08-02T00:01:00.000000Z,2006-08-02T00:01:04.000000Z,0.0666666666666666,3.566666666666667,3.566666666666667
SITE_004_S0040,SITE_004,2006-08-14T00:01:00.000000Z,2006-08-14T00:01:05.000000Z,0.0833333333333333,15.56666666666667,7.566666666666666
SITE_004_S0041,SITE_004,2006-08-26T00:01:00.000000Z,2006-08-26T00:01:05.000000Z,0.0833333333333333,11.56666666666667,3.566666666666667
SITE_004_S0042,SITE_004,2006-09-19T00:01:00.000000Z,2006-09-19T00:01:04.000000Z,0.0666666666666666,3.566666666666667,3.566666666666667
SITE_004_S0043,SITE_004,2006-10-01T00:01:00.000000Z,2006-10-01T00:01:04.000000Z,0.0666666666666666,15.56666666666667,7.566666666666666
SITE_004_S0044,SITE_004,2006-10-13T00:01:00.000000Z,2006-10-13T00:01:03.000000Z,0.05,11.56666666666667,3.566666666666667
SITE_004_S0045,SITE_004,2006-11-06T00:01:00.000000Z,2006-11-06T00:01:02.000000Z,0.0333333333333333,6.566666666666666,6.566666666666666
SITE_004_S0046,SITE_004,2007-01-29T00:01:00.000000Z,2007-01-29T00:01:02.000000Z,0.0333333333333333,10.56666666666667,2.566666666666667
SITE_004_S0047,SITE_004,2007-02-10T00:01:00.000000Z,2007-02-10T00:01:02.000000Z,0.0333333333333333,6.566666666666666,6.566666666666666
SITE_004_S0048,SITE_004,2007-02-22T00:01:00.000000Z,2007-02-22T00:01:02.000000Z,0.0333333333333333,2.566666666666667,2.566666666666667
SITE_004_S0049,SITE_004,2007-11-01T00:01:00.000000Z,2007-11-01T00:01:09.000000Z,0.15,1.566666666666667,1.566666666666667
SITE_004_S0050,SITE_004,2007-11-13T00:01:00.000000Z,2007-11-13T00:01:08.000000Z,0.1333333333333333,13.56666666666667,5.566666666666666
SITE_004_S0051,SITE_004,2007-11-25T00:01:00.000000Z,2007-11-25T00:01:08.000000Z,0.1333333333333333,9.566666666666666,1.566666666666667
SITE_004_S0052,SITE_004,2007-12-07T00:01:00.000000Z,2007-12-07T00:01:08.000000Z,0.1333333333333333,5.566666666666666,5.566666666666666
SITE_004_S0053,SITE_004,2007-12-19T00:01:00.000000Z,2007-12-19T00:01:07.000000Z,0.1166666666666666,1.566666666666667,1.566666666666667
SITE_004_S0054,SITE_004,2007-12-31T00:01:00.000000Z,2007-12-31T00:01:07.000000Z,0.1166666666666666,13.56666666666667,5.566666666666666
SITE_004_S0055,SITE_004,2008-01-12T00:01:00.000000Z,2008-01-12T00:01:07.000000Z,0.1166666666666666,9.566666666666666,1.566666666666667
SITE_004_S0056,SITE_004,2008-01-24T00:01:00.000000Z,2008-01-24T00:01:08.000000Z,0.1333333333333333,5.566666666666666,5.566666666666666
SITE_004_S0057,SITE_004,2008-02-05T00:01:00.000000Z,2008-02-05T00:01:08.000000Z,0.1333333333333333,1.566666666666667,1.566666666666667
SITE_004_S0058,SITE_004,2008-02-17T00:01:00.000000Z,2008-02-17T00:01:08.000000Z,0.1333333333333333,13.56666666666667,5.566666666666666
SITE_004_S0059,SITE_004,2008-02-29T00:01:00.000000Z,2008-02-29T00:01:09.000000Z,0.15,9.566666666666666,1.566666666666667
SITE_004_S0060,SITE_004,2008-03-12T00:01:00.000000Z,2008-03-12T00:01:10.000000Z,0.1666666666666666,5.566666666666666,5.566666666666666
SITE_004_S0061,SITE_004,2008-03-24T00:01:00.000000Z,2008-03-24T00:01:10.000000Z,0.1666666666666666,1.566666666666667,1.566666666666667
SITE_004_S0062,SITE_004,2008-04-05T00:01:00.000000Z,2008-04-05T00:01:11.000000Z,0.1833333333333333,13.56666666666667,5.566666666666666
SITE_004_S0063,SITE_004,2008-04-29T00:01:00.000000Z,2008-04-29T00:01:12.000000Z,0.2,5.566666666666666,5.566666666666666
SITE_004_S0064,SITE_004,2008-05-11T00:01:00.000000Z,2008-05-11T00:01:13.000000Z,0.2166666666666666,1.566666666666667,1.566666666666667
SITE_004_S0065,SITE_004,2008-05-23T00:01:00.000000Z,2008-05-23T00:01:14.000000Z,0.2333333333333333,13.56666666666667,5.566666666666666
SITE_004_S0066,SITE_004,2008-06-04T00:01:00.000000Z,2008-06-04T00:01:14.000000Z,0.2333333333333333,9.566666666666666,1.566666666666667
SITE_004_S0067,SITE_004,2008-06-16T00:01:00.000000Z,2008-06-16T00:01:15.000000Z,0.25,5.566666666666666,5.566666666666666
SITE_004_S0068,SITE_004,2008-06-28T00:01:00.000000Z,2008-06-28T00:01:16.000000Z,0.2666666666666666,1.566666666666667,1.566666666666667
SITE_004_S0069,SITE_004,2008-07-10T00:01:00.000000Z,2008-07-10T00:01:16.000000Z,0.2666666666666666,13.56666666666667,5.566666666666666
SITE_004_S0070,SITE_004,2008-07-22T00:01:00.000000Z,2008-07-22T00:01:17.000000Z,0.2833333333333333,9.566666666666666,1.566666666666667
SITE_004_S0071,SITE_004,2008-08-03T00:01:00.000000Z,2008-08-03T00:01:17.000000Z,0.2833333333333333,5.566666666666666,5.566666666666666
SITE_004_S0072,SITE_004,2008-08-15T00:01:00.000000Z,2008-08-15T00:01:17.000000Z,0.2833333333333333,1.566666666666667,1.566666666666667
SITE_004_S0073,SITE_004,2008-08-27T00:01:00.000000Z,2008-08-27T00:01:17.000000Z,0.2833333333333333,13.56666666666667,5.566666666666666
SITE_004_S0074,SITE_004,2008-09-08T00:01:00.000000Z,2008-09-08T00:01:17.000000Z,0.2833333333333333,9.566666666666666,1.566666666666667
SITE_004_S0075,SITE_004,2008-09-20T00:01:00.000000Z,2008-09-20T00:01:17.000000Z,0.2833333333333333,5.566666666666666,5.566666666666666
SITE_004_S0076,SITE_004,2008-10-02T00:01:00.000000Z,2008-10-02T00:01:16.000000Z,0.2666666666666666,1.566666666666667,1.566666666666667
SITE_004_S0077,SITE_004,2008-10-14T00:01:00.000000Z,2008-10-14T00:01:16.000000Z,0.2666666666666666,13.56666666666667,5.566666666666666
SITE_004_S0078,SITE_004,2008-10-26T00:01:00.000000Z,2008-10-26T00:01:15.000000Z,0.25,9.566666666666666,1.566666666666667
SITE_004_S0079,SITE_004,2008-11-07T00:01:00.000000Z,2008-11-07T00:01:15.000000Z,0.25,7.566666666666666,7.566666666666666
SITE_004_S0080,SITE_004,2008-11-19T00:01:00.000000Z,2008-11-19T00:01:14.000000Z,0.2333333333333333,3.566666666666667,3.566666666666667
SITE_004_S0081,SITE_004,2008-12-01T00:01:00.000000Z,2008-12-01T00:01:14.000000Z,0.2333333333333333,15.56666666666667,7.566666666666666
SITE_004_S0082,SITE_004,2008-12-13T00:01:00.000000Z,2008-12-13T00:01:13.000000Z,0.2166666666666666,11.56666666666667,3.566666666666667
SITE_004_S0083,SITE_004,2008-12-25T00:01:00.000000Z,2008-12-25T00:01:13.000000Z,0.2166666666666666,7.566666666666666,7.566666666666666
SITE_004_S0084,SITE_004,2009-01-06T00:01:00.000000Z,2009-01-06T00:01:13.000000Z,0.2166666666666666,3.566666666666667,3.566666666666667
SITE_004_S0085,SITE_004,2009-01-30T00:01:00.000000Z,2009-01-30T00:01:14.000000Z,0.2333333333333333,11.56666666666667,3.566666666666667
SITE_004_S0086,SITE_004,2009-02-23T00:01:00.000000Z,2009-02-23T00:01:15.000000Z,0.25,3.566666666666667,3.566666666666667
SITE_004_S0087,SITE_004,2009-03-07T00:01:00.000000Z,2009-03-07T00:01:15.000000Z,0.25,15.56666666666667,7.566666666666666
SITE_004_S0088,SITE_004,2009-03-19T00:01:00.000000Z,2009-03-19T00:01:16.000000Z,0.2666666666666666,11.56666666666667,3.566666666666667
SITE_004_S0089,SITE_004,2009-03-31T00:01:00.000000Z,2009-03-31T00:01:16.000000Z,0.2666666666666666,7.566666666666666,7.566666666666666
SITE_004_S0090,SITE_004,2009-04-12T00:01:00.000000Z,2009-04-12T00:01:17.000000Z,0.2833333333333333,3.566666666666667,3.566666666666667
SITE_004_S0091,SITE_004,2009-04-24T00:01:00.000000Z,2009-04-24T00:01:18.000000Z,0.3,15.56666666666667,7.566666666666666
SITE_004_S0092,SITE_004,2009-05-06T00:01:00.000000Z,2009-05-06T00:01:19.000000Z,0.3166666666666666,11.56666666666667,3.566666666666667
SITE_004_S0093,SITE_004,2009-05-18T00:01:00.000000Z,2009-05-18T00:01:19.000000Z,0.3166666666666666,7.566666666666666,7.566666666666666
SITE_004_S0094,SITE_004,2009-05-30T00:01:00.000000Z,2009-05-30T00:01:20.000000Z,0.3333333333333333,3.566666666666667,3.566666666666667
SITE_004_S0095,SITE_004,2009-06-11T00:01:00.000000Z,2009-06-11T00:01:21.000000Z,0.35,15.56666666666667,7.566666666666666
SITE_004_S0096,SITE_004,2009-06-23T00:01:00.000000Z,2009-06-23T00:01:21.000000Z,0.35,11.56666666666667,3.566666666666667
SITE_004_S0097,SITE_004,2009-07-05T00:01:00.000000Z,2009-07-05T00:01:22.000000Z,0.3666666666666666,7.566666666666666,7.566666666666666
SITE_004_S0098,SITE_004,2009-07-17T00:01:00.000000Z,2009-07-17T00:01:22.000000Z,0.3666666666666666,3.566666666666667,3.566666666666667
SITE_004_S0099,SITE_004,2009-08-10T00:01:00.000000Z,2009-08-10T00:01:23.000000Z,0.3833333333333333,11.56666666666667,3.566666666666667
SITE_004_S0100,SITE_004,2009-08-22T00:01:00.000000Z,2009-08-22T00:01:23.000000Z,0.3833333333333333,7.566666666666666,7.566666666666666
SITE_004_S0101,SITE_004,2009-09-03T00:01:00.000000Z,2009-09-03T00:01:23.000000Z,0.3833333333333333,3.566666666666667,3.566666666666667
SITE_004_S0102,SITE_004,2009-11-02T00:01:00.000000Z,2009-11-02T00:01:20.000000Z,0.3333333333333333,2.566666666666667,2.566666666666667
SITE_004_S0103,SITE_004,2009-11-14T00:01:00.000000Z,2009-11-14T00:01:20.000000Z,0.3333333333333333,14.56666666666667,6.566666666666666
SITE_004_S0104,SITE_004,2009-11-26T00:01:00.000000Z,2009-11-26T00:01:19.000000Z,0.3166666666666666,10.56666666666667,2.566666666666667
SITE_004_S0105,SITE_004,2009-12-08T00:01:00.000000Z,2009-12-08T00:01:19.000000Z,0.3166666666666666,6.566666666666666,6.566666666666666
SITE_004_S0106,SITE_004,2009-12-20T00:01:00.000000Z,2009-12-20T00:01:22.000000Z,0.3666666666666666,2.566666666666667,2.566666666666667
SITE_004_S0107,SITE_004,2010-01-01T00:01:00.000000Z,2010-01-01T00:01:22.000000Z,0.3666666666666666,14.56666666666667,6.566666666666666
SITE_004_S0108,SITE_004,2010-01-13T00:01:00.000000Z,2010-01-13T00:01:22.000000Z,0.3666666666666666,10.56666666666667,2.566666666666667
SITE_004_S0109,SITE_004,2010-01-25T00:01:00.000000Z,2010-01-25T00:01:22.000000Z,0.3666666666666666,6.566666666666666,6.566666666666666
SITE_004_S0110,SITE_004,2010-02-06T00:01:00.000000Z,2010-02-06T00:01:20.000000Z,0.3333333333333333,2.566666666666667,2.566666666666667
SITE_004_S0111,SITE_004,2010-02-18T00:01:00.000000Z,2010-02-18T00:01:20.000000Z,0.3333333333333333,14.56666666666667,6.566666666666666
SITE_004_S0112,SITE_004,2010-03-02T00:01:00.000000Z,2010-03-02T00:01:20.000000Z,0.3333333333333333,10.56666666666667,2.566666666666667
SITE_004_S0113,SITE_004,2010-03-14T00:01:00.000000Z,2010-03-14T00:01:22.000000Z,0.3666666666666666,6.566666666666666,6.566666666666666
SITE_004_S0114,SITE_004,2010-03-26T00:01:00.000000Z,2010-03-26T00:01:22.000000Z,0.3666666666666666,2.566666666666667,2.566666666666667
SITE_004_S0115,SITE_004,2010-04-07T00:01:00.000000Z,2010-04-07T00:01:23.000000Z,0.3833333333333333,14.56666666666667,6.566666666666666
SITE_004_S0116,SITE_004,2010-04-19T00:01:00.000000Z,2010-04-19T00:01:24.000000Z,0.4,10.56666666666667,2.566666666666667
SITE_004_S0117,SITE_004,2010-05-01T00:01:00.000000Z,2010-05-01T00:01:25.000000Z,0.4166666666666667,6.566666666666666,6.566666666666666
SITE_004_S0118,SITE_004,2010-05-13T00:01:00.000000Z,2010-05-13T00:01:42.000000Z,0.7,2.566666666666667,2.566666666666667
SITE_004_S0119,SITE_004,2010-05-25T00:01:00.000000Z,2010-05-25T00:01:43.000000Z,0.7166666666666667,14.56666666666667,6.566666666666666
SITE_004_S0120,SITE_004,2010-06-06T00:01:00.000000Z,2010-06-06T00:01:44.000000Z,0.7333333333333333,10.56666666666667,2.566666666666667
SITE_004_S0121,SITE_004,2010-06-18T00:01:00.000000Z,2010-06-18T00:01:45.000000Z,0.75,6.566666666666666,6.566666666666666
SITE_004_S0122,SITE_004,2010-07-12T00:01:00.000000Z,2010-07-12T00:01:46.000000Z,0.7666666666666667,14.56666666666667,6.566666666666666
SITE_004_S0123,SITE_004,2010-07-24T00:01:00.000000Z,2010-07-24T00:01:45.000000Z,0.75,10.56666666666667,2.566666666666667
SITE_004_S0124,SITE_004,2010-08-05T00:01:00.000000Z,2010-08-05T00:01:46.000000Z,0.7666666666666667,6.566666666666666,6.566666666666666
SITE_004_S0125,SITE_004,2010-08-17T00:01:00.000000Z,2010-08-17T00:01:46.000000Z,0.7666666666666667,2.566666666666667,10.56666666666667
SITE_004_S0126,SITE_004,2010-08-29T00:01:00.000000Z,2010-08-29T00:01:46.000000Z,0.7666666666666667,14.56666666666667,6.566666666666666
SITE_004_S0127,SITE_004,2010-09-10T00:01:00.000000Z,2010-09-10T00:01:46.000000Z,0.7666666666666667,10.56666666666667,2.566666666666667
SITE_004_S0128,SITE_004,2010-09-22T00:01:00.000000Z,2010-09-22T00:01:46.000000Z,0.7666666666666667,6.566666666666666,6.566666666666666
SITE_004_S0129,SITE_004,2010-10-04T00:01:00.000000Z,2010-10-04T00:01:45.000000Z,0.75,2.566666666666667,2.566666666666667
SITE_004_S0130,SITE_004,2010-10-16T00:01:00.000000Z,2010-10-16T00:01:44.000000Z,0.7333333333333333,14.56666666666667,6.566666666666666
SITE_004_S0131,SITE_004,2010-10-28T00:01:00.000000Z,2010-10-28T00:01:44.000000Z,0.7333333333333333,10.56666666666667,2.566666666666667
SITE_004_S0132,SITE_004,2010-11-09T00:01:00.000000Z,2010-11-09T00:01:43.000000Z,0.7166666666666667,9.566666666666666,1.566666666666667
SITE_004_S0133,SITE_004,2010-12-03T00:01:00.000000Z,2010-12-03T00:01:42.000000Z,0.7,1.566666666666667,1.566666666666667
SITE_004_S0134,SITE_004,2010-12-15T00:01:00.000000Z,2010-12-15T00:01:42.000000Z,0.7,13.56666666666667,5.566666666666666
SITE_004_S0135,SITE_004,2010-12-27T00:01:00.000000Z,2010-12-27T00:01:42.000000Z,0.7,9.566666666666666,1.566666666666667
SITE_004_S0136,SITE_004,2011-01-08T00:01:00.000000Z,2011-01-08T00:01:42.000000Z,0.7,5.566666666666666,5.566666666666666
SITE_004_S0137,SITE_004,2011-01-20T00:01:00.000000Z,2011-01-20T00:01:42.000000Z,0.7,1.566666666666667,1.566666666666667
SITE_004_S0138,SITE_004,2011-02-01T00:01:00.000000Z,2011-02-01T00:01:42.000000Z,0.7,13.56666666666667,5.566666666666666
SITE_004_S0139,SITE_004,2011-02-13T00:01:00.000000Z,2011-02-13T00:01:43.000000Z,0.7166666666666667,9.566666666666666,1.566666666666667
SITE_004_S0140,SITE_004,2011-02-25T00:01:00.000000Z,2011-02-25T00:01:43.000000Z,0.7166666666666667,5.566666666666666,5.566666666666666
SITE_004_S0141,SITE_004,2011-03-09T00:01:00.000000Z,2011-03-09T00:01:44.000000Z,0.7333333333333333,1.566666666666667,1.566666666666667
SITE_004_S0142,SITE_004,2011-03-21T00:01:00.000000Z,2011-03-21T00:01:44.000000Z,0.7333333333333333,13.56666666666667,5.566666666666666
SITE_004_S0143,SITE_004,2011-04-02T00:01:00.000000Z,2011-04-02T00:01:45.000000Z,0.75,9.566666666666666,1.566666666666667
SITE_004_S0144,SITE_004,2011-04-14T00:01:00.000000Z,2011-04-14T00:01:46.000000Z,0.7666666666666667,5.566666666666666,5.566666666666666
SITE_004_S0145,SITE_004,2011-04-26T00:01:00.000000Z,2011-04-26T00:01:46.000000Z,0.7666666666666667,1.566666666666667,1.566666666666667
SITE_004_S0146,SITE_004,2011-05-08T00:01:00.000000Z,2011-05-08T00:01:47.000000Z,0.7833333333333333,13.56666666666667,5.566666666666666
SITE_004_S0147,SITE_004,2011-05-20T00:01:00.000000Z,2011-05-20T00:01:48.000000Z,0.8,9.566666666666666,1.566666666666667
SITE_004_S0148,SITE_004,2011-06-13T00:01:00.000000Z,2011-06-13T00:01:49.000000Z,0.8166666666666667,1.566666666666667,1.566666666666667
SITE_004_S0149,SITE_004,2011-07-07T00:01:00.000000Z,2011-07-07T00:01:50.000000Z,0.8333333333333334,9.566666666666666,1.566666666666667
SITE_004_S0150,SITE_004,2011-07-19T00:01:00.000000Z,2011-07-19T00:01:51.000000Z,0.85,5.566666666666666,5.566666666666666
SITE_004_S0151,SITE_004,2011-07-31T00:01:00.000000Z,2011-07-31T00:01:51.000000Z,0.85,1.566666666666667,1.566666666666667
SITE_004_S0152,SITE_004,2011-08-12T00:01:00.000000Z,2011-08-12T00:01:51.000000Z,0.85,13.56666666666667,5.566666666666666
SITE_004_S0153,SITE_004,2011-08-24T00:01:00.000000Z,2011-08-24T00:01:51.000000Z,0.85,9.566666666666666,1.566666666666667
SITE_004_S0154,SITE_004,2011-09-05T00:01:00.000000Z,2011-09-05T00:01:51.000000Z,0.85,5.566666666666666,5.566666666666666
SITE_004_S0155,SITE_004,2011-09-17T00:01:00.000000Z,2011-09-17T00:01:51.000000Z,0.85,1.566666666666667,1.566666666666667
SITE_004_S0156,SITE_004,2011-09-29T00:01:00.000000Z,2011-09-29T00:01:50.000000Z,0.8333333333333334,13.56666666666667,5.566666666666666
SITE_004_S0157,SITE_004,2011-10-23T00:01:00.000000Z,2011-10-23T00:01:49.000000Z,0.8166666666666667,5.566666666666666,5.566666666666666
SITE_004_S0158,SITE_004,2011-11-04T00:01:00.000000Z,2011-11-04T00:01:48.000000Z,0.8,4.566666666666666,4.566666666666666
SITE_004_S0159,SITE_004,2011-11-16T00:01:00.000000Z,2011-11-16T00:01:47.000000Z,0.7833333333333333,0.5666666666666667,0.5666666666666667
SITE_004_S0160,SITE_004,2011-12-10T00:01:00.000000Z,2011-12-10T00:01:47.000000Z,0.7833333333333333,8.566666666666666,0.5666666666666667
SITE_004_S0161,SITE_004,2012-01-03T00:01:00.000000Z,2012-01-03T00:01:47.000000Z,0.7833333333333333,0.5666666666666667,0.5666666666666667
SITE_004_S0162,SITE_004,2012-01-15T00:01:00.000000Z,2012-01-15T00:01:47.000000Z,0.7833333333333333,12.56666666666667,4.566666666666666
SITE_004_S0163,SITE_004,2012-01-27T00:01:00.000000Z,2012-01-27T00:01:47.000000Z,0.7833333333333333,8.566666666666666,0.5666666666666667
SITE_004_S0164,SITE_004,2012-02-20T00:01:00.000000Z,2012-02-20T00:01:48.000000Z,0.8,0.5666666666666667,0.5666666666666667
SITE_004_S0165,SITE_004,2012-03-27T00:01:00.000000Z,2012-03-27T00:01:48.000000Z,0.8,4.566666666666666,4.566666666666666
SITE_004_S0166,SITE_004,2012-04-08T00:01:00.000000Z,2012-04-08T00:01:47.000000Z,0.7833333333333333,0.5666666666666667,0.5666666666666667
SITE_004_S0167,SITE_004,2012-04-20T00:01:00.000000Z,2012-04-20T00:01:47.000000Z,0.7833333333333333,12.56666666666667,4.566666666666666
SITE_004_S0168,SITE_004,2012-05-14T00:01:00.000000Z,2012-05-14T00:01:46.000000Z,0.7666666666666667,4.566666666666666,4.566666666666666
SITE_004_S0169,SITE_004,2012-05-26T00:01:00.000000Z,2012-05-26T00:01:45.000000Z,0.75,0.5666666666666667,0.5666666666666667
SITE_004_S0170,SITE_004,2012-06-07T00:01:00.000000Z,2012-06-07T00:01:46.000000Z,0.7666666666666667,12.56666666666667,4.566666666666666
SITE_004_S0171,SITE_004,2012-06-19T00:01:00.000000Z,2012-06-19T00:01:46.000000Z,0.7666666666666667,8.566666666666666,0.5666666666666667
SITE_004_S0172,SITE_004,2012-07-01T00:01:00.000000Z,2012-07-01T00:01:46.000000Z,0.7666666666666667,4.566666666666666,4.566666666666666
SITE_004_S0173,SITE_004,2012-07-25T00:01:00.000000Z,2012-07-25T00:01:47.000000Z,0.7833333333333333,12.56666666666667,4.566666666666666
SITE_004_S0174,SITE_004,2012-08-18T00:01:00.000000Z,2012-08-18T00:01:47.000000Z,0.7833333333333333,4.566666666666666,4.566666666666666
SITE_004_S0175,SITE_004,2012-08-30T00:01:00.000000Z,2012-08-30T00:01:47.000000Z,0.7833333333333333,0.5666666666666667,0.5666666666666667
SITE_004_S0176,SITE_004,2012-09-11T00:01:00.000000Z,2012-09-11T00:01:47.000000Z,0.7833333333333333,12.56666666666667,4.566666666666666
SITE_004_S0177,SITE_004,2012-09-23T00:01:00.000000Z,2012-09-23T00:01:46.000000Z,0.7666666666666667,8.566666666666666,0.5666666666666667
SITE_004_S0178,SITE_004,2012-10-17T00:01:00.000000Z,2012-10-17T00:01:44.000000Z,0.7333333333333333,0.5666666666666667,0.5666666666666667
SITE_004_S0179,SITE_004,2012-10-29T00:01:00.000000Z,2012-10-29T00:01:43.000000Z,0.7166666666666667,12.56666666666667,4.566666666666666
SITE_004_S0180,SITE_004,2012-12-16T00:01:00.000000Z,2012-12-16T00:01:40.000000Z,0.6666666666666666,14.56666666666667,6.566666666666666
SITE_004_S0181,SITE_004,2013-01-21T00:01:00.000000Z,2013-01-21T00:01:40.000000Z,0.6666666666666666,2.566666666666667,2.566666666666667
SITE_004_S0182,SITE_004,2013-02-14T00:01:00.000000Z,2013-02-14T00:01:40.000000Z,0.6666666666666666,10.56666666666667,2.566666666666667
SITE_004_S0183,SITE_004,2013-02-26T00:01:00.000000Z,2013-02-26T00:01:41.000000Z,0.6833333333333333,6.566666666666666,6.566666666666666
SITE_004_S0184,SITE_004,2013-04-03T00:01:00.000000Z,2013-04-03T00:01:39.000000Z,0.65,10.56666666666667,2.566666666666667
SITE_004_S0185,SITE_004,2013-04-15T00:01:00.000000Z,2013-04-15T00:01:39.000000Z,0.65,6.566666666666666,6.566666666666666
SITE_004_S0186,SITE_004,2013-04-27T00:01:00.000000Z,2013-04-27T00:01:38.000000Z,0.6333333333333333,2.566666666666667,2.566666666666667
SITE_004_S0187,SITE_004,2013-05-09T00:01:00.000000Z,2013-05-09T00:01:38.000000Z,0.6333333333333333,14.56666666666667,6.566666666666666
SITE_004_S0188,SITE_004,2013-06-02T00:01:00.000000Z,2013-06-02T00:01:37.000000Z,0.6166666666666667,6.566666666666666,6.566666666666666
SITE_004_S0189,SITE_004,2013-06-14T00:01:00.000000Z,2013-06-14T00:01:37.000000Z,0.6166666666666667,2.566666666666667,2.566666666666667
SITE_004_S0190,SITE_004,2013-06-26T00:01:00.000000Z,2013-06-26T00:01:37.000000Z,0.6166666666666667,14.56666666666667,6.566666666666666
SITE_004_S0191,SITE_004,2013-07-08T00:01:00.000000Z,2013-07-08T00:01:37.000000Z,0.6166666666666667,10.56666666666667,2.566666666666667
SITE_004_S0192,SITE_004,2013-07-20T00:01:00.000000Z,2013-07-20T00:01:38.000000Z,0.6333333333333333,6.566666666666666,6.566666666666666
SITE_004_S0193,SITE_004,2013-08-01T00:01:00.000000Z,2013-08-01T00:01:38.000000Z,0.6333333333333333,2.566666666666667,2.566666666666667
SITE_004_S0194,SITE_004,2013-08-25T00:01:00.000000Z,2013-08-25T00:01:38.000000Z,0.6333333333333333,10.56666666666667,2.566666666666667
SITE_004_S0195,SITE_004,2013-09-06T00:01:00.000000Z,2013-09-06T00:01:37.000000Z,0.6166666666666667,6.566666666666666,6.566666666666666
SITE_004_S0196,SITE_004,2013-09-18T00:01:00.000000Z,2013-09-18T00:01:37.000000Z,0.6166666666666667,2.566666666666667,2.566666666666667
SITE_004_S0197,SITE_004,2013-09-30T00:01:00.000000Z,2013-09-30T00:01:36.000000Z,0.6,14.56666666666667,6.566666666666666
SITE_005_S0001,SITE_005,2008-08-18T00:00:00.000000Z,2008-08-18T00:00:03.360000Z,0.056,1.205555555555555,1.205555555555555
SITE_005_S0002,SITE_005,2008-08-24T23:51:00.000000Z,2008-08-24T23:51:47.410000Z,0.7901666666666667,8.199305555555556,0.1993055555555555
SITE_005_S0003,SITE_005,2008-08-30T00:00:00.000000Z,2008-08-30T00:00:04.210000Z,0.0701666666666666,13.20555555555556,5.205555555555556
SITE_005_S0004,SITE_005,2008-09-05T23:51:00.000000Z,2008-09-05T23:51:48.470000Z,0.8078333333333333,4.199305555555555,4.199305555555555
SITE_005_S0005,SITE_005,2008-09-29T23:51:00.000000Z,2008-09-29T23:51:48.760000Z,0.8126666666666666,12.19930555555556,4.199305555555555
SITE_005_S0006,SITE_005,2008-10-05T00:00:00.000000Z,2008-10-05T00:00:05.290000Z,0.0881666666666666,1.205555555555555,1.205555555555555
SITE_005_S0007,SITE_005,2008-10-23T23:51:00.000000Z,2008-10-23T23:51:50.080000Z,0.8346666666666667,4.199305555555555,4.199305555555555
SITE_005_S0008,SITE_005,2008-10-29T00:00:00.000000Z,2008-10-29T00:00:06.650000Z,0.1108333333333333,9.205555555555556,1.205555555555555
SITE_005_S0009,SITE_005,2008-11-04T23:51:00.000000Z,2008-11-04T23:51:50.600000Z,0.8433333333333334,0.1993055555555555,0.1993055555555555
SITE_005_S0010,SITE_005,2008-11-10T00:00:00.000000Z,2008-11-10T00:00:06.940000Z,0.1156666666666666,5.205555555555556,5.205555555555556
SITE_005_S0011,SITE_005,2008-11-16T23:51:00.000000Z,2008-11-16T23:51:51.040000Z,0.8506666666666667,12.19930555555556,4.199305555555555
SITE_005_S0012,SITE_005,2008-11-22T00:00:00.000000Z,2008-11-22T00:00:07.420000Z,0.1236666666666666,1.205555555555555,1.205555555555555
SITE_005_S0013,SITE_005,2008-12-04T00:00:00.000000Z,2008-12-04T00:00:07.780000Z,0.1296666666666666,13.20555555555556,5.205555555555556
SITE_005_S0014,SITE_005,2008-12-10T23:51:00.000000Z,2008-12-10T23:51:51.600000Z,0.86,4.199305555555555,4.199305555555555
SITE_005_S0015,SITE_005,2008-12-28T00:00:00.000000Z,2008-12-28T00:00:07.850000Z,0.1308333333333333,5.205555555555556,5.205555555555556
SITE_005_S0016,SITE_005,2009-07-20T00:00:00.000000Z,2009-07-20T00:00:05.000000Z,0.0833333333333333,4.205555555555556,4.205555555555556
SITE_005_S0017,SITE_005,2009-07-26T23:51:00.000000Z,2009-07-26T23:51:37.640000Z,0.6273333333333333,11.19930555555556,3.199305555555556
SITE_005_S0018,SITE_005,2009-08-01T00:00:00.000000Z,2009-08-01T00:00:05.490000Z,0.0915,0.2055555555555555,0.2055555555555555
SITE_005_S0019,SITE_005,2009-08-07T23:51:00.000000Z,2009-08-07T23:51:57.010000Z,0.9501666666666668,7.199305555555555,7.199305555555555
SITE_005_S0020,SITE_005,2009-08-13T00:00:00.000000Z,2009-08-13T00:00:09.000000Z,0.15,12.20555555555556,4.205555555555556
SITE_005_S0021,SITE_005,2009-09-12T23:51:00.000000Z,2009-09-12T23:51:59.170000Z,0.9861666666666666,11.19930555555556,3.199305555555556
SITE_005_S0022,SITE_005,2009-10-24T00:00:00.000000Z,2009-10-24T00:00:13.000000Z,0.2166666666666666,4.205555555555556,4.205555555555556
SITE_005_S0023,SITE_005,2009-10-30T23:52:00.000000Z,2009-10-30T23:52:01.720000Z,0.0286666666666666,11.2,3.2
SITE_005_S0024,SITE_005,2009-11-11T23:52:00.000000Z,2009-11-11T23:52:02.050000Z,0.0341666666666666,7.2,7.2
SITE_005_S0025,SITE_005,2009-11-17T00:00:00.000000Z,2009-11-17T00:00:13.950000Z,0.2325,12.20555555555556,4.205555555555556
SITE_005_S0026,SITE_005,2009-11-23T23:52:00.000000Z,2009-11-23T23:52:02.560000Z,0.0426666666666666,3.2,3.2
SITE_005_S0027,SITE_005,2009-11-29T00:00:00.000000Z,2009-11-29T00:00:14.420000Z,0.2403333333333333,8.205555555555556,0.2055555555555555
SITE_005_S0028,SITE_005,2009-12-04T23:59:00.000000Z,2009-12-04T23:59:29.840000Z,0.4973333333333333,14.20486111111111,6.204861111111111
SITE_005_S0029,SITE_005,2009-12-05T23:52:00.000000Z,2009-12-05T23:52:02.000000Z,0.0333333333333333,15.2,7.2
SITE_005_S0030,SITE_005,2009-12-06T23:43:00.000000Z,2009-12-06T23:43:02.000000Z,0.0333333333333333,0.19375,0.19375
SITE_005_S0031,SITE_005,2009-12-11T00:00:00.000000Z,2009-12-11T00:00:14.000000Z,0.2333333333333333,4.205555555555556,4.205555555555556
SITE_005_S0032,SITE_005,2009-12-11T23:51:00.000000Z,2009-12-11T23:51:18.130000Z,0.3021666666666666,5.199305555555555,5.199305555555555
SITE_005_S0033,SITE_005,2009-12-16T23:59:00.000000Z,2009-12-16T23:59:29.000000Z,0.4833333333333333,10.20486111111111,2.204861111111111
SITE_005_S0034,SITE_005,2009-12-17T23:52:00.000000Z,2009-12-17T23:52:02.000000Z,0.0333333333333333,11.2,3.2
SITE_005_S0035,SITE_005,2009-12-18T23:43:00.000000Z,2009-12-18T23:43:02.780000Z,0.0463333333333333,12.19375,4.19375
SITE_005_S0036,SITE_005,2009-12-23T00:00:00.000000Z,2009-12-23T00:00:14.000000Z,0.2333333333333333,0.2055555555555555,0.2055555555555555
SITE_005_S0037,SITE_005,2009-12-23T23:51:00.000000Z,2009-12-23T23:51:18.170000Z,0.3028333333333333,1.199305555555556,1.199305555555556
SITE_005_S0038,SITE_005,2009-12-28T23:59:00.000000Z,2009-12-28T23:59:29.690000Z,0.4948333333333333,6.204861111111111,6.204861111111111
SITE_005_S0039,SITE_005,2009-12-29T23:52:00.000000Z,2009-12-29T23:52:02.000000Z,0.0333333333333333,7.2,7.2
SITE_005_S0040,SITE_005,2009-12-30T23:43:00.000000Z,2009-12-30T23:43:02.660000Z,0.0443333333333333,8.19375,0.19375
SITE_005_S0041,SITE_005,2010-01-10T23:52:00.000000Z,2010-01-10T23:52:02.890000Z,0.0481666666666666,3.2,3.2
SITE_005_S0042,SITE_005,2010-08-01T23:59:00.000000Z,2010-08-01T23:59:28.000000Z,0.4666666666666667,0.2048611111111111,0.2048611111111111
SITE_005_S0043,SITE_005,2010-08-07T23:59:00.000000Z,2010-08-07T23:59:58.000000Z,0.9666666666666668,6.204861111111111,6.204861111111111
SITE_005_S0044,SITE_005,2010-08-08T23:51:00.000000Z,2010-08-08T23:51:06.000000Z,0.1,7.199305555555555,7.199305555555555
SITE_005_S0045,SITE_005,2010-08-09T23:43:00.000000Z,2010-08-09T23:43:52.000000Z,0.8666666666666667,8.19375,0.19375
SITE_005_S0046,SITE_005,2010-08-13T23:59:00.000000Z,2010-08-13T23:59:18.000000Z,0.3,12.20486111111111,4.204861111111111
SITE_005_S0047,SITE_005,2010-08-14T23:52:00.000000Z,2010-08-14T23:52:03.000000Z,0.05,13.2,5.2
SITE_005_S0048,SITE_005,2010-08-15T23:42:00.000000Z,2010-08-15T23:42:54.000000Z,0.9,14.19305555555556,6.193055555555556
SITE_005_S0049,SITE_005,2010-08-20T00:00:00.000000Z,2010-08-20T00:00:12.000000Z,0.2,2.205555555555556,2.205555555555556
SITE_005_S0050,SITE_005,2010-08-20T23:51:00.000000Z,2010-08-20T23:51:07.000000Z,0.1166666666666666,3.199305555555556,3.199305555555556
SITE_005_S0051,SITE_005,2010-08-21T23:43:00.000000Z,2010-08-21T23:43:53.000000Z,0.8833333333333333,4.19375,4.19375
SITE_005_S0052,SITE_005,2010-08-25T23:59:00.000000Z,2010-08-25T23:59:19.000000Z,0.3166666666666666,8.20486111111111,0.2048611111111111
SITE_005_S0053,SITE_005,2010-08-26T23:52:00.000000Z,2010-08-26T23:52:03.000000Z,0.05,9.2,1.2
SITE_005_S0054,SITE_005,2010-08-27T23:42:00.000000Z,2010-08-27T23:42:55.000000Z,0.9166666666666666,10.19305555555556,2.193055555555556
SITE_005_S0055,SITE_005,2010-09-01T00:00:00.000000Z,2010-09-01T00:00:12.000000Z,0.2,14.20555555555556,6.205555555555556
SITE_005_S0056,SITE_005,2010-09-01T23:51:00.000000Z,2010-09-01T23:51:08.000000Z,0.1333333333333333,15.19930555555556,7.199305555555555
SITE_005_S0057,SITE_005,2010-09-02T23:43:00.000000Z,2010-09-02T23:43:54.000000Z,0.9,0.19375,0.19375
SITE_005_S0058,SITE_005,2010-09-06T23:59:00.000000Z,2010-09-06T23:59:20.000000Z,0.3333333333333333,4.204861111111111,4.204861111111111
SITE_005_S0059,SITE_005,2010-09-07T23:52:00.000000Z,2010-09-07T23:52:04.000000Z,0.0666666666666666,5.2,5.2
SITE_005_S0060,SITE_005,2010-09-08T23:42:00.000000Z,2010-09-08T23:42:55.000000Z,0.9166666666666666,6.193055555555556,6.193055555555556
SITE_005_S0061,SITE_005,2010-09-13T00:00:00.000000Z,2010-09-13T00:00:13.000000Z,0.2166666666666666,10.20555555555556,2.205555555555556
SITE_005_S0062,SITE_005,2010-09-13T23:51:00.000000Z,2010-09-13T23:51:08.000000Z,0.1333333333333333,11.19930555555556,3.199305555555556
SITE_005_S0063,SITE_005,2010-09-14T23:43:00.000000Z,2010-09-14T23:43:54.000000Z,0.9,12.19375,4.19375
SITE_005_S0064,SITE_005,2010-09-18T23:59:00.000000Z,2010-09-18T23:59:20.000000Z,0.3333333333333333,0.2048611111111111,0.2048611111111111
SITE_005_S0065,SITE_005,2010-09-19T23:52:00.000000Z,2010-09-19T23:52:05.000000Z,0.0833333333333333,1.2,1.2
SITE_005_S0066,SITE_005,2010-09-20T23:42:00.000000Z,2010-09-20T23:42:56.000000Z,0.9333333333333332,2.193055555555556,2.193055555555556
SITE_005_S0067,SITE_005,2010-09-25T23:51:00.000000Z,2010-09-25T23:51:09.000000Z,0.15,7.199305555555555,7.199305555555555
SITE_005_S0068,SITE_005,2010-09-30T23:59:00.000000Z,2010-09-30T23:59:21.000000Z,0.35,12.20486111111111,4.204861111111111
SITE_005_S0069,SITE_005,2010-10-01T23:52:00.000000Z,2010-10-01T23:52:05.000000Z,0.0833333333333333,13.2,5.2
SITE_005_S0070,SITE_005,2010-10-02T23:42:00.000000Z,2010-10-02T23:42:57.000000Z,0.95,14.19305555555556,6.193055555555556
SITE_005_S0071,SITE_005,2010-10-07T00:00:00.000000Z,2010-10-07T00:00:15.000000Z,0.25,2.205555555555556,2.205555555555556
SITE_005_S0072,SITE_005,2010-10-07T23:51:00.000000Z,2010-10-07T23:51:10.000000Z,0.1666666666666666,3.199305555555556,3.199305555555556
SITE_005_S0073,SITE_005,2010-10-12T23:59:00.000000Z,2010-10-12T23:59:22.000000Z,0.3666666666666666,8.20486111111111,0.2048611111111111
SITE_005_S0074,SITE_005,2010-10-13T23:52:00.000000Z,2010-10-13T23:52:06.000000Z,0.1,9.2,1.2
SITE_005_S0075,SITE_005,2010-10-14T23:42:00.000000Z,2010-10-14T23:42:58.000000Z,0.9666666666666668,10.19305555555556,2.193055555555556
SITE_005_S0076,SITE_005,2010-10-19T00:00:00.000000Z,2010-10-19T00:00:15.000000Z,0.25,14.20555555555556,6.205555555555556
SITE_005_S0077,SITE_005,2010-10-19T23:51:00.000000Z,2010-10-19T23:51:10.000000Z,0.1666666666666666,15.19930555555556,7.199305555555555
SITE_005_S0078,SITE_005,2010-10-24T23:59:00.000000Z,2010-10-24T23:59:22.000000Z,0.3666666666666666,4.204861111111111,4.204861111111111
SITE_005_S0079,SITE_005,2010-10-26T23:42:00.000000Z,2010-10-26T23:42:58.000000Z,0.9666666666666668,6.193055555555556,6.193055555555556
SITE_005_S0080,SITE_005,2010-10-31T00:00:00.000000Z,2010-10-31T00:00:16.000000Z,0.2666666666666666,10.20555555555556,2.205555555555556
SITE_005_S0081,SITE_005,2010-10-31T23:51:00.000000Z,2010-10-31T23:51:11.000000Z,0.1833333333333333,11.19930555555556,3.199305555555556
SITE_005_S0082,SITE_005,2010-11-05T23:59:00.000000Z,2010-11-05T23:59:23.000000Z,0.3833333333333333,0.2048611111111111,0.2048611111111111
SITE_005_S0083,SITE_005,2010-11-06T23:52:00.000000Z,2010-11-06T23:52:07.000000Z,0.1166666666666666,1.2,1.2
SITE_005_S0084,SITE_005,2010-11-07T23:42:00.000000Z,2010-11-07T23:42:59.000000Z,0.9833333333333332,2.193055555555556,2.193055555555556
SITE_005_S0085,SITE_005,2010-11-12T00:00:00.000000Z,2010-11-12T00:00:16.000000Z,0.2666666666666666,6.205555555555556,6.205555555555556
SITE_005_S0086,SITE_005,2010-11-12T23:51:00.000000Z,2010-11-12T23:51:11.000000Z,0.1833333333333333,7.199305555555555,7.199305555555555
SITE_005_S0087,SITE_005,2010-11-17T23:59:00.000000Z,2010-11-17T23:59:23.000000Z,0.3833333333333333,12.20486111111111,4.204861111111111
SITE_005_S0088,SITE_005,2010-11-18T23:52:00.000000Z,2010-11-18T23:52:08.000000Z,0.1333333333333333,13.2,5.2
SITE_005_S0089,SITE_005,2010-11-19T23:42:00.000000Z,2010-11-19T23:42:59.000000Z,0.9833333333333332,14.19305555555556,6.193055555555556
SITE_005_S0090,SITE_005,2010-11-24T00:00:00.000000Z,2010-11-24T00:00:17.000000Z,0.2833333333333333,2.205555555555556,2.205555555555556
SITE_005_S0091,SITE_005,2010-11-24T23:51:00.000000Z,2010-11-24T23:51:12.000000Z,0.2,3.199305555555556,3.199305555555556
SITE_005_S0092,SITE_005,2010-11-25T23:43:00.000000Z,2010-11-25T23:43:58.000000Z,0.9666666666666668,4.19375,4.19375
SITE_005_S0093,SITE_005,2010-11-29T23:59:00.000000Z,2010-11-29T23:59:24.000000Z,0.4,8.20486111111111,0.2048611111111111
SITE_005_S0094,SITE_005,2010-12-01T23:43:00.000000Z,2010-12-01T23:43:00.000000Z,0,10.19375,2.19375
SITE_005_S0095,SITE_005,2010-12-06T00:00:00.000000Z,2010-12-06T00:00:17.000000Z,0.2833333333333333,14.20555555555556,6.205555555555556
SITE_005_S0096,SITE_005,2010-12-06T23:51:00.000000Z,2010-12-06T23:51:12.000000Z,0.2,15.19930555555556,7.199305555555555
SITE_005_S0097,SITE_005,2010-12-11T23:59:00.000000Z,2010-12-11T23:59:24.000000Z,0.4,4.204861111111111,4.204861111111111
SITE_005_S0098,SITE_005,2010-12-18T00:00:00.000000Z,2010-12-18T00:00:17.000000Z,0.2833333333333333,10.20555555555556,2.205555555555556
SITE_005_S0099,SITE_005,2010-12-18T23:51:00.000000Z,2010-12-18T23:51:13.000000Z,0.2166666666666666,11.19930555555556,3.199305555555556
SITE_005_S0100,SITE_005,2010-12-19T23:43:00.000000Z,2010-12-19T23:43:58.000000Z,0.9666666666666668,12.19375,4.19375
SITE_005_S0101,SITE_005,2010-12-23T23:59:00.000000Z,2010-12-23T23:59:24.000000Z,0.4,0.2048611111111111,0.2048611111111111
SITE_005_S0102,SITE_005,2010-12-24T23:52:00.000000Z,2010-12-24T23:52:08.000000Z,0.1333333333333333,1.2,1.2
SITE_005_S0103,SITE_005,2010-12-25T23:43:00.000000Z,2010-12-25T23:43:00.000000Z,0,2.19375,2.19375
SITE_005_S0104,SITE_005,2011-07-22T00:00:00.000000Z,2011-07-22T00:00:16.000000Z,0.2666666666666666,5.205555555555556,5.205555555555556
SITE_005_S0105,SITE_005,2011-07-22T23:51:00.000000Z,2011-07-22T23:51:12.000000Z,0.2,6.199305555555555,6.199305555555555
SITE_005_S0106,SITE_005,2011-07-23T23:43:00.000000Z,2011-07-23T23:43:58.000000Z,0.9666666666666668,7.19375,7.19375
SITE_005_S0107,SITE_005,2011-07-27T23:59:00.000000Z,2011-07-27T23:59:24.000000Z,0.4,11.20486111111111,3.204861111111111
SITE_005_S0108,SITE_005,2011-07-28T23:52:00.000000Z,2011-07-28T23:52:08.000000Z,0.1333333333333333,12.2,4.2
SITE_005_S0109,SITE_005,2011-07-29T23:42:00.000000Z,2011-07-29T23:42:59.000000Z,0.9833333333333332,13.19305555555556,5.193055555555556
SITE_005_S0110,SITE_005,2011-08-03T00:00:00.000000Z,2011-08-03T00:00:17.000000Z,0.2833333333333333,1.205555555555555,1.205555555555555
SITE_005_S0111,SITE_005,2011-08-03T23:51:00.000000Z,2011-08-03T23:51:12.000000Z,0.2,2.199305555555556,2.199305555555556
SITE_005_S0112,SITE_005,2011-08-04T23:43:00.000000Z,2011-08-04T23:43:58.000000Z,0.9666666666666668,3.19375,3.19375
SITE_005_S0113,SITE_005,2011-08-08T23:59:00.000000Z,2011-08-08T23:59:24.000000Z,0.4,7.204861111111111,7.204861111111111
SITE_005_S0114,SITE_005,2011-08-10T23:43:00.000000Z,2011-08-10T23:43:00.000000Z,0,9.19375,1.19375
SITE_005_S0115,SITE_005,2011-08-15T00:00:00.000000Z,2011-08-15T00:00:18.000000Z,0.3,13.20555555555556,5.205555555555556
SITE_005_S0116,SITE_005,2011-08-15T23:51:00.000000Z,2011-08-15T23:51:13.000000Z,0.2166666666666666,14.19930555555556,6.199305555555555
SITE_005_S0117,SITE_005,2011-08-16T23:43:00.000000Z,2011-08-16T23:43:59.000000Z,0.9833333333333332,15.19375,7.19375
SITE_005_S0118,SITE_005,2011-08-20T23:59:00.000000Z,2011-08-20T23:59:25.000000Z,0.4166666666666667,3.204861111111111,3.204861111111111
SITE_005_S0119,SITE_005,2011-08-21T23:52:00.000000Z,2011-08-21T23:52:09.000000Z,0.15,4.2,4.2
SITE_005_S0120,SITE_005,2011-08-22T23:43:00.000000Z,2011-08-22T23:43:01.000000Z,0.0166666666666666,5.19375,5.19375
SITE_005_S0121,SITE_005,2011-08-27T00:00:00.000000Z,2011-08-27T00:00:19.000000Z,0.3166666666666666,9.205555555555556,1.205555555555555
SITE_005_S0122,SITE_005,2011-08-27T23:51:00.000000Z,2011-08-27T23:51:14.000000Z,0.2333333333333333,10.19930555555556,2.199305555555556
SITE_005_S0123,SITE_005,2011-08-28T23:44:00.000000Z,2011-08-28T23:44:00.000000Z,0,11.19444444444444,3.194444444444445
SITE_005_S0124,SITE_005,2011-09-01T23:59:00.000000Z,2011-09-01T23:59:26.000000Z,0.4333333333333333,15.20486111111111,7.204861111111111
SITE_005_S0125,SITE_005,2011-09-02T23:52:00.000000Z,2011-09-02T23:52:10.000000Z,0.1666666666666666,0.2,0.2
SITE_005_S0126,SITE_005,2011-09-03T23:43:00.000000Z,2011-09-03T23:43:02.000000Z,0.0333333333333333,1.19375,1.19375
SITE_005_S0127,SITE_005,2011-09-08T00:00:00.000000Z,2011-09-08T00:00:19.000000Z,0.3166666666666666,5.205555555555556,5.205555555555556
SITE_005_S0128,SITE_005,2011-09-08T23:51:00.000000Z,2011-09-08T23:51:15.000000Z,0.25,6.199305555555555,6.199305555555555
SITE_005_S0129,SITE_005,2011-09-09T23:44:00.000000Z,2011-09-09T23:44:00.000000Z,0,7.194444444444445,7.194444444444445
SITE_005_S0130,SITE_005,2011-09-13T23:59:00.000000Z,2011-09-13T23:59:27.000000Z,0.45,11.20486111111111,3.204861111111111
SITE_005_S0131,SITE_005,2011-09-14T23:52:00.000000Z,2011-09-14T23:52:11.000000Z,0.1833333333333333,12.2,4.2
SITE_005_S0132,SITE_005,2011-09-15T23:43:00.000000Z,2011-09-15T23:43:16.000000Z,0.2666666666666666,13.19375,5.19375
SITE_005_S0133,SITE_005,2011-09-20T00:00:00.000000Z,2011-09-20T00:00:20.000000Z,0.3333333333333333,1.205555555555555,1.205555555555555
SITE_005_S0134,SITE_005,2011-09-20T23:51:00.000000Z,2011-09-20T23:51:15.000000Z,0.25,2.199305555555556,2.199305555555556
SITE_005_S0135,SITE_005,2011-09-21T23:44:00.000000Z,2011-09-21T23:44:01.000000Z,0.0166666666666666,3.194444444444445,3.194444444444445
SITE_005_S0136,SITE_005,2011-09-25T23:59:00.000000Z,2011-09-25T23:59:28.000000Z,0.4666666666666667,7.204861111111111,7.204861111111111
SITE_005_S0137,SITE_005,2011-09-26T23:52:00.000000Z,2011-09-26T23:52:11.000000Z,0.1833333333333333,8.2,0.2
SITE_005_S0138,SITE_005,2011-09-27T23:43:00.000000Z,2011-09-27T23:43:17.000000Z,0.2833333333333333,9.19375,1.19375
SITE_005_S0139,SITE_005,2011-10-02T00:00:00.000000Z,2011-10-02T00:00:21.000000Z,0.35,13.20555555555556,5.205555555555556
SITE_005_S0140,SITE_005,2011-10-03T23:44:00.000000Z,2011-10-03T23:44:02.000000Z,0.0333333333333333,15.19444444444444,7.194444444444445
SITE_005_S0141,SITE_005,2011-10-08T23:52:00.000000Z,2011-10-08T23:52:12.000000Z,0.2,4.2,4.2
SITE_005_S0142,SITE_005,2011-10-14T00:00:00.000000Z,2011-10-14T00:00:21.000000Z,0.35,9.205555555555556,1.205555555555555
SITE_005_S0143,SITE_005,2011-10-14T23:51:00.000000Z,2011-10-14T23:51:17.000000Z,0.2833333333333333,10.19930555555556,2.199305555555556
SITE_005_S0144,SITE_005,2011-10-15T23:44:00.000000Z,2011-10-15T23:44:02.000000Z,0.0333333333333333,11.19444444444444,3.194444444444445
SITE_005_S0145,SITE_005,2011-10-19T23:59:00.000000Z,2011-10-19T23:59:29.000000Z,0.4833333333333333,15.20486111111111,7.204861111111111
SITE_005_S0146,SITE_005,2011-10-21T23:43:00.000000Z,2011-10-21T23:43:18.000000Z,0.3,1.19375,1.19375
SITE_005_S0147,SITE_005,2011-10-26T00:00:00.000000Z,2011-10-26T00:00:22.000000Z,0.3666666666666666,5.205555555555556,5.205555555555556
SITE_005_S0148,SITE_005,2011-10-26T23:51:00.000000Z,2011-10-26T23:51:18.000000Z,0.3,6.199305555555555,6.199305555555555
SITE_005_S0149,SITE_005,2011-10-27T23:44:00.000000Z,2011-10-27T23:44:03.000000Z,0.05,7.194444444444445,7.194444444444445
SITE_005_S0150,SITE_005,2011-10-31T23:59:00.000000Z,2011-10-31T23:59:30.000000Z,0.5,11.20486111111111,3.204861111111111
SITE_005_S0151,SITE_005,2011-11-01T23:52:00.000000Z,2011-11-01T23:52:13.000000Z,0.2166666666666666,12.2,4.2
SITE_005_S0152,SITE_005,2011-11-02T23:43:00.000000Z,2011-11-02T23:43:19.000000Z,0.3166666666666666,13.19375,5.19375
SITE_005_S0153,SITE_005,2011-11-07T23:51:00.000000Z,2011-11-07T23:51:18.000000Z,0.3,2.199305555555556,2.199305555555556
SITE_005_S0154,SITE_005,2011-11-08T23:44:00.000000Z,2011-11-08T23:44:04.000000Z,0.0666666666666666,3.194444444444445,3.194444444444445
SITE_005_S0155,SITE_005,2011-11-12T23:59:00.000000Z,2011-11-12T23:59:30.000000Z,0.5,7.204861111111111,7.204861111111111
SITE_005_S0156,SITE_005,2011-11-14T23:43:00.000000Z,2011-11-14T23:43:19.000000Z,0.3166666666666666,9.19375,1.19375
SITE_005_S0157,SITE_005,2011-11-19T00:00:00.000000Z,2011-11-19T00:00:23.000000Z,0.3833333333333333,13.20555555555556,5.205555555555556
SITE_005_S0158,SITE_005,2011-11-24T23:59:00.000000Z,2011-11-24T23:59:30.000000Z,0.5,3.204861111111111,3.204861111111111
SITE_005_S0159,SITE_005,2011-11-25T23:52:00.000000Z,2011-11-25T23:52:15.000000Z,0.25,4.2,4.2
SITE_005_S0160,SITE_005,2011-11-26T23:43:00.000000Z,2011-11-26T23:43:20.000000Z,0.3333333333333333,5.19375,5.19375
SITE_005_S0161,SITE_005,2011-12-01T00:00:00.000000Z,2011-12-01T00:00:24.000000Z,0.4,9.205555555555556,1.205555555555555
SITE_005_S0162,SITE_005,2011-12-01T23:51:00.000000Z,2011-12-01T23:51:19.000000Z,0.3166666666666666,10.19930555555556,2.199305555555556
SITE_005_S0163,SITE_005,2011-12-02T23:44:00.000000Z,2011-12-02T23:44:05.000000Z,0.0833333333333333,11.19444444444444,3.194444444444445
SITE_005_S0164,SITE_005,2011-12-07T23:52:00.000000Z,2011-12-07T23:52:15.000000Z,0.25,0.2,0.2
SITE_005_S0165,SITE_005,2011-12-08T23:43:00.000000Z,2011-12-08T23:43:20.000000Z,0.3333333333333333,1.19375,1.19375
SITE_005_S0166,SITE_005,2011-12-20T23:43:00.000000Z,2011-12-20T23:43:20.000000Z,0.3333333333333333,13.19375,5.19375
SITE_005_S0167,SITE_005,2011-12-25T00:00:00.000000Z,2011-12-25T00:00:24.000000Z,0.4,1.205555555555555,1.205555555555555
SITE_005_S0168,SITE_005,2011-12-25T23:51:00.000000Z,2011-12-25T23:51:19.000000Z,0.3166666666666666,2.199305555555556,2.199305555555556
SITE_005_S0169,SITE_005,2011-12-26T23:44:00.000000Z,2011-12-26T23:44:05.000000Z,0.0833333333333333,3.194444444444445,3.194444444444445
SITE_005_S0170,SITE_005,2012-07-23T23:43:00.000000Z,2012-07-23T23:43:19.000000Z,0.3166666666666666,8.19375,0.19375
SITE_005_S0171,SITE_005,2012-07-28T00:00:00.000000Z,2012-07-28T00:00:23.000000Z,0.3833333333333333,12.20555555555556,4.205555555555556
SITE_005_S0172,SITE_005,2012-07-28T23:51:00.000000Z,2012-07-28T23:51:19.000000Z,0.3166666666666666,13.19930555555556,5.199305555555555
SITE_005_S0173,SITE_005,2012-07-29T23:44:00.000000Z,2012-07-29T23:44:04.000000Z,0.0666666666666666,14.19444444444444,6.194444444444445
SITE_005_S0174,SITE_005,2012-08-02T23:59:00.000000Z,2012-08-02T23:59:31.000000Z,0.5166666666666667,2.204861111111111,2.204861111111111
SITE_005_S0175,SITE_005,2012-08-03T23:52:00.000000Z,2012-08-03T23:52:14.000000Z,0.2333333333333333,3.2,3.2
SITE_005_S0176,SITE_005,2012-08-04T23:43:00.000000Z,2012-08-04T23:43:20.000000Z,0.3333333333333333,4.19375,4.19375
SITE_005_S0177,SITE_005,2012-08-09T00:00:00.000000Z,2012-08-09T00:00:23.000000Z,0.3833333333333333,8.205555555555556,0.2055555555555555
SITE_005_S0178,SITE_005,2012-08-09T23:51:00.000000Z,2012-08-09T23:51:19.000000Z,0.3166666666666666,9.199305555555556,1.199305555555556
SITE_005_S0179,SITE_005,2012-08-10T23:44:00.000000Z,2012-08-10T23:44:05.000000Z,0.0833333333333333,10.19444444444444,2.194444444444445
SITE_005_S0180,SITE_005,2012-08-14T23:59:00.000000Z,2012-08-14T23:59:31.000000Z,0.5166666666666667,14.20486111111111,6.204861111111111
SITE_005_S0181,SITE_005,2012-08-15T23:52:00.000000Z,2012-08-15T23:52:15.000000Z,0.25,15.2,7.2
SITE_005_S0182,SITE_005,2012-08-16T23:43:00.000000Z,2012-08-16T23:43:20.000000Z,0.3333333333333333,0.19375,0.19375
SITE_005_S0183,SITE_005,2012-08-21T00:00:00.000000Z,2012-08-21T00:00:24.000000Z,0.4,4.205555555555556,4.205555555555556
SITE_005_S0184,SITE_005,2012-08-21T23:51:00.000000Z,2012-08-21T23:51:20.000000Z,0.3333333333333333,5.199305555555555,5.199305555555555
SITE_005_S0185,SITE_005,2012-08-22T23:44:00.000000Z,2012-08-22T23:44:05.000000Z,0.0833333333333333,6.194444444444445,6.194444444444445
SITE_005_S0186,SITE_005,2012-08-26T23:59:00.000000Z,2012-08-26T23:59:32.000000Z,0.5333333333333333,10.20486111111111,2.204861111111111
SITE_005_S0187,SITE_005,2012-08-27T23:52:00.000000Z,2012-08-27T23:52:16.000000Z,0.2666666666666666,11.2,3.2
SITE_005_S0188,SITE_005,2012-08-28T23:43:00.000000Z,2012-08-28T23:43:21.000000Z,0.35,12.19375,4.19375
SITE_005_S0189,SITE_005,2012-09-02T00:00:00.000000Z,2012-09-02T00:00:25.000000Z,0.4166666666666667,0.2055555555555555,0.2055555555555555
SITE_005_S0190,SITE_005,2012-09-02T23:51:00.000000Z,2012-09-02T23:51:20.000000Z,0.3333333333333333,1.199305555555556,1.199305555555556
SITE_005_S0191,SITE_005,2012-09-03T23:44:00.000000Z,2012-09-03T23:44:06.000000Z,0.1,2.194444444444445,2.194444444444445
SITE_005_S0192,SITE_005,2012-09-08T23:52:00.000000Z,2012-09-08T23:52:16.000000Z,0.2666666666666666,7.2,7.2
SITE_005_S0193,SITE_005,2012-09-09T23:43:00.000000Z,2012-09-09T23:43:22.000000Z,0.3666666666666666,8.19375,0.19375
SITE_005_S0194,SITE_005,2012-09-14T00:00:00.000000Z,2012-09-14T00:00:26.000000Z,0.4333333333333333,12.20555555555556,4.205555555555556
SITE_005_S0195,SITE_005,2012-09-14T23:51:00.000000Z,2012-09-14T23:51:21.000000Z,0.35,13.19930555555556,5.199305555555555
SITE_005_S0196,SITE_005,2012-09-15T23:44:00.000000Z,2012-09-15T23:44:07.000000Z,0.1166666666666666,14.19444444444444,6.194444444444445
SITE_005_S0197,SITE_005,2012-09-19T23:59:00.000000Z,2012-09-19T23:59:33.000000Z,0.55,2.204861111111111,2.204861111111111
SITE_005_S0198,SITE_005,2012-09-20T23:52:00.000000Z,2012-09-20T23:52:17.000000Z,0.2833333333333333,3.2,3.2
SITE_005_S0199,SITE_005,2012-09-21T23:43:00.000000Z,2012-09-21T23:43:22.000000Z,0.3666666666666666,4.19375,4.19375
SITE_005_S0200,SITE_005,2012-09-26T00:00:00.000000Z,2012-09-26T00:00:26.000000Z,0.4333333333333333,8.205555555555556,0.2055555555555555
SITE_005_S0201,SITE_005,2012-09-26T23:51:00.000000Z,2012-09-26T23:51:22.000000Z,0.3666666666666666,9.199305555555556,1.199305555555556
SITE_005_S0202,SITE_005,2012-09-27T23:44:00.000000Z,2012-09-27T23:44:08.000000Z,0.1333333333333333,10.19444444444444,2.194444444444445
SITE_005_S0203,SITE_005,2012-10-01T23:59:00.000000Z,2012-10-01T23:59:34.000000Z,0.5666666666666667,14.20486111111111,6.204861111111111
SITE_005_S0204,SITE_005,2012-10-02T23:52:00.000000Z,2012-10-02T23:52:18.000000Z,0.3,15.2,7.2
SITE_005_S0205,SITE_005,2012-10-03T23:43:00.000000Z,2012-10-03T23:43:23.000000Z,0.3833333333333333,0.19375,0.19375
SITE_005_S0206,SITE_005,2012-10-08T00:00:00.000000Z,2012-10-08T00:00:27.000000Z,0.45,4.205555555555556,4.205555555555556
SITE_005_S0207,SITE_005,2012-10-08T23:51:00.000000Z,2012-10-08T23:51:23.000000Z,0.3833333333333333,5.199305555555555,5.199305555555555
SITE_005_S0208,SITE_005,2012-10-09T23:44:00.000000Z,2012-10-09T23:44:08.000000Z,0.1333333333333333,6.194444444444445,6.194444444444445
SITE_005_S0209,SITE_005,2012-10-13T23:59:00.000000Z,2012-10-13T23:59:35.000000Z,0.5833333333333334,10.20486111111111,2.204861111111111
SITE_005_S0210,SITE_005,2012-10-14T23:52:00.000000Z,2012-10-14T23:52:19.000000Z,0.3166666666666666,11.2,3.2
SITE_005_S0211,SITE_005,2012-10-15T23:43:00.000000Z,2012-10-15T23:43:24.000000Z,0.4,12.19375,4.19375
SITE_005_S0212,SITE_005,2012-11-01T00:00:00.000000Z,2012-11-01T00:00:29.000000Z,0.4833333333333333,12.20555555555556,4.205555555555556
SITE_005_S0213,SITE_005,2014-08-11T23:51:00.000000Z,2014-08-11T23:51:42.000000Z,0.7,10.19930555555556,2.199305555555556
SITE_005_S0214,SITE_005,2014-08-17T23:52:00.000000Z,2014-08-17T23:52:25.000000Z,0.4166666666666667,0.2,0.2
SITE_005_S0215,SITE_005,2014-08-23T00:00:00.000000Z,2014-08-23T00:00:37.000000Z,0.6166666666666667,5.205555555555556,5.205555555555556
SITE_005_S0216,SITE_005,2014-08-23T23:51:00.000000Z,2014-08-23T23:51:41.000000Z,0.6833333333333333,6.199305555555555,6.199305555555555
SITE_005_S0217,SITE_005,2014-08-24T23:44:00.000000Z,2014-08-24T23:44:18.000000Z,0.3,7.194444444444445,7.194444444444445
SITE_005_S0218,SITE_005,2014-09-21T23:59:00.000000Z,2014-09-21T23:59:57.000000Z,0.95,3.204861111111111,3.204861111111111
SITE_005_S0219,SITE_005,2014-09-22T23:52:00.000000Z,2014-09-22T23:52:27.000000Z,0.45,4.2,4.2
SITE_005_S0220,SITE_005,2014-09-23T23:43:00.000000Z,2014-09-23T23:43:35.000000Z,0.5833333333333334,5.19375,5.19375
SITE_005_S0221,SITE_005,2014-09-28T00:00:00.000000Z,2014-09-28T00:00:39.000000Z,0.65,9.205555555555556,1.205555555555555
SITE_005_S0222,SITE_005,2014-09-28T23:51:00.000000Z,2014-09-28T23:51:43.000000Z,0.7166666666666667,10.19930555555556,2.199305555555556
SITE_005_S0223,SITE_005,2014-09-29T23:44:00.000000Z,2014-09-29T23:44:20.000000Z,0.3333333333333333,11.19444444444444,3.194444444444445
SITE_005_S0224,SITE_005,2014-10-03T23:59:00.000000Z,2014-10-03T23:59:44.000000Z,0.7333333333333333,15.20486111111111,7.204861111111111
SITE_005_S0225,SITE_005,2014-10-10T23:51:00.000000Z,2014-10-10T23:51:43.000000Z,0.7166666666666667,6.199305555555555,6.199305555555555
SITE_005_S0226,SITE_005,2014-10-11T23:44:00.000000Z,2014-10-11T23:44:21.000000Z,0.35,7.194444444444445,7.194444444444445
SITE_005_S0227,SITE_005,2014-10-15T23:59:00.000000Z,2014-10-15T23:59:44.000000Z,0.7333333333333333,11.20486111111111,3.204861111111111
SITE_005_S0228,SITE_005,2014-10-23T23:44:00.000000Z,2014-10-23T23:44:21.000000Z,0.35,3.194444444444445,3.194444444444445
SITE_005_S0229,SITE_005,2014-11-03T00:00:00.000000Z,2014-11-03T00:00:41.000000Z,0.6833333333333333,13.20555555555556,5.205555555555556
SITE_005_S0230,SITE_005,2014-11-04T23:44:00.000000Z,2014-11-04T23:44:22.000000Z,0.3666666666666666,15.19444444444444,7.194444444444445
SITE_005_S0231,SITE_005,2014-11-08T23:59:00.000000Z,2014-11-08T23:59:45.000000Z,0.75,3.204861111111111,3.204861111111111
SITE_005_S0232,SITE_005,2014-11-09T23:52:00.000000Z,2014-11-09T23:52:29.000000Z,0.4833333333333333,4.2,4.2
SITE_005_S0233,SITE_005,2014-11-15T00:00:00.000000Z,2014-11-15T00:00:41.000000Z,0.6833333333333333,9.205555555555556,1.205555555555555
SITE_005_S0234,SITE_005,2014-11-16T23:44:00.000000Z,2014-11-16T23:44:23.000000Z,0.3833333333333333,11.19444444444444,3.194444444444445
SITE_005_S0235,SITE_005,2014-11-20T23:59:00.000000Z,2014-11-20T23:59:46.000000Z,0.7666666666666667,15.20486111111111,7.204861111111111
SITE_005_S0236,SITE_005,2014-11-21T23:52:00.000000Z,2014-11-21T23:52:30.000000Z,0.5,0.2,0.2
SITE_005_S0237,SITE_005,2014-11-27T00:00:00.000000Z,2014-11-27T00:00:42.000000Z,0.7,5.205555555555556,5.205555555555556
SITE_005_S0238,SITE_005,2014-11-28T23:44:00.000000Z,2014-11-28T23:44:23.000000Z,0.3833333333333333,7.194444444444445,7.194444444444445
SITE_005_S0239,SITE_005,2014-12-16T23:43:00.000000Z,2014-12-16T23:43:38.000000Z,0.6333333333333333,9.19375,1.19375
SITE_005_S0240,SITE_005,2014-12-21T00:00:00.000000Z,2014-12-21T00:00:42.000000Z,0.7,13.20555555555556,5.205555555555556
SITE_005_S0241,SITE_005,2014-12-26T23:59:00.000000Z,2014-12-26T23:59:47.000000Z,0.7833333333333333,3.204861111111111,3.204861111111111
SITE_005_S0242,SITE_005,2015-07-25T00:00:00.000000Z,2015-07-25T00:00:40.000000Z,0.6666666666666666,8.205555555555556,0.2055555555555555
SITE_005_S0243,SITE_005,2015-07-26T23:44:00.000000Z,2015-07-26T23:44:22.000000Z,0.3666666666666666,10.19444444444444,2.194444444444445
SITE_005_S0244,SITE_005,2015-08-06T00:00:00.000000Z,2015-08-06T00:00:42.000000Z,0.7,4.205555555555556,4.205555555555556
SITE_005_S0245,SITE_005,2015-08-07T23:44:00.000000Z,2015-08-07T23:44:23.000000Z,0.3833333333333333,6.194444444444445,6.194444444444445
SITE_005_S0246,SITE_005,2015-08-12T23:52:00.000000Z,2015-08-12T23:52:31.000000Z,0.5166666666666667,11.2,3.2
SITE_005_S0247,SITE_005,2015-08-18T00:00:00.000000Z,2015-08-18T00:00:43.000000Z,0.7166666666666667,0.2055555555555555,0.2055555555555555
SITE_005_S0248,SITE_005,2015-08-19T23:44:00.000000Z,2015-08-19T23:44:24.000000Z,0.4,2.194444444444445,2.194444444444445
SITE_005_S0249,SITE_005,2015-08-24T23:52:00.000000Z,2015-08-24T23:52:31.000000Z,0.5166666666666667,7.2,7.2
SITE_005_S0250,SITE_005,2015-08-30T00:00:00.000000Z,2015-08-30T00:00:43.000000Z,0.7166666666666667,12.20555555555556,4.205555555555556
SITE_005_S0251,SITE_005,2015-08-31T23:44:00.000000Z,2015-08-31T23:44:25.000000Z,0.4166666666666667,14.19444444444444,6.194444444444445
SITE_005_S0252,SITE_005,2018-07-26T23:59:00.000000Z,2018-07-26T23:59:32.000000Z,0.5333333333333333,10.20486111111111,2.204861111111111
SITE_005_S0253,SITE_005,2018-07-27T23:52:00.000000Z,2018-07-27T23:52:31.000000Z,0.5166666666666667,11.2,3.2
SITE_005_S0254,SITE_005,2018-07-28T23:43:00.000000Z,2018-07-28T23:43:08.000000Z,0.1333333333333333,12.19375,4.19375
SITE_005_S0255,SITE_005,2018-08-02T00:00:00.000000Z,2018-08-02T00:00:42.000000Z,0.7,0.2055555555555555,0.2055555555555555
SITE_005_S0256,SITE_005,2018-08-02T23:51:00.000000Z,2018-08-02T23:51:22.000000Z,0.3666666666666666,1.199305555555556,1.199305555555556
SITE_005_S0257,SITE_005,2018-08-03T23:44:00.000000Z,2018-08-03T23:44:23.000000Z,0.3833333333333333,2.194444444444445,2.194444444444445
SITE_005_S0258,SITE_005,2018-08-07T23:59:00.000000Z,2018-08-07T23:59:34.000000Z,0.5666666666666667,6.204861111111111,6.204861111111111
SITE_005_S0259,SITE_005,2018-08-08T23:52:00.000000Z,2018-08-08T23:52:30.000000Z,0.5,7.2,7.2
SITE_005_S0260,SITE_005,2018-08-09T23:43:00.000000Z,2018-08-09T23:43:10.000000Z,0.1666666666666666,8.19375,0.19375
SITE_005_S0261,SITE_005,2018-08-14T00:00:00.000000Z,2018-08-14T00:00:42.000000Z,0.7,12.20555555555556,4.205555555555556
SITE_005_S0262,SITE_005,2018-08-14T23:51:00.000000Z,2018-08-14T23:51:23.000000Z,0.3833333333333333,13.19930555555556,5.199305555555555
SITE_005_S0263,SITE_005,2018-08-15T23:44:00.000000Z,2018-08-15T23:44:23.000000Z,0.3833333333333333,14.19444444444444,6.194444444444445
SITE_005_S0264,SITE_005,2018-08-19T23:59:00.000000Z,2018-08-19T23:59:35.000000Z,0.5833333333333334,2.204861111111111,2.204861111111111
SITE_005_S0265,SITE_005,2018-08-20T23:52:00.000000Z,2018-08-20T23:52:30.000000Z,0.5,3.2,3.2
SITE_005_S0266,SITE_005,2018-08-21T23:43:00.000000Z,2018-08-21T23:43:11.000000Z,0.1833333333333333,4.19375,4.19375
SITE_005_S0267,SITE_005,2018-08-26T00:00:00.000000Z,2018-08-26T00:00:41.000000Z,0.6833333333333333,8.205555555555556,0.2055555555555555
SITE_005_S0268,SITE_005,2018-08-26T23:51:00.000000Z,2018-08-26T23:51:24.000000Z,0.4,9.199305555555556,1.199305555555556
SITE_005_S0269,SITE_005,2018-08-27T23:44:00.000000Z,2018-08-27T23:44:22.000000Z,0.3666666666666666,10.19444444444444,2.194444444444445
SITE_005_S0270,SITE_005,2018-08-31T23:59:00.000000Z,2018-08-31T23:59:36.000000Z,0.6,14.20486111111111,6.204861111111111
SITE_005_S0271,SITE_005,2018-09-01T23:52:00.000000Z,2018-09-01T23:52:29.000000Z,0.4833333333333333,15.2,7.2
SITE_005_S0272,SITE_005,2018-09-02T23:43:00.000000Z,2018-09-02T23:43:11.000000Z,0.1833333333333333,0.19375,0.19375
SITE_005_S0273,SITE_005,2018-09-14T23:43:00.000000Z,2018-09-14T23:43:12.000000Z,0.2,12.19375,4.19375
SITE_005_S0274,SITE_005,2018-10-30T23:59:00.000000Z,2018-10-30T23:59:39.000000Z,0.65,10.20486111111111,2.204861111111111
SITE_005_S0275,SITE_005,2018-11-06T00:00:00.000000Z,2018-11-06T00:00:39.000000Z,0.65,0.2055555555555555,0.2055555555555555
SITE_005_S0276,SITE_005,2018-11-06T23:51:00.000000Z,2018-11-06T23:51:27.000000Z,0.45,1.199305555555556,1.199305555555556
SITE_005_S0277,SITE_005,2018-11-07T23:44:00.000000Z,2018-11-07T23:44:20.000000Z,0.3333333333333333,2.194444444444445,2.194444444444445
SITE_005_S0278,SITE_005,2018-11-30T23:51:00.000000Z,2018-11-30T23:51:28.000000Z,0.4666666666666667,9.199305555555556,1.199305555555556
SITE_005_S0279,SITE_005,2018-12-01T23:44:00.000000Z,2018-12-01T23:44:21.000000Z,0.35,10.19444444444444,2.194444444444445
SITE_005_S0280,SITE_005,2018-12-05T23:59:00.000000Z,2018-12-05T23:59:40.000000Z,0.6666666666666666,14.20486111111111,6.204861111111111
SITE_005_S0281,SITE_005,2018-12-06T23:52:00.000000Z,2018-12-06T23:52:28.000000Z,0.4666666666666667,15.2,7.2
SITE_005_S0282,SITE_005,2018-12-07T23:43:00.000000Z,2018-12-07T23:43:15.000000Z,0.25,0.19375,0.19375
SITE_005_S0283,SITE_005,2018-12-12T00:00:00.000000Z,2018-12-12T00:00:40.000000Z,0.6666666666666666,4.205555555555556,4.205555555555556
SITE_005_S0284,SITE_005,2018-12-12T23:51:00.000000Z,2018-12-12T23:51:28.000000Z,0.4666666666666667,5.199305555555555,5.199305555555555
SITE_005_S0285,SITE_005,2018-12-13T23:44:00.000000Z,2018-12-13T23:44:21.000000Z,0.35,6.194444444444445,6.194444444444445
SITE_005_S0286,SITE_005,2018-12-17T23:59:00.000000Z,2018-12-17T23:59:40.000000Z,0.6666666666666666,10.20486111111111,2.204861111111111
SITE_005_S0287,SITE_005,2018-12-18T23:52:00.000000Z,2018-12-18T23:52:29.000000Z,0.4833333333333333,11.2,3.2
SITE_005_S0288,SITE_005,2018-12-19T23:43:00.000000Z,2018-12-19T23:43:16.000000Z,0.2666666666666666,12.19375,4.19375
SITE_005_S0289,SITE_005,2018-12-24T00:00:00.000000Z,2018-12-24T00:00:40.000000Z,0.6666666666666666,0.2055555555555555,0.2055555555555555
SITE_005_S0290,SITE_005,2018-12-24T23:51:00.000000Z,2018-12-24T23:51:28.000000Z,0.4666666666666667,1.199305555555556,1.199305555555556
SITE_005_S0291,SITE_005,2018-12-25T23:44:00.000000Z,2018-12-25T23:44:21.000000Z,0.35,2.194444444444445,2.194444444444445
SITE_005_S0292,SITE_005,2018-12-31T23:43:00.000000Z,2018-12-31T23:43:16.000000Z,0.2666666666666666,8.19375,0.19375
SITE_005_S0293,SITE_005,2019-01-05T00:00:00.000000Z,2019-01-05T00:00:40.000000Z,0.6666666666666666,12.20555555555556,4.205555555555556
SITE_005_S0294,SITE_005,2019-01-05T23:51:00.000000Z,2019-01-05T23:51:28.000000Z,0.4666666666666667,13.19930555555556,5.199305555555555
SITE_005_S0295,SITE_005,2019-01-06T23:44:00.000000Z,2019-01-06T23:44:21.000000Z,0.35,14.19444444444444,6.194444444444445
SITE_005_S0296,SITE_005,2019-01-10T23:59:00.000000Z,2019-01-10T23:59:40.000000Z,0.6666666666666666,2.204861111111111,2.204861111111111
SITE_006_S0001,SITE_006,2004-04-15T00:00:00.000000Z,2004-04-15T00:00:31.000000Z,0.5166666666666667,5.59375,5.59375
SITE_006_S0002,SITE_006,2004-04-27T00:00:00.000000Z,2004-04-27T00:00:30.000000Z,0.5,1.59375,1.59375
SITE_006_S0003,SITE_006,2004-05-09T00:00:00.000000Z,2004-05-09T00:00:30.000000Z,0.5,0.59375,0.59375
SITE_006_S0004,SITE_006,2004-05-21T00:00:00.000000Z,2004-05-21T00:00:29.000000Z,0.4833333333333333,12.59375,4.59375
SITE_006_S0005,SITE_006,2004-06-02T00:00:00.000000Z,2004-06-02T00:00:29.000000Z,0.4833333333333333,8.59375,0.59375
SITE_006_S0006,SITE_006,2004-06-14T00:00:00.000000Z,2004-06-14T00:00:29.000000Z,0.4833333333333333,4.59375,4.59375
SITE_006_S0007,SITE_006,2004-06-26T00:00:00.000000Z,2004-06-26T00:00:28.000000Z,0.4666666666666667,0.59375,0.59375
SITE_006_S0008,SITE_006,2004-07-08T00:00:00.000000Z,2004-07-08T00:00:28.000000Z,0.4666666666666667,12.59375,4.59375
SITE_006_S0009,SITE_006,2004-07-20T00:00:00.000000Z,2004-07-20T00:00:29.000000Z,0.4833333333333333,8.59375,0.59375
SITE_006_S0010,SITE_006,2004-08-01T00:00:00.000000Z,2004-08-01T00:00:29.000000Z,0.4833333333333333,4.59375,4.59375
SITE_006_S0011,SITE_006,2004-08-13T00:00:00.000000Z,2004-08-13T00:00:29.000000Z,0.4833333333333333,0.59375,0.59375
SITE_006_S0012,SITE_006,2004-08-25T00:00:00.000000Z,2004-08-25T00:00:29.000000Z,0.4833333333333333,12.59375,4.59375
SITE_006_S0013,SITE_006,2004-09-06T00:00:00.000000Z,2004-09-06T00:00:30.000000Z,0.5,8.59375,0.59375
SITE_006_S0014,SITE_006,2004-09-18T00:00:00.000000Z,2004-09-18T00:00:31.000000Z,0.5166666666666667,4.59375,4.59375
SITE_006_S0015,SITE_006,2004-09-30T00:00:00.000000Z,2004-09-30T00:00:31.000000Z,0.5166666666666667,0.59375,0.59375
SITE_006_S0016,SITE_006,2004-10-12T00:00:00.000000Z,2004-10-12T00:00:32.000000Z,0.5333333333333333,12.59375,4.59375
SITE_006_S0017,SITE_006,2004-10-24T00:00:00.000000Z,2004-10-24T00:00:33.000000Z,0.55,8.59375,0.59375
SITE_006_S0018,SITE_006,2004-11-05T00:00:00.000000Z,2004-11-05T00:00:33.000000Z,0.55,4.59375,4.59375
SITE_006_S0019,SITE_006,2004-11-17T00:00:00.000000Z,2004-11-17T00:00:34.000000Z,0.5666666666666667,0.59375,0.59375
SITE_006_S0020,SITE_006,2004-11-29T00:00:00.000000Z,2004-11-29T00:00:35.000000Z,0.5833333333333334,12.59375,4.59375
SITE_006_S0021,SITE_006,2004-12-11T00:00:00.000000Z,2004-12-11T00:00:36.000000Z,0.6,8.59375,0.59375
SITE_006_S0022,SITE_006,2004-12-23T00:00:00.000000Z,2004-12-23T00:00:36.000000Z,0.6,4.59375,4.59375
SITE_006_S0023,SITE_006,2005-01-04T00:00:00.000000Z,2005-01-04T00:00:37.000000Z,0.6166666666666667,0.59375,0.59375
SITE_006_S0024,SITE_006,2005-01-16T00:00:00.000000Z,2005-01-16T00:00:38.000000Z,0.6333333333333333,12.59375,4.59375
SITE_006_S0025,SITE_006,2005-01-28T00:00:00.000000Z,2005-01-28T00:00:38.000000Z,0.6333333333333333,8.59375,0.59375
SITE_006_S0026,SITE_006,2005-02-09T00:00:00.000000Z,2005-02-09T00:00:38.000000Z,0.6333333333333333,4.59375,4.59375
SITE_006_S0027,SITE_006,2005-02-21T00:00:00.000000Z,2005-02-21T00:00:38.000000Z,0.6333333333333333,0.59375,0.59375
SITE_006_S0028,SITE_006,2005-03-05T00:00:00.000000Z,2005-03-05T00:00:38.000000Z,0.6333333333333333,12.59375,4.59375
SITE_006_S0029,SITE_006,2005-03-17T00:00:00.000000Z,2005-03-17T00:00:38.000000Z,0.6333333333333333,8.59375,0.59375
SITE_006_S0030,SITE_006,2005-03-29T00:00:00.000000Z,2005-03-29T00:00:38.000000Z,0.6333333333333333,4.59375,4.59375
SITE_006_S0031,SITE_006,2005-04-10T00:00:00.000000Z,2005-04-10T00:00:38.000000Z,0.6333333333333333,0.59375,0.59375
SITE_006_S0032,SITE_006,2005-04-22T00:00:00.000000Z,2005-04-22T00:00:37.000000Z,0.6166666666666667,12.59375,4.59375
SITE_006_S0033,SITE_006,2005-05-04T00:00:00.000000Z,2005-05-04T00:00:37.000000Z,0.6166666666666667,8.59375,0.59375
SITE_006_S0034,SITE_006,2005-05-16T00:00:00.000000Z,2005-05-16T00:00:36.000000Z,0.6,7.59375,7.59375
SITE_006_S0035,SITE_006,2005-05-28T00:00:00.000000Z,2005-05-28T00:00:36.000000Z,0.6,3.59375,3.59375
SITE_006_S0036,SITE_006,2005-06-09T00:00:00.000000Z,2005-06-09T00:00:35.000000Z,0.5833333333333334,15.59375,7.59375
SITE_006_S0037,SITE_006,2005-06-21T00:00:00.000000Z,2005-06-21T00:00:35.000000Z,0.5833333333333334,11.59375,3.59375
SITE_006_S0038,SITE_006,2005-07-03T00:00:00.000000Z,2005-07-03T00:00:35.000000Z,0.5833333333333334,7.59375,7.59375
SITE_006_S0039,SITE_006,2005-07-15T00:00:00.000000Z,2005-07-15T00:00:35.000000Z,0.5833333333333334,3.59375,3.59375
SITE_006_S0040,SITE_006,2005-07-27T00:00:00.000000Z,2005-07-27T00:00:35.000000Z,0.5833333333333334,15.59375,7.59375
SITE_006_S0041,SITE_006,2005-08-08T00:00:00.000000Z,2005-08-08T00:00:35.000000Z,0.5833333333333334,11.59375,3.59375
SITE_006_S0042,SITE_006,2005-08-20T00:00:00.000000Z,2005-08-20T00:00:36.000000Z,0.6,7.59375,7.59375
SITE_006_S0043,SITE_006,2005-09-01T00:00:00.000000Z,2005-09-01T00:00:36.000000Z,0.6,3.59375,3.59375
SITE_006_S0044,SITE_006,2005-09-13T00:00:00.000000Z,2005-09-13T00:00:36.000000Z,0.6,15.59375,7.59375
SITE_006_S0045,SITE_006,2005-09-25T00:00:00.000000Z,2005-09-25T00:00:37.000000Z,0.6166666666666667,11.59375,3.59375
SITE_006_S0046,SITE_006,2005-10-07T00:00:00.000000Z,2005-10-07T00:00:38.000000Z,0.6333333333333333,7.59375,7.59375
SITE_006_S0047,SITE_006,2005-10-19T00:00:00.000000Z,2005-10-19T00:00:38.000000Z,0.6333333333333333,3.59375,3.59375
SITE_006_S0048,SITE_006,2005-10-31T00:00:00.000000Z,2005-10-31T00:00:39.000000Z,0.65,15.59375,7.59375
SITE_006_S0049,SITE_006,2005-11-12T00:00:00.000000Z,2005-11-12T00:00:40.000000Z,0.6666666666666666,11.59375,3.59375
SITE_006_S0050,SITE_006,2005-11-24T00:00:00.000000Z,2005-11-24T00:00:41.000000Z,0.6833333333333333,7.59375,7.59375
SITE_006_S0051,SITE_006,2005-12-06T00:00:00.000000Z,2005-12-06T00:00:41.000000Z,0.6833333333333333,3.59375,3.59375
SITE_006_S0052,SITE_006,2005-12-18T00:00:00.000000Z,2005-12-18T00:00:42.000000Z,0.7,15.59375,7.59375
SITE_006_S0053,SITE_006,2005-12-30T00:00:00.000000Z,2005-12-30T00:00:43.000000Z,0.7166666666666667,11.59375,3.59375
SITE_006_S0054,SITE_006,2006-01-11T00:00:00.000000Z,2006-01-11T00:00:44.000000Z,0.7333333333333333,7.59375,7.59375
SITE_006_S0055,SITE_006,2006-01-23T00:00:00.000000Z,2006-01-23T00:00:44.000000Z,0.7333333333333333,3.59375,3.59375
SITE_006_S0056,SITE_006,2006-02-04T00:00:00.000000Z,2006-02-04T00:00:45.000000Z,0.75,15.59375,7.59375
SITE_006_S0057,SITE_006,2006-02-16T00:00:00.000000Z,2006-02-16T00:00:45.000000Z,0.75,11.59375,3.59375
SITE_006_S0058,SITE_006,2006-02-28T00:00:00.000000Z,2006-02-28T00:00:44.000000Z,0.7333333333333333,7.59375,7.59375
SITE_006_S0059,SITE_006,2006-03-12T00:00:00.000000Z,2006-03-12T00:00:45.000000Z,0.75,3.59375,3.59375
SITE_006_S0060,SITE_006,2006-03-24T00:00:00.000000Z,2006-03-24T00:00:45.000000Z,0.75,15.59375,7.59375
SITE_006_S0061,SITE_006,2006-04-05T00:00:00.000000Z,2006-04-05T00:00:44.000000Z,0.7333333333333333,11.59375,3.59375
SITE_006_S0062,SITE_006,2006-04-17T00:00:00.000000Z,2006-04-17T00:00:44.000000Z,0.7333333333333333,7.59375,7.59375
SITE_006_S0063,SITE_006,2006-04-29T00:00:00.000000Z,2006-04-29T00:00:43.000000Z,0.7166666666666667,3.59375,3.59375
SITE_006_S0064,SITE_006,2006-05-11T00:00:00.000000Z,2006-05-11T00:00:43.000000Z,0.7166666666666667,2.59375,2.59375
SITE_006_S0065,SITE_006,2006-05-23T00:00:00.000000Z,2006-05-23T00:00:42.000000Z,0.7,14.59375,6.59375
SITE_006_S0066,SITE_006,2006-06-04T00:00:00.000000Z,2006-06-04T00:00:42.000000Z,0.7,10.59375,2.59375
SITE_006_S0067,SITE_006,2006-06-16T00:00:00.000000Z,2006-06-16T00:00:41.000000Z,0.6833333333333333,6.59375,6.59375
SITE_006_S0068,SITE_006,2006-06-28T00:00:00.000000Z,2006-06-28T00:00:41.000000Z,0.6833333333333333,2.59375,2.59375
SITE_006_S0069,SITE_006,2006-07-10T00:00:00.000000Z,2006-07-10T00:00:41.000000Z,0.6833333333333333,14.59375,6.59375
SITE_006_S0070,SITE_006,2006-07-22T00:00:00.000000Z,2006-07-22T00:00:41.000000Z,0.6833333333333333,10.59375,2.59375
SITE_006_S0071,SITE_006,2006-08-03T00:00:00.000000Z,2006-08-03T00:00:41.000000Z,0.6833333333333333,6.59375,6.59375
SITE_006_S0072,SITE_006,2006-08-15T00:00:00.000000Z,2006-08-15T00:00:42.000000Z,0.7,2.59375,2.59375
SITE_006_S0073,SITE_006,2006-08-27T00:00:00.000000Z,2006-08-27T00:00:42.000000Z,0.7,14.59375,6.59375
SITE_006_S0074,SITE_006,2006-09-08T00:00:00.000000Z,2006-09-08T00:00:43.000000Z,0.7166666666666667,10.59375,2.59375
SITE_006_S0075,SITE_006,2006-09-20T00:00:00.000000Z,2006-09-20T00:00:43.000000Z,0.7166666666666667,6.59375,6.59375
SITE_006_S0076,SITE_006,2006-10-02T00:00:00.000000Z,2006-10-02T00:00:44.000000Z,0.7333333333333333,2.59375,2.59375
SITE_006_S0077,SITE_006,2006-10-14T00:00:00.000000Z,2006-10-14T00:00:45.000000Z,0.75,14.59375,6.59375
SITE_006_S0078,SITE_006,2006-10-26T00:00:00.000000Z,2006-10-26T00:00:46.000000Z,0.7666666666666667,10.59375,2.59375
SITE_006_S0079,SITE_006,2006-11-07T00:00:00.000000Z,2006-11-07T00:00:46.000000Z,0.7666666666666667,6.59375,6.59375
SITE_006_S0080,SITE_006,2006-11-19T00:00:00.000000Z,2006-11-19T00:00:47.000000Z,0.7833333333333333,2.59375,2.59375
SITE_006_S0081,SITE_006,2006-12-01T00:00:00.000000Z,2006-12-01T00:00:48.000000Z,0.8,14.59375,6.59375
SITE_006_S0082,SITE_006,2006-12-13T00:00:00.000000Z,2006-12-13T00:00:48.000000Z,0.8,10.59375,2.59375
SITE_006_S0083,SITE_006,2006-12-25T00:00:00.000000Z,2006-12-25T00:00:49.000000Z,0.8166666666666667,6.59375,6.59375
SITE_006_S0084,SITE_006,2007-01-30T00:00:00.000000Z,2007-01-30T00:00:51.000000Z,0.85,10.59375,2.59375
SITE_006_S0085,SITE_006,2007-02-11T00:00:00.000000Z,2007-02-11T00:00:51.000000Z,0.85,6.59375,6.59375
SITE_006_S0086,SITE_006,2007-02-23T00:00:00.000000Z,2007-02-23T00:00:51.000000Z,0.85,2.59375,2.59375
SITE_006_S0087,SITE_006,2007-03-07T00:00:00.000000Z,2007-03-07T00:00:51.000000Z,0.85,14.59375,6.59375
SITE_006_S0088,SITE_006,2007-03-19T00:00:00.000000Z,2007-03-19T00:00:51.000000Z,0.85,10.59375,2.59375
SITE_006_S0089,SITE_006,2007-03-31T00:00:00.000000Z,2007-03-31T00:00:50.000000Z,0.8333333333333334,6.59375,6.59375
SITE_006_S0090,SITE_006,2007-04-12T00:00:00.000000Z,2007-04-12T00:00:50.000000Z,0.8333333333333334,2.59375,2.59375
SITE_006_S0091,SITE_006,2007-04-24T00:00:00.000000Z,2007-04-24T00:00:50.000000Z,0.8333333333333334,14.59375,6.59375
SITE_006_S0092,SITE_006,2007-05-06T00:00:00.000000Z,2007-05-06T00:00:49.000000Z,0.8166666666666667,10.59375,2.59375
SITE_006_S0093,SITE_006,2007-05-18T00:00:00.000000Z,2007-05-18T00:00:48.000000Z,0.8,8.59375,0.59375
SITE_006_S0094,SITE_006,2007-05-30T00:00:00.000000Z,2007-05-30T00:00:48.000000Z,0.8,4.59375,4.59375
SITE_006_S0095,SITE_006,2007-06-11T00:00:00.000000Z,2007-06-11T00:00:48.000000Z,0.8,0.59375,0.59375
SITE_006_S0096,SITE_006,2007-06-23T00:00:00.000000Z,2007-06-23T00:00:47.000000Z,0.7833333333333333,12.59375,4.59375
SITE_006_S0097,SITE_006,2007-07-05T00:00:00.000000Z,2007-07-05T00:00:47.000000Z,0.7833333333333333,8.59375,0.59375
SITE_006_S0098,SITE_006,2007-07-17T00:00:00.000000Z,2007-07-17T00:00:47.000000Z,0.7833333333333333,4.59375,4.59375
SITE_006_S0099,SITE_006,2007-07-29T00:00:00.000000Z,2007-07-29T00:00:47.000000Z,0.7833333333333333,0.59375,0.59375
SITE_006_S0100,SITE_006,2007-08-10T00:00:00.000000Z,2007-08-10T00:00:47.000000Z,0.7833333333333333,12.59375,4.59375
SITE_006_S0101,SITE_006,2007-08-22T00:00:00.000000Z,2007-08-22T00:00:48.000000Z,0.8,8.59375,0.59375
SITE_006_S0102,SITE_006,2007-09-03T00:00:00.000000Z,2007-09-03T00:00:48.000000Z,0.8,4.59375,4.59375
SITE_006_S0103,SITE_006,2007-09-15T00:00:00.000000Z,2007-09-15T00:00:49.000000Z,0.8166666666666667,0.59375,0.59375
SITE_006_S0104,SITE_006,2007-10-09T00:00:00.000000Z,2007-10-09T00:00:50.000000Z,0.8333333333333334,8.59375,0.59375
SITE_006_S0105,SITE_006,2007-11-02T00:00:00.000000Z,2007-11-02T00:00:52.000000Z,0.8666666666666667,0.59375,0.59375
SITE_006_S0106,SITE_006,2007-11-14T00:00:00.000000Z,2007-11-14T00:00:52.000000Z,0.8666666666666667,12.59375,4.59375
SITE_006_S0107,SITE_006,2007-11-26T00:00:00.000000Z,2007-11-26T00:00:53.000000Z,0.8833333333333333,8.59375,0.59375
SITE_006_S0108,SITE_006,2007-12-14T00:00:00.000000Z,2007-12-14T00:00:08.000000Z,0.1333333333333333,10.59375,2.59375
SITE_006_S0109,SITE_006,2008-02-06T00:00:00.000000Z,2008-02-06T00:00:57.000000Z,0.95,0.59375,0.59375
SITE_006_S0110,SITE_006,2008-02-18T00:00:00.000000Z,2008-02-18T00:00:57.000000Z,0.95,12.59375,4.59375
SITE_006_S0111,SITE_006,2008-03-01T00:00:00.000000Z,2008-03-01T00:00:57.000000Z,0.95,8.59375,0.59375
SITE_006_S0112,SITE_006,2008-03-19T00:00:00.000000Z,2008-03-19T00:00:10.000000Z,0.1666666666666666,10.59375,2.59375
SITE_006_S0113,SITE_006,2008-03-25T00:00:00.000000Z,2008-03-25T00:00:56.000000Z,0.9333333333333332,0.59375,0.59375
SITE_006_S0114,SITE_006,2008-03-31T00:00:00.000000Z,2008-03-31T00:00:10.000000Z,0.1666666666666666,6.59375,6.59375
SITE_006_S0115,SITE_006,2008-04-06T00:00:00.000000Z,2008-04-06T00:00:56.000000Z,0.9333333333333332,12.59375,4.59375
SITE_006_S0116,SITE_006,2008-04-12T00:00:00.000000Z,2008-04-12T00:00:10.000000Z,0.1666666666666666,2.59375,2.59375
SITE_006_S0117,SITE_006,2008-04-18T00:00:00.000000Z,2008-04-18T00:00:55.000000Z,0.9166666666666666,8.59375,0.59375
SITE_006_S0118,SITE_006,2008-04-24T00:00:00.000000Z,2008-04-24T00:00:09.000000Z,0.15,14.59375,6.59375
SITE_006_S0119,SITE_006,2008-04-30T00:00:00.000000Z,2008-04-30T00:00:55.000000Z,0.9166666666666666,4.59375,4.59375
SITE_006_S0120,SITE_006,2008-05-12T00:00:00.000000Z,2008-05-12T00:00:54.000000Z,0.9,3.59375,3.59375
SITE_006_S0121,SITE_006,2008-05-24T00:00:00.000000Z,2008-05-24T00:00:54.000000Z,0.9,15.59375,7.59375
SITE_006_S0122,SITE_006,2008-06-05T00:00:00.000000Z,2008-06-05T00:00:53.000000Z,0.8833333333333333,11.59375,3.59375
SITE_006_S0123,SITE_006,2008-06-17T00:00:00.000000Z,2008-06-17T00:00:53.000000Z,0.8833333333333333,7.59375,7.59375
SITE_006_S0124,SITE_006,2008-06-29T00:00:00.000000Z,2008-06-29T00:00:53.000000Z,0.8833333333333333,3.59375,3.59375
SITE_006_S0125,SITE_006,2008-07-11T00:00:00.000000Z,2008-07-11T00:00:53.000000Z,0.8833333333333333,15.59375,7.59375
SITE_006_S0126,SITE_006,2008-07-23T00:00:00.000000Z,2008-07-23T00:00:56.000000Z,0.9333333333333332,11.59375,3.59375
SITE_006_S0127,SITE_006,2008-08-04T00:00:00.000000Z,2008-08-04T00:00:56.000000Z,0.9333333333333332,7.59375,7.59375
SITE_006_S0128,SITE_006,2008-08-16T00:00:00.000000Z,2008-08-16T00:00:57.000000Z,0.95,3.59375,3.59375
SITE_006_S0129,SITE_006,2008-08-28T00:00:00.000000Z,2008-08-28T00:00:57.000000Z,0.95,15.59375,7.59375
SITE_006_S0130,SITE_006,2008-09-09T00:00:00.000000Z,2008-09-09T00:00:57.000000Z,0.95,11.59375,3.59375
SITE_006_S0131,SITE_006,2008-09-21T00:00:00.000000Z,2008-09-21T00:00:58.000000Z,0.9666666666666668,7.59375,7.59375
SITE_006_S0132,SITE_006,2008-10-15T00:01:00.000000Z,2008-10-15T00:01:00.000000Z,0,15.59444444444444,7.594444444444444
SITE_006_S0133,SITE_006,2008-10-27T00:01:00.000000Z,2008-10-27T00:01:01.000000Z,0.0166666666666666,11.59444444444444,3.594444444444445
SITE_006_S0134,SITE_006,2008-11-08T00:01:00.000000Z,2008-11-08T00:01:02.000000Z,0.0333333333333333,7.594444444444444,7.594444444444444
SITE_006_S0135,SITE_006,2008-11-20T00:01:00.000000Z,2008-11-20T00:01:02.000000Z,0.0333333333333333,3.594444444444445,3.594444444444445
SITE_006_S0136,SITE_006,2008-12-02T00:01:00.000000Z,2008-12-02T00:01:03.000000Z,0.05,15.59444444444444,7.594444444444444
SITE_006_S0137,SITE_006,2008-12-14T00:01:00.000000Z,2008-12-14T00:01:04.000000Z,0.0666666666666666,11.59444444444444,3.594444444444445
SITE_006_S0138,SITE_006,2008-12-26T00:01:00.000000Z,2008-12-26T00:01:05.000000Z,0.0833333333333333,7.594444444444444,7.594444444444444
SITE_006_S0139,SITE_006,2009-01-07T00:01:00.000000Z,2009-01-07T00:01:05.000000Z,0.0833333333333333,3.594444444444445,3.594444444444445
SITE_006_S0140,SITE_006,2009-01-19T00:01:00.000000Z,2009-01-19T00:01:06.000000Z,0.1,15.59444444444444,7.594444444444444
SITE_006_S0141,SITE_006,2009-01-31T00:01:00.000000Z,2009-01-31T00:01:06.000000Z,0.1,11.59444444444444,3.594444444444445
SITE_006_S0142,SITE_006,2009-03-08T00:01:00.000000Z,2009-03-08T00:01:06.000000Z,0.1,15.59444444444444,7.594444444444444
SITE_006_S0143,SITE_006,2009-03-20T00:01:00.000000Z,2009-03-20T00:01:06.000000Z,0.1,11.59444444444444,3.594444444444445
SITE_006_S0144,SITE_006,2009-04-01T00:01:00.000000Z,2009-04-01T00:01:06.000000Z,0.1,7.594444444444444,7.594444444444444
SITE_006_S0145,SITE_006,2009-04-13T00:01:00.000000Z,2009-04-13T00:01:05.000000Z,0.0833333333333333,3.594444444444445,3.594444444444445
SITE_006_S0146,SITE_006,2009-04-25T00:01:00.000000Z,2009-04-25T00:01:04.000000Z,0.0666666666666666,15.59444444444444,7.594444444444444
SITE_006_S0147,SITE_006,2009-05-07T00:01:00.000000Z,2009-05-07T00:01:04.000000Z,0.0666666666666666,11.59444444444444,3.594444444444445
SITE_006_S0148,SITE_006,2009-05-19T00:01:00.000000Z,2009-05-19T00:01:03.000000Z,0.05,10.59444444444444,2.594444444444445
SITE_006_S0149,SITE_006,2009-05-31T00:01:00.000000Z,2009-05-31T00:01:03.000000Z,0.05,6.594444444444444,6.594444444444444
SITE_006_S0150,SITE_006,2009-06-12T00:01:00.000000Z,2009-06-12T00:01:02.000000Z,0.0333333333333333,2.594444444444445,2.594444444444445
SITE_006_S0151,SITE_006,2009-06-24T00:01:00.000000Z,2009-06-24T00:01:02.000000Z,0.0333333333333333,14.59444444444444,6.594444444444444
SITE_006_S0152,SITE_006,2009-07-06T00:01:00.000000Z,2009-07-06T00:01:02.000000Z,0.0333333333333333,10.59444444444444,2.594444444444445
SITE_006_S0153,SITE_006,2009-07-18T00:01:00.000000Z,2009-07-18T00:01:02.000000Z,0.0333333333333333,6.594444444444444,6.594444444444444
SITE_006_S0154,SITE_006,2009-07-30T00:01:00.000000Z,2009-07-30T00:01:02.000000Z,0.0333333333333333,2.594444444444445,2.594444444444445
SITE_006_S0155,SITE_006,2009-08-11T00:01:00.000000Z,2009-08-11T00:01:02.000000Z,0.0333333333333333,14.59444444444444,6.594444444444444
SITE_006_S0156,SITE_006,2009-08-23T00:01:00.000000Z,2009-08-23T00:01:03.000000Z,0.05,10.59444444444444,2.594444444444445
SITE_006_S0157,SITE_006,2009-09-04T00:01:00.000000Z,2009-09-04T00:01:03.000000Z,0.05,6.594444444444444,6.594444444444444
SITE_006_S0158,SITE_006,2009-09-16T00:01:00.000000Z,2009-09-16T00:01:04.000000Z,0.0666666666666666,2.594444444444445,2.594444444444445
SITE_006_S0159,SITE_006,2009-09-28T00:01:00.000000Z,2009-09-28T00:01:04.000000Z,0.0666666666666666,14.59444444444444,6.594444444444444
SITE_006_S0160,SITE_006,2009-10-10T00:01:00.000000Z,2009-10-10T00:01:05.000000Z,0.0833333333333333,10.59444444444444,2.594444444444445
SITE_006_S0161,SITE_006,2009-10-22T00:01:00.000000Z,2009-10-22T00:01:06.000000Z,0.1,6.594444444444444,6.594444444444444
SITE_006_S0162,SITE_006,2009-11-03T00:01:00.000000Z,2009-11-03T00:01:06.000000Z,0.1,2.594444444444445,2.594444444444445
SITE_006_S0163,SITE_006,2009-11-15T00:01:00.000000Z,2009-11-15T00:01:07.000000Z,0.1166666666666666,14.59444444444444,6.594444444444444
SITE_006_S0164,SITE_006,2009-11-27T00:01:00.000000Z,2009-11-27T00:01:08.000000Z,0.1333333333333333,10.59444444444444,2.594444444444445
SITE_006_S0165,SITE_006,2009-12-21T00:01:00.000000Z,2009-12-21T00:01:09.000000Z,0.15,2.594444444444445,2.594444444444445
SITE_006_S0166,SITE_006,2010-01-02T00:01:00.000000Z,2010-01-02T00:01:10.000000Z,0.1666666666666666,14.59444444444444,6.594444444444444
SITE_006_S0167,SITE_006,2010-01-14T00:01:00.000000Z,2010-01-14T00:01:10.000000Z,0.1666666666666666,10.59444444444444,2.594444444444445
SITE_006_S0168,SITE_006,2010-01-26T00:01:00.000000Z,2010-01-26T00:01:11.000000Z,0.1833333333333333,6.594444444444444,6.594444444444444
SITE_006_S0169,SITE_006,2010-02-07T00:01:00.000000Z,2010-02-07T00:01:11.000000Z,0.1833333333333333,2.594444444444445,2.594444444444445
SITE_006_S0170,SITE_006,2010-02-19T00:01:00.000000Z,2010-02-19T00:01:11.000000Z,0.1833333333333333,14.59444444444444,6.594444444444444
SITE_006_S0171,SITE_006,2010-03-27T00:01:00.000000Z,2010-03-27T00:01:11.000000Z,0.1833333333333333,2.594444444444445,2.594444444444445
SITE_006_S0172,SITE_006,2010-04-08T00:01:00.000000Z,2010-04-08T00:01:10.000000Z,0.1666666666666666,14.59444444444444,6.594444444444444
SITE_006_S0173,SITE_006,2010-04-20T00:01:00.000000Z,2010-04-20T00:01:10.000000Z,0.1666666666666666,10.59444444444444,2.594444444444445
SITE_006_S0174,SITE_006,2010-05-02T00:01:00.000000Z,2010-05-02T00:01:09.000000Z,0.15,6.594444444444444,6.594444444444444
SITE_006_S0175,SITE_006,2010-05-26T00:01:00.000000Z,2010-05-26T00:01:07.000000Z,0.1166666666666666,1.594444444444445,1.594444444444445
SITE_006_S0176,SITE_006,2010-06-07T00:01:00.000000Z,2010-06-07T00:01:07.000000Z,0.1166666666666666,13.59444444444444,5.594444444444444
SITE_006_S0177,SITE_006,2010-06-19T00:01:00.000000Z,2010-06-19T00:01:07.000000Z,0.1166666666666666,9.594444444444443,1.594444444444445
SITE_006_S0178,SITE_006,2010-07-01T00:01:00.000000Z,2010-07-01T00:01:07.000000Z,0.1166666666666666,5.594444444444444,5.594444444444444
SITE_006_S0179,SITE_006,2010-07-13T00:01:00.000000Z,2010-07-13T00:01:07.000000Z,0.1166666666666666,1.594444444444445,1.594444444444445
SITE_006_S0180,SITE_006,2010-07-25T00:01:00.000000Z,2010-07-25T00:01:07.000000Z,0.1166666666666666,13.59444444444444,5.594444444444444
SITE_006_S0181,SITE_006,2010-08-06T00:01:00.000000Z,2010-08-06T00:01:08.000000Z,0.1333333333333333,9.594444444444443,1.594444444444445
SITE_006_S0182,SITE_006,2010-08-18T00:01:00.000000Z,2010-08-18T00:01:07.000000Z,0.1166666666666666,5.594444444444444,5.594444444444444
SITE_006_S0183,SITE_006,2010-08-30T00:01:00.000000Z,2010-08-30T00:01:08.000000Z,0.1333333333333333,1.594444444444445,1.594444444444445
SITE_006_S0184,SITE_006,2010-09-11T00:01:00.000000Z,2010-09-11T00:01:08.000000Z,0.1333333333333333,13.59444444444444,5.594444444444444
SITE_006_S0185,SITE_006,2010-09-23T00:01:00.000000Z,2010-09-23T00:01:08.000000Z,0.1333333333333333,9.594444444444443,1.594444444444445
SITE_006_S0186,SITE_006,2010-10-05T00:01:00.000000Z,2010-10-05T00:01:08.000000Z,0.1333333333333333,5.594444444444444,5.594444444444444
SITE_006_S0187,SITE_006,2010-10-17T00:01:00.000000Z,2010-10-17T00:01:07.000000Z,0.1166666666666666,1.594444444444445,1.594444444444445
SITE_006_S0188,SITE_006,2010-10-29T00:01:00.000000Z,2010-10-29T00:01:07.000000Z,0.1166666666666666,13.59444444444444,5.594444444444444
SITE_006_S0189,SITE_006,2010-11-10T00:01:00.000000Z,2010-11-10T00:01:06.000000Z,0.1,9.594444444444443,1.594444444444445
SITE_006_S0190,SITE_006,2010-11-22T00:01:00.000000Z,2010-11-22T00:01:06.000000Z,0.1,5.594444444444444,5.594444444444444
SITE_006_S0191,SITE_006,2010-12-04T00:01:00.000000Z,2010-12-04T00:01:06.000000Z,0.1,1.594444444444445,1.594444444444445
SITE_006_S0192,SITE_006,2010-12-16T00:01:00.000000Z,2010-12-16T00:01:06.000000Z,0.1,13.59444444444444,5.594444444444444
SITE_006_S0193,SITE_006,2011-01-09T00:01:00.000000Z,2011-01-09T00:01:06.000000Z,0.1,5.594444444444444,5.594444444444444
SITE_006_S0194,SITE_006,2011-01-21T00:01:00.000000Z,2011-01-21T00:01:07.000000Z,0.1166666666666666,1.594444444444445,1.594444444444445
SITE_006_S0195,SITE_006,2011-02-02T00:01:00.000000Z,2011-02-02T00:01:07.000000Z,0.1166666666666666,13.59444444444444,5.594444444444444
SITE_006_S0196,SITE_006,2011-02-14T00:01:00.000000Z,2011-02-14T00:01:08.000000Z,0.1333333333333333,9.594444444444443,1.594444444444445
SITE_006_S0197,SITE_006,2011-02-26T00:01:00.000000Z,2011-02-26T00:01:07.000000Z,0.1166666666666666,5.594444444444444,5.594444444444444
SITE_006_S0198,SITE_006,2011-03-10T00:01:00.000000Z,2011-03-10T00:01:07.000000Z,0.1166666666666666,1.594444444444445,1.594444444444445
SITE_006_S0199,SITE_006,2011-03-22T00:01:00.000000Z,2011-03-22T00:01:07.000000Z,0.1166666666666666,13.59444444444444,5.594444444444444
SITE_006_S0200,SITE_006,2011-04-03T00:01:00.000000Z,2011-04-03T00:01:06.000000Z,0.1,9.594444444444443,1.594444444444445
SITE_006_S0201,SITE_006,2011-04-15T00:01:00.000000Z,2011-04-15T00:01:05.000000Z,0.0833333333333333,5.594444444444444,5.594444444444444
SITE_006_S0202,SITE_006,2011-04-27T00:01:00.000000Z,2011-04-27T00:01:04.000000Z,0.0666666666666666,1.594444444444445,1.594444444444445
SITE_006_S0203,SITE_006,2011-05-21T00:01:00.000000Z,2011-05-21T00:01:02.000000Z,0.0333333333333333,11.59444444444444,3.594444444444445
SITE_006_S0204,SITE_006,2011-06-02T00:01:00.000000Z,2011-06-02T00:01:01.000000Z,0.0166666666666666,7.594444444444444,7.594444444444444
SITE_006_S0205,SITE_006,2011-06-14T00:01:00.000000Z,2011-06-14T00:01:00.000000Z,0,3.594444444444445,3.594444444444445
SITE_006_S0206,SITE_006,2011-06-26T00:01:00.000000Z,2011-06-26T00:01:00.000000Z,0,15.59444444444444,7.594444444444444
SITE_006_S0207,SITE_006,2011-07-08T00:01:00.000000Z,2011-07-08T00:01:00.000000Z,0,11.59444444444444,3.594444444444445
SITE_006_S0208,SITE_006,2011-07-20T00:01:00.000000Z,2011-07-20T00:01:00.000000Z,0,7.594444444444444,7.594444444444444
SITE_006_S0209,SITE_006,2011-08-01T00:01:00.000000Z,2011-08-01T00:01:00.000000Z,0,3.594444444444445,3.594444444444445
SITE_006_S0210,SITE_006,2011-08-13T00:01:00.000000Z,2011-08-13T00:01:01.000000Z,0.0166666666666666,15.59444444444444,7.594444444444444
SITE_006_S0211,SITE_006,2011-08-25T00:01:00.000000Z,2011-08-25T00:01:01.000000Z,0.0166666666666666,11.59444444444444,3.594444444444445
SITE_006_S0212,SITE_006,2011-09-06T00:01:00.000000Z,2011-09-06T00:01:01.000000Z,0.0166666666666666,7.594444444444444,7.594444444444444
SITE_006_S0213,SITE_006,2011-09-18T00:01:00.000000Z,2011-09-18T00:01:01.000000Z,0.0166666666666666,3.594444444444445,3.594444444444445
SITE_006_S0214,SITE_006,2011-09-30T00:01:00.000000Z,2011-09-30T00:01:00.000000Z,0,15.59444444444444,7.594444444444444
SITE_006_S0215,SITE_006,2011-10-12T00:00:00.000000Z,2011-10-12T00:00:59.000000Z,0.9833333333333332,11.59375,3.59375
SITE_006_S0216,SITE_006,2011-11-05T00:00:00.000000Z,2011-11-05T00:00:58.000000Z,0.9666666666666668,3.59375,3.59375
SITE_006_S0217,SITE_006,2011-11-17T00:00:00.000000Z,2011-11-17T00:00:58.000000Z,0.9666666666666668,15.59375,7.59375
SITE_006_S0218,SITE_006,2011-11-29T00:00:00.000000Z,2011-11-29T00:00:57.000000Z,0.95,11.59375,3.59375
SITE_006_S0219,SITE_006,2011-12-11T00:00:00.000000Z,2011-12-11T00:00:57.000000Z,0.95,7.59375,7.59375
SITE_006_S0220,SITE_006,2011-12-23T00:00:00.000000Z,2011-12-23T00:00:57.000000Z,0.95,3.59375,3.59375
SITE_006_S0221,SITE_006,2012-01-04T00:00:00.000000Z,2012-01-04T00:00:57.000000Z,0.95,15.59375,7.59375
SITE_006_S0222,SITE_006,2012-01-16T00:00:00.000000Z,2012-01-16T00:00:57.000000Z,0.95,11.59375,3.59375
SITE_006_S0223,SITE_006,2012-04-09T00:00:00.000000Z,2012-04-09T00:00:55.000000Z,0.9166666666666666,15.59375,7.59375
SITE_006_S0224,SITE_006,2012-04-21T00:00:00.000000Z,2012-04-21T00:00:54.000000Z,0.9,11.59375,3.59375
SITE_006_S0225,SITE_006,2012-05-03T00:00:00.000000Z,2012-05-03T00:00:53.000000Z,0.8833333333333333,7.59375,7.59375
SITE_007_S0001,SITE_007,2009-12-23T00:00:00.000000Z,2009-12-23T00:00:35.000000Z,0.5833333333333334,7.588194444444444,7.588194444444444
SITE_007_S0002,SITE_007,2009-12-28T23:59:00.000000Z,2009-12-28T23:59:49.000000Z,0.8166666666666667,13.5875,5.5875
SITE_007_S0003,SITE_007,2010-01-04T00:00:00.000000Z,2010-01-04T00:00:35.000000Z,0.5833333333333334,3.588194444444444,3.588194444444444
SITE_007_S0004,SITE_007,2010-01-09T23:59:00.000000Z,2010-01-09T23:59:49.000000Z,0.8166666666666667,9.5875,1.5875
SITE_007_S0005,SITE_007,2010-01-16T00:00:00.000000Z,2010-01-16T00:00:36.000000Z,0.6,15.58819444444444,7.588194444444444
SITE_007_S0006,SITE_007,2010-01-21T23:59:00.000000Z,2010-01-21T23:59:50.000000Z,0.8333333333333334,5.5875,5.5875
SITE_007_S0007,SITE_007,2010-01-28T00:00:00.000000Z,2010-01-28T00:00:37.000000Z,0.6166666666666667,11.58819444444444,3.588194444444444
SITE_007_S0008,SITE_007,2010-02-02T23:59:00.000000Z,2010-02-02T23:59:51.000000Z,0.85,1.5875,1.5875
SITE_007_S0009,SITE_007,2010-02-09T00:00:00.000000Z,2010-02-09T00:00:38.000000Z,0.6333333333333333,7.588194444444444,7.588194444444444
SITE_007_S0010,SITE_007,2010-02-14T23:59:00.000000Z,2010-02-14T23:59:51.000000Z,0.85,13.5875,5.5875
SITE_007_S0011,SITE_007,2010-02-21T00:00:00.000000Z,2010-02-21T00:00:38.000000Z,0.6333333333333333,3.588194444444444,3.588194444444444
SITE_007_S0012,SITE_007,2010-02-26T23:59:00.000000Z,2010-02-26T23:59:52.000000Z,0.8666666666666667,9.5875,1.5875
SITE_007_S0013,SITE_007,2010-03-05T00:00:00.000000Z,2010-03-05T00:00:39.000000Z,0.65,15.58819444444444,7.588194444444444
SITE_007_S0014,SITE_007,2010-03-10T23:59:00.000000Z,2010-03-10T23:59:59.000000Z,0.9833333333333332,5.5875,5.5875
SITE_007_S0015,SITE_007,2010-03-17T00:00:00.000000Z,2010-03-17T00:00:40.000000Z,0.6666666666666666,11.58819444444444,3.588194444444444
SITE_007_S0016,SITE_007,2010-03-22T23:59:00.000000Z,2010-03-22T23:59:50.000000Z,0.8333333333333334,1.5875,1.5875
SITE_007_S0017,SITE_007,2010-03-29T00:00:00.000000Z,2010-03-29T00:00:40.000000Z,0.6666666666666666,7.588194444444444,7.588194444444444
SITE_007_S0018,SITE_007,2010-04-03T23:59:00.000000Z,2010-04-03T23:59:54.000000Z,0.9,13.5875,5.5875
SITE_007_S0019,SITE_007,2010-04-10T00:00:00.000000Z,2010-04-10T00:00:41.000000Z,0.6833333333333333,3.588194444444444,3.588194444444444
SITE_007_S0020,SITE_007,2010-04-15T23:59:00.000000Z,2010-04-15T23:59:55.000000Z,0.9166666666666666,9.5875,1.5875
SITE_007_S0021,SITE_007,2010-04-22T00:00:00.000000Z,2010-04-22T00:00:41.000000Z,0.6833333333333333,15.58819444444444,7.588194444444444
SITE_007_S0022,SITE_007,2010-04-27T23:59:00.000000Z,2010-04-27T23:59:55.000000Z,0.9166666666666666,5.5875,5.5875
SITE_007_S0023,SITE_007,2010-05-04T00:00:00.000000Z,2010-05-04T00:00:42.000000Z,0.7,11.58819444444444,3.588194444444444
SITE_007_S0024,SITE_007,2010-05-09T23:59:00.000000Z,2010-05-09T23:59:56.000000Z,0.9333333333333332,1.5875,1.5875
SITE_007_S0025,SITE_007,2010-05-16T00:00:00.000000Z,2010-05-16T00:00:42.000000Z,0.7,7.588194444444444,7.588194444444444
SITE_007_S0026,SITE_007,2010-05-21T23:59:00.000000Z,2010-05-21T23:59:56.000000Z,0.9333333333333332,13.5875,5.5875
SITE_007_S0027,SITE_007,2010-05-28T00:00:00.000000Z,2010-05-28T00:00:42.000000Z,0.7,3.588194444444444,3.588194444444444
SITE_007_S0028,SITE_007,2010-06-02T23:59:00.000000Z,2010-06-02T23:59:56.000000Z,0.9333333333333332,9.5875,1.5875
SITE_007_S0029,SITE_007,2010-06-09T00:00:00.000000Z,2010-06-09T00:00:42.000000Z,0.7,15.58819444444444,7.588194444444444
SITE_007_S0030,SITE_007,2010-06-21T00:00:00.000000Z,2010-06-21T00:00:42.000000Z,0.7,11.58819444444444,3.588194444444444
SITE_007_S0031,SITE_007,2010-06-26T23:59:00.000000Z,2010-06-26T23:59:55.000000Z,0.9166666666666666,1.5875,1.5875
SITE_007_S0032,SITE_007,2010-07-03T00:00:00.000000Z,2010-07-03T00:00:42.000000Z,0.7,7.588194444444444,7.588194444444444
SITE_007_S0033,SITE_007,2010-07-08T23:59:00.000000Z,2010-07-08T23:59:55.000000Z,0.9166666666666666,13.5875,5.5875
SITE_007_S0034,SITE_007,2010-07-15T00:00:00.000000Z,2010-07-15T00:00:41.000000Z,0.6833333333333333,3.588194444444444,3.588194444444444
SITE_007_S0035,SITE_007,2010-07-20T23:59:00.000000Z,2010-07-20T23:59:54.000000Z,0.9,9.5875,1.5875
SITE_007_S0036,SITE_007,2010-07-27T00:00:00.000000Z,2010-07-27T00:00:41.000000Z,0.6833333333333333,15.58819444444444,7.588194444444444
SITE_007_S0037,SITE_007,2010-08-08T00:00:00.000000Z,2010-08-08T00:00:40.000000Z,0.6666666666666666,11.58819444444444,3.588194444444444
SITE_007_S0038,SITE_007,2010-08-20T00:00:00.000000Z,2010-08-20T00:00:39.000000Z,0.65,10.58819444444444,2.588194444444444
SITE_007_S0039,SITE_007,2010-09-01T00:00:00.000000Z,2010-09-01T00:00:39.000000Z,0.65,6.588194444444444,6.588194444444444
SITE_007_S0040,SITE_007,2010-09-13T00:00:00.000000Z,2010-09-13T00:00:38.000000Z,0.6333333333333333,2.588194444444444,2.588194444444444
SITE_007_S0041,SITE_007,2010-09-25T00:00:00.000000Z,2010-09-25T00:00:38.000000Z,0.6333333333333333,14.58819444444444,6.588194444444444
SITE_007_S0042,SITE_007,2010-10-07T00:00:00.000000Z,2010-10-07T00:00:38.000000Z,0.6333333333333333,10.58819444444444,2.588194444444444
SITE_007_S0043,SITE_007,2010-10-19T00:00:00.000000Z,2010-10-19T00:00:33.000000Z,0.55,6.588194444444444,6.588194444444444
SITE_007_S0044,SITE_007,2010-10-31T00:00:00.000000Z,2010-10-31T00:00:33.000000Z,0.55,2.588194444444444,2.588194444444444
SITE_007_S0045,SITE_007,2010-11-12T00:00:00.000000Z,2010-11-12T00:00:33.000000Z,0.55,14.58819444444444,6.588194444444444
SITE_007_S0046,SITE_007,2010-11-24T00:00:00.000000Z,2010-11-24T00:00:33.000000Z,0.55,10.58819444444444,2.588194444444444
SITE_007_S0047,SITE_007,2010-12-06T00:00:00.000000Z,2010-12-06T00:00:34.000000Z,0.5666666666666667,6.588194444444444,6.588194444444444
SITE_007_S0048,SITE_007,2010-12-18T00:00:00.000000Z,2010-12-18T00:00:35.000000Z,0.5833333333333334,2.588194444444444,2.588194444444444
SITE_007_S0049,SITE_007,2010-12-30T00:00:00.000000Z,2010-12-30T00:00:35.000000Z,0.5833333333333334,14.58819444444444,6.588194444444444
SITE_007_S0050,SITE_007,2011-01-11T00:00:00.000000Z,2011-01-11T00:00:37.000000Z,0.6166666666666667,10.58819444444444,2.588194444444444
SITE_007_S0051,SITE_007,2011-01-23T00:00:00.000000Z,2011-01-23T00:00:37.000000Z,0.6166666666666667,6.588194444444444,6.588194444444444
SITE_007_S0052,SITE_007,2011-02-04T00:00:00.000000Z,2011-02-04T00:00:38.000000Z,0.6333333333333333,2.588194444444444,2.588194444444444
SITE_007_S0053,SITE_007,2011-02-16T00:00:00.000000Z,2011-02-16T00:00:39.000000Z,0.65,14.58819444444444,6.588194444444444
SITE_007_S0054,SITE_007,2011-02-28T00:00:00.000000Z,2011-02-28T00:00:39.000000Z,0.65,10.58819444444444,2.588194444444444
SITE_007_S0055,SITE_007,2011-03-12T00:00:00.000000Z,2011-03-12T00:00:40.000000Z,0.6666666666666666,6.588194444444444,6.588194444444444
SITE_007_S0056,SITE_007,2011-03-24T00:00:00.000000Z,2011-03-24T00:00:41.000000Z,0.6833333333333333,2.588194444444444,2.588194444444444
SITE_007_S0057,SITE_007,2011-04-05T00:00:00.000000Z,2011-04-05T00:00:41.000000Z,0.6833333333333333,14.58819444444444,6.588194444444444
SITE_007_S0058,SITE_007,2011-04-17T00:00:00.000000Z,2011-04-17T00:00:42.000000Z,0.7,10.58819444444444,2.588194444444444
SITE_007_S0059,SITE_007,2011-04-29T00:00:00.000000Z,2011-04-29T00:00:42.000000Z,0.7,6.588194444444444,6.588194444444444
SITE_007_S0060,SITE_007,2011-05-11T00:00:00.000000Z,2011-05-11T00:00:43.000000Z,0.7166666666666667,2.588194444444444,2.588194444444444
SITE_007_S0061,SITE_007,2011-05-23T00:00:00.000000Z,2011-05-23T00:00:43.000000Z,0.7166666666666667,14.58819444444444,6.588194444444444
SITE_007_S0062,SITE_007,2011-06-04T00:00:00.000000Z,2011-06-04T00:00:43.000000Z,0.7166666666666667,10.58819444444444,2.588194444444444
SITE_007_S0063,SITE_007,2011-06-16T00:00:00.000000Z,2011-06-16T00:00:42.000000Z,0.7,6.588194444444444,6.588194444444444
SITE_007_S0064,SITE_007,2011-06-28T00:00:00.000000Z,2011-06-28T00:00:42.000000Z,0.7,2.588194444444444,2.588194444444444
SITE_007_S0065,SITE_007,2011-07-10T00:00:00.000000Z,2011-07-10T00:00:42.000000Z,0.7,14.58819444444444,6.588194444444444
SITE_007_S0066,SITE_007,2011-07-22T00:00:00.000000Z,2011-07-22T00:00:41.000000Z,0.6833333333333333,10.58819444444444,2.588194444444444
SITE_007_S0067,SITE_007,2011-08-15T00:00:00.000000Z,2011-08-15T00:00:40.000000Z,0.6666666666666666,5.588194444444444,5.588194444444444
SITE_007_S0068,SITE_007,2011-08-27T00:00:00.000000Z,2011-08-27T00:00:39.000000Z,0.65,1.588194444444444,1.588194444444444
SITE_007_S0069,SITE_007,2011-09-08T00:00:00.000000Z,2011-09-08T00:00:39.000000Z,0.65,13.58819444444444,5.588194444444444
SITE_007_S0070,SITE_007,2011-09-20T00:00:00.000000Z,2011-09-20T00:00:39.000000Z,0.65,9.588194444444444,1.588194444444444
SITE_007_S0071,SITE_007,2011-10-02T00:00:00.000000Z,2011-10-02T00:00:38.000000Z,0.6333333333333333,5.588194444444444,5.588194444444444
SITE_007_S0072,SITE_007,2011-10-14T00:00:00.000000Z,2011-10-14T00:00:38.000000Z,0.6333333333333333,1.588194444444444,1.588194444444444
SITE_007_S0073,SITE_007,2011-10-26T00:00:00.000000Z,2011-10-26T00:00:38.000000Z,0.6333333333333333,13.58819444444444,5.588194444444444
SITE_007_S0074,SITE_007,2011-11-07T00:00:00.000000Z,2011-11-07T00:00:39.000000Z,0.65,9.588194444444444,1.588194444444444
SITE_007_S0075,SITE_007,2011-11-19T00:00:00.000000Z,2011-11-19T00:00:39.000000Z,0.65,5.588194444444444,5.588194444444444
SITE_007_S0076,SITE_007,2011-12-01T00:00:00.000000Z,2011-12-01T00:00:39.000000Z,0.65,1.588194444444444,1.588194444444444
SITE_007_S0077,SITE_007,2011-12-13T00:00:00.000000Z,2011-12-13T00:00:40.000000Z,0.6666666666666666,13.58819444444444,5.588194444444444
SITE_007_S0078,SITE_007,2011-12-25T00:00:00.000000Z,2011-12-25T00:00:41.000000Z,0.6833333333333333,9.588194444444444,1.588194444444444
SITE_007_S0079,SITE_007,2012-01-06T00:00:00.000000Z,2012-01-06T00:00:41.000000Z,0.6833333333333333,5.588194444444444,5.588194444444444
SITE_007_S0080,SITE_007,2012-01-18T00:00:00.000000Z,2012-01-18T00:00:42.000000Z,0.7,1.588194444444444,1.588194444444444
SITE_007_S0081,SITE_007,2012-02-11T00:00:00.000000Z,2012-02-11T00:00:43.000000Z,0.7166666666666667,9.588194444444444,1.588194444444444
SITE_007_S0082,SITE_007,2012-02-23T00:00:00.000000Z,2012-02-23T00:00:44.000000Z,0.7333333333333333,5.588194444444444,5.588194444444444
SITE_007_S0083,SITE_007,2012-03-06T00:00:00.000000Z,2012-03-06T00:00:45.000000Z,0.75,1.588194444444444,1.588194444444444
SITE_007_S0084,SITE_007,2012-03-30T00:00:00.000000Z,2012-03-30T00:00:46.000000Z,0.7666666666666667,9.588194444444444,1.588194444444444
SITE_007_S0085,SITE_007,2012-04-11T00:00:00.000000Z,2012-04-11T00:00:47.000000Z,0.7833333333333333,5.588194444444444,5.588194444444444
SITE_007_S0086,SITE_007,2012-04-23T00:00:00.000000Z,2012-04-23T00:00:47.000000Z,0.7833333333333333,1.588194444444444,1.588194444444444
SITE_007_S0087,SITE_007,2012-05-05T00:00:00.000000Z,2012-05-05T00:00:47.000000Z,0.7833333333333333,13.58819444444444,5.588194444444444
SITE_007_S0088,SITE_007,2012-05-17T00:00:00.000000Z,2012-05-17T00:00:47.000000Z,0.7833333333333333,9.588194444444444,1.588194444444444
SITE_007_S0089,SITE_007,2012-05-29T00:00:00.000000Z,2012-05-29T00:00:48.000000Z,0.8,5.588194444444444,5.588194444444444
SITE_007_S0090,SITE_007,2012-06-10T00:00:00.000000Z,2012-06-10T00:00:47.000000Z,0.7833333333333333,1.588194444444444,1.588194444444444
SITE_007_S0091,SITE_007,2012-06-22T00:00:00.000000Z,2012-06-22T00:00:47.000000Z,0.7833333333333333,13.58819444444444,5.588194444444444
SITE_007_S0092,SITE_007,2012-07-16T00:00:00.000000Z,2012-07-16T00:00:46.000000Z,0.7666666666666667,5.588194444444444,5.588194444444444
SITE_007_S0093,SITE_007,2014-02-12T00:00:00.000000Z,2014-02-12T00:00:34.000000Z,0.5666666666666667,10.58819444444444,2.588194444444444
SITE_007_S0094,SITE_007,2014-02-17T23:59:00.000000Z,2014-02-17T23:59:26.000000Z,0.4333333333333333,0.5875,0.5875
SITE_007_S0095,SITE_007,2014-02-24T00:00:00.000000Z,2014-02-24T00:00:34.000000Z,0.5666666666666667,6.588194444444444,6.588194444444444
SITE_007_S0096,SITE_007,2014-03-01T23:59:00.000000Z,2014-03-01T23:59:27.000000Z,0.45,12.5875,4.5875
SITE_007_S0097,SITE_007,2014-03-08T00:00:00.000000Z,2014-03-08T00:00:34.000000Z,0.5666666666666667,2.588194444444444,2.588194444444444
SITE_007_S0098,SITE_007,2014-03-13T23:59:00.000000Z,2014-03-13T23:59:27.000000Z,0.45,8.5875,0.5875
SITE_007_S0099,SITE_007,2014-03-20T00:00:00.000000Z,2014-03-20T00:00:33.000000Z,0.55,14.58819444444444,6.588194444444444
SITE_007_S0100,SITE_007,2014-03-25T23:59:00.000000Z,2014-03-25T23:59:28.000000Z,0.4666666666666667,4.5875,4.5875
SITE_007_S0101,SITE_007,2014-04-01T00:00:00.000000Z,2014-04-01T00:00:34.000000Z,0.5666666666666667,10.58819444444444,2.588194444444444
SITE_007_S0102,SITE_007,2014-04-06T23:59:00.000000Z,2014-04-06T23:59:28.000000Z,0.4666666666666667,0.5875,0.5875
SITE_007_S0103,SITE_007,2014-04-13T00:00:00.000000Z,2014-04-13T00:00:34.000000Z,0.5666666666666667,6.588194444444444,6.588194444444444
SITE_007_S0104,SITE_007,2014-04-18T23:59:00.000000Z,2014-04-18T23:59:29.000000Z,0.4833333333333333,12.5875,4.5875
SITE_007_S0105,SITE_007,2014-04-25T00:00:00.000000Z,2014-04-25T00:00:34.000000Z,0.5666666666666667,2.588194444444444,2.588194444444444
SITE_007_S0106,SITE_007,2014-04-30T23:59:00.000000Z,2014-04-30T23:59:29.000000Z,0.4833333333333333,8.5875,0.5875
SITE_007_S0107,SITE_007,2014-05-07T00:00:00.000000Z,2014-05-07T00:00:34.000000Z,0.5666666666666667,14.58819444444444,6.588194444444444
SITE_007_S0108,SITE_007,2014-05-12T23:59:00.000000Z,2014-05-12T23:59:29.000000Z,0.4833333333333333,4.5875,4.5875
SITE_007_S0109,SITE_007,2014-05-19T00:00:00.000000Z,2014-05-19T00:00:35.000000Z,0.5833333333333334,10.58819444444444,2.588194444444444
SITE_007_S0110,SITE_007,2014-05-24T23:59:00.000000Z,2014-05-24T23:59:29.000000Z,0.4833333333333333,0.5875,0.5875
SITE_007_S0111,SITE_007,2014-05-31T00:00:00.000000Z,2014-05-31T00:00:34.000000Z,0.5666666666666667,6.588194444444444,6.588194444444444
SITE_007_S0112,SITE_007,2014-06-05T23:59:00.000000Z,2014-06-05T23:59:29.000000Z,0.4833333333333333,12.5875,4.5875
SITE_007_S0113,SITE_007,2014-06-17T23:59:00.000000Z,2014-06-17T23:59:29.000000Z,0.4833333333333333,8.5875,0.5875
SITE_007_S0114,SITE_007,2014-06-24T00:00:00.000000Z,2014-06-24T00:00:33.000000Z,0.55,14.58819444444444,6.588194444444444
SITE_007_S0115,SITE_007,2014-06-29T23:59:00.000000Z,2014-06-29T23:59:28.000000Z,0.4666666666666667,4.5875,4.5875
SITE_007_S0116,SITE_007,2014-07-06T00:00:00.000000Z,2014-07-06T00:00:32.000000Z,0.5333333333333333,10.58819444444444,2.588194444444444
SITE_007_S0117,SITE_007,2014-07-11T23:59:00.000000Z,2014-07-11T23:59:28.000000Z,0.4666666666666667,0.5875,0.5875
SITE_007_S0118,SITE_007,2014-07-18T00:00:00.000000Z,2014-07-18T00:00:31.000000Z,0.5166666666666667,6.588194444444444,6.588194444444444
SITE_007_S0119,SITE_007,2014-07-23T23:59:00.000000Z,2014-07-23T23:59:28.000000Z,0.4666666666666667,12.5875,4.5875
SITE_007_S0120,SITE_007,2014-07-30T00:00:00.000000Z,2014-07-30T00:00:30.000000Z,0.5,2.588194444444444,2.588194444444444
SITE_007_S0121,SITE_007,2014-08-04T23:59:00.000000Z,2014-08-04T23:59:27.000000Z,0.45,8.5875,0.5875
SITE_008_S0001,SITE_008,2008-02-16T00:00:00.000000Z,2008-02-16T00:00:39.140000Z,0.6523333333333333,15.24375,7.24375
SITE_008_S0002,SITE_008,2008-02-28T00:00:00.000000Z,2008-02-28T00:00:39.680000Z,0.6613333333333333,11.24375,3.24375
SITE_008_S0003,SITE_008,2008-03-11T00:00:00.000000Z,2008-03-11T00:00:37.490000Z,0.6248333333333334,7.24375,7.24375
SITE_008_S0004,SITE_008,2008-03-23T00:00:00.000000Z,2008-03-23T00:00:37.890000Z,0.6315,3.24375,3.24375
SITE_008_S0005,SITE_008,2008-04-04T00:00:00.000000Z,2008-04-04T00:00:38.820000Z,0.647,15.24375,7.24375
SITE_008_S0006,SITE_008,2008-04-16T00:00:00.000000Z,2008-04-16T00:00:39.620000Z,0.6603333333333333,11.24375,3.24375
SITE_008_S0007,SITE_008,2008-04-28T00:00:00.000000Z,2008-04-28T00:00:40.240000Z,0.6706666666666666,7.24375,7.24375
SITE_008_S0008,SITE_008,2008-05-10T00:00:00.000000Z,2008-05-10T00:00:41.220000Z,0.687,3.24375,3.24375
SITE_008_S0009,SITE_008,2008-05-22T00:00:00.000000Z,2008-05-22T00:00:40.540000Z,0.6756666666666666,15.24375,7.24375
SITE_008_S0010,SITE_008,2009-03-06T00:00:00.000000Z,2009-03-06T00:00:54.740000Z,0.9123333333333332,2.24375,2.24375
SITE_008_S0011,SITE_008,2009-03-30T00:00:00.000000Z,2009-03-30T00:00:58.680000Z,0.978,10.24375,2.24375
SITE_008_S0012,SITE_008,2009-04-11T00:00:00.000000Z,2009-04-11T00:00:42.420000Z,0.707,6.24375,6.24375
SITE_008_S0013,SITE_008,2009-04-23T00:00:00.000000Z,2009-04-23T00:00:43.150000Z,0.7191666666666666,2.24375,2.24375
SITE_008_S0014,SITE_008,2009-05-17T00:00:00.000000Z,2009-05-17T00:00:44.560000Z,0.7426666666666667,10.24375,2.24375
SITE_008_S0015,SITE_008,2009-05-29T00:00:00.000000Z,2009-05-29T00:00:45.080000Z,0.7513333333333333,6.24375,6.24375
SITE_008_S0016,SITE_008,2009-06-10T00:00:00.000000Z,2009-06-10T00:00:59.460000Z,0.991,2.24375,2.24375
SITE_008_S0017,SITE_008,2009-06-22T00:00:00.000000Z,2009-06-22T00:00:46.360000Z,0.7726666666666666,14.24375,6.24375
SITE_008_S0018,SITE_008,2009-07-04T00:00:00.000000Z,2009-07-04T00:00:47.130000Z,0.7855,10.24375,2.24375
SITE_008_S0019,SITE_008,2009-07-16T00:00:00.000000Z,2009-07-16T00:00:47.000000Z,0.7833333333333333,6.24375,6.24375
SITE_008_S0020,SITE_008,2009-07-28T00:00:00.000000Z,2009-07-28T00:00:47.000000Z,0.7833333333333333,2.24375,2.24375
SITE_008_S0021,SITE_008,2009-08-09T00:00:00.000000Z,2009-08-09T00:00:48.410000Z,0.8068333333333333,14.24375,6.24375
SITE_008_S0022,SITE_008,2009-08-15T00:00:00.000000Z,2009-08-15T00:00:09.000000Z,0.15,4.24375,4.24375
SITE_008_S0023,SITE_008,2009-08-21T00:00:00.000000Z,2009-08-21T00:00:48.000000Z,0.8,10.24375,2.24375
SITE_008_S0024,SITE_008,2009-09-02T00:00:00.000000Z,2009-09-02T00:00:48.320000Z,0.8053333333333333,6.24375,6.24375
SITE_008_S0025,SITE_008,2009-09-08T00:00:00.000000Z,2009-09-08T00:00:09.250000Z,0.1541666666666666,12.24375,4.24375
SITE_008_S0026,SITE_008,2009-09-14T00:00:00.000000Z,2009-09-14T00:00:48.370000Z,0.8061666666666667,2.24375,2.24375
SITE_008_S0027,SITE_008,2009-09-20T00:00:00.000000Z,2009-09-20T00:00:09.000000Z,0.15,8.24375,0.24375
SITE_008_S0028,SITE_008,2009-09-26T00:00:00.000000Z,2009-09-26T00:00:48.000000Z,0.8,14.24375,6.24375
SITE_008_S0029,SITE_008,2009-10-02T00:00:00.000000Z,2009-10-02T00:00:08.000000Z,0.1333333333333333,4.24375,4.24375
SITE_008_S0030,SITE_008,2009-10-08T00:00:00.000000Z,2009-10-08T00:00:48.030000Z,0.8005,10.24375,2.24375
SITE_008_S0031,SITE_008,2009-10-14T00:00:00.000000Z,2009-10-14T00:00:08.520000Z,0.142,0.24375,0.24375
SITE_008_S0032,SITE_008,2009-10-20T00:00:00.000000Z,2009-10-20T00:00:47.600000Z,0.7933333333333333,6.24375,6.24375
SITE_008_S0033,SITE_008,2009-10-26T00:00:00.000000Z,2009-10-26T00:00:08.000000Z,0.1333333333333333,12.24375,4.24375
SITE_008_S0034,SITE_008,2009-11-07T00:00:00.000000Z,2009-11-07T00:00:07.770000Z,0.1295,8.24375,0.24375
SITE_008_S0035,SITE_008,2009-11-25T00:00:00.000000Z,2009-11-25T00:00:45.000000Z,0.75,12.24375,4.24375
SITE_008_S0036,SITE_008,2009-12-01T00:00:00.000000Z,2009-12-01T00:00:05.760000Z,0.096,2.24375,2.24375
SITE_008_S0037,SITE_008,2009-12-13T00:00:00.000000Z,2009-12-13T00:00:05.000000Z,0.0833333333333333,14.24375,6.24375
SITE_008_S0038,SITE_008,2009-12-19T00:00:00.000000Z,2009-12-19T00:00:44.000000Z,0.7333333333333333,4.24375,4.24375
SITE_008_S0039,SITE_008,2009-12-25T00:00:00.000000Z,2009-12-25T00:00:05.000000Z,0.0833333333333333,10.24375,2.24375
SITE_008_S0040,SITE_008,2009-12-31T00:00:00.000000Z,2009-12-31T00:00:44.460000Z,0.741,0.24375,0.24375
SITE_008_S0041,SITE_008,2010-01-06T00:00:00.000000Z,2010-01-06T00:00:05.290000Z,0.0881666666666666,6.24375,6.24375
SITE_008_S0042,SITE_008,2010-01-12T00:00:00.000000Z,2010-01-12T00:00:44.000000Z,0.7333333333333333,12.24375,4.24375
SITE_008_S0043,SITE_008,2010-01-30T00:00:00.000000Z,2010-01-30T00:00:05.000000Z,0.0833333333333333,14.24375,6.24375
SITE_008_S0044,SITE_008,2010-02-05T00:00:00.000000Z,2010-02-05T00:00:44.830000Z,0.7471666666666666,4.24375,4.24375
SITE_008_S0045,SITE_008,2010-02-11T00:00:00.000000Z,2010-02-11T00:00:05.000000Z,0.0833333333333333,10.24375,2.24375
SITE_008_S0046,SITE_008,2010-02-17T00:00:00.000000Z,2010-02-17T00:00:45.300000Z,0.755,0.24375,0.24375
SITE_008_S0047,SITE_008,2010-02-23T00:00:00.000000Z,2010-02-23T00:00:06.220000Z,0.1036666666666666,6.24375,6.24375
SITE_008_S0048,SITE_008,2010-03-01T00:00:00.000000Z,2010-03-01T00:00:45.920000Z,0.7653333333333333,12.24375,4.24375
SITE_008_S0049,SITE_008,2010-03-07T00:00:00.000000Z,2010-03-07T00:00:06.850000Z,0.1141666666666666,2.24375,2.24375
SITE_008_S0050,SITE_008,2010-03-19T00:00:00.000000Z,2010-03-19T00:00:07.540000Z,0.1256666666666666,14.24375,6.24375
SITE_008_S0051,SITE_008,2010-03-31T00:00:00.000000Z,2010-03-31T00:00:08.160000Z,0.136,10.24375,2.24375
SITE_008_S0052,SITE_008,2010-04-06T00:01:00.000000Z,2010-04-06T00:01:04.000000Z,0.0666666666666666,0.2444444444444444,0.2444444444444444
SITE_008_S0053,SITE_008,2010-04-12T00:00:00.000000Z,2010-04-12T00:00:14.000000Z,0.2333333333333333,6.24375,6.24375
SITE_008_S0054,SITE_008,2010-04-24T00:00:00.000000Z,2010-04-24T00:00:15.000000Z,0.25,2.24375,2.24375
SITE_008_S0055,SITE_008,2010-04-30T00:01:00.000000Z,2010-04-30T00:01:05.000000Z,0.0833333333333333,8.244444444444444,0.2444444444444444
SITE_008_S0056,SITE_008,2010-05-06T00:00:00.000000Z,2010-05-06T00:00:15.000000Z,0.25,14.24375,6.24375
SITE_008_S0057,SITE_008,2010-05-12T00:01:00.000000Z,2010-05-12T00:01:06.000000Z,0.1,4.244444444444444,4.244444444444444
SITE_008_S0058,SITE_008,2010-05-18T00:00:00.000000Z,2010-05-18T00:00:16.000000Z,0.2666666666666666,10.24375,2.24375
SITE_008_S0059,SITE_008,2010-05-24T00:01:00.000000Z,2010-05-24T00:01:07.000000Z,0.1166666666666666,0.2444444444444444,0.2444444444444444
SITE_008_S0060,SITE_008,2010-05-30T00:00:00.000000Z,2010-05-30T00:00:17.000000Z,0.2833333333333333,6.24375,6.24375
SITE_008_S0061,SITE_008,2010-06-05T00:01:00.000000Z,2010-06-05T00:01:07.000000Z,0.1166666666666666,12.24444444444444,4.244444444444444
SITE_008_S0062,SITE_008,2010-06-11T00:00:00.000000Z,2010-06-11T00:00:17.000000Z,0.2833333333333333,2.24375,2.24375
SITE_008_S0063,SITE_008,2010-06-17T00:01:00.000000Z,2010-06-17T00:01:08.000000Z,0.1333333333333333,8.244444444444444,0.2444444444444444
SITE_008_S0064,SITE_008,2010-06-23T00:00:00.000000Z,2010-06-23T00:00:18.000000Z,0.3,14.24375,6.24375
SITE_008_S0065,SITE_008,2010-06-29T00:01:00.000000Z,2010-06-29T00:01:09.000000Z,0.15,4.244444444444444,4.244444444444444
SITE_008_S0066,SITE_008,2010-07-05T00:00:00.000000Z,2010-07-05T00:00:19.000000Z,0.3166666666666666,10.24375,2.24375
SITE_008_S0067,SITE_008,2010-07-11T00:01:00.000000Z,2010-07-11T00:01:09.000000Z,0.15,0.2444444444444444,0.2444444444444444
SITE_008_S0068,SITE_008,2010-07-17T00:00:00.000000Z,2010-07-17T00:00:19.000000Z,0.3166666666666666,6.24375,6.24375
SITE_008_S0069,SITE_008,2010-07-23T00:01:00.000000Z,2010-07-23T00:01:10.000000Z,0.1666666666666666,12.24444444444444,4.244444444444444
SITE_008_S0070,SITE_008,2010-07-29T00:00:00.000000Z,2010-07-29T00:00:20.000000Z,0.3333333333333333,2.24375,2.24375
SITE_008_S0071,SITE_008,2010-08-04T00:01:00.000000Z,2010-08-04T00:01:10.000000Z,0.1666666666666666,8.244444444444444,0.2444444444444444
SITE_008_S0072,SITE_008,2010-08-10T00:00:00.000000Z,2010-08-10T00:00:20.000000Z,0.3333333333333333,14.24375,6.24375
SITE_008_S0073,SITE_008,2010-08-16T00:01:00.000000Z,2010-08-16T00:01:10.000000Z,0.1666666666666666,4.244444444444444,4.244444444444444
SITE_008_S0074,SITE_008,2010-08-22T00:00:00.000000Z,2010-08-22T00:00:20.000000Z,0.3333333333333333,10.24375,2.24375
SITE_008_S0075,SITE_008,2010-08-28T00:01:00.000000Z,2010-08-28T00:01:11.000000Z,0.1833333333333333,0.2444444444444444,0.2444444444444444
SITE_008_S0076,SITE_008,2010-09-03T00:00:00.000000Z,2010-09-03T00:00:20.000000Z,0.3333333333333333,6.24375,6.24375
SITE_008_S0077,SITE_008,2010-09-09T00:01:00.000000Z,2010-09-09T00:01:11.000000Z,0.1833333333333333,12.24444444444444,4.244444444444444
SITE_008_S0078,SITE_008,2010-09-15T00:00:00.000000Z,2010-09-15T00:00:20.000000Z,0.3333333333333333,2.24375,2.24375
SITE_008_S0079,SITE_008,2010-09-27T00:00:00.000000Z,2010-09-27T00:00:20.000000Z,0.3333333333333333,14.24375,6.24375
SITE_008_S0080,SITE_008,2010-10-03T00:01:00.000000Z,2010-10-03T00:01:10.000000Z,0.1666666666666666,4.244444444444444,4.244444444444444
SITE_008_S0081,SITE_008,2010-10-09T00:00:00.000000Z,2010-10-09T00:00:20.000000Z,0.3333333333333333,10.24375,2.24375
SITE_008_S0082,SITE_008,2010-10-15T00:01:00.000000Z,2010-10-15T00:01:10.000000Z,0.1666666666666666,0.2444444444444444,0.2444444444444444
SITE_008_S0083,SITE_008,2010-10-21T00:00:00.000000Z,2010-10-21T00:00:19.000000Z,0.3166666666666666,6.24375,6.24375
SITE_008_S0084,SITE_008,2010-10-27T00:01:00.000000Z,2010-10-27T00:01:09.000000Z,0.15,12.24444444444444,4.244444444444444
SITE_008_S0085,SITE_008,2010-11-02T00:00:00.000000Z,2010-11-02T00:00:19.000000Z,0.3166666666666666,2.24375,2.24375
SITE_008_S0086,SITE_008,2010-11-08T00:01:00.000000Z,2010-11-08T00:01:09.000000Z,0.15,8.244444444444444,0.2444444444444444
SITE_008_S0087,SITE_008,2010-11-14T00:00:00.000000Z,2010-11-14T00:00:18.000000Z,0.3,1.24375,1.24375
SITE_008_S0088,SITE_008,2010-11-20T00:01:00.000000Z,2010-11-20T00:01:08.000000Z,0.1333333333333333,7.244444444444444,7.244444444444444
SITE_008_S0089,SITE_008,2010-11-26T00:00:00.000000Z,2010-11-26T00:00:18.000000Z,0.3,13.24375,5.24375
SITE_008_S0090,SITE_008,2010-12-02T00:01:00.000000Z,2010-12-02T00:01:08.000000Z,0.1333333333333333,3.244444444444444,3.244444444444444
SITE_008_S0091,SITE_008,2010-12-08T00:00:00.000000Z,2010-12-08T00:00:17.000000Z,0.2833333333333333,9.24375,1.24375
SITE_008_S0092,SITE_008,2010-12-14T00:01:00.000000Z,2010-12-14T00:01:07.000000Z,0.1166666666666666,15.24444444444444,7.244444444444444
SITE_008_S0093,SITE_008,2010-12-20T00:00:00.000000Z,2010-12-20T00:00:17.000000Z,0.2833333333333333,5.24375,5.24375
SITE_008_S0094,SITE_008,2010-12-26T00:01:00.000000Z,2010-12-26T00:01:07.000000Z,0.1166666666666666,11.24444444444444,3.244444444444444
SITE_008_S0095,SITE_008,2011-01-01T00:00:00.000000Z,2011-01-01T00:00:17.000000Z,0.2833333333333333,1.24375,1.24375
SITE_008_S0096,SITE_008,2011-01-07T00:01:00.000000Z,2011-01-07T00:01:07.000000Z,0.1166666666666666,7.244444444444444,7.244444444444444
SITE_008_S0097,SITE_008,2011-01-13T00:00:00.000000Z,2011-01-13T00:00:17.000000Z,0.2833333333333333,13.24375,5.24375
SITE_008_S0098,SITE_008,2011-01-19T00:01:00.000000Z,2011-01-19T00:01:07.000000Z,0.1166666666666666,3.244444444444444,3.244444444444444
SITE_008_S0099,SITE_008,2011-01-25T00:00:00.000000Z,2011-01-25T00:00:17.000000Z,0.2833333333333333,9.24375,1.24375
SITE_008_S0100,SITE_008,2011-01-31T00:01:00.000000Z,2011-01-31T00:01:07.000000Z,0.1166666666666666,15.24444444444444,7.244444444444444
SITE_008_S0101,SITE_008,2011-02-06T00:00:00.000000Z,2011-02-06T00:00:17.000000Z,0.2833333333333333,5.24375,5.24375
SITE_008_S0102,SITE_008,2011-02-12T00:01:00.000000Z,2011-02-12T00:01:08.000000Z,0.1333333333333333,11.24444444444444,3.244444444444444
SITE_008_S0103,SITE_008,2011-02-18T00:00:00.000000Z,2011-02-18T00:00:18.000000Z,0.3,1.24375,1.24375
SITE_008_S0104,SITE_008,2011-02-24T00:01:00.000000Z,2011-02-24T00:01:08.000000Z,0.1333333333333333,7.244444444444444,7.244444444444444
SITE_008_S0105,SITE_008,2011-03-02T00:00:00.000000Z,2011-03-02T00:00:18.000000Z,0.3,13.24375,5.24375
SITE_008_S0106,SITE_008,2011-03-20T00:01:00.000000Z,2011-03-20T00:01:09.000000Z,0.15,15.24444444444444,7.244444444444444
SITE_008_S0107,SITE_008,2011-04-01T00:01:00.000000Z,2011-04-01T00:01:10.000000Z,0.1666666666666666,11.24444444444444,3.244444444444444
SITE_008_S0108,SITE_008,2011-04-07T00:00:00.000000Z,2011-04-07T00:00:20.000000Z,0.3333333333333333,1.24375,1.24375
SITE_008_S0109,SITE_008,2011-04-13T00:01:00.000000Z,2011-04-13T00:01:11.000000Z,0.1833333333333333,7.244444444444444,7.244444444444444
SITE_008_S0110,SITE_008,2011-04-19T00:00:00.000000Z,2011-04-19T00:00:21.000000Z,0.35,13.24375,5.24375
SITE_008_S0111,SITE_008,2011-05-01T00:00:00.000000Z,2011-05-01T00:00:21.000000Z,0.35,9.24375,1.24375
SITE_008_S0112,SITE_008,2011-05-07T00:01:00.000000Z,2011-05-07T00:01:12.000000Z,0.2,15.24444444444444,7.244444444444444
SITE_008_S0113,SITE_008,2011-05-13T00:00:00.000000Z,2011-05-13T00:00:22.000000Z,0.3666666666666666,5.24375,5.24375
SITE_008_S0114,SITE_008,2011-05-19T00:01:00.000000Z,2011-05-19T00:01:13.000000Z,0.2166666666666666,11.24444444444444,3.244444444444444
SITE_008_S0115,SITE_008,2011-05-25T00:00:00.000000Z,2011-05-25T00:00:23.000000Z,0.3833333333333333,1.24375,1.24375
SITE_008_S0116,SITE_008,2011-05-31T00:01:00.000000Z,2011-05-31T00:01:14.000000Z,0.2333333333333333,7.244444444444444,7.244444444444444
SITE_008_S0117,SITE_008,2011-06-06T00:00:00.000000Z,2011-06-06T00:00:24.000000Z,0.4,13.24375,5.24375
SITE_008_S0118,SITE_008,2011-06-12T00:01:00.000000Z,2011-06-12T00:01:14.000000Z,0.2333333333333333,3.244444444444444,3.244444444444444
SITE_008_S0119,SITE_008,2011-06-18T00:00:00.000000Z,2011-06-18T00:00:24.000000Z,0.4,9.24375,1.24375
SITE_008_S0120,SITE_008,2011-06-30T00:00:00.000000Z,2011-06-30T00:00:25.000000Z,0.4166666666666667,5.24375,5.24375
SITE_008_S0121,SITE_008,2011-07-06T00:01:00.000000Z,2011-07-06T00:01:10.000000Z,0.1666666666666666,11.24444444444444,3.244444444444444
SITE_008_S0122,SITE_008,2011-07-12T00:00:00.000000Z,2011-07-12T00:00:25.000000Z,0.4166666666666667,1.24375,1.24375
SITE_008_S0123,SITE_008,2011-07-18T00:01:00.000000Z,2011-07-18T00:01:10.000000Z,0.1666666666666666,7.244444444444444,7.244444444444444
SITE_008_S0124,SITE_008,2011-07-24T00:00:00.000000Z,2011-07-24T00:00:26.000000Z,0.4333333333333333,13.24375,5.24375
SITE_008_S0125,SITE_008,2011-07-30T00:01:00.000000Z,2011-07-30T00:01:11.000000Z,0.1833333333333333,3.244444444444444,3.244444444444444
SITE_008_S0126,SITE_008,2011-08-05T00:00:00.000000Z,2011-08-05T00:00:26.000000Z,0.4333333333333333,9.24375,1.24375
SITE_008_S0127,SITE_008,2011-08-11T00:01:00.000000Z,2011-08-11T00:01:11.000000Z,0.1833333333333333,15.24444444444444,7.244444444444444
SITE_008_S0128,SITE_008,2011-08-17T00:00:00.000000Z,2011-08-17T00:00:25.000000Z,0.4166666666666667,5.24375,5.24375
SITE_008_S0129,SITE_008,2011-09-04T00:01:00.000000Z,2011-09-04T00:01:10.000000Z,0.1666666666666666,7.244444444444444,7.244444444444444
SITE_008_S0130,SITE_008,2011-09-10T00:00:00.000000Z,2011-09-10T00:00:25.000000Z,0.4166666666666667,13.24375,5.24375
SITE_008_S0131,SITE_008,2011-09-16T00:01:00.000000Z,2011-09-16T00:01:11.000000Z,0.1833333333333333,3.244444444444444,3.244444444444444
SITE_008_S0132,SITE_008,2011-09-22T00:00:00.000000Z,2011-09-22T00:00:25.000000Z,0.4166666666666667,9.24375,1.24375
SITE_008_S0133,SITE_008,2011-09-28T00:01:00.000000Z,2011-09-28T00:01:11.000000Z,0.1833333333333333,15.24444444444444,7.244444444444444
SITE_008_S0134,SITE_008,2011-10-04T00:00:00.000000Z,2011-10-04T00:00:25.000000Z,0.4166666666666667,5.24375,5.24375
SITE_008_S0135,SITE_008,2011-10-10T00:01:00.000000Z,2011-10-10T00:01:10.000000Z,0.1666666666666666,11.24444444444444,3.244444444444444
SITE_008_S0136,SITE_008,2011-10-16T00:00:00.000000Z,2011-10-16T00:00:26.000000Z,0.4333333333333333,1.24375,1.24375
SITE_008_S0137,SITE_008,2011-10-28T00:00:00.000000Z,2011-10-28T00:00:25.000000Z,0.4166666666666667,13.24375,5.24375
SITE_008_S0138,SITE_008,2011-11-03T00:01:00.000000Z,2011-11-03T00:01:10.000000Z,0.1666666666666666,3.244444444444444,3.244444444444444
SITE_008_S0139,SITE_008,2011-11-09T00:00:00.000000Z,2011-11-09T00:00:25.000000Z,0.4166666666666667,9.24375,1.24375
SITE_008_S0140,SITE_008,2011-11-15T00:01:00.000000Z,2011-11-15T00:01:10.000000Z,0.1666666666666666,2.244444444444444,2.244444444444444
SITE_008_S0141,SITE_008,2011-11-21T00:00:00.000000Z,2011-11-21T00:00:25.000000Z,0.4166666666666667,8.24375,0.24375
SITE_008_S0142,SITE_008,2011-11-27T00:01:00.000000Z,2011-11-27T00:01:15.000000Z,0.25,14.24444444444444,6.244444444444444
SITE_008_S0143,SITE_008,2011-12-03T00:00:00.000000Z,2011-12-03T00:00:24.000000Z,0.4,4.24375,4.24375
SITE_008_S0144,SITE_008,2011-12-09T00:01:00.000000Z,2011-12-09T00:01:14.000000Z,0.2333333333333333,10.24444444444444,2.244444444444444
SITE_008_S0145,SITE_008,2011-12-15T00:00:00.000000Z,2011-12-15T00:00:24.000000Z,0.4,0.24375,0.24375
SITE_008_S0146,SITE_008,2011-12-21T00:01:00.000000Z,2011-12-21T00:01:14.000000Z,0.2333333333333333,6.244444444444444,6.244444444444444
SITE_008_S0147,SITE_008,2011-12-27T00:00:00.000000Z,2011-12-27T00:00:24.000000Z,0.4,12.24375,4.24375
SITE_008_S0148,SITE_008,2012-01-02T00:01:00.000000Z,2012-01-02T00:01:14.000000Z,0.2333333333333333,2.244444444444444,2.244444444444444
SITE_008_S0149,SITE_008,2012-01-08T00:00:00.000000Z,2012-01-08T00:00:24.000000Z,0.4,8.24375,0.24375
SITE_008_S0150,SITE_008,2012-01-14T00:01:00.000000Z,2012-01-14T00:01:14.000000Z,0.2333333333333333,14.24444444444444,6.244444444444444
SITE_008_S0151,SITE_008,2012-01-26T00:01:00.000000Z,2012-01-26T00:01:14.000000Z,0.2333333333333333,10.24444444444444,2.244444444444444
SITE_008_S0152,SITE_008,2012-02-01T00:00:00.000000Z,2012-02-01T00:00:24.000000Z,0.4,0.24375,0.24375
SITE_008_S0153,SITE_008,2012-02-07T00:01:00.000000Z,2012-02-07T00:01:14.000000Z,0.2333333333333333,6.244444444444444,6.244444444444444
SITE_008_S0154,SITE_008,2012-02-13T00:00:00.000000Z,2012-02-13T00:00:24.000000Z,0.4,12.24375,4.24375
SITE_008_S0155,SITE_008,2012-02-19T00:01:00.000000Z,2012-02-19T00:01:14.000000Z,0.2333333333333333,2.244444444444444,2.244444444444444
SITE_008_S0156,SITE_008,2012-02-25T00:00:00.000000Z,2012-02-25T00:00:24.000000Z,0.4,8.24375,0.24375
SITE_008_S0157,SITE_008,2012-03-02T00:01:00.000000Z,2012-03-02T00:01:15.000000Z,0.25,14.24444444444444,6.244444444444444
SITE_008_S0158,SITE_008,2012-03-08T00:00:00.000000Z,2012-03-08T00:00:25.000000Z,0.4166666666666667,4.24375,4.24375
SITE_008_S0159,SITE_008,2012-03-14T00:01:00.000000Z,2012-03-14T00:01:15.000000Z,0.25,10.24444444444444,2.244444444444444
SITE_008_S0160,SITE_008,2012-03-20T00:00:00.000000Z,2012-03-20T00:00:25.000000Z,0.4166666666666667,0.24375,0.24375
SITE_008_S0161,SITE_008,2012-03-26T00:01:00.000000Z,2012-03-26T00:01:16.000000Z,0.2666666666666666,6.244444444444444,6.244444444444444
SITE_008_S0162,SITE_008,2012-04-01T00:00:00.000000Z,2012-04-01T00:00:26.000000Z,0.4333333333333333,12.24375,4.24375
SITE_008_S0163,SITE_008,2012-04-07T00:01:00.000000Z,2012-04-07T00:01:16.000000Z,0.2666666666666666,2.244444444444444,2.244444444444444
SITE_008_S0164,SITE_008,2012-04-13T00:00:00.000000Z,2012-04-13T00:00:27.000000Z,0.45,8.24375,0.24375
SITE_008_S0165,SITE_008,2012-04-19T00:01:00.000000Z,2012-04-19T00:01:17.000000Z,0.2833333333333333,14.24444444444444,6.244444444444444
SITE_008_S0166,SITE_008,2012-04-25T00:00:00.000000Z,2012-04-25T00:00:27.000000Z,0.45,4.24375,4.24375
SITE_008_S0167,SITE_008,2012-05-07T00:00:00.000000Z,2012-05-07T00:00:28.000000Z,0.4666666666666667,0.24375,0.24375
SITE_008_S0168,SITE_008,2012-05-13T00:01:00.000000Z,2012-05-13T00:01:19.000000Z,0.3166666666666666,6.244444444444444,6.244444444444444
SITE_008_S0169,SITE_008,2012-05-19T00:00:00.000000Z,2012-05-19T00:00:29.000000Z,0.4833333333333333,12.24375,4.24375
SITE_008_S0170,SITE_008,2012-05-25T00:01:00.000000Z,2012-05-25T00:01:19.000000Z,0.3166666666666666,2.244444444444444,2.244444444444444
SITE_008_S0171,SITE_008,2012-05-31T00:00:00.000000Z,2012-05-31T00:00:29.000000Z,0.4833333333333333,8.24375,0.24375
SITE_008_S0172,SITE_008,2012-06-06T00:01:00.000000Z,2012-06-06T00:01:20.000000Z,0.3333333333333333,14.24444444444444,6.244444444444444
SITE_008_S0173,SITE_008,2012-06-12T00:00:00.000000Z,2012-06-12T00:00:30.000000Z,0.5,4.24375,4.24375
SITE_008_S0174,SITE_008,2012-06-18T00:01:00.000000Z,2012-06-18T00:01:21.000000Z,0.35,10.24444444444444,2.244444444444444
SITE_008_S0175,SITE_008,2012-06-24T00:00:00.000000Z,2012-06-24T00:00:31.000000Z,0.5166666666666667,0.24375,0.24375
SITE_008_S0176,SITE_008,2012-06-30T00:01:00.000000Z,2012-06-30T00:01:22.000000Z,0.3666666666666666,6.244444444444444,6.244444444444444
SITE_008_S0177,SITE_008,2012-07-06T00:00:00.000000Z,2012-07-06T00:00:32.000000Z,0.5333333333333333,12.24375,4.24375
SITE_008_S0178,SITE_008,2012-07-12T00:01:00.000000Z,2012-07-12T00:01:22.000000Z,0.3666666666666666,2.244444444444444,2.244444444444444
SITE_008_S0179,SITE_008,2012-07-30T00:00:00.000000Z,2012-07-30T00:00:33.000000Z,0.55,4.24375,4.24375
SITE_008_S0180,SITE_008,2012-08-05T00:01:00.000000Z,2012-08-05T00:01:23.000000Z,0.3833333333333333,10.24444444444444,2.244444444444444
SITE_008_S0181,SITE_008,2012-08-11T00:00:00.000000Z,2012-08-11T00:00:33.000000Z,0.55,0.24375,0.24375
SITE_008_S0182,SITE_008,2012-08-17T00:01:00.000000Z,2012-08-17T00:01:23.000000Z,0.3833333333333333,6.244444444444444,6.244444444444444
SITE_008_S0183,SITE_008,2012-08-23T00:00:00.000000Z,2012-08-23T00:00:33.000000Z,0.55,12.24375,4.24375
SITE_008_S0184,SITE_008,2012-08-29T00:01:00.000000Z,2012-08-29T00:01:23.000000Z,0.3833333333333333,2.244444444444444,2.244444444444444
SITE_008_S0185,SITE_008,2012-09-04T00:00:00.000000Z,2012-09-04T00:00:33.000000Z,0.55,8.24375,0.24375
SITE_008_S0186,SITE_008,2012-09-10T00:01:00.000000Z,2012-09-10T00:01:23.000000Z,0.3833333333333333,14.24444444444444,6.244444444444444
SITE_008_S0187,SITE_008,2012-09-16T00:00:00.000000Z,2012-09-16T00:00:33.000000Z,0.55,4.24375,4.24375
SITE_008_S0188,SITE_008,2012-09-22T00:01:00.000000Z,2012-09-22T00:01:23.000000Z,0.3833333333333333,10.24444444444444,2.244444444444444
SITE_008_S0189,SITE_008,2012-09-28T00:00:00.000000Z,2012-09-28T00:00:33.000000Z,0.55,0.24375,0.24375
SITE_008_S0190,SITE_008,2012-10-04T00:01:00.000000Z,2012-10-04T00:01:23.000000Z,0.3833333333333333,6.244444444444444,6.244444444444444
SITE_008_S0191,SITE_008,2012-10-10T00:00:00.000000Z,2012-10-10T00:00:33.000000Z,0.55,12.24375,4.24375
SITE_008_S0192,SITE_008,2012-10-16T00:01:00.000000Z,2012-10-16T00:01:23.000000Z,0.3833333333333333,2.244444444444444,2.244444444444444
SITE_008_S0193,SITE_008,2012-10-22T00:00:00.000000Z,2012-10-22T00:00:32.000000Z,0.5333333333333333,8.24375,0.24375
SITE_008_S0194,SITE_008,2012-10-28T00:01:00.000000Z,2012-10-28T00:01:22.000000Z,0.3666666666666666,14.24444444444444,6.244444444444444
SITE_008_S0195,SITE_008,2012-11-03T00:00:00.000000Z,2012-11-03T00:00:32.000000Z,0.5333333333333333,4.24375,4.24375
SITE_008_S0196,SITE_008,2012-11-09T00:01:00.000000Z,2012-11-09T00:01:22.000000Z,0.3666666666666666,10.24444444444444,2.244444444444444
SITE_008_S0197,SITE_008,2012-11-15T00:00:00.000000Z,2012-11-15T00:00:31.000000Z,0.5166666666666667,3.24375,3.24375
SITE_008_S0198,SITE_008,2012-11-21T00:01:00.000000Z,2012-11-21T00:01:21.000000Z,0.35,9.244444444444444,1.244444444444444
SITE_008_S0199,SITE_008,2012-11-27T00:00:00.000000Z,2012-11-27T00:00:31.000000Z,0.5166666666666667,15.24375,7.24375
SITE_008_S0200,SITE_008,2012-12-03T00:01:00.000000Z,2012-12-03T00:01:21.000000Z,0.35,5.244444444444444,5.244444444444444
SITE_008_S0201,SITE_008,2012-12-09T00:00:00.000000Z,2012-12-09T00:00:30.000000Z,0.5,11.24375,3.24375
SITE_008_S0202,SITE_008,2012-12-15T00:01:00.000000Z,2012-12-15T00:01:20.000000Z,0.3333333333333333,1.244444444444444,1.244444444444444
SITE_008_S0203,SITE_008,2012-12-21T00:00:00.000000Z,2012-12-21T00:00:30.000000Z,0.5,7.24375,7.24375
SITE_008_S0204,SITE_008,2012-12-27T00:01:00.000000Z,2012-12-27T00:01:20.000000Z,0.3333333333333333,13.24444444444444,5.244444444444444
SITE_008_S0205,SITE_008,2013-01-02T00:00:00.000000Z,2013-01-02T00:00:30.000000Z,0.5,3.24375,3.24375
SITE_008_S0206,SITE_008,2013-01-08T00:01:00.000000Z,2013-01-08T00:01:20.000000Z,0.3333333333333333,9.244444444444444,1.244444444444444
SITE_008_S0207,SITE_008,2013-01-14T00:00:00.000000Z,2013-01-14T00:00:30.000000Z,0.5,15.24375,7.24375
SITE_008_S0208,SITE_008,2013-01-20T00:01:00.000000Z,2013-01-20T00:01:20.000000Z,0.3333333333333333,5.244444444444444,5.244444444444444
SITE_008_S0209,SITE_008,2013-01-26T00:00:00.000000Z,2013-01-26T00:00:30.000000Z,0.5,11.24375,3.24375
SITE_008_S0210,SITE_008,2013-02-01T00:01:00.000000Z,2013-02-01T00:01:20.000000Z,0.3333333333333333,1.244444444444444,1.244444444444444
SITE_008_S0211,SITE_008,2013-02-07T00:00:00.000000Z,2013-02-07T00:00:30.000000Z,0.5,7.24375,7.24375
SITE_008_S0212,SITE_008,2013-02-13T00:01:00.000000Z,2013-02-13T00:01:21.000000Z,0.35,13.24444444444444,5.244444444444444
SITE_008_S0213,SITE_008,2013-02-19T00:00:00.000000Z,2013-02-19T00:00:30.000000Z,0.5,3.24375,3.24375
SITE_008_S0214,SITE_008,2013-02-25T00:01:00.000000Z,2013-02-25T00:01:21.000000Z,0.35,9.244444444444444,1.244444444444444
SITE_008_S0215,SITE_008,2013-03-03T00:00:00.000000Z,2013-03-03T00:00:31.000000Z,0.5166666666666667,15.24375,7.24375
SITE_008_S0216,SITE_008,2013-03-09T00:01:00.000000Z,2013-03-09T00:01:21.000000Z,0.35,5.244444444444444,5.244444444444444
SITE_008_S0217,SITE_008,2013-03-15T00:00:00.000000Z,2013-03-15T00:00:31.000000Z,0.5166666666666667,11.24375,3.24375
SITE_008_S0218,SITE_008,2013-03-21T00:01:00.000000Z,2013-03-21T00:01:22.000000Z,0.3666666666666666,1.244444444444444,1.244444444444444
SITE_008_S0219,SITE_008,2013-03-27T00:00:00.000000Z,2013-03-27T00:00:32.000000Z,0.5333333333333333,7.24375,7.24375
SITE_008_S0220,SITE_008,2013-04-02T00:01:00.000000Z,2013-04-02T00:01:23.000000Z,0.3833333333333333,13.24444444444444,5.244444444444444
SITE_008_S0221,SITE_008,2013-04-08T00:00:00.000000Z,2013-04-08T00:00:33.000000Z,0.55,3.24375,3.24375
SITE_008_S0222,SITE_008,2013-04-14T00:01:00.000000Z,2013-04-14T00:01:23.000000Z,0.3833333333333333,9.244444444444444,1.244444444444444
SITE_008_S0223,SITE_008,2013-04-20T00:00:00.000000Z,2013-04-20T00:00:34.000000Z,0.5666666666666667,15.24375,7.24375
SITE_008_S0224,SITE_008,2013-04-26T00:01:00.000000Z,2013-04-26T00:01:24.000000Z,0.4,5.244444444444444,5.244444444444444
SITE_008_S0225,SITE_008,2013-05-02T00:00:00.000000Z,2013-05-02T00:00:34.000000Z,0.5666666666666667,11.24375,3.24375
SITE_008_S0226,SITE_008,2013-05-08T00:01:00.000000Z,2013-05-08T00:01:25.000000Z,0.4166666666666667,1.244444444444444,1.244444444444444
SITE_008_S0227,SITE_008,2013-05-14T00:00:00.000000Z,2013-05-14T00:00:35.000000Z,0.5833333333333334,7.24375,7.24375
SITE_008_S0228,SITE_008,2013-05-20T00:01:00.000000Z,2013-05-20T00:01:25.000000Z,0.4166666666666667,13.24444444444444,5.244444444444444
SITE_008_S0229,SITE_008,2013-05-26T00:00:00.000000Z,2013-05-26T00:00:36.000000Z,0.6,3.24375,3.24375
SITE_008_S0230,SITE_008,2013-06-01T00:01:00.000000Z,2013-06-01T00:01:26.000000Z,0.4333333333333333,9.244444444444444,1.244444444444444
SITE_008_S0231,SITE_008,2013-06-07T00:00:00.000000Z,2013-06-07T00:00:36.000000Z,0.6,15.24375,7.24375
SITE_008_S0232,SITE_008,2013-06-13T00:01:00.000000Z,2013-06-13T00:01:27.000000Z,0.45,5.244444444444444,5.244444444444444
SITE_008_S0233,SITE_008,2013-06-19T00:00:00.000000Z,2013-06-19T00:00:37.000000Z,0.6166666666666667,11.24375,3.24375
SITE_008_S0234,SITE_008,2013-06-25T00:01:00.000000Z,2013-06-25T00:01:28.000000Z,0.4666666666666667,1.244444444444444,1.244444444444444
SITE_008_S0235,SITE_008,2013-07-01T00:00:00.000000Z,2013-07-01T00:00:38.000000Z,0.6333333333333333,7.24375,7.24375
SITE_008_S0236,SITE_008,2013-07-07T00:01:00.000000Z,2013-07-07T00:01:28.000000Z,0.4666666666666667,13.24444444444444,5.244444444444444
SITE_008_S0237,SITE_008,2013-07-13T00:00:00.000000Z,2013-07-13T00:00:38.000000Z,0.6333333333333333,3.24375,3.24375
SITE_008_S0238,SITE_008,2013-07-19T00:01:00.000000Z,2013-07-19T00:01:29.000000Z,0.4833333333333333,9.244444444444444,1.244444444444444
SITE_008_S0239,SITE_008,2013-07-25T00:00:00.000000Z,2013-07-25T00:00:39.000000Z,0.65,15.24375,7.24375
SITE_008_S0240,SITE_008,2013-07-31T00:01:00.000000Z,2013-07-31T00:01:29.000000Z,0.4833333333333333,5.244444444444444,5.244444444444444
SITE_008_S0241,SITE_008,2013-08-06T00:00:00.000000Z,2013-08-06T00:00:39.000000Z,0.65,11.24375,3.24375
SITE_008_S0242,SITE_008,2013-08-12T00:01:00.000000Z,2013-08-12T00:01:30.000000Z,0.5,1.244444444444444,1.244444444444444
SITE_008_S0243,SITE_008,2013-08-18T00:00:00.000000Z,2013-08-18T00:00:39.000000Z,0.65,7.24375,7.24375
SITE_008_S0244,SITE_008,2013-08-24T00:01:00.000000Z,2013-08-24T00:01:30.000000Z,0.5,13.24444444444444,5.244444444444444
SITE_008_S0245,SITE_008,2013-08-30T00:00:00.000000Z,2013-08-30T00:00:39.000000Z,0.65,3.24375,3.24375
SITE_008_S0246,SITE_008,2013-09-05T00:01:00.000000Z,2013-09-05T00:01:30.000000Z,0.5,9.244444444444444,1.244444444444444
SITE_008_S0247,SITE_008,2013-09-11T00:00:00.000000Z,2013-09-11T00:00:40.000000Z,0.6666666666666666,15.24375,7.24375
SITE_008_S0248,SITE_008,2013-09-17T00:01:00.000000Z,2013-09-17T00:01:30.000000Z,0.5,5.244444444444444,5.244444444444444
SITE_008_S0249,SITE_008,2013-09-23T00:00:00.000000Z,2013-09-23T00:00:39.000000Z,0.65,11.24375,3.24375
SITE_008_S0250,SITE_008,2013-09-29T00:01:00.000000Z,2013-09-29T00:01:30.000000Z,0.5,1.244444444444444,1.244444444444444
SITE_008_S0251,SITE_008,2013-10-05T00:00:00.000000Z,2013-10-05T00:00:39.000000Z,0.65,7.24375,7.24375
SITE_008_S0252,SITE_008,2013-10-11T00:01:00.000000Z,2013-10-11T00:01:29.000000Z,0.4833333333333333,13.24444444444444,5.244444444444444
SITE_008_S0253,SITE_008,2013-10-23T00:01:00.000000Z,2013-10-23T00:01:29.000000Z,0.4833333333333333,9.244444444444444,1.244444444444444
SITE_008_S0254,SITE_008,2013-10-29T00:00:00.000000Z,2013-10-29T00:00:38.000000Z,0.6333333333333333,15.24375,7.24375
SITE_008_S0255,SITE_008,2013-11-04T00:01:00.000000Z,2013-11-04T00:01:28.000000Z,0.4666666666666667,5.244444444444444,5.244444444444444
SITE_008_S0256,SITE_008,2013-11-10T00:00:00.000000Z,2013-11-10T00:00:38.000000Z,0.6333333333333333,11.24375,3.24375
SITE_008_S0257,SITE_008,2014-11-23T00:01:00.000000Z,2014-11-23T00:01:33.000000Z,0.55,10.24444444444444,2.244444444444444
SITE_008_S0258,SITE_008,2014-12-05T00:01:00.000000Z,2014-12-05T00:01:32.000000Z,0.5333333333333333,6.244444444444444,6.244444444444444
SITE_008_S0259,SITE_008,2014-12-17T00:01:00.000000Z,2014-12-17T00:01:32.000000Z,0.5333333333333333,2.244444444444444,2.244444444444444
SITE_008_S0260,SITE_008,2014-12-29T00:01:00.000000Z,2014-12-29T00:01:32.000000Z,0.5333333333333333,14.24444444444444,6.244444444444444
SITE_008_S0261,SITE_008,2015-01-10T00:01:00.000000Z,2015-01-10T00:01:31.000000Z,0.5166666666666667,10.24444444444444,2.244444444444444
SITE_008_S0262,SITE_008,2015-01-22T00:01:00.000000Z,2015-01-22T00:01:32.000000Z,0.5333333333333333,6.244444444444444,6.244444444444444
SITE_008_S0263,SITE_008,2015-02-03T00:01:00.000000Z,2015-02-03T00:01:32.000000Z,0.5333333333333333,2.244444444444444,2.244444444444444
SITE_008_S0264,SITE_008,2015-02-15T00:01:00.000000Z,2015-02-15T00:01:32.000000Z,0.5333333333333333,14.24444444444444,6.244444444444444
SITE_008_S0265,SITE_008,2015-02-27T00:01:00.000000Z,2015-02-27T00:01:32.000000Z,0.5333333333333333,10.24444444444444,2.244444444444444
SITE_008_S0266,SITE_008,2015-03-11T00:01:00.000000Z,2015-03-11T00:01:33.000000Z,0.55,6.244444444444444,6.244444444444444
SITE_008_S0267,SITE_008,2015-03-23T00:01:00.000000Z,2015-03-23T00:01:34.000000Z,0.5666666666666667,2.244444444444444,2.244444444444444
SITE_008_S0268,SITE_008,2015-04-04T00:01:00.000000Z,2015-04-04T00:01:34.000000Z,0.5666666666666667,14.24444444444444,6.244444444444444
SITE_008_S0269,SITE_008,2015-04-16T00:01:00.000000Z,2015-04-16T00:01:36.000000Z,0.6,10.24444444444444,2.244444444444444
SITE_008_S0270,SITE_008,2015-04-28T00:01:00.000000Z,2015-04-28T00:01:36.000000Z,0.6,6.244444444444444,6.244444444444444
SITE_008_S0271,SITE_008,2015-05-10T00:01:00.000000Z,2015-05-10T00:01:37.000000Z,0.6166666666666667,2.244444444444444,2.244444444444444
SITE_008_S0272,SITE_008,2015-06-03T00:01:00.000000Z,2015-06-03T00:01:38.000000Z,0.6333333333333333,10.24444444444444,2.244444444444444
SITE_008_S0273,SITE_008,2015-06-15T00:01:00.000000Z,2015-06-15T00:01:39.000000Z,0.65,6.244444444444444,6.244444444444444
SITE_008_S0274,SITE_008,2015-06-27T00:01:00.000000Z,2015-06-27T00:01:40.000000Z,0.6666666666666666,2.244444444444444,2.244444444444444
SITE_008_S0275,SITE_008,2015-07-09T00:01:00.000000Z,2015-07-09T00:01:40.000000Z,0.6666666666666666,14.24444444444444,6.244444444444444
SITE_008_S0276,SITE_008,2015-07-21T00:01:00.000000Z,2015-07-21T00:01:41.000000Z,0.6833333333333333,10.24444444444444,2.244444444444444
SITE_008_S0277,SITE_008,2015-08-02T00:01:00.000000Z,2015-08-02T00:01:41.000000Z,0.6833333333333333,6.244444444444444,6.244444444444444
SITE_008_S0278,SITE_008,2015-08-14T00:01:00.000000Z,2015-08-14T00:01:42.000000Z,0.7,2.244444444444444,2.244444444444444
SITE_008_S0279,SITE_008,2015-08-26T00:01:00.000000Z,2015-08-26T00:01:42.000000Z,0.7,14.24444444444444,6.244444444444444
SITE_008_S0280,SITE_008,2015-09-07T00:01:00.000000Z,2015-09-07T00:01:42.000000Z,0.7,10.24444444444444,2.244444444444444
SITE_008_S0281,SITE_008,2015-09-19T00:01:00.000000Z,2015-09-19T00:01:41.000000Z,0.6833333333333333,6.244444444444444,6.244444444444444
SITE_008_S0282,SITE_008,2015-10-01T00:01:00.000000Z,2015-10-01T00:01:41.000000Z,0.6833333333333333,2.244444444444444,2.244444444444444
SITE_008_S0283,SITE_008,2015-10-13T00:01:00.000000Z,2015-10-13T00:01:40.000000Z,0.6666666666666666,14.24444444444444,6.244444444444444
SITE_008_S0284,SITE_008,2015-10-25T00:01:00.000000Z,2015-10-25T00:01:40.000000Z,0.6666666666666666,10.24444444444444,2.244444444444444
SITE_008_S0285,SITE_008,2015-11-06T00:01:00.000000Z,2015-11-06T00:01:39.000000Z,0.65,6.244444444444444,6.244444444444444
SITE_008_S0286,SITE_008,2015-11-18T00:01:00.000000Z,2015-11-18T00:01:39.000000Z,0.65,5.244444444444444,5.244444444444444
SITE_008_S0287,SITE_008,2015-11-30T00:01:00.000000Z,2015-11-30T00:01:38.000000Z,0.6333333333333333,1.244444444444444,1.244444444444444
SITE_008_S0288,SITE_008,2015-12-12T00:01:00.000000Z,2015-12-12T00:01:38.000000Z,0.6333333333333333,13.24444444444444,5.244444444444444
SITE_008_S0289,SITE_008,2015-12-24T00:01:00.000000Z,2015-12-24T00:01:37.000000Z,0.6166666666666667,9.244444444444444,1.244444444444444
SITE_008_S0290,SITE_008,2016-01-05T00:01:00.000000Z,2016-01-05T00:01:37.000000Z,0.6166666666666667,5.244444444444444,5.244444444444444
SITE_008_S0291,SITE_008,2016-01-29T00:01:00.000000Z,2016-01-29T00:01:37.000000Z,0.6166666666666667,13.24444444444444,5.244444444444444
SITE_008_S0292,SITE_008,2016-02-10T00:01:00.000000Z,2016-02-10T00:01:38.000000Z,0.6333333333333333,9.244444444444444,1.244444444444444
SITE_008_S0293,SITE_008,2016-02-22T00:01:00.000000Z,2016-02-22T00:01:38.000000Z,0.6333333333333333,5.244444444444444,5.244444444444444
SITE_008_S0294,SITE_008,2016-03-05T00:01:00.000000Z,2016-03-05T00:01:38.000000Z,0.6333333333333333,1.244444444444444,1.244444444444444
SITE_008_S0295,SITE_008,2016-03-17T00:01:00.000000Z,2016-03-17T00:01:39.000000Z,0.65,13.24444444444444,5.244444444444444
SITE_008_S0296,SITE_008,2016-03-29T00:01:00.000000Z,2016-03-29T00:01:40.000000Z,0.6666666666666666,9.244444444444444,1.244444444444444
SITE_008_S0297,SITE_008,2016-04-10T00:01:00.000000Z,2016-04-10T00:01:40.000000Z,0.6666666666666666,5.244444444444444,5.244444444444444
SITE_008_S0298,SITE_008,2016-05-04T00:01:00.000000Z,2016-05-04T00:01:41.000000Z,0.6833333333333333,13.24444444444444,5.244444444444444
SITE_008_S0299,SITE_008,2016-06-21T00:01:00.000000Z,2016-06-21T00:01:44.000000Z,0.7333333333333333,13.24444444444444,5.244444444444444
SITE_008_S0300,SITE_008,2016-07-03T00:01:00.000000Z,2016-07-03T00:01:45.000000Z,0.75,9.244444444444444,1.244444444444444
SITE_008_S0301,SITE_008,2016-07-15T00:01:00.000000Z,2016-07-15T00:01:46.000000Z,0.7666666666666667,5.244444444444444,5.244444444444444
SITE_008_S0302,SITE_008,2016-07-27T00:01:00.000000Z,2016-07-27T00:01:46.000000Z,0.7666666666666667,1.244444444444444,1.244444444444444
SITE_008_S0303,SITE_008,2016-08-08T00:01:00.000000Z,2016-08-08T00:01:47.000000Z,0.7833333333333333,13.24444444444444,5.244444444444444
SITE_008_S0304,SITE_008,2016-08-20T00:01:00.000000Z,2016-08-20T00:01:47.000000Z,0.7833333333333333,9.244444444444444,1.244444444444444
SITE_008_S0305,SITE_008,2016-09-01T00:01:00.000000Z,2016-09-01T00:01:47.000000Z,0.7833333333333333,5.244444444444444,5.244444444444444
SITE_008_S0306,SITE_008,2016-09-13T00:01:00.000000Z,2016-09-13T00:01:46.000000Z,0.7666666666666667,1.244444444444444,1.244444444444444
SITE_008_S0307,SITE_008,2016-09-25T00:01:00.000000Z,2016-09-25T00:01:46.000000Z,0.7666666666666667,13.24444444444444,5.244444444444444
SITE_008_S0308,SITE_008,2016-10-07T00:01:00.000000Z,2016-10-07T00:01:45.000000Z,0.75,9.244444444444444,1.244444444444444
SITE_008_S0309,SITE_008,2016-10-19T00:01:00.000000Z,2016-10-19T00:01:45.000000Z,0.75,5.244444444444444,5.244444444444444
SITE_008_S0310,SITE_008,2016-10-31T00:01:00.000000Z,2016-10-31T00:01:44.000000Z,0.7333333333333333,1.244444444444444,1.244444444444444
SITE_008_S0311,SITE_008,2016-11-12T00:01:00.000000Z,2016-11-12T00:01:44.000000Z,0.7333333333333333,0.2444444444444444,0.2444444444444444
SITE_008_S0312,SITE_008,2016-11-24T00:01:00.000000Z,2016-11-24T00:01:43.000000Z,0.7166666666666667,12.24444444444444,4.244444444444444
SITE_008_S0313,SITE_008,2016-12-06T00:01:00.000000Z,2016-12-06T00:01:43.000000Z,0.7166666666666667,8.244444444444444,0.2444444444444444
SITE_008_S0314,SITE_008,2016-12-18T00:01:00.000000Z,2016-12-18T00:01:43.000000Z,0.7166666666666667,4.244444444444444,4.244444444444444
SITE_008_S0315,SITE_008,2016-12-30T00:01:00.000000Z,2016-12-30T00:01:42.000000Z,0.7,0.2444444444444444,0.2444444444444444
SITE_008_S0316,SITE_008,2017-01-11T00:01:00.000000Z,2017-01-11T00:01:42.000000Z,0.7,12.24444444444444,4.244444444444444
SITE_008_S0317,SITE_008,2017-01-23T00:01:00.000000Z,2017-01-23T00:01:42.000000Z,0.7,8.244444444444444,0.2444444444444444
SITE_008_S0318,SITE_008,2017-02-04T00:01:00.000000Z,2017-02-04T00:01:43.000000Z,0.7166666666666667,4.244444444444444,4.244444444444444
SITE_008_S0319,SITE_008,2017-02-16T00:01:00.000000Z,2017-02-16T00:01:43.000000Z,0.7166666666666667,0.2444444444444444,0.2444444444444444
SITE_008_S0320,SITE_008,2017-02-28T00:01:00.000000Z,2017-02-28T00:01:44.000000Z,0.7333333333333333,12.24444444444444,4.244444444444444
SITE_008_S0321,SITE_008,2017-03-12T00:01:00.000000Z,2017-03-12T00:01:44.000000Z,0.7333333333333333,8.244444444444444,0.2444444444444444
SITE_008_S0322,SITE_008,2017-03-24T00:01:00.000000Z,2017-03-24T00:01:44.000000Z,0.7333333333333333,4.244444444444444,4.244444444444444
SITE_008_S0323,SITE_008,2017-04-05T00:01:00.000000Z,2017-04-05T00:01:44.000000Z,0.7333333333333333,0.2444444444444444,0.2444444444444444
SITE_008_S0324,SITE_008,2017-04-17T00:01:00.000000Z,2017-04-17T00:01:43.000000Z,0.7166666666666667,12.24444444444444,4.244444444444444
SITE_008_S0325,SITE_008,2017-04-29T00:01:00.000000Z,2017-04-29T00:01:43.000000Z,0.7166666666666667,8.244444444444444,0.2444444444444444
SITE_008_S0326,SITE_008,2017-05-11T00:01:00.000000Z,2017-05-11T00:01:42.000000Z,0.7,4.244444444444444,4.244444444444444
SITE_008_S0327,SITE_008,2017-05-23T00:01:00.000000Z,2017-05-23T00:01:42.000000Z,0.7,0.2444444444444444,0.2444444444444444
SITE_008_S0328,SITE_008,2017-06-04T00:01:00.000000Z,2017-06-04T00:01:41.000000Z,0.6833333333333333,12.24444444444444,4.244444444444444
SITE_008_S0329,SITE_008,2017-06-16T00:01:00.000000Z,2017-06-16T00:01:42.000000Z,0.7,8.244444444444444,0.2444444444444444
SITE_008_S0330,SITE_008,2017-06-28T00:01:00.000000Z,2017-06-28T00:01:41.000000Z,0.6833333333333333,4.244444444444444,4.244444444444444
SITE_008_S0331,SITE_008,2017-07-10T00:01:00.000000Z,2017-07-10T00:01:42.000000Z,0.7,0.2444444444444444,0.2444444444444444
SITE_008_S0332,SITE_008,2017-07-22T00:01:00.000000Z,2017-07-22T00:01:42.000000Z,0.7,12.24444444444444,4.244444444444444
SITE_008_S0333,SITE_008,2017-08-03T00:01:00.000000Z,2017-08-03T00:01:42.000000Z,0.7,8.244444444444444,0.2444444444444444
SITE_008_S0334,SITE_008,2017-08-15T00:01:00.000000Z,2017-08-15T00:01:43.000000Z,0.7166666666666667,4.244444444444444,4.244444444444444
SITE_008_S0335,SITE_008,2017-08-27T00:01:00.000000Z,2017-08-27T00:01:43.000000Z,0.7166666666666667,0.2444444444444444,0.2444444444444444
SITE_008_S0336,SITE_008,2017-09-08T00:01:00.000000Z,2017-09-08T00:01:43.000000Z,0.7166666666666667,12.24444444444444,4.244444444444444
SITE_008_S0337,SITE_008,2017-10-26T00:01:00.000000Z,2017-10-26T00:01:40.000000Z,0.6666666666666666,12.24444444444444,4.244444444444444
SITE_008_S0338,SITE_008,2017-11-07T00:01:00.000000Z,2017-11-07T00:01:39.000000Z,0.65,8.244444444444444,0.2444444444444444
SITE_009_S0001,SITE_009,2006-09-07T00:00:00.000000Z,2006-09-07T00:00:28.000000Z,0.4666666666666667,15.2375,7.2375
SITE_009_S0002,SITE_009,2006-09-12T00:08:00.000000Z,2006-09-12T00:08:38.000000Z,0.6333333333333333,4.243055555555555,4.243055555555555
SITE_009_S0003,SITE_009,2006-09-19T00:00:00.000000Z,2006-09-19T00:00:27.000000Z,0.45,11.2375,3.2375
SITE_009_S0004,SITE_009,2006-10-01T00:00:00.000000Z,2006-10-01T00:00:27.000000Z,0.45,7.2375,7.2375
SITE_009_S0005,SITE_009,2006-10-06T00:08:00.000000Z,2006-10-06T00:08:37.000000Z,0.6166666666666667,12.24305555555556,4.243055555555555
SITE_009_S0006,SITE_009,2006-10-13T00:00:00.000000Z,2006-10-13T00:00:27.000000Z,0.45,3.2375,3.2375
SITE_009_S0007,SITE_009,2006-10-18T00:08:00.000000Z,2006-10-18T00:08:37.000000Z,0.6166666666666667,8.243055555555555,0.2430555555555555
SITE_009_S0008,SITE_009,2006-10-25T00:00:00.000000Z,2006-10-25T00:00:28.000000Z,0.4666666666666667,15.2375,7.2375
SITE_009_S0009,SITE_009,2006-10-30T00:08:00.000000Z,2006-10-30T00:08:38.000000Z,0.6333333333333333,4.243055555555555,4.243055555555555
SITE_009_S0010,SITE_009,2006-11-06T00:00:00.000000Z,2006-11-06T00:00:28.000000Z,0.4666666666666667,11.2375,3.2375
SITE_009_S0011,SITE_009,2006-11-11T00:08:00.000000Z,2006-11-11T00:08:38.000000Z,0.6333333333333333,0.2430555555555555,0.2430555555555555
SITE_009_S0012,SITE_009,2006-11-18T00:00:00.000000Z,2006-11-18T00:00:27.000000Z,0.45,7.2375,7.2375
SITE_009_S0013,SITE_009,2006-11-23T00:08:00.000000Z,2006-11-23T00:08:39.000000Z,0.65,12.24305555555556,4.243055555555555
SITE_009_S0014,SITE_009,2006-11-30T00:00:00.000000Z,2006-11-30T00:00:29.000000Z,0.4833333333333333,3.2375,3.2375
SITE_009_S0015,SITE_009,2006-12-05T00:08:00.000000Z,2006-12-05T00:08:39.000000Z,0.65,8.243055555555555,0.2430555555555555
SITE_009_S0016,SITE_009,2006-12-12T00:00:00.000000Z,2006-12-12T00:00:29.000000Z,0.4833333333333333,15.2375,7.2375
SITE_009_S0017,SITE_009,2006-12-24T00:00:00.000000Z,2006-12-24T00:00:29.000000Z,0.4833333333333333,11.2375,3.2375
SITE_009_S0018,SITE_009,2006-12-29T00:08:00.000000Z,2006-12-29T00:08:39.000000Z,0.65,0.2430555555555555,0.2430555555555555
SITE_009_S0019,SITE_009,2007-01-05T00:00:00.000000Z,2007-01-05T00:00:29.000000Z,0.4833333333333333,7.2375,7.2375
SITE_009_S0020,SITE_009,2007-01-10T00:08:00.000000Z,2007-01-10T00:08:38.000000Z,0.6333333333333333,12.24305555555556,4.243055555555555
SITE_009_S0021,SITE_009,2007-01-17T00:00:00.000000Z,2007-01-17T00:00:28.000000Z,0.4666666666666667,3.2375,3.2375
SITE_009_S0022,SITE_009,2007-01-22T00:08:00.000000Z,2007-01-22T00:08:38.000000Z,0.6333333333333333,8.243055555555555,0.2430555555555555
SITE_009_S0023,SITE_009,2007-01-29T00:00:00.000000Z,2007-01-29T00:00:28.000000Z,0.4666666666666667,15.2375,7.2375
SITE_009_S0024,SITE_009,2007-02-03T00:08:00.000000Z,2007-02-03T00:08:37.000000Z,0.6166666666666667,4.243055555555555,4.243055555555555
SITE_009_S0025,SITE_009,2007-02-10T00:00:00.000000Z,2007-02-10T00:00:27.000000Z,0.45,11.2375,3.2375
SITE_009_S0026,SITE_009,2007-02-15T00:08:00.000000Z,2007-02-15T00:08:37.000000Z,0.6166666666666667,0.2430555555555555,0.2430555555555555
SITE_009_S0027,SITE_009,2007-02-22T00:00:00.000000Z,2007-02-22T00:00:26.000000Z,0.4333333333333333,7.2375,7.2375
SITE_009_S0028,SITE_009,2007-02-27T00:08:00.000000Z,2007-02-27T00:08:36.000000Z,0.6,12.24305555555556,4.243055555555555
SITE_009_S0029,SITE_009,2007-03-06T00:00:00.000000Z,2007-03-06T00:00:26.000000Z,0.4333333333333333,3.2375,3.2375
SITE_009_S0030,SITE_009,2007-03-11T00:08:00.000000Z,2007-03-11T00:08:37.000000Z,0.6166666666666667,8.243055555555555,0.2430555555555555
SITE_009_S0031,SITE_009,2007-03-18T00:00:00.000000Z,2007-03-18T00:00:26.000000Z,0.4333333333333333,15.2375,7.2375
SITE_009_S0032,SITE_009,2007-03-23T00:08:00.000000Z,2007-03-23T00:08:36.000000Z,0.6,4.243055555555555,4.243055555555555
SITE_009_S0033,SITE_009,2007-03-30T00:00:00.000000Z,2007-03-30T00:00:26.000000Z,0.4333333333333333,11.2375,3.2375
SITE_009_S0034,SITE_009,2007-04-04T00:08:00.000000Z,2007-04-04T00:08:37.000000Z,0.6166666666666667,0.2430555555555555,0.2430555555555555
SITE_009_S0035,SITE_009,2007-04-11T00:00:00.000000Z,2007-04-11T00:00:27.000000Z,0.45,7.2375,7.2375
SITE_009_S0036,SITE_009,2007-04-16T00:08:00.000000Z,2007-04-16T00:08:37.000000Z,0.6166666666666667,12.24305555555556,4.243055555555555
SITE_009_S0037,SITE_009,2007-04-23T00:00:00.000000Z,2007-04-23T00:00:27.000000Z,0.45,3.2375,3.2375
SITE_009_S0038,SITE_009,2007-04-28T00:08:00.000000Z,2007-04-28T00:08:37.000000Z,0.6166666666666667,8.243055555555555,0.2430555555555555
SITE_009_S0039,SITE_009,2007-05-05T00:00:00.000000Z,2007-05-05T00:00:27.000000Z,0.45,15.2375,7.2375
SITE_009_S0040,SITE_009,2007-05-10T00:08:00.000000Z,2007-05-10T00:08:38.000000Z,0.6333333333333333,4.243055555555555,4.243055555555555
SITE_009_S0041,SITE_009,2007-05-17T00:00:00.000000Z,2007-05-17T00:00:28.000000Z,0.4666666666666667,11.2375,3.2375
SITE_009_S0042,SITE_009,2007-05-22T00:08:00.000000Z,2007-05-22T00:08:38.000000Z,0.6333333333333333,0.2430555555555555,0.2430555555555555
SITE_009_S0043,SITE_009,2007-05-29T00:00:00.000000Z,2007-05-29T00:00:28.000000Z,0.4666666666666667,7.2375,7.2375
SITE_009_S0044,SITE_009,2007-06-03T00:08:00.000000Z,2007-06-03T00:08:38.000000Z,0.6333333333333333,12.24305555555556,4.243055555555555
SITE_009_S0045,SITE_009,2007-06-10T00:00:00.000000Z,2007-06-10T00:00:28.000000Z,0.4666666666666667,3.2375,3.2375
SITE_009_S0046,SITE_009,2007-06-15T00:08:00.000000Z,2007-06-15T00:08:37.000000Z,0.6166666666666667,8.243055555555555,0.2430555555555555
SITE_009_S0047,SITE_009,2007-06-22T00:00:00.000000Z,2007-06-22T00:00:27.000000Z,0.45,15.2375,7.2375
SITE_009_S0048,SITE_009,2007-06-27T00:08:00.000000Z,2007-06-27T00:08:37.000000Z,0.6166666666666667,4.243055555555555,4.243055555555555
SITE_009_S0049,SITE_009,2007-07-04T00:00:00.000000Z,2007-07-04T00:00:26.000000Z,0.4333333333333333,11.2375,3.2375
SITE_009_S0050,SITE_009,2007-07-09T00:08:00.000000Z,2007-07-09T00:08:36.000000Z,0.6,0.2430555555555555,0.2430555555555555
SITE_009_S0051,SITE_009,2007-07-21T00:08:00.000000Z,2007-07-21T00:08:35.000000Z,0.5833333333333334,12.24305555555556,4.243055555555555
SITE_009_S0052,SITE_009,2007-07-28T00:00:00.000000Z,2007-07-28T00:00:24.000000Z,0.4,3.2375,3.2375
SITE_009_S0053,SITE_009,2007-08-21T00:00:00.000000Z,2007-08-21T00:00:22.000000Z,0.3666666666666666,13.2375,5.2375
SITE_009_S0054,SITE_009,2007-08-26T00:08:00.000000Z,2007-08-26T00:08:32.000000Z,0.5333333333333333,2.243055555555556,2.243055555555556
SITE_009_S0055,SITE_009,2007-09-02T00:00:00.000000Z,2007-09-02T00:00:22.000000Z,0.3666666666666666,9.2375,1.2375
SITE_009_S0056,SITE_009,2007-09-07T00:08:00.000000Z,2007-09-07T00:08:31.000000Z,0.5166666666666667,14.24305555555556,6.243055555555555
SITE_009_S0057,SITE_009,2007-09-14T00:00:00.000000Z,2007-09-14T00:00:21.000000Z,0.35,5.2375,5.2375
SITE_009_S0058,SITE_009,2007-10-01T00:08:00.000000Z,2007-10-01T00:08:30.000000Z,0.5,6.243055555555555,6.243055555555555
SITE_009_S0059,SITE_009,2007-10-08T00:00:00.000000Z,2007-10-08T00:00:20.000000Z,0.3333333333333333,13.2375,5.2375
SITE_009_S0060,SITE_009,2007-10-13T00:08:00.000000Z,2007-10-13T00:08:31.000000Z,0.5166666666666667,2.243055555555556,2.243055555555556
SITE_009_S0061,SITE_009,2007-10-20T00:00:00.000000Z,2007-10-20T00:00:21.000000Z,0.35,9.2375,1.2375
SITE_009_S0062,SITE_009,2007-10-25T00:08:00.000000Z,2007-10-25T00:08:31.000000Z,0.5166666666666667,14.24305555555556,6.243055555555555
SITE_009_S0063,SITE_009,2007-11-01T00:00:00.000000Z,2007-11-01T00:00:21.000000Z,0.35,5.2375,5.2375
SITE_009_S0064,SITE_009,2007-11-06T00:08:00.000000Z,2007-11-06T00:08:31.000000Z,0.5166666666666667,10.24305555555556,2.243055555555556
SITE_009_S0065,SITE_009,2007-11-13T00:00:00.000000Z,2007-11-13T00:00:21.000000Z,0.35,1.2375,1.2375
SITE_009_S0066,SITE_009,2007-11-18T00:08:00.000000Z,2007-11-18T00:08:31.000000Z,0.5166666666666667,6.243055555555555,6.243055555555555
SITE_009_S0067,SITE_009,2007-11-25T00:00:00.000000Z,2007-11-25T00:00:21.000000Z,0.35,13.2375,5.2375
SITE_009_S0068,SITE_009,2007-11-30T00:08:00.000000Z,2007-11-30T00:08:31.000000Z,0.5166666666666667,2.243055555555556,2.243055555555556
SITE_009_S0069,SITE_009,2007-12-06T00:06:00.000000Z,2007-12-06T00:06:58.000000Z,0.9666666666666668,8.241666666666667,0.2416666666666666
SITE_009_S0070,SITE_009,2007-12-07T00:00:00.000000Z,2007-12-07T00:00:21.000000Z,0.35,9.2375,1.2375
SITE_009_S0071,SITE_009,2007-12-12T00:08:00.000000Z,2007-12-12T00:08:31.000000Z,0.5166666666666667,14.24305555555556,6.243055555555555
SITE_009_S0072,SITE_009,2007-12-18T00:06:00.000000Z,2007-12-18T00:06:58.000000Z,0.9666666666666668,4.241666666666666,4.241666666666666
SITE_009_S0073,SITE_009,2007-12-19T00:00:00.000000Z,2007-12-19T00:00:21.000000Z,0.35,5.2375,5.2375
SITE_009_S0074,SITE_009,2007-12-24T00:08:00.000000Z,2007-12-24T00:08:31.000000Z,0.5166666666666667,10.24305555555556,2.243055555555556
SITE_009_S0075,SITE_009,2007-12-30T00:07:00.000000Z,2007-12-30T00:07:00.000000Z,0,0.2423611111111111,0.2423611111111111
SITE_009_S0076,SITE_009,2007-12-31T00:00:00.000000Z,2007-12-31T00:00:21.000000Z,0.35,1.2375,1.2375
SITE_009_S0077,SITE_009,2008-01-05T00:08:00.000000Z,2008-01-05T00:08:30.000000Z,0.5,6.243055555555555,6.243055555555555
SITE_009_S0078,SITE_009,2008-01-11T00:07:00.000000Z,2008-01-11T00:07:01.000000Z,0.0166666666666666,12.24236111111111,4.242361111111111
SITE_009_S0079,SITE_009,2008-01-12T00:00:00.000000Z,2008-01-12T00:00:20.000000Z,0.3333333333333333,13.2375,5.2375
SITE_009_S0080,SITE_009,2008-01-17T00:08:00.000000Z,2008-01-17T00:08:30.000000Z,0.5,2.243055555555556,2.243055555555556
SITE_009_S0081,SITE_009,2008-01-23T00:07:00.000000Z,2008-01-23T00:07:01.000000Z,0.0166666666666666,8.24236111111111,0.2423611111111111
SITE_009_S0082,SITE_009,2008-01-24T00:00:00.000000Z,2008-01-24T00:00:19.000000Z,0.3166666666666666,9.2375,1.2375
SITE_009_S0083,SITE_009,2008-01-29T00:08:00.000000Z,2008-01-29T00:08:29.000000Z,0.4833333333333333,14.24305555555556,6.243055555555555
SITE_009_S0084,SITE_009,2008-02-04T00:07:00.000000Z,2008-02-04T00:07:02.000000Z,0.0333333333333333,4.242361111111111,4.242361111111111
SITE_009_S0085,SITE_009,2008-02-05T00:00:00.000000Z,2008-02-05T00:00:19.000000Z,0.3166666666666666,5.2375,5.2375
SITE_009_S0086,SITE_009,2008-02-10T00:08:00.000000Z,2008-02-10T00:08:28.000000Z,0.4666666666666667,10.24305555555556,2.243055555555556
SITE_009_S0087,SITE_009,2008-02-16T00:07:00.000000Z,2008-02-16T00:07:03.000000Z,0.05,0.2423611111111111,0.2423611111111111
SITE_009_S0088,SITE_009,2008-02-17T00:00:00.000000Z,2008-02-17T00:00:18.000000Z,0.3,1.2375,1.2375
SITE_009_S0089,SITE_009,2008-02-22T00:08:00.000000Z,2008-02-22T00:08:28.000000Z,0.4666666666666667,6.243055555555555,6.243055555555555
SITE_009_S0090,SITE_009,2008-02-28T00:07:00.000000Z,2008-02-28T00:07:04.000000Z,0.0666666666666666,12.24236111111111,4.242361111111111
SITE_009_S0091,SITE_009,2008-02-29T00:00:00.000000Z,2008-02-29T00:00:18.000000Z,0.3,13.2375,5.2375
SITE_009_S0092,SITE_009,2008-03-05T00:08:00.000000Z,2008-03-05T00:08:28.000000Z,0.4666666666666667,2.243055555555556,2.243055555555556
SITE_009_S0093,SITE_009,2008-03-11T00:07:00.000000Z,2008-03-11T00:07:04.000000Z,0.0666666666666666,8.24236111111111,0.2423611111111111
SITE_009_S0094,SITE_009,2008-03-12T00:00:00.000000Z,2008-03-12T00:00:17.000000Z,0.2833333333333333,9.2375,1.2375
SITE_009_S0095,SITE_009,2008-03-23T00:07:00.000000Z,2008-03-23T00:07:05.000000Z,0.0833333333333333,4.242361111111111,4.242361111111111
SITE_009_S0096,SITE_009,2008-03-24T00:00:00.000000Z,2008-03-24T00:00:17.000000Z,0.2833333333333333,5.2375,5.2375
SITE_009_S0097,SITE_009,2008-03-29T00:08:00.000000Z,2008-03-29T00:08:28.000000Z,0.4666666666666667,10.24305555555556,2.243055555555556
SITE_009_S0098,SITE_009,2008-04-04T00:07:00.000000Z,2008-04-04T00:07:05.000000Z,0.0833333333333333,0.2423611111111111,0.2423611111111111
SITE_009_S0099,SITE_009,2008-04-05T00:00:00.000000Z,2008-04-05T00:00:18.000000Z,0.3,1.2375,1.2375
SITE_009_S0100,SITE_009,2008-04-10T00:08:00.000000Z,2008-04-10T00:08:28.000000Z,0.4666666666666667,6.243055555555555,6.243055555555555
SITE_009_S0101,SITE_009,2008-04-16T00:07:00.000000Z,2008-04-16T00:07:06.000000Z,0.1,12.24236111111111,4.242361111111111
SITE_009_S0102,SITE_009,2008-04-17T00:00:00.000000Z,2008-04-17T00:00:18.000000Z,0.3,13.2375,5.2375
SITE_009_S0103,SITE_009,2008-04-22T00:08:00.000000Z,2008-04-22T00:08:28.000000Z,0.4666666666666667,2.243055555555556,2.243055555555556
SITE_009_S0104,SITE_009,2008-04-28T00:07:00.000000Z,2008-04-28T00:07:06.000000Z,0.1,8.24236111111111,0.2423611111111111
SITE_009_S0105,SITE_009,2008-04-29T00:00:00.000000Z,2008-04-29T00:00:18.000000Z,0.3,9.2375,1.2375
SITE_009_S0106,SITE_009,2008-05-04T00:08:00.000000Z,2008-05-04T00:08:28.000000Z,0.4666666666666667,14.24305555555556,6.243055555555555
SITE_009_S0107,SITE_009,2008-05-10T00:07:00.000000Z,2008-05-10T00:07:06.000000Z,0.1,4.242361111111111,4.242361111111111
SITE_009_S0108,SITE_009,2008-05-11T00:00:00.000000Z,2008-05-11T00:00:18.000000Z,0.3,5.2375,5.2375
SITE_009_S0109,SITE_009,2008-05-16T00:08:00.000000Z,2008-05-16T00:08:29.000000Z,0.4833333333333333,10.24305555555556,2.243055555555556
SITE_009_S0110,SITE_009,2008-05-22T00:07:00.000000Z,2008-05-22T00:07:06.000000Z,0.1,0.2423611111111111,0.2423611111111111
SITE_009_S0111,SITE_009,2008-05-23T00:00:00.000000Z,2008-05-23T00:00:19.000000Z,0.3166666666666666,1.2375,1.2375
SITE_009_S0112,SITE_009,2008-05-28T00:08:00.000000Z,2008-05-28T00:08:28.000000Z,0.4666666666666667,6.243055555555555,6.243055555555555
SITE_009_S0113,SITE_009,2008-06-03T00:07:00.000000Z,2008-06-03T00:07:06.000000Z,0.1,12.24236111111111,4.242361111111111
SITE_009_S0114,SITE_009,2008-06-04T00:00:00.000000Z,2008-06-04T00:00:18.000000Z,0.3,13.2375,5.2375
SITE_009_S0115,SITE_009,2008-06-09T00:08:00.000000Z,2008-06-09T00:08:28.000000Z,0.4666666666666667,2.243055555555556,2.243055555555556
SITE_009_S0116,SITE_009,2008-06-15T00:07:00.000000Z,2008-06-15T00:07:05.000000Z,0.0833333333333333,8.24236111111111,0.2423611111111111
SITE_009_S0117,SITE_009,2008-06-16T00:00:00.000000Z,2008-06-16T00:00:18.000000Z,0.3,9.2375,1.2375
SITE_009_S0118,SITE_009,2008-06-27T00:07:00.000000Z,2008-06-27T00:07:05.000000Z,0.0833333333333333,4.242361111111111,4.242361111111111
SITE_009_S0119,SITE_009,2008-06-28T00:00:00.000000Z,2008-06-28T00:00:17.000000Z,0.2833333333333333,5.2375,5.2375
SITE_009_S0120,SITE_009,2008-07-03T00:08:00.000000Z,2008-07-03T00:08:26.000000Z,0.4333333333333333,10.24305555555556,2.243055555555556
SITE_009_S0121,SITE_009,2008-07-09T00:07:00.000000Z,2008-07-09T00:07:05.000000Z,0.0833333333333333,0.2423611111111111,0.2423611111111111
SITE_009_S0122,SITE_009,2008-07-10T00:00:00.000000Z,2008-07-10T00:00:16.000000Z,0.2666666666666666,1.2375,1.2375
SITE_009_S0123,SITE_009,2008-07-15T00:08:00.000000Z,2008-07-15T00:08:25.000000Z,0.4166666666666667,6.243055555555555,6.243055555555555
SITE_009_S0124,SITE_009,2008-07-21T00:07:00.000000Z,2008-07-21T00:07:04.000000Z,0.0666666666666666,12.24236111111111,4.242361111111111
SITE_009_S0125,SITE_009,2008-07-22T00:00:00.000000Z,2008-07-22T00:00:15.000000Z,0.25,13.2375,5.2375
SITE_009_S0126,SITE_009,2008-07-27T00:08:00.000000Z,2008-07-27T00:08:24.000000Z,0.4,2.243055555555556,2.243055555555556
SITE_009_S0127,SITE_009,2008-08-02T00:07:00.000000Z,2008-08-02T00:07:03.000000Z,0.05,8.24236111111111,0.2423611111111111
SITE_009_S0128,SITE_009,2008-08-03T00:00:00.000000Z,2008-08-03T00:00:13.000000Z,0.2166666666666666,9.2375,1.2375
SITE_010_S0001,SITE_010,2001-10-12T00:00:00.000000Z,2001-10-12T00:00:29.790000Z,0.4965,2.603472222222222,2.603472222222222
SITE_010_S0002,SITE_010,2001-11-05T00:00:00.000000Z,2001-11-05T00:00:23.800000Z,0.3966666666666666,10.60347222222222,2.603472222222222
SITE_010_S0003,SITE_010,2001-11-29T00:00:00.000000Z,2001-11-29T00:00:23.450000Z,0.3908333333333333,2.603472222222222,2.603472222222222
SITE_010_S0004,SITE_010,2001-12-23T00:00:00.000000Z,2001-12-23T00:00:22.500000Z,0.375,10.60347222222222,2.603472222222222
SITE_010_S0005,SITE_010,2002-01-16T00:00:00.000000Z,2002-01-16T00:00:21.720000Z,0.362,5.603472222222222,5.603472222222222
SITE_010_S0006,SITE_010,2002-02-09T00:00:00.000000Z,2002-02-09T00:00:21.280000Z,0.3546666666666667,13.60347222222222,5.603472222222222
SITE_010_S0007,SITE_010,2002-03-05T00:00:00.000000Z,2002-03-05T00:00:21.000000Z,0.35,5.603472222222222,5.603472222222222
SITE_010_S0008,SITE_010,2002-03-29T00:00:00.000000Z,2002-03-29T00:00:22.110000Z,0.3685,13.60347222222222,5.603472222222222
SITE_010_S0009,SITE_010,2002-04-22T00:00:00.000000Z,2002-04-22T00:00:22.990000Z,0.3831666666666666,5.603472222222222,5.603472222222222
SITE_010_S0010,SITE_010,2002-05-16T00:00:00.000000Z,2002-05-16T00:00:26.990000Z,0.4498333333333333,13.60347222222222,5.603472222222222
SITE_010_S0011,SITE_010,2002-06-09T00:00:00.000000Z,2002-06-09T00:00:28.490000Z,0.4748333333333333,5.603472222222222,5.603472222222222
SITE_010_S0012,SITE_010,2002-07-03T00:00:00.000000Z,2002-07-03T00:00:29.880000Z,0.498,13.60347222222222,5.603472222222222
SITE_010_S0013,SITE_010,2002-07-27T00:00:00.000000Z,2002-07-27T00:00:31.300000Z,0.5216666666666666,5.603472222222222,5.603472222222222
SITE_010_S0014,SITE_010,2002-08-20T00:00:00.000000Z,2002-08-20T00:00:32.380000Z,0.5396666666666666,13.60347222222222,5.603472222222222
SITE_010_S0015,SITE_010,2002-09-07T23:52:00.000000Z,2002-09-07T23:52:20.000000Z,0.3333333333333333,0.5979166666666667,0.5979166666666667
SITE_010_S0016,SITE_010,2002-09-13T00:00:00.000000Z,2002-09-13T00:00:23.680000Z,0.3946666666666666,5.603472222222222,5.603472222222222
SITE_010_S0017,SITE_010,2002-10-01T23:52:00.000000Z,2002-10-01T23:52:10.170000Z,0.1695,8.597916666666666,0.5979166666666667
SITE_010_S0018,SITE_010,2002-10-07T00:00:00.000000Z,2002-10-07T00:00:33.000000Z,0.55,13.60347222222222,5.603472222222222
SITE_010_S0019,SITE_010,2002-10-25T23:52:00.000000Z,2002-10-25T23:52:10.260000Z,0.171,0.5979166666666667,0.5979166666666667
SITE_010_S0020,SITE_010,2002-10-31T00:00:00.000000Z,2002-10-31T00:00:33.000000Z,0.55,5.603472222222222,5.603472222222222
SITE_010_S0021,SITE_010,2002-11-18T23:52:00.000000Z,2002-11-18T23:52:09.000000Z,0.15,8.597916666666666,0.5979166666666667
SITE_010_S0022,SITE_010,2002-11-24T00:00:00.000000Z,2002-11-24T00:00:32.590000Z,0.5431666666666667,13.60347222222222,5.603472222222222
SITE_010_S0023,SITE_010,2002-12-18T00:00:00.000000Z,2002-12-18T00:00:31.000000Z,0.5166666666666667,5.603472222222222,5.603472222222222
SITE_010_S0024,SITE_010,2003-01-29T23:52:00.000000Z,2003-01-29T23:52:06.000000Z,0.1,2.597916666666667,2.597916666666667
SITE_010_S0025,SITE_010,2003-02-04T00:00:00.000000Z,2003-02-04T00:00:29.000000Z,0.4833333333333333,7.603472222222222,7.603472222222222
SITE_010_S0026,SITE_010,2003-05-16T23:59:00.000000Z,2003-05-16T23:59:50.000000Z,0.8333333333333334,13.60277777777778,5.602777777777778
SITE_010_S0027,SITE_010,2003-05-28T23:59:00.000000Z,2003-05-28T23:59:50.000000Z,0.8333333333333334,9.602777777777778,1.602777777777778
SITE_010_S0028,SITE_010,2003-06-09T23:59:00.000000Z,2003-06-09T23:59:51.000000Z,0.85,5.602777777777778,5.602777777777778
SITE_010_S0029,SITE_010,2003-06-21T23:59:00.000000Z,2003-06-21T23:59:52.000000Z,0.8666666666666667,1.602777777777778,1.602777777777778
SITE_010_S0030,SITE_010,2003-07-03T23:59:00.000000Z,2003-07-03T23:59:53.000000Z,0.8833333333333333,13.60277777777778,5.602777777777778
SITE_010_S0031,SITE_010,2003-07-15T23:59:00.000000Z,2003-07-15T23:59:53.000000Z,0.8833333333333333,9.602777777777778,1.602777777777778
SITE_010_S0032,SITE_010,2003-08-08T23:59:00.000000Z,2003-08-08T23:59:54.000000Z,0.9,1.602777777777778,1.602777777777778
SITE_010_S0033,SITE_010,2003-08-20T23:59:00.000000Z,2003-08-20T23:59:55.000000Z,0.9166666666666666,13.60277777777778,5.602777777777778
SITE_010_S0034,SITE_010,2003-09-01T23:59:00.000000Z,2003-09-01T23:59:55.000000Z,0.9166666666666666,9.602777777777778,1.602777777777778
SITE_010_S0035,SITE_010,2003-09-13T23:59:00.000000Z,2003-09-13T23:59:56.000000Z,0.9333333333333332,5.602777777777778,5.602777777777778
SITE_010_S0036,SITE_010,2003-09-25T23:59:00.000000Z,2003-09-25T23:59:56.000000Z,0.9333333333333332,1.602777777777778,1.602777777777778
SITE_010_S0037,SITE_010,2003-10-07T23:59:00.000000Z,2003-10-07T23:59:57.000000Z,0.95,13.60277777777778,5.602777777777778
SITE_010_S0038,SITE_010,2003-10-19T23:59:00.000000Z,2003-10-19T23:59:57.000000Z,0.95,9.602777777777778,1.602777777777778
SITE_010_S0039,SITE_010,2003-10-31T23:59:00.000000Z,2003-10-31T23:59:56.000000Z,0.9333333333333332,5.602777777777778,5.602777777777778
SITE_010_S0040,SITE_010,2003-11-12T23:59:00.000000Z,2003-11-12T23:59:56.000000Z,0.9333333333333332,1.602777777777778,1.602777777777778
SITE_010_S0041,SITE_010,2003-11-24T23:59:00.000000Z,2003-11-24T23:59:56.000000Z,0.9333333333333332,13.60277777777778,5.602777777777778
SITE_010_S0042,SITE_010,2003-12-06T23:59:00.000000Z,2003-12-06T23:59:56.000000Z,0.9333333333333332,9.602777777777778,1.602777777777778
SITE_010_S0043,SITE_010,2003-12-18T23:59:00.000000Z,2003-12-18T23:59:55.000000Z,0.9166666666666666,5.602777777777778,5.602777777777778
SITE_010_S0044,SITE_010,2003-12-30T23:59:00.000000Z,2003-12-30T23:59:55.000000Z,0.9166666666666666,4.602777777777778,4.602777777777778
SITE_010_S0045,SITE_010,2004-01-11T23:59:00.000000Z,2004-01-11T23:59:54.000000Z,0.9,0.6027777777777777,0.6027777777777777
SITE_010_S0046,SITE_010,2004-01-23T23:59:00.000000Z,2004-01-23T23:59:54.000000Z,0.9,12.60277777777778,4.602777777777778
SITE_010_S0047,SITE_010,2004-02-04T23:59:00.000000Z,2004-02-04T23:59:54.000000Z,0.9,8.602777777777778,0.6027777777777777
SITE_010_S0048,SITE_010,2004-02-16T23:59:00.000000Z,2004-02-16T23:59:53.000000Z,0.8833333333333333,4.602777777777778,4.602777777777778
SITE_010_S0049,SITE_010,2004-02-28T23:59:00.000000Z,2004-02-28T23:59:53.000000Z,0.8833333333333333,0.6027777777777777,0.6027777777777777
SITE_010_S0050,SITE_010,2004-03-11T23:59:00.000000Z,2004-03-11T23:59:53.000000Z,0.8833333333333333,12.60277777777778,4.602777777777778
SITE_010_S0051,SITE_010,2004-03-23T23:59:00.000000Z,2004-03-23T23:59:54.000000Z,0.9,8.602777777777778,0.6027777777777777
SITE_010_S0052,SITE_010,2004-04-04T23:59:00.000000Z,2004-04-04T23:59:54.000000Z,0.9,4.602777777777778,4.602777777777778
SITE_010_S0053,SITE_010,2004-04-16T23:59:00.000000Z,2004-04-16T23:59:55.000000Z,0.9166666666666666,0.6027777777777777,0.6027777777777777
SITE_010_S0054,SITE_010,2004-04-28T23:59:00.000000Z,2004-04-28T23:59:55.000000Z,0.9166666666666666,12.60277777777778,4.602777777777778
SITE_010_S0055,SITE_010,2004-05-10T23:59:00.000000Z,2004-05-10T23:59:56.000000Z,0.9333333333333332,8.602777777777778,0.6027777777777777
SITE_010_S0056,SITE_010,2004-05-22T23:59:00.000000Z,2004-05-22T23:59:56.000000Z,0.9333333333333332,4.602777777777778,4.602777777777778
SITE_010_S0057,SITE_010,2004-06-03T23:59:00.000000Z,2004-06-03T23:59:57.000000Z,0.95,0.6027777777777777,0.6027777777777777
SITE_010_S0058,SITE_010,2004-06-15T23:59:00.000000Z,2004-06-15T23:59:58.000000Z,0.9666666666666668,12.60277777777778,4.602777777777778
SITE_010_S0059,SITE_010,2004-06-27T23:59:00.000000Z,2004-06-27T23:59:59.000000Z,0.9833333333333332,8.602777777777778,0.6027777777777777
SITE_010_S0060,SITE_010,2004-07-09T23:59:00.000000Z,2004-07-09T23:59:59.000000Z,0.9833333333333332,4.602777777777778,4.602777777777778
SITE_010_S0061,SITE_010,2004-07-22T00:00:00.000000Z,2004-07-22T00:00:00.000000Z,0,0.6034722222222222,0.6034722222222222
SITE_010_S0062,SITE_010,2004-08-03T00:00:00.000000Z,2004-08-03T00:00:01.000000Z,0.0166666666666666,12.60347222222222,4.603472222222222
SITE_010_S0063,SITE_010,2004-08-15T00:00:00.000000Z,2004-08-15T00:00:02.000000Z,0.0333333333333333,8.603472222222223,0.6034722222222222
SITE_010_S0064,SITE_010,2004-08-27T00:00:00.000000Z,2004-08-27T00:00:02.000000Z,0.0333333333333333,4.603472222222222,4.603472222222222
SITE_010_S0065,SITE_010,2004-09-08T00:00:00.000000Z,2004-09-08T00:00:03.000000Z,0.05,0.6034722222222222,0.6034722222222222
SITE_010_S0066,SITE_010,2004-09-20T00:00:00.000000Z,2004-09-20T00:00:03.000000Z,0.05,12.60347222222222,4.603472222222222
SITE_010_S0067,SITE_010,2004-10-02T00:00:00.000000Z,2004-10-02T00:00:03.000000Z,0.05,8.603472222222223,0.6034722222222222
SITE_010_S0068,SITE_010,2004-10-14T00:00:00.000000Z,2004-10-14T00:00:03.000000Z,0.05,4.603472222222222,4.603472222222222
SITE_010_S0069,SITE_010,2004-10-26T00:00:00.000000Z,2004-10-26T00:00:03.000000Z,0.05,0.6034722222222222,0.6034722222222222
SITE_010_S0070,SITE_010,2004-11-07T00:00:00.000000Z,2004-11-07T00:00:03.000000Z,0.05,12.60347222222222,4.603472222222222
SITE_010_S0071,SITE_010,2004-12-01T00:00:00.000000Z,2004-12-01T00:00:02.000000Z,0.0333333333333333,4.603472222222222,4.603472222222222
SITE_010_S0072,SITE_010,2004-12-13T00:00:00.000000Z,2004-12-13T00:00:02.000000Z,0.0333333333333333,0.6034722222222222,0.6034722222222222
SITE_010_S0073,SITE_010,2005-01-06T00:00:00.000000Z,2005-01-06T00:00:01.000000Z,0.0166666666666666,11.60347222222222,3.603472222222222
SITE_010_S0074,SITE_010,2005-01-30T00:00:00.000000Z,2005-01-30T00:00:00.000000Z,0,3.603472222222222,3.603472222222222
SITE_010_S0075,SITE_010,2005-02-11T00:00:00.000000Z,2005-02-11T00:00:00.000000Z,0,15.60347222222222,7.603472222222222
SITE_010_S0076,SITE_010,2005-02-23T00:00:00.000000Z,2005-02-23T00:00:00.000000Z,0,11.60347222222222,3.603472222222222
SITE_010_S0077,SITE_010,2005-03-07T00:00:00.000000Z,2005-03-07T00:00:00.000000Z,0,7.603472222222222,7.603472222222222
SITE_010_S0078,SITE_010,2005-03-19T00:00:00.000000Z,2005-03-19T00:00:00.000000Z,0,3.603472222222222,3.603472222222222
SITE_010_S0079,SITE_010,2005-03-31T00:00:00.000000Z,2005-03-31T00:00:01.000000Z,0.0166666666666666,15.60347222222222,7.603472222222222
SITE_010_S0080,SITE_010,2005-04-24T00:00:00.000000Z,2005-04-24T00:00:02.000000Z,0.0333333333333333,7.603472222222222,7.603472222222222
SITE_010_S0081,SITE_010,2005-05-06T00:00:00.000000Z,2005-05-06T00:00:02.000000Z,0.0333333333333333,3.603472222222222,3.603472222222222
SITE_010_S0082,SITE_010,2005-05-18T00:00:00.000000Z,2005-05-18T00:00:03.000000Z,0.05,15.60347222222222,7.603472222222222
SITE_010_S0083,SITE_010,2005-05-30T00:00:00.000000Z,2005-05-30T00:00:03.000000Z,0.05,11.60347222222222,3.603472222222222
SITE_010_S0084,SITE_010,2005-06-11T00:00:00.000000Z,2005-06-11T00:00:04.000000Z,0.0666666666666666,7.603472222222222,7.603472222222222
SITE_010_S0085,SITE_010,2005-06-23T00:00:00.000000Z,2005-06-23T00:00:05.000000Z,0.0833333333333333,3.603472222222222,3.603472222222222
SITE_010_S0086,SITE_010,2005-07-05T00:00:00.000000Z,2005-07-05T00:00:05.000000Z,0.0833333333333333,15.60347222222222,7.603472222222222
SITE_010_S0087,SITE_010,2005-07-17T00:00:00.000000Z,2005-07-17T00:00:06.000000Z,0.1,11.60347222222222,3.603472222222222
SITE_010_S0088,SITE_010,2005-07-29T00:00:00.000000Z,2005-07-29T00:00:07.000000Z,0.1166666666666666,7.603472222222222,7.603472222222222
SITE_010_S0089,SITE_010,2005-08-10T00:00:00.000000Z,2005-08-10T00:00:08.000000Z,0.1333333333333333,3.603472222222222,3.603472222222222
SITE_010_S0090,SITE_010,2005-08-22T00:00:00.000000Z,2005-08-22T00:00:08.000000Z,0.1333333333333333,15.60347222222222,7.603472222222222
SITE_010_S0091,SITE_010,2005-09-03T00:00:00.000000Z,2005-09-03T00:00:09.000000Z,0.15,11.60347222222222,3.603472222222222
SITE_010_S0092,SITE_010,2005-09-15T00:00:00.000000Z,2005-09-15T00:00:09.000000Z,0.15,7.603472222222222,7.603472222222222
SITE_010_S0093,SITE_010,2005-09-27T00:00:00.000000Z,2005-09-27T00:00:10.000000Z,0.1666666666666666,3.603472222222222,3.603472222222222
SITE_010_S0094,SITE_010,2005-10-09T00:00:00.000000Z,2005-10-09T00:00:10.000000Z,0.1666666666666666,15.60347222222222,7.603472222222222
SITE_010_S0095,SITE_010,2005-10-21T00:00:00.000000Z,2005-10-21T00:00:10.000000Z,0.1666666666666666,11.60347222222222,3.603472222222222
SITE_010_S0096,SITE_010,2005-11-02T00:00:00.000000Z,2005-11-02T00:00:10.000000Z,0.1666666666666666,7.603472222222222,7.603472222222222
SITE_010_S0097,SITE_010,2005-11-14T00:00:00.000000Z,2005-11-14T00:00:10.000000Z,0.1666666666666666,3.603472222222222,3.603472222222222
SITE_010_S0098,SITE_010,2005-11-26T00:00:00.000000Z,2005-11-26T00:00:09.000000Z,0.15,15.60347222222222,7.603472222222222
SITE_010_S0099,SITE_010,2005-12-08T00:00:00.000000Z,2005-12-08T00:00:09.000000Z,0.15,11.60347222222222,3.603472222222222
SITE_010_S0100,SITE_010,2005-12-20T00:00:00.000000Z,2005-12-20T00:00:08.000000Z,0.1333333333333333,7.603472222222222,7.603472222222222
SITE_010_S0101,SITE_010,2006-01-01T00:00:00.000000Z,2006-01-01T00:00:08.000000Z,0.1333333333333333,6.603472222222222,6.603472222222222
SITE_010_S0102,SITE_010,2006-01-13T00:00:00.000000Z,2006-01-13T00:00:07.000000Z,0.1166666666666666,2.603472222222222,2.603472222222222
SITE_010_S0103,SITE_010,2006-01-25T00:00:00.000000Z,2006-01-25T00:00:07.000000Z,0.1166666666666666,14.60347222222222,6.603472222222222
SITE_010_S0104,SITE_010,2006-02-06T00:00:00.000000Z,2006-02-06T00:00:06.000000Z,0.1,10.60347222222222,2.603472222222222
SITE_010_S0105,SITE_010,2006-02-18T00:00:00.000000Z,2006-02-18T00:00:06.000000Z,0.1,6.603472222222222,6.603472222222222
SITE_010_S0106,SITE_010,2006-03-02T00:00:00.000000Z,2006-03-02T00:00:06.000000Z,0.1,2.603472222222222,2.603472222222222
SITE_010_S0107,SITE_010,2006-03-14T00:00:00.000000Z,2006-03-14T00:00:06.000000Z,0.1,14.60347222222222,6.603472222222222
SITE_010_S0108,SITE_010,2006-03-26T00:00:00.000000Z,2006-03-26T00:00:07.000000Z,0.1166666666666666,10.60347222222222,2.603472222222222
SITE_010_S0109,SITE_010,2006-04-07T00:00:00.000000Z,2006-04-07T00:00:07.000000Z,0.1166666666666666,6.603472222222222,6.603472222222222
SITE_010_S0110,SITE_010,2006-04-19T00:00:00.000000Z,2006-04-19T00:00:07.000000Z,0.1166666666666666,2.603472222222222,2.603472222222222
SITE_010_S0111,SITE_010,2006-05-01T00:00:00.000000Z,2006-05-01T00:00:08.000000Z,0.1333333333333333,14.60347222222222,6.603472222222222
SITE_010_S0112,SITE_010,2006-05-13T00:00:00.000000Z,2006-05-13T00:00:09.000000Z,0.15,10.60347222222222,2.603472222222222
SITE_010_S0113,SITE_010,2006-06-06T00:00:00.000000Z,2006-06-06T00:00:10.000000Z,0.1666666666666666,2.603472222222222,2.603472222222222
SITE_010_S0114,SITE_010,2006-06-18T00:00:00.000000Z,2006-06-18T00:00:11.000000Z,0.1833333333333333,14.60347222222222,6.603472222222222
SITE_010_S0115,SITE_010,2006-06-30T00:00:00.000000Z,2006-06-30T00:00:11.000000Z,0.1833333333333333,10.60347222222222,2.603472222222222
SITE_010_S0116,SITE_010,2006-07-12T00:00:00.000000Z,2006-07-12T00:00:12.000000Z,0.2,6.603472222222222,6.603472222222222
SITE_010_S0117,SITE_010,2006-07-24T00:00:00.000000Z,2006-07-24T00:00:13.000000Z,0.2166666666666666,2.603472222222222,2.603472222222222
SITE_010_S0118,SITE_010,2006-08-05T00:00:00.000000Z,2006-08-05T00:00:14.000000Z,0.2333333333333333,14.60347222222222,6.603472222222222
SITE_010_S0119,SITE_010,2006-08-17T00:00:00.000000Z,2006-08-17T00:00:14.000000Z,0.2333333333333333,10.60347222222222,2.603472222222222
SITE_010_S0120,SITE_010,2006-08-29T00:00:00.000000Z,2006-08-29T00:00:15.000000Z,0.25,6.603472222222222,6.603472222222222
SITE_010_S0121,SITE_010,2006-09-10T00:00:00.000000Z,2006-09-10T00:00:15.000000Z,0.25,2.603472222222222,2.603472222222222
SITE_010_S0122,SITE_010,2006-09-22T00:00:00.000000Z,2006-09-22T00:00:16.000000Z,0.2666666666666666,14.60347222222222,6.603472222222222
SITE_010_S0123,SITE_010,2006-10-04T00:00:00.000000Z,2006-10-04T00:00:16.000000Z,0.2666666666666666,10.60347222222222,2.603472222222222
SITE_010_S0124,SITE_010,2006-10-16T00:00:00.000000Z,2006-10-16T00:00:16.000000Z,0.2666666666666666,6.603472222222222,6.603472222222222
SITE_010_S0125,SITE_010,2006-10-28T00:00:00.000000Z,2006-10-28T00:00:16.000000Z,0.2666666666666666,2.603472222222222,2.603472222222222
SITE_010_S0126,SITE_010,2006-11-09T00:00:00.000000Z,2006-11-09T00:00:16.000000Z,0.2666666666666666,14.60347222222222,6.603472222222222
SITE_010_S0127,SITE_010,2006-11-21T00:00:00.000000Z,2006-11-21T00:00:15.000000Z,0.25,10.60347222222222,2.603472222222222
SITE_010_S0128,SITE_010,2006-12-03T00:00:00.000000Z,2006-12-03T00:00:15.000000Z,0.25,6.603472222222222,6.603472222222222
SITE_010_S0129,SITE_010,2006-12-15T00:00:00.000000Z,2006-12-15T00:00:14.000000Z,0.2333333333333333,2.603472222222222,2.603472222222222
SITE_010_S0130,SITE_010,2006-12-27T00:00:00.000000Z,2006-12-27T00:00:14.000000Z,0.2333333333333333,0.6034722222222222,0.6034722222222222
SITE_010_S0131,SITE_010,2007-01-08T00:00:00.000000Z,2007-01-08T00:00:13.000000Z,0.2166666666666666,12.60347222222222,4.603472222222222
SITE_010_S0132,SITE_010,2007-02-01T00:00:00.000000Z,2007-02-01T00:00:12.000000Z,0.2,4.603472222222222,4.603472222222222
SITE_010_S0133,SITE_010,2007-02-13T00:00:00.000000Z,2007-02-13T00:00:12.000000Z,0.2,0.6034722222222222,0.6034722222222222
SITE_010_S0134,SITE_010,2007-02-25T00:00:00.000000Z,2007-02-25T00:00:12.000000Z,0.2,12.60347222222222,4.603472222222222
SITE_010_S0135,SITE_010,2007-03-09T00:00:00.000000Z,2007-03-09T00:00:12.000000Z,0.2,8.603472222222223,0.6034722222222222
SITE_010_S0136,SITE_010,2007-03-21T00:00:00.000000Z,2007-03-21T00:00:12.000000Z,0.2,4.603472222222222,4.603472222222222
SITE_010_S0137,SITE_010,2007-04-02T00:00:00.000000Z,2007-04-02T00:00:13.000000Z,0.2166666666666666,0.6034722222222222,0.6034722222222222
SITE_010_S0138,SITE_010,2007-04-14T00:00:00.000000Z,2007-04-14T00:00:13.000000Z,0.2166666666666666,12.60347222222222,4.603472222222222
SITE_010_S0139,SITE_010,2007-04-26T00:00:00.000000Z,2007-04-26T00:00:14.000000Z,0.2333333333333333,8.603472222222223,0.6034722222222222
SITE_010_S0140,SITE_010,2007-05-08T00:00:00.000000Z,2007-05-08T00:00:14.000000Z,0.2333333333333333,4.603472222222222,4.603472222222222
SITE_010_S0141,SITE_010,2007-05-20T00:00:00.000000Z,2007-05-20T00:00:15.000000Z,0.25,0.6034722222222222,0.6034722222222222
SITE_010_S0142,SITE_010,2007-06-01T00:00:00.000000Z,2007-06-01T00:00:16.000000Z,0.2666666666666666,12.60347222222222,4.603472222222222
SITE_010_S0143,SITE_010,2007-07-07T00:00:00.000000Z,2007-07-07T00:00:18.000000Z,0.3,0.6034722222222222,0.6034722222222222
SITE_010_S0144,SITE_010,2007-07-19T00:00:00.000000Z,2007-07-19T00:00:19.000000Z,0.3166666666666666,12.60347222222222,4.603472222222222
SITE_010_S0145,SITE_010,2007-07-19T23:52:00.000000Z,2007-07-19T23:52:32.000000Z,0.5333333333333333,13.59791666666667,5.597916666666666
SITE_010_S0146,SITE_010,2007-07-31T00:00:00.000000Z,2007-07-31T00:00:19.000000Z,0.3166666666666666,8.603472222222223,0.6034722222222222
SITE_010_S0147,SITE_010,2007-07-31T23:52:00.000000Z,2007-07-31T23:52:33.000000Z,0.55,9.597916666666666,1.597916666666667
SITE_010_S0148,SITE_010,2007-08-12T00:00:00.000000Z,2007-08-12T00:00:20.000000Z,0.3333333333333333,4.603472222222222,4.603472222222222
SITE_010_S0149,SITE_010,2007-08-24T00:00:00.000000Z,2007-08-24T00:00:20.000000Z,0.3333333333333333,0.6034722222222222,0.6034722222222222
SITE_010_S0150,SITE_010,2007-09-05T00:00:00.000000Z,2007-09-05T00:00:21.000000Z,0.35,12.60347222222222,4.603472222222222
SITE_010_S0151,SITE_010,2007-09-17T00:00:00.000000Z,2007-09-17T00:00:21.000000Z,0.35,8.603472222222223,0.6034722222222222
SITE_010_S0152,SITE_010,2007-09-29T00:00:00.000000Z,2007-09-29T00:00:22.000000Z,0.3666666666666666,4.603472222222222,4.603472222222222
SITE_010_S0153,SITE_010,2007-10-11T00:00:00.000000Z,2007-10-11T00:00:22.000000Z,0.3666666666666666,0.6034722222222222,0.6034722222222222
SITE_010_S0154,SITE_010,2007-10-23T00:00:00.000000Z,2007-10-23T00:00:22.000000Z,0.3666666666666666,12.60347222222222,4.603472222222222
SITE_010_S0155,SITE_010,2008-03-27T23:52:00.000000Z,2008-03-27T23:52:42.000000Z,0.7,12.59791666666667,4.597916666666666
SITE_010_S0156,SITE_010,2008-04-08T23:52:00.000000Z,2008-04-08T23:52:42.000000Z,0.7,8.597916666666666,0.5979166666666667
SITE_010_S0157,SITE_010,2008-04-20T23:52:00.000000Z,2008-04-20T23:52:43.000000Z,0.7166666666666667,4.597916666666666,4.597916666666666
SITE_010_S0158,SITE_010,2008-05-02T23:52:00.000000Z,2008-05-02T23:52:44.000000Z,0.7333333333333333,0.5979166666666667,0.5979166666666667
SITE_010_S0159,SITE_010,2008-05-14T23:52:00.000000Z,2008-05-14T23:52:45.000000Z,0.75,12.59791666666667,4.597916666666666
SITE_010_S0160,SITE_010,2008-05-26T23:52:00.000000Z,2008-05-26T23:52:46.000000Z,0.7666666666666667,8.597916666666666,0.5979166666666667
SITE_010_S0161,SITE_010,2008-06-07T23:52:00.000000Z,2008-06-07T23:52:46.000000Z,0.7666666666666667,4.597916666666666,4.597916666666666
SITE_010_S0162,SITE_010,2008-06-19T23:52:00.000000Z,2008-06-19T23:52:47.000000Z,0.7833333333333333,0.5979166666666667,0.5979166666666667
SITE_010_S0163,SITE_010,2008-07-01T23:52:00.000000Z,2008-07-01T23:52:48.000000Z,0.8,12.59791666666667,4.597916666666666
SITE_010_S0164,SITE_010,2008-07-13T23:52:00.000000Z,2008-07-13T23:52:49.000000Z,0.8166666666666667,8.597916666666666,0.5979166666666667
SITE_010_S0165,SITE_010,2008-07-25T23:52:00.000000Z,2008-07-25T23:52:49.000000Z,0.8166666666666667,4.597916666666666,4.597916666666666
SITE_010_S0166,SITE_010,2008-08-06T23:52:00.000000Z,2008-08-06T23:52:50.000000Z,0.8333333333333334,0.5979166666666667,0.5979166666666667
SITE_010_S0167,SITE_010,2008-08-18T23:52:00.000000Z,2008-08-18T23:52:50.000000Z,0.8333333333333334,12.59791666666667,4.597916666666666
SITE_010_S0168,SITE_010,2008-08-30T23:52:00.000000Z,2008-08-30T23:52:51.000000Z,0.85,8.597916666666666,0.5979166666666667
SITE_010_S0169,SITE_010,2008-09-11T23:52:00.000000Z,2008-09-11T23:52:51.000000Z,0.85,4.597916666666666,4.597916666666666
SITE_010_S0170,SITE_010,2008-09-23T23:52:00.000000Z,2008-09-23T23:52:52.000000Z,0.8666666666666667,0.5979166666666667,0.5979166666666667
SITE_010_S0171,SITE_010,2008-10-05T23:52:00.000000Z,2008-10-05T23:52:52.000000Z,0.8666666666666667,12.59791666666667,4.597916666666666
SITE_010_S0172,SITE_010,2008-10-17T23:52:00.000000Z,2008-10-17T23:52:52.000000Z,0.8666666666666667,8.597916666666666,0.5979166666666667
SITE_010_S0173,SITE_010,2008-10-29T23:52:00.000000Z,2008-10-29T23:52:52.000000Z,0.8666666666666667,4.597916666666666,4.597916666666666
SITE_010_S0174,SITE_010,2008-11-10T23:52:00.000000Z,2008-11-10T23:52:51.000000Z,0.85,0.5979166666666667,0.5979166666666667
SITE_010_S0175,SITE_010,2008-11-22T23:52:00.000000Z,2008-11-22T23:52:51.000000Z,0.85,12.59791666666667,4.597916666666666
SITE_010_S0176,SITE_010,2008-12-04T23:52:00.000000Z,2008-12-04T23:52:51.000000Z,0.85,8.597916666666666,0.5979166666666667
SITE_010_S0177,SITE_010,2008-12-28T23:52:00.000000Z,2008-12-28T23:52:49.000000Z,0.8166666666666667,3.597916666666667,3.597916666666667
SITE_010_S0178,SITE_010,2009-01-09T23:52:00.000000Z,2009-01-09T23:52:48.000000Z,0.8,15.59791666666667,7.597916666666666
SITE_010_S0179,SITE_010,2009-01-21T23:52:00.000000Z,2009-01-21T23:52:48.000000Z,0.8,11.59791666666667,3.597916666666667
SITE_010_S0180,SITE_010,2009-02-02T23:52:00.000000Z,2009-02-02T23:52:47.000000Z,0.7833333333333333,7.597916666666666,7.597916666666666
SITE_010_S0181,SITE_010,2009-02-14T23:52:00.000000Z,2009-02-14T23:52:47.000000Z,0.7833333333333333,3.597916666666667,3.597916666666667
SITE_010_S0182,SITE_010,2009-02-26T23:52:00.000000Z,2009-02-26T23:52:48.000000Z,0.8,15.59791666666667,7.597916666666666
SITE_010_S0183,SITE_010,2009-03-10T23:52:00.000000Z,2009-03-10T23:52:47.000000Z,0.7833333333333333,11.59791666666667,3.597916666666667
SITE_010_S0184,SITE_010,2009-04-03T23:52:00.000000Z,2009-04-03T23:52:48.000000Z,0.8,3.597916666666667,3.597916666666667
SITE_010_S0185,SITE_010,2009-04-15T23:52:00.000000Z,2009-04-15T23:52:48.000000Z,0.8,15.59791666666667,7.597916666666666
SITE_010_S0186,SITE_010,2009-04-27T23:52:00.000000Z,2009-04-27T23:52:49.000000Z,0.8166666666666667,11.59791666666667,3.597916666666667
SITE_010_S0187,SITE_010,2009-05-09T23:52:00.000000Z,2009-05-09T23:52:50.000000Z,0.8333333333333334,7.597916666666666,7.597916666666666
SITE_010_S0188,SITE_010,2009-05-21T23:52:00.000000Z,2009-05-21T23:52:51.000000Z,0.85,3.597916666666667,3.597916666666667
SITE_010_S0189,SITE_010,2009-06-02T23:52:00.000000Z,2009-06-02T23:52:51.000000Z,0.85,15.59791666666667,7.597916666666666
SITE_010_S0190,SITE_010,2009-06-14T23:52:00.000000Z,2009-06-14T23:52:51.000000Z,0.85,11.59791666666667,3.597916666666667
SITE_010_S0191,SITE_010,2009-06-26T23:52:00.000000Z,2009-06-26T23:52:52.000000Z,0.8666666666666667,7.597916666666666,7.597916666666666
SITE_010_S0192,SITE_010,2009-07-08T23:52:00.000000Z,2009-07-08T23:52:53.000000Z,0.8833333333333333,3.597916666666667,3.597916666666667
SITE_010_S0193,SITE_010,2009-07-20T23:52:00.000000Z,2009-07-20T23:52:54.000000Z,0.9,15.59791666666667,7.597916666666666
SITE_010_S0194,SITE_010,2009-08-25T23:52:00.000000Z,2009-08-25T23:52:56.000000Z,0.9333333333333332,3.597916666666667,3.597916666666667
SITE_010_S0195,SITE_010,2009-09-06T23:52:00.000000Z,2009-09-06T23:52:56.000000Z,0.9333333333333332,15.59791666666667,7.597916666666666
SITE_010_S0196,SITE_010,2009-09-18T23:52:00.000000Z,2009-09-18T23:52:57.000000Z,0.95,11.59791666666667,3.597916666666667
SITE_010_S0197,SITE_010,2009-09-30T23:52:00.000000Z,2009-09-30T23:52:57.000000Z,0.95,7.597916666666666,7.597916666666666
SITE_010_S0198,SITE_010,2009-10-12T23:52:00.000000Z,2009-10-12T23:52:57.000000Z,0.95,3.597916666666667,3.597916666666667
SITE_010_S0199,SITE_010,2009-10-24T23:52:00.000000Z,2009-10-24T23:52:57.000000Z,0.95,15.59791666666667,7.597916666666666
SITE_010_S0200,SITE_010,2009-12-23T23:52:00.000000Z,2009-12-23T23:52:54.000000Z,0.9,11.59791666666667,3.597916666666667
SITE_010_S0201,SITE_010,2010-01-04T23:52:00.000000Z,2010-01-04T23:52:53.000000Z,0.8833333333333333,10.59791666666667,2.597916666666667
SITE_010_S0202,SITE_010,2010-01-16T23:52:00.000000Z,2010-01-16T23:52:53.000000Z,0.8833333333333333,6.597916666666666,6.597916666666666
SITE_010_S0203,SITE_010,2010-01-28T23:52:00.000000Z,2010-01-28T23:52:53.000000Z,0.8833333333333333,2.597916666666667,2.597916666666667
SITE_010_S0204,SITE_010,2010-02-09T23:52:00.000000Z,2010-02-09T23:52:53.000000Z,0.8833333333333333,14.59791666666667,6.597916666666666
SITE_010_S0205,SITE_010,2010-02-21T23:52:00.000000Z,2010-02-21T23:52:53.000000Z,0.8833333333333333,10.59791666666667,2.597916666666667
SITE_010_S0206,SITE_010,2010-03-17T23:52:00.000000Z,2010-03-17T23:52:53.000000Z,0.8833333333333333,2.597916666666667,2.597916666666667
SITE_010_S0207,SITE_010,2010-03-29T23:52:00.000000Z,2010-03-29T23:52:54.000000Z,0.9,14.59791666666667,6.597916666666666
SITE_010_S0208,SITE_010,2010-04-22T23:52:00.000000Z,2010-04-22T23:52:54.000000Z,0.9,6.597916666666666,6.597916666666666
SITE_010_S0209,SITE_010,2010-05-04T23:52:00.000000Z,2010-05-04T23:52:54.000000Z,0.9,2.597916666666667,2.597916666666667
SITE_010_S0210,SITE_010,2010-05-16T23:52:00.000000Z,2010-05-16T23:52:54.000000Z,0.9,14.59791666666667,6.597916666666666
SITE_010_S0211,SITE_010,2010-05-28T23:52:00.000000Z,2010-05-28T23:52:54.000000Z,0.9,10.59791666666667,2.597916666666667
SITE_010_S0212,SITE_010,2010-06-09T23:52:00.000000Z,2010-06-09T23:52:53.000000Z,0.8833333333333333,6.597916666666666,6.597916666666666
SITE_010_S0213,SITE_010,2010-06-21T23:52:00.000000Z,2010-06-21T23:52:52.000000Z,0.8666666666666667,2.597916666666667,2.597916666666667
SITE_010_S0214,SITE_010,2010-07-03T23:52:00.000000Z,2010-07-03T23:52:52.000000Z,0.8666666666666667,14.59791666666667,6.597916666666666
SITE_010_S0215,SITE_010,2010-07-15T23:52:00.000000Z,2010-07-15T23:52:52.000000Z,0.8666666666666667,10.59791666666667,2.597916666666667
SITE_010_S0216,SITE_010,2010-07-27T23:52:00.000000Z,2010-07-27T23:52:52.000000Z,0.8666666666666667,6.597916666666666,6.597916666666666
SITE_010_S0217,SITE_010,2010-08-08T23:52:00.000000Z,2010-08-08T23:52:51.000000Z,0.85,2.597916666666667,2.597916666666667
SITE_010_S0218,SITE_010,2010-08-20T23:52:00.000000Z,2010-08-20T23:52:52.000000Z,0.8666666666666667,14.59791666666667,6.597916666666666
SITE_010_S0219,SITE_010,2010-09-01T23:52:00.000000Z,2010-09-01T23:52:52.000000Z,0.8666666666666667,10.59791666666667,2.597916666666667
SITE_010_S0220,SITE_010,2010-09-13T23:52:00.000000Z,2010-09-13T23:52:53.000000Z,0.8833333333333333,6.597916666666666,6.597916666666666
SITE_010_S0221,SITE_010,2010-09-25T23:52:00.000000Z,2010-09-25T23:52:53.000000Z,0.8833333333333333,2.597916666666667,2.597916666666667
SITE_010_S0222,SITE_010,2010-10-19T23:52:00.000000Z,2010-10-19T23:52:53.000000Z,0.8833333333333333,10.59791666666667,2.597916666666667
SITE_010_S0223,SITE_010,2010-10-31T23:52:00.000000Z,2010-10-31T23:52:53.000000Z,0.8833333333333333,6.597916666666666,6.597916666666666
SITE_010_S0224,SITE_010,2010-11-12T23:52:00.000000Z,2010-11-12T23:52:52.000000Z,0.8666666666666667,2.597916666666667,2.597916666666667
SITE_010_S0225,SITE_010,2010-11-24T23:52:00.000000Z,2010-11-24T23:52:52.000000Z,0.8666666666666667,14.59791666666667,6.597916666666666
SITE_010_S0226,SITE_010,2010-12-06T23:52:00.000000Z,2010-12-06T23:52:51.000000Z,0.85,10.59791666666667,2.597916666666667
SITE_010_S0227,SITE_010,2010-12-18T23:52:00.000000Z,2010-12-18T23:52:49.000000Z,0.8166666666666667,6.597916666666666,6.597916666666666
SITE_010_S0228,SITE_010,2010-12-30T23:52:00.000000Z,2010-12-30T23:52:48.000000Z,0.8,4.597916666666666,4.597916666666666
SITE_010_S0229,SITE_010,2011-01-11T23:52:00.000000Z,2011-01-11T23:52:47.000000Z,0.7833333333333333,0.5979166666666667,0.5979166666666667
SITE_010_S0230,SITE_010,2011-02-04T23:52:00.000000Z,2011-02-04T23:52:46.000000Z,0.7666666666666667,8.597916666666666,0.5979166666666667
SITE_010_S0231,SITE_010,2011-02-28T23:52:00.000000Z,2011-02-28T23:52:46.000000Z,0.7666666666666667,0.5979166666666667,0.5979166666666667
SITE_010_S0232,SITE_010,2011-03-12T23:52:00.000000Z,2011-03-12T23:52:46.000000Z,0.7666666666666667,12.59791666666667,4.597916666666666
SITE_010_S0233,SITE_010,2011-03-24T23:52:00.000000Z,2011-03-24T23:52:46.000000Z,0.7666666666666667,8.597916666666666,0.5979166666666667
SITE_010_S0234,SITE_010,2011-04-05T23:52:00.000000Z,2011-04-05T23:52:46.000000Z,0.7666666666666667,4.597916666666666,4.597916666666666
SITE_010_S0235,SITE_010,2011-04-17T23:52:00.000000Z,2011-04-17T23:52:46.000000Z,0.7666666666666667,0.5979166666666667,0.5979166666666667
SITE_010_S0236,SITE_010,2011-04-29T23:52:00.000000Z,2011-04-29T23:52:46.000000Z,0.7666666666666667,12.59791666666667,4.597916666666666
SITE_010_S0237,SITE_010,2011-05-11T23:52:00.000000Z,2011-05-11T23:52:46.000000Z,0.7666666666666667,8.597916666666666,0.5979166666666667
SITE_010_S0238,SITE_010,2011-05-23T23:52:00.000000Z,2011-05-23T23:52:46.000000Z,0.7666666666666667,4.597916666666666,4.597916666666666
SITE_010_S0239,SITE_010,2011-06-04T23:52:00.000000Z,2011-06-04T23:52:45.000000Z,0.75,0.5979166666666667,0.5979166666666667
SITE_010_S0240,SITE_010,2011-06-16T23:52:00.000000Z,2011-06-16T23:52:44.000000Z,0.7333333333333333,12.59791666666667,4.597916666666666
SITE_010_S0241,SITE_010,2011-06-28T23:52:00.000000Z,2011-06-28T23:52:44.000000Z,0.7333333333333333,8.597916666666666,0.5979166666666667
SITE_010_S0242,SITE_010,2011-07-10T23:52:00.000000Z,2011-07-10T23:52:43.000000Z,0.7166666666666667,4.597916666666666,4.597916666666666
SITE_010_S0243,SITE_010,2011-07-22T23:52:00.000000Z,2011-07-22T23:52:43.000000Z,0.7166666666666667,0.5979166666666667,0.5979166666666667
SITE_010_S0244,SITE_010,2011-08-03T23:52:00.000000Z,2011-08-03T23:52:43.000000Z,0.7166666666666667,12.59791666666667,4.597916666666666
SITE_010_S0245,SITE_010,2011-08-15T23:52:00.000000Z,2011-08-15T23:52:43.000000Z,0.7166666666666667,8.597916666666666,0.5979166666666667
SITE_010_S0246,SITE_010,2011-08-27T23:52:00.000000Z,2011-08-27T23:52:43.000000Z,0.7166666666666667,4.597916666666666,4.597916666666666
SITE_010_S0247,SITE_010,2011-09-08T23:52:00.000000Z,2011-09-08T23:52:43.000000Z,0.7166666666666667,0.5979166666666667,0.5979166666666667
SITE_010_S0248,SITE_010,2011-09-20T23:52:00.000000Z,2011-09-20T23:52:43.000000Z,0.7166666666666667,12.59791666666667,4.597916666666666
SITE_010_S0249,SITE_010,2011-10-02T23:52:00.000000Z,2011-10-02T23:52:44.000000Z,0.7333333333333333,8.597916666666666,0.5979166666666667
SITE_010_S0250,SITE_010,2011-10-14T23:52:00.000000Z,2011-10-14T23:52:44.000000Z,0.7333333333333333,4.597916666666666,4.597916666666666
SITE_010_S0251,SITE_010,2011-10-26T23:52:00.000000Z,2011-10-26T23:52:43.000000Z,0.7166666666666667,0.5979166666666667,0.5979166666666667
SITE_010_S0252,SITE_010,2011-11-07T23:52:00.000000Z,2011-11-07T23:52:43.000000Z,0.7166666666666667,12.59791666666667,4.597916666666666
SITE_010_S0253,SITE_010,2011-11-19T23:52:00.000000Z,2011-11-19T23:52:42.000000Z,0.7,8.597916666666666,0.5979166666666667
SITE_010_S0254,SITE_010,2011-12-01T23:52:00.000000Z,2011-12-01T23:52:41.000000Z,0.6833333333333333,4.597916666666666,4.597916666666666
SITE_010_S0255,SITE_010,2011-12-13T23:52:00.000000Z,2011-12-13T23:52:40.000000Z,0.6666666666666666,0.5979166666666667,0.5979166666666667
SITE_011_S0001,SITE_011,2009-11-04T00:00:00.000000Z,2009-11-04T00:00:21.460000Z,0.3576666666666667,11.23680555555556,3.236805555555556
SITE_011_S0002,SITE_011,2009-11-09T00:08:00.000000Z,2009-11-09T00:08:31.120000Z,0.5186666666666667,0.2423611111111111,0.2423611111111111
SITE_011_S0003,SITE_011,2009-11-16T00:00:00.000000Z,2009-11-16T00:00:20.830000Z,0.3471666666666667,7.236805555555556,7.236805555555556
SITE_011_S0004,SITE_011,2009-11-28T00:00:00.000000Z,2009-11-28T00:00:20.480000Z,0.3413333333333333,6.236805555555556,6.236805555555556
SITE_011_S0005,SITE_011,2010-01-08T00:08:00.000000Z,2010-01-08T00:08:29.410000Z,0.4901666666666666,15.24236111111111,7.242361111111111
SITE_011_S0006,SITE_011,2010-01-15T00:00:00.000000Z,2010-01-15T00:00:19.460000Z,0.3243333333333333,6.236805555555556,6.236805555555556
SITE_011_S0007,SITE_011,2010-01-20T00:08:00.000000Z,2010-01-20T00:08:29.410000Z,0.4901666666666666,11.24236111111111,3.242361111111111
SITE_011_S0008,SITE_011,2010-01-27T00:00:00.000000Z,2010-01-27T00:00:09.920000Z,0.1653333333333333,2.236805555555556,2.236805555555556
SITE_011_S0009,SITE_011,2010-02-01T00:08:00.000000Z,2010-02-01T00:08:29.560000Z,0.4926666666666666,7.242361111111111,7.242361111111111
SITE_011_S0010,SITE_011,2010-02-13T00:08:00.000000Z,2010-02-13T00:08:29.850000Z,0.4975,3.242361111111111,3.242361111111111
SITE_011_S0011,SITE_011,2010-03-09T00:08:00.000000Z,2010-03-09T00:08:30.760000Z,0.5126666666666667,11.24236111111111,3.242361111111111
SITE_011_S0012,SITE_011,2010-03-16T00:00:00.000000Z,2010-03-16T00:00:21.290000Z,0.3548333333333333,2.236805555555556,2.236805555555556
SITE_011_S0013,SITE_011,2010-03-21T00:08:00.000000Z,2010-03-21T00:08:32.490000Z,0.5415,7.242361111111111,7.242361111111111
SITE_011_S0014,SITE_011,2010-03-28T00:00:00.000000Z,2010-03-28T00:00:22.050000Z,0.3675,14.23680555555556,6.236805555555556
SITE_011_S0015,SITE_011,2010-04-02T00:08:00.000000Z,2010-04-02T00:08:32.890000Z,0.5481666666666667,3.242361111111111,3.242361111111111
SITE_011_S0016,SITE_011,2010-04-14T00:08:00.000000Z,2010-04-14T00:08:33.820000Z,0.5636666666666666,15.24236111111111,7.242361111111111
SITE_011_S0017,SITE_011,2010-04-21T00:00:00.000000Z,2010-04-21T00:00:23.700000Z,0.395,6.236805555555556,6.236805555555556
SITE_011_S0018,SITE_011,2010-04-26T00:08:00.000000Z,2010-04-26T00:08:34.620000Z,0.577,11.24236111111111,3.242361111111111
SITE_011_S0019,SITE_011,2010-05-03T00:00:00.000000Z,2010-05-03T00:00:24.340000Z,0.4056666666666667,2.236805555555556,2.236805555555556
SITE_011_S0020,SITE_011,2010-05-08T00:08:00.000000Z,2010-05-08T00:08:35.240000Z,0.5873333333333334,7.242361111111111,7.242361111111111
SITE_011_S0021,SITE_011,2010-05-15T00:00:00.000000Z,2010-05-15T00:00:25.100000Z,0.4183333333333333,14.23680555555556,6.236805555555556
SITE_011_S0022,SITE_011,2010-05-20T00:08:00.000000Z,2010-05-20T00:08:36.220000Z,0.6036666666666667,3.242361111111111,3.242361111111111
SITE_011_S0023,SITE_011,2010-05-27T00:00:00.000000Z,2010-05-27T00:00:24.690000Z,0.4115,10.23680555555556,2.236805555555556
SITE_011_S0024,SITE_011,2010-06-01T00:08:00.000000Z,2010-06-01T00:08:35.540000Z,0.5923333333333334,15.24236111111111,7.242361111111111
SITE_011_S0025,SITE_011,2010-09-24T00:00:00.000000Z,2010-09-24T00:00:39.700000Z,0.6616666666666666,2.236805555555556,2.236805555555556
SITE_011_S0026,SITE_011,2010-10-06T00:00:00.000000Z,2010-10-06T00:00:32.970000Z,0.5495,14.23680555555556,6.236805555555556
SITE_011_S0027,SITE_011,2010-10-11T00:08:00.000000Z,2010-10-11T00:08:32.720000Z,0.5453333333333333,3.242361111111111,3.242361111111111
SITE_011_S0028,SITE_011,2010-10-18T00:00:00.000000Z,2010-10-18T00:00:22.750000Z,0.3791666666666666,10.23680555555556,2.236805555555556
SITE_011_S0029,SITE_011,2010-10-30T00:00:00.000000Z,2010-10-30T00:00:32.500000Z,0.5416666666666666,6.236805555555556,6.236805555555556
SITE_011_S0030,SITE_011,2010-11-04T00:08:00.000000Z,2010-11-04T00:08:31.930000Z,0.5321666666666667,11.24236111111111,3.242361111111111
SITE_011_S0031,SITE_011,2010-11-11T00:00:00.000000Z,2010-11-11T00:00:21.940000Z,0.3656666666666666,2.236805555555556,2.236805555555556
SITE_011_S0032,SITE_011,2010-11-28T00:08:00.000000Z,2010-11-28T00:08:30.990000Z,0.5165,6.242361111111111,6.242361111111111
SITE_011_S0033,SITE_011,2010-12-05T00:00:00.000000Z,2010-12-05T00:00:20.960000Z,0.3493333333333333,13.23680555555556,5.236805555555556
SITE_011_S0034,SITE_011,2010-12-17T00:00:00.000000Z,2010-12-17T00:00:30.570000Z,0.5095,9.236805555555556,1.236805555555555
SITE_011_S0035,SITE_011,2011-01-10T00:00:00.000000Z,2011-01-10T00:00:30.410000Z,0.5068333333333334,1.236805555555555,9.236805555555556
SITE_011_S0036,SITE_011,2011-02-03T00:00:00.000000Z,2011-02-03T00:00:30.000000Z,0.5,9.236805555555556,1.236805555555555
SITE_011_S0037,SITE_011,2011-02-08T00:08:00.000000Z,2011-02-08T00:08:24.000000Z,0.4,14.24236111111111,6.242361111111111
SITE_011_S0038,SITE_011,2011-02-27T00:00:00.000000Z,2011-02-27T00:00:34.000000Z,0.5666666666666667,1.236805555555555,1.236805555555555
SITE_011_S0039,SITE_011,2011-03-04T00:08:00.000000Z,2011-03-04T00:08:25.790000Z,0.4298333333333333,6.242361111111111,6.242361111111111
SITE_011_S0040,SITE_011,2011-03-23T00:00:00.000000Z,2011-03-23T00:00:35.300000Z,0.5883333333333334,9.236805555555556,1.236805555555555
SITE_011_S0041,SITE_011,2011-03-28T00:08:00.000000Z,2011-03-28T00:08:26.750000Z,0.4458333333333333,14.24236111111111,6.242361111111111
SITE_011_S0042,SITE_011,2011-04-04T00:00:00.000000Z,2011-04-04T00:00:17.800000Z,0.2966666666666667,5.236805555555556,5.236805555555556
SITE_011_S0043,SITE_011,2011-04-09T00:08:00.000000Z,2011-04-09T00:08:24.650000Z,0.4108333333333333,10.24236111111111,2.242361111111111
SITE_011_S0044,SITE_011,2011-04-16T00:00:00.000000Z,2011-04-16T00:00:21.580000Z,0.3596666666666667,1.236805555555555,1.236805555555555
SITE_011_S0045,SITE_011,2011-04-21T00:08:00.000000Z,2011-04-21T00:08:37.420000Z,0.6236666666666667,6.242361111111111,6.242361111111111
SITE_011_S0046,SITE_011,2011-04-28T00:00:00.000000Z,2011-04-28T00:00:25.100000Z,0.4183333333333333,13.23680555555556,5.236805555555556
SITE_011_S0047,SITE_011,2011-05-03T00:08:00.000000Z,2011-05-03T00:08:38.150000Z,0.6358333333333334,2.242361111111111,2.242361111111111
SITE_011_S0048,SITE_011,2011-05-22T00:00:00.000000Z,2011-05-22T00:00:26.440000Z,0.4406666666666666,5.236805555555556,5.236805555555556
SITE_011_S0049,SITE_011,2011-05-27T00:08:00.000000Z,2011-05-27T00:08:39.560000Z,0.6593333333333333,10.24236111111111,2.242361111111111
SITE_011_S0050,SITE_011,2011-06-08T00:08:00.000000Z,2011-06-08T00:08:40.080000Z,0.668,6.242361111111111,6.242361111111111
SITE_011_S0051,SITE_011,2011-06-15T00:00:00.000000Z,2011-06-15T00:00:27.770000Z,0.4628333333333333,13.23680555555556,5.236805555555556
SITE_011_S0052,SITE_011,2011-06-27T00:00:00.000000Z,2011-06-27T00:00:28.680000Z,0.478,9.236805555555556,1.236805555555555
SITE_011_S0053,SITE_011,2011-07-02T00:08:00.000000Z,2011-07-02T00:08:41.360000Z,0.6893333333333334,14.24236111111111,6.242361111111111
SITE_011_S0054,SITE_011,2011-07-09T00:00:00.000000Z,2011-07-09T00:00:29.000000Z,0.4833333333333333,5.236805555555556,5.236805555555556
SITE_011_S0055,SITE_011,2011-07-14T00:08:00.000000Z,2011-07-14T00:08:42.000000Z,0.7,10.24236111111111,2.242361111111111
SITE_011_S0056,SITE_011,2011-07-21T00:00:00.000000Z,2011-07-21T00:00:29.560000Z,0.4926666666666666,1.236805555555555,1.236805555555555
SITE_011_S0057,SITE_011,2011-07-26T00:08:00.000000Z,2011-07-26T00:08:42.000000Z,0.7,6.242361111111111,6.242361111111111
SITE_011_S0058,SITE_011,2011-08-02T00:00:00.000000Z,2011-08-02T00:00:30.000000Z,0.5,13.23680555555556,5.236805555555556
SITE_011_S0059,SITE_011,2011-08-07T00:08:00.000000Z,2011-08-07T00:08:42.000000Z,0.7,2.242361111111111,2.242361111111111
SITE_011_S0060,SITE_011,2011-08-14T00:00:00.000000Z,2011-08-14T00:00:30.490000Z,0.5081666666666667,9.236805555555556,1.236805555555555
SITE_011_S0061,SITE_011,2011-08-19T00:08:00.000000Z,2011-08-19T00:08:43.410000Z,0.7235,14.24236111111111,6.242361111111111
SITE_011_S0062,SITE_011,2011-08-19T23:59:00.000000Z,2011-08-19T23:59:45.000000Z,0.75,15.23611111111111,7.236111111111111
SITE_011_S0063,SITE_011,2011-08-25T00:08:00.000000Z,2011-08-25T00:08:04.120000Z,0.0686666666666666,4.242361111111111,4.242361111111111
SITE_011_S0064,SITE_011,2011-08-26T00:00:00.000000Z,2011-08-26T00:00:30.000000Z,0.5,5.236805555555556,5.236805555555556
SITE_011_S0065,SITE_011,2011-08-31T00:08:00.000000Z,2011-08-31T00:08:43.000000Z,0.7166666666666667,10.24236111111111,2.242361111111111
SITE_011_S0066,SITE_011,2011-08-31T23:59:00.000000Z,2011-08-31T23:59:45.000000Z,0.75,11.23611111111111,3.236111111111111
SITE_011_S0067,SITE_011,2011-09-06T00:08:00.000000Z,2011-09-06T00:08:04.170000Z,0.0695,0.2423611111111111,0.2423611111111111
SITE_011_S0068,SITE_011,2011-09-07T00:00:00.000000Z,2011-09-07T00:00:30.000000Z,0.5,1.236805555555555,1.236805555555555
SITE_011_S0069,SITE_011,2011-09-12T23:59:00.000000Z,2011-09-12T23:59:45.000000Z,0.75,7.236111111111111,7.236111111111111
SITE_011_S0070,SITE_011,2011-09-18T00:08:00.000000Z,2011-09-18T00:08:04.250000Z,0.0708333333333333,12.24236111111111,4.242361111111111
SITE_011_S0071,SITE_011,2011-09-24T00:08:00.000000Z,2011-09-24T00:08:43.370000Z,0.7228333333333333,2.242361111111111,2.242361111111111
SITE_011_S0072,SITE_011,2011-09-30T00:08:00.000000Z,2011-09-30T00:08:04.000000Z,0.0666666666666666,8.24236111111111,0.2423611111111111
SITE_011_S0073,SITE_011,2011-10-01T00:00:00.000000Z,2011-10-01T00:00:30.550000Z,0.5091666666666667,9.236805555555556,1.236805555555555
SITE_011_S0074,SITE_011,2011-10-06T00:08:00.000000Z,2011-10-06T00:08:43.000000Z,0.7166666666666667,14.24236111111111,6.242361111111111
SITE_011_S0075,SITE_011,2011-10-06T23:59:00.000000Z,2011-10-06T23:59:55.700000Z,0.9283333333333332,15.23611111111111,7.236111111111111
SITE_011_S0076,SITE_011,2011-10-18T00:08:00.000000Z,2011-10-18T00:08:43.000000Z,0.7166666666666667,10.24236111111111,2.242361111111111
SITE_011_S0077,SITE_011,2011-10-24T00:08:00.000000Z,2011-10-24T00:08:03.520000Z,0.0586666666666666,0.2423611111111111,0.2423611111111111
SITE_011_S0078,SITE_011,2011-10-25T00:00:00.000000Z,2011-10-25T00:00:30.020000Z,0.5003333333333333,1.236805555555555,1.236805555555555
SITE_011_S0079,SITE_011,2011-10-30T00:08:00.000000Z,2011-10-30T00:08:42.600000Z,0.71,6.242361111111111,6.242361111111111
SITE_011_S0080,SITE_011,2011-10-30T23:59:00.000000Z,2011-10-30T23:59:55.170000Z,0.9195,7.236111111111111,7.236111111111111
SITE_011_S0081,SITE_011,2011-11-05T00:08:00.000000Z,2011-11-05T00:08:03.000000Z,0.05,12.24236111111111,4.242361111111111
SITE_011_S0082,SITE_011,2011-11-06T00:00:00.000000Z,2011-11-06T00:00:29.530000Z,0.4921666666666666,13.23680555555556,5.236805555555556
SITE_011_S0083,SITE_011,2011-11-11T00:08:00.000000Z,2011-11-11T00:08:42.160000Z,0.7026666666666667,2.242361111111111,2.242361111111111
SITE_011_S0084,SITE_011,2011-11-17T00:08:00.000000Z,2011-11-17T00:08:02.770000Z,0.0461666666666666,8.24236111111111,0.2423611111111111
SITE_011_S0085,SITE_011,2011-11-18T00:00:00.000000Z,2011-11-18T00:00:29.000000Z,0.4833333333333333,9.236805555555556,1.236805555555555
SITE_011_S0086,SITE_011,2011-11-23T00:08:00.000000Z,2011-11-23T00:08:40.000000Z,0.6666666666666666,0.2423611111111111,0.2423611111111111
SITE_011_S0087,SITE_011,2011-11-23T23:59:00.000000Z,2011-11-23T23:59:43.000000Z,0.7166666666666667,1.236111111111111,1.236111111111111
SITE_011_S0088,SITE_011,2011-11-29T00:08:00.000000Z,2011-11-29T00:08:01.000000Z,0.0166666666666666,6.242361111111111,6.242361111111111
SITE_011_S0089,SITE_011,2011-11-30T00:00:00.000000Z,2011-11-30T00:00:27.000000Z,0.45,7.236805555555556,7.236805555555556
SITE_011_S0090,SITE_011,2011-12-05T00:08:00.000000Z,2011-12-05T00:08:40.240000Z,0.6706666666666666,12.24236111111111,4.242361111111111
SITE_011_S0091,SITE_011,2011-12-11T00:08:00.000000Z,2011-12-11T00:08:00.760000Z,0.0126666666666666,2.242361111111111,2.242361111111111
SITE_011_S0092,SITE_011,2011-12-12T00:00:00.000000Z,2011-12-12T00:00:27.220000Z,0.4536666666666666,3.236805555555556,3.236805555555556
SITE_011_S0093,SITE_011,2011-12-17T00:08:00.000000Z,2011-12-17T00:08:39.990000Z,0.6665,8.24236111111111,0.2423611111111111
SITE_011_S0094,SITE_011,2011-12-17T23:59:00.000000Z,2011-12-17T23:59:42.000000Z,0.7,9.23611111111111,1.236111111111111
SITE_011_S0095,SITE_011,2011-12-23T00:08:00.000000Z,2011-12-23T00:08:00.000000Z,0,14.24236111111111,6.242361111111111
SITE_011_S0096,SITE_011,2011-12-24T00:00:00.000000Z,2011-12-24T00:00:27.000000Z,0.45,15.23680555555556,7.236805555555556
SITE_011_S0097,SITE_011,2012-01-04T00:08:00.000000Z,2012-01-04T00:08:00.350000Z,0.0058333333333333,10.24236111111111,2.242361111111111
SITE_011_S0098,SITE_011,2012-01-05T00:00:00.000000Z,2012-01-05T00:00:26.000000Z,0.4333333333333333,11.23680555555556,3.236805555555556
SITE_011_S0099,SITE_011,2012-01-10T00:08:00.000000Z,2012-01-10T00:08:39.460000Z,0.6576666666666666,0.2423611111111111,0.2423611111111111
SITE_011_S0100,SITE_011,2012-01-10T23:59:00.000000Z,2012-01-10T23:59:42.000000Z,0.7,1.236111111111111,1.236111111111111
SITE_011_S0101,SITE_011,2012-01-22T00:08:00.000000Z,2012-01-22T00:08:39.000000Z,0.65,12.24236111111111,4.242361111111111
SITE_011_S0102,SITE_011,2012-01-22T23:59:00.000000Z,2012-01-22T23:59:41.000000Z,0.6833333333333333,13.23611111111111,5.236111111111111
SITE_011_S0103,SITE_011,2012-01-28T00:08:00.000000Z,2012-01-28T00:08:00.230000Z,0.0038333333333333,2.242361111111111,2.242361111111111
SITE_011_S0104,SITE_011,2012-02-03T00:08:00.000000Z,2012-02-03T00:08:39.000000Z,0.65,8.24236111111111,0.2423611111111111
SITE_011_S0105,SITE_011,2012-02-03T23:59:00.000000Z,2012-02-03T23:59:42.190000Z,0.7031666666666667,9.23611111111111,1.236111111111111
SITE_011_S0106,SITE_011,2012-02-09T00:08:00.000000Z,2012-02-09T00:08:00.500000Z,0.0083333333333333,14.24236111111111,6.242361111111111
SITE_011_S0107,SITE_011,2012-02-10T00:00:00.000000Z,2012-02-10T00:00:26.000000Z,0.4333333333333333,15.23680555555556,7.236805555555556
SITE_011_S0108,SITE_011,2012-02-15T00:08:00.000000Z,2012-02-15T00:08:39.830000Z,0.6638333333333334,4.242361111111111,4.242361111111111
SITE_011_S0109,SITE_011,2012-02-15T23:59:00.000000Z,2012-02-15T23:59:42.410000Z,0.7068333333333333,5.236111111111111,5.236111111111111
SITE_011_S0110,SITE_011,2012-02-21T00:08:00.000000Z,2012-02-21T00:08:00.000000Z,0,10.24236111111111,2.242361111111111
SITE_011_S0111,SITE_011,2012-02-22T00:00:00.000000Z,2012-02-22T00:00:27.000000Z,0.45,11.23680555555556,3.236805555555556
SITE_011_S0112,SITE_011,2012-02-27T00:08:00.000000Z,2012-02-27T00:08:40.300000Z,0.6716666666666666,0.2423611111111111,0.2423611111111111
SITE_011_S0113,SITE_011,2012-02-27T23:59:00.000000Z,2012-02-27T23:59:42.880000Z,0.7146666666666667,1.236111111111111,1.236111111111111
SITE_011_S0114,SITE_011,2012-03-04T00:08:00.000000Z,2012-03-04T00:08:01.220000Z,0.0203333333333333,6.242361111111111,6.242361111111111
SITE_011_S0115,SITE_011,2012-03-05T00:00:00.000000Z,2012-03-05T00:00:27.000000Z,0.45,7.236805555555556,7.236805555555556
SITE_011_S0116,SITE_011,2012-03-10T00:08:00.000000Z,2012-03-10T00:08:40.920000Z,0.682,12.24236111111111,4.242361111111111
SITE_011_S0117,SITE_011,2012-03-10T23:59:00.000000Z,2012-03-10T23:59:43.490000Z,0.7248333333333333,13.23611111111111,5.236111111111111
SITE_011_S0118,SITE_011,2012-03-16T00:08:00.000000Z,2012-03-16T00:08:01.850000Z,0.0308333333333333,2.242361111111111,2.242361111111111
SITE_011_S0119,SITE_011,2012-03-17T00:00:00.000000Z,2012-03-17T00:00:28.250000Z,0.4708333333333333,3.236805555555556,3.236805555555556
SITE_011_S0120,SITE_011,2012-03-22T00:08:00.000000Z,2012-03-22T00:08:41.440000Z,0.6906666666666667,8.24236111111111,0.2423611111111111
SITE_011_S0121,SITE_011,2012-03-22T23:59:00.000000Z,2012-03-22T23:59:44.000000Z,0.7333333333333333,9.23611111111111,1.236111111111111
SITE_011_S0122,SITE_011,2012-03-28T00:08:00.000000Z,2012-03-28T00:08:02.000000Z,0.0333333333333333,14.24236111111111,6.242361111111111
SITE_011_S0123,SITE_011,2012-03-29T00:00:00.000000Z,2012-03-29T00:00:29.000000Z,0.4833333333333333,15.23680555555556,7.236805555555556
SITE_011_S0124,SITE_011,2012-04-03T00:08:00.000000Z,2012-04-03T00:08:42.000000Z,0.7,4.242361111111111,4.242361111111111
SITE_011_S0125,SITE_011,2012-04-03T23:59:00.000000Z,2012-04-03T23:59:44.000000Z,0.7333333333333333,5.236111111111111,5.236111111111111
SITE_011_S0126,SITE_011,2012-04-09T00:08:00.000000Z,2012-04-09T00:08:03.160000Z,0.0526666666666666,10.24236111111111,2.242361111111111
SITE_011_S0127,SITE_011,2012-04-10T00:00:00.000000Z,2012-04-10T00:00:29.000000Z,0.4833333333333333,11.23680555555556,3.236805555555556
SITE_011_S0128,SITE_011,2012-04-15T00:08:00.000000Z,2012-04-15T00:08:34.000000Z,0.5666666666666667,0.2423611111111111,0.2423611111111111
SITE_011_S0129,SITE_011,2012-04-15T23:59:00.000000Z,2012-04-15T23:59:45.000000Z,0.75,1.236111111111111,1.236111111111111
SITE_011_S0130,SITE_011,2012-04-21T00:08:00.000000Z,2012-04-21T00:08:09.000000Z,0.15,6.242361111111111,6.242361111111111
SITE_011_S0131,SITE_011,2012-04-22T00:00:00.000000Z,2012-04-22T00:00:24.000000Z,0.4,7.236805555555556,7.236805555555556
SITE_011_S0132,SITE_011,2012-04-27T00:08:00.000000Z,2012-04-27T00:08:35.000000Z,0.5833333333333334,12.24236111111111,4.242361111111111
SITE_011_S0133,SITE_011,2012-04-27T23:59:00.000000Z,2012-04-27T23:59:59.000000Z,0.9833333333333332,13.23611111111111,5.236111111111111
SITE_011_S0134,SITE_011,2012-05-03T00:08:00.000000Z,2012-05-03T00:08:10.000000Z,0.1666666666666666,2.242361111111111,2.242361111111111
SITE_011_S0135,SITE_011,2012-05-04T00:00:00.000000Z,2012-05-04T00:00:25.000000Z,0.4166666666666667,3.236805555555556,3.236805555555556
SITE_011_S0136,SITE_011,2012-05-09T00:08:00.000000Z,2012-05-09T00:08:35.000000Z,0.5833333333333334,8.24236111111111,0.2423611111111111
SITE_011_S0137,SITE_011,2012-05-10T00:00:00.000000Z,2012-05-10T00:00:00.000000Z,0,9.236805555555556,1.236805555555555
SITE_011_S0138,SITE_011,2012-05-15T00:08:00.000000Z,2012-05-15T00:08:10.000000Z,0.1666666666666666,14.24236111111111,6.242361111111111
SITE_011_S0139,SITE_011,2012-05-16T00:00:00.000000Z,2012-05-16T00:00:26.000000Z,0.4333333333333333,15.23680555555556,7.236805555555556
SITE_011_S0140,SITE_011,2012-05-21T00:08:00.000000Z,2012-05-21T00:08:36.000000Z,0.6,4.242361111111111,4.242361111111111
SITE_011_S0141,SITE_011,2012-05-22T00:00:00.000000Z,2012-05-22T00:00:01.000000Z,0.0166666666666666,5.236805555555556,5.236805555555556
SITE_011_S0142,SITE_011,2012-05-27T00:08:00.000000Z,2012-05-27T00:08:11.000000Z,0.1833333333333333,10.24236111111111,2.242361111111111
SITE_011_S0143,SITE_011,2012-06-02T00:08:00.000000Z,2012-06-02T00:08:37.000000Z,0.6166666666666667,0.2423611111111111,0.2423611111111111
SITE_011_S0144,SITE_011,2012-06-03T00:00:00.000000Z,2012-06-03T00:00:01.000000Z,0.0166666666666666,1.236805555555555,1.236805555555555
SITE_011_S0145,SITE_011,2012-06-08T00:08:00.000000Z,2012-06-08T00:08:12.000000Z,0.2,6.242361111111111,6.242361111111111
SITE_011_S0146,SITE_011,2012-06-09T00:00:00.000000Z,2012-06-09T00:00:27.000000Z,0.45,7.236805555555556,7.236805555555556
SITE_011_S0147,SITE_011,2012-06-14T00:08:00.000000Z,2012-06-14T00:08:37.000000Z,0.6166666666666667,12.24236111111111,4.242361111111111
SITE_011_S0148,SITE_011,2012-06-15T00:00:00.000000Z,2012-06-15T00:00:02.000000Z,0.0333333333333333,13.23680555555556,5.236805555555556
SITE_011_S0149,SITE_011,2012-06-20T00:08:00.000000Z,2012-06-20T00:08:12.000000Z,0.2,2.242361111111111,2.242361111111111
SITE_011_S0150,SITE_011,2012-06-21T00:00:00.000000Z,2012-06-21T00:00:28.000000Z,0.4666666666666667,3.236805555555556,3.236805555555556
SITE_011_S0151,SITE_011,2012-06-26T00:08:00.000000Z,2012-06-26T00:08:38.000000Z,0.6333333333333333,8.24236111111111,0.2423611111111111
SITE_011_S0152,SITE_011,2012-06-27T00:00:00.000000Z,2012-06-27T00:00:03.000000Z,0.05,9.236805555555556,1.236805555555555
SITE_011_S0153,SITE_011,2012-07-02T00:08:00.000000Z,2012-07-02T00:08:13.000000Z,0.2166666666666666,14.24236111111111,6.242361111111111
SITE_011_S0154,SITE_011,2012-07-03T00:00:00.000000Z,2012-07-03T00:00:28.000000Z,0.4666666666666667,15.23680555555556,7.236805555555556
SITE_011_S0155,SITE_011,2012-07-08T00:08:00.000000Z,2012-07-08T00:08:39.000000Z,0.65,4.242361111111111,4.242361111111111
SITE_011_S0156,SITE_011,2012-07-09T00:00:00.000000Z,2012-07-09T00:00:03.000000Z,0.05,5.236805555555556,5.236805555555556
SITE_011_S0157,SITE_011,2012-07-14T00:08:00.000000Z,2012-07-14T00:08:14.000000Z,0.2333333333333333,10.24236111111111,2.242361111111111
SITE_011_S0158,SITE_011,2012-07-15T00:00:00.000000Z,2012-07-15T00:00:29.000000Z,0.4833333333333333,11.23680555555556,3.236805555555556
SITE_011_S0159,SITE_011,2012-07-20T00:08:00.000000Z,2012-07-20T00:08:39.000000Z,0.65,0.2423611111111111,0.2423611111111111
SITE_011_S0160,SITE_011,2012-07-21T00:00:00.000000Z,2012-07-21T00:00:04.000000Z,0.0666666666666666,1.236805555555555,1.236805555555555
SITE_011_S0161,SITE_011,2012-07-26T00:08:00.000000Z,2012-07-26T00:08:14.000000Z,0.2333333333333333,6.242361111111111,6.242361111111111
SITE_011_S0162,SITE_011,2012-07-27T00:00:00.000000Z,2012-07-27T00:00:30.000000Z,0.5,7.236805555555556,7.236805555555556
SITE_011_S0163,SITE_011,2012-08-01T00:08:00.000000Z,2012-08-01T00:08:40.000000Z,0.6666666666666666,12.24236111111111,4.242361111111111
SITE_011_S0164,SITE_011,2012-08-02T00:00:00.000000Z,2012-08-02T00:00:04.000000Z,0.0666666666666666,13.23680555555556,5.236805555555556
SITE_011_S0165,SITE_011,2012-08-08T00:00:00.000000Z,2012-08-08T00:00:30.000000Z,0.5,3.236805555555556,3.236805555555556
SITE_011_S0166,SITE_011,2012-08-13T00:08:00.000000Z,2012-08-13T00:08:40.000000Z,0.6666666666666666,8.24236111111111,0.2423611111111111
SITE_011_S0167,SITE_011,2012-08-14T00:00:00.000000Z,2012-08-14T00:00:05.000000Z,0.0833333333333333,9.236805555555556,1.236805555555555
SITE_011_S0168,SITE_011,2012-08-19T00:08:00.000000Z,2012-08-19T00:08:15.000000Z,0.25,14.24236111111111,6.242361111111111
SITE_011_S0169,SITE_011,2012-08-20T00:00:00.000000Z,2012-08-20T00:00:30.000000Z,0.5,15.23680555555556,7.236805555555556
SITE_011_S0170,SITE_011,2012-08-25T00:08:00.000000Z,2012-08-25T00:08:40.000000Z,0.6666666666666666,4.242361111111111,4.242361111111111
SITE_011_S0171,SITE_011,2012-08-26T00:00:00.000000Z,2012-08-26T00:00:05.000000Z,0.0833333333333333,5.236805555555556,5.236805555555556
SITE_011_S0172,SITE_011,2012-08-31T00:08:00.000000Z,2012-08-31T00:08:15.000000Z,0.25,10.24236111111111,2.242361111111111
SITE_011_S0173,SITE_011,2012-09-01T00:00:00.000000Z,2012-09-01T00:00:31.000000Z,0.5166666666666667,11.23680555555556,3.236805555555556
SITE_011_S0174,SITE_011,2012-09-06T00:08:00.000000Z,2012-09-06T00:08:41.000000Z,0.6833333333333333,0.2423611111111111,0.2423611111111111
SITE_011_S0175,SITE_011,2012-09-07T00:00:00.000000Z,2012-09-07T00:00:05.000000Z,0.0833333333333333,1.236805555555555,1.236805555555555
SITE_011_S0176,SITE_011,2012-09-12T00:08:00.000000Z,2012-09-12T00:08:15.000000Z,0.25,6.242361111111111,6.242361111111111
SITE_011_S0177,SITE_011,2012-09-13T00:00:00.000000Z,2012-09-13T00:00:31.000000Z,0.5166666666666667,7.236805555555556,7.236805555555556
SITE_011_S0178,SITE_011,2012-09-18T00:08:00.000000Z,2012-09-18T00:08:41.000000Z,0.6833333333333333,12.24236111111111,4.242361111111111
SITE_011_S0179,SITE_011,2012-09-19T00:00:00.000000Z,2012-09-19T00:00:05.000000Z,0.0833333333333333,13.23680555555556,5.236805555555556
SITE_011_S0180,SITE_011,2012-09-24T00:08:00.000000Z,2012-09-24T00:08:15.000000Z,0.25,2.242361111111111,2.242361111111111
SITE_011_S0181,SITE_011,2012-09-25T00:00:00.000000Z,2012-09-25T00:00:31.000000Z,0.5166666666666667,3.236805555555556,3.236805555555556
SITE_011_S0182,SITE_011,2012-09-30T00:08:00.000000Z,2012-09-30T00:08:40.000000Z,0.6666666666666666,8.24236111111111,0.2423611111111111
SITE_011_S0183,SITE_011,2012-10-01T00:00:00.000000Z,2012-10-01T00:00:05.000000Z,0.0833333333333333,9.236805555555556,1.236805555555555
SITE_011_S0184,SITE_011,2012-10-06T00:08:00.000000Z,2012-10-06T00:08:15.000000Z,0.25,14.24236111111111,6.242361111111111
SITE_011_S0185,SITE_011,2012-10-07T00:00:00.000000Z,2012-10-07T00:00:30.000000Z,0.5,15.23680555555556,7.236805555555556
SITE_011_S0186,SITE_011,2012-10-12T00:08:00.000000Z,2012-10-12T00:08:40.000000Z,0.6666666666666666,4.242361111111111,4.242361111111111
SITE_011_S0187,SITE_011,2012-10-13T00:00:00.000000Z,2012-10-13T00:00:05.000000Z,0.0833333333333333,5.236805555555556,5.236805555555556
SITE_011_S0188,SITE_011,2012-10-18T00:08:00.000000Z,2012-10-18T00:08:15.000000Z,0.25,10.24236111111111,2.242361111111111
SITE_011_S0189,SITE_011,2012-10-19T00:00:00.000000Z,2012-10-19T00:00:30.000000Z,0.5,11.23680555555556,3.236805555555556
SITE_011_S0190,SITE_011,2012-10-24T00:08:00.000000Z,2012-10-24T00:08:40.000000Z,0.6666666666666666,0.2423611111111111,0.2423611111111111
SITE_011_S0191,SITE_011,2012-10-25T00:00:00.000000Z,2012-10-25T00:00:04.000000Z,0.0666666666666666,1.236805555555555,1.236805555555555
SITE_011_S0192,SITE_011,2012-10-30T00:08:00.000000Z,2012-10-30T00:08:14.000000Z,0.2333333333333333,6.242361111111111,6.242361111111111
SITE_011_S0193,SITE_011,2012-10-31T00:00:00.000000Z,2012-10-31T00:00:29.000000Z,0.4833333333333333,7.236805555555556,7.236805555555556
SITE_011_S0194,SITE_011,2012-11-11T00:08:00.000000Z,2012-11-11T00:08:14.000000Z,0.2333333333333333,2.242361111111111,2.242361111111111
SITE_011_S0195,SITE_011,2012-11-12T00:00:00.000000Z,2012-11-12T00:00:29.000000Z,0.4833333333333333,3.236805555555556,3.236805555555556
SITE_011_S0196,SITE_011,2012-11-17T00:08:00.000000Z,2012-11-17T00:08:39.000000Z,0.65,8.24236111111111,0.2423611111111111
SITE_011_S0197,SITE_011,2012-11-18T00:00:00.000000Z,2012-11-18T00:00:04.000000Z,0.0666666666666666,9.236805555555556,1.236805555555555
SITE_011_S0198,SITE_011,2012-11-29T00:08:00.000000Z,2012-11-29T00:08:38.000000Z,0.6333333333333333,7.242361111111111,7.242361111111111
SITE_011_S0199,SITE_011,2012-11-30T00:00:00.000000Z,2012-11-30T00:00:03.000000Z,0.05,8.236805555555556,0.2368055555555555
SITE_011_S0200,SITE_011,2012-12-05T00:08:00.000000Z,2012-12-05T00:08:13.000000Z,0.2166666666666666,13.24236111111111,5.242361111111111
SITE_011_S0201,SITE_011,2012-12-06T00:00:00.000000Z,2012-12-06T00:00:28.000000Z,0.4666666666666667,14.23680555555556,6.236805555555556
SITE_011_S0202,SITE_011,2012-12-11T00:08:00.000000Z,2012-12-11T00:08:38.000000Z,0.6333333333333333,3.242361111111111,3.242361111111111
SITE_011_S0203,SITE_011,2012-12-12T00:00:00.000000Z,2012-12-12T00:00:03.000000Z,0.05,4.236805555555556,4.236805555555556
SITE_011_S0204,SITE_011,2012-12-17T00:08:00.000000Z,2012-12-17T00:08:12.000000Z,0.2,9.24236111111111,1.242361111111111
SITE_011_S0205,SITE_011,2012-12-18T00:00:00.000000Z,2012-12-18T00:00:28.000000Z,0.4666666666666667,10.23680555555556,2.236805555555556
SITE_011_S0206,SITE_011,2012-12-23T00:08:00.000000Z,2012-12-23T00:08:37.000000Z,0.6166666666666667,15.24236111111111,7.242361111111111
SITE_011_S0207,SITE_011,2012-12-29T00:08:00.000000Z,2012-12-29T00:08:12.000000Z,0.2,5.242361111111111,5.242361111111111
SITE_011_S0208,SITE_011,2012-12-30T00:00:00.000000Z,2012-12-30T00:00:28.000000Z,0.4666666666666667,6.236805555555556,6.236805555555556
SITE_011_S0209,SITE_011,2013-01-04T00:08:00.000000Z,2013-01-04T00:08:37.000000Z,0.6166666666666667,11.24236111111111,3.242361111111111
SITE_011_S0210,SITE_011,2013-01-05T00:00:00.000000Z,2013-01-05T00:00:02.000000Z,0.0333333333333333,12.23680555555556,4.236805555555556
SITE_011_S0211,SITE_011,2013-01-10T00:08:00.000000Z,2013-01-10T00:08:12.000000Z,0.2,1.242361111111111,1.242361111111111
SITE_011_S0212,SITE_011,2013-01-11T00:00:00.000000Z,2013-01-11T00:00:27.000000Z,0.45,2.236805555555556,2.236805555555556
SITE_011_S0213,SITE_011,2013-01-16T00:08:00.000000Z,2013-01-16T00:08:37.000000Z,0.6166666666666667,7.242361111111111,7.242361111111111
SITE_011_S0214,SITE_011,2013-01-17T00:00:00.000000Z,2013-01-17T00:00:02.000000Z,0.0333333333333333,8.236805555555556,0.2368055555555555
SITE_011_S0215,SITE_011,2013-01-28T00:08:00.000000Z,2013-01-28T00:08:37.000000Z,0.6166666666666667,3.242361111111111,3.242361111111111
SITE_011_S0216,SITE_011,2013-01-29T00:00:00.000000Z,2013-01-29T00:00:02.000000Z,0.0333333333333333,4.236805555555556,4.236805555555556
SITE_011_S0217,SITE_011,2013-02-03T00:08:00.000000Z,2013-02-03T00:08:12.000000Z,0.2,9.24236111111111,1.242361111111111
SITE_011_S0218,SITE_011,2013-10-01T00:08:00.000000Z,2013-10-01T00:08:20.000000Z,0.3333333333333333,9.24236111111111,1.242361111111111
SITE_011_S0219,SITE_011,2013-10-02T00:00:00.000000Z,2013-10-02T00:00:37.000000Z,0.6166666666666667,10.23680555555556,2.236805555555556
SITE_011_S0220,SITE_011,2013-10-07T00:09:00.000000Z,2013-10-07T00:09:06.000000Z,0.1,15.24305555555556,7.243055555555555
SITE_011_S0221,SITE_011,2013-10-08T00:00:00.000000Z,2013-10-08T00:00:03.000000Z,0.05,0.2368055555555555,0.2368055555555555
SITE_011_S0222,SITE_011,2013-10-13T00:08:00.000000Z,2013-10-13T00:08:20.000000Z,0.3333333333333333,5.242361111111111,5.242361111111111
SITE_011_S0223,SITE_011,2013-10-14T00:00:00.000000Z,2013-10-14T00:00:37.000000Z,0.6166666666666667,6.236805555555556,6.236805555555556
SITE_011_S0224,SITE_011,2013-10-19T00:09:00.000000Z,2013-10-19T00:09:05.000000Z,0.0833333333333333,11.24305555555556,3.243055555555556
SITE_011_S0225,SITE_011,2013-10-20T00:00:00.000000Z,2013-10-20T00:00:03.000000Z,0.05,12.23680555555556,4.236805555555556
SITE_011_S0226,SITE_011,2013-10-25T00:08:00.000000Z,2013-10-25T00:08:21.000000Z,0.35,1.242361111111111,1.242361111111111
SITE_011_S0227,SITE_011,2013-10-26T00:00:00.000000Z,2013-10-26T00:00:36.000000Z,0.6,2.236805555555556,2.236805555555556
SITE_011_S0228,SITE_011,2013-11-01T00:00:00.000000Z,2013-11-01T00:00:03.000000Z,0.05,8.236805555555556,0.2368055555555555
SITE_011_S0229,SITE_011,2013-11-06T00:08:00.000000Z,2013-11-06T00:08:20.000000Z,0.3333333333333333,13.24236111111111,5.242361111111111
SITE_011_S0230,SITE_011,2013-11-07T00:00:00.000000Z,2013-11-07T00:00:36.000000Z,0.6,14.23680555555556,6.236805555555556
SITE_011_S0231,SITE_011,2013-11-12T00:09:00.000000Z,2013-11-12T00:09:05.000000Z,0.0833333333333333,3.243055555555556,3.243055555555556
SITE_011_S0232,SITE_011,2013-11-13T00:00:00.000000Z,2013-11-13T00:00:03.000000Z,0.05,4.236805555555556,4.236805555555556
SITE_011_S0233,SITE_011,2013-11-18T00:08:00.000000Z,2013-11-18T00:08:20.000000Z,0.3333333333333333,9.24236111111111,1.242361111111111
SITE_011_S0234,SITE_011,2013-11-19T00:00:00.000000Z,2013-11-19T00:00:35.000000Z,0.5833333333333334,10.23680555555556,2.236805555555556
SITE_011_S0235,SITE_011,2013-11-24T00:09:00.000000Z,2013-11-24T00:09:05.000000Z,0.0833333333333333,2.243055555555556,2.243055555555556
SITE_011_S0236,SITE_011,2013-11-25T00:00:00.000000Z,2013-11-25T00:00:10.000000Z,0.1666666666666666,3.236805555555556,3.236805555555556
SITE_011_S0237,SITE_011,2013-11-30T00:08:00.000000Z,2013-11-30T00:08:20.000000Z,0.3333333333333333,8.24236111111111,0.2423611111111111
SITE_011_S0238,SITE_011,2013-12-01T00:00:00.000000Z,2013-12-01T00:00:35.000000Z,0.5833333333333334,9.236805555555556,1.236805555555555
SITE_011_S0239,SITE_011,2013-12-06T00:08:00.000000Z,2013-12-06T00:08:45.000000Z,0.75,14.24236111111111,6.242361111111111
SITE_011_S0240,SITE_011,2013-12-07T00:00:00.000000Z,2013-12-07T00:00:10.000000Z,0.1666666666666666,15.23680555555556,7.236805555555556
SITE_011_S0241,SITE_011,2013-12-12T00:08:00.000000Z,2013-12-12T00:08:19.000000Z,0.3166666666666666,4.242361111111111,4.242361111111111
SITE_011_S0242,SITE_011,2013-12-18T00:08:00.000000Z,2013-12-18T00:08:44.000000Z,0.7333333333333333,10.24236111111111,2.242361111111111
SITE_011_S0243,SITE_011,2013-12-19T00:00:00.000000Z,2013-12-19T00:00:09.000000Z,0.15,11.23680555555556,3.236805555555556
SITE_011_S0244,SITE_011,2013-12-24T00:08:00.000000Z,2013-12-24T00:08:19.000000Z,0.3166666666666666,0.2423611111111111,0.2423611111111111
SITE_011_S0245,SITE_011,2013-12-25T00:00:00.000000Z,2013-12-25T00:00:34.000000Z,0.5666666666666667,1.236805555555555,1.236805555555555
SITE_011_S0246,SITE_011,2013-12-30T00:08:00.000000Z,2013-12-30T00:08:44.000000Z,0.7333333333333333,6.242361111111111,6.242361111111111
SITE_011_S0247,SITE_011,2013-12-31T00:00:00.000000Z,2013-12-31T00:00:09.000000Z,0.15,7.236805555555556,7.236805555555556
SITE_011_S0248,SITE_011,2014-01-05T00:08:00.000000Z,2014-01-05T00:08:19.000000Z,0.3166666666666666,12.24236111111111,4.242361111111111
SITE_011_S0249,SITE_011,2014-01-11T00:08:00.000000Z,2014-01-11T00:08:44.000000Z,0.7333333333333333,2.242361111111111,2.242361111111111
SITE_011_S0250,SITE_011,2014-01-12T00:00:00.000000Z,2014-01-12T00:00:09.000000Z,0.15,3.236805555555556,3.236805555555556
SITE_011_S0251,SITE_011,2014-01-17T00:08:00.000000Z,2014-01-17T00:08:19.000000Z,0.3166666666666666,8.24236111111111,0.2423611111111111
SITE_011_S0252,SITE_011,2014-01-18T00:00:00.000000Z,2014-01-18T00:00:34.000000Z,0.5666666666666667,9.236805555555556,1.236805555555555
SITE_011_S0253,SITE_011,2014-01-23T00:08:00.000000Z,2014-01-23T00:08:44.000000Z,0.7333333333333333,14.24236111111111,6.242361111111111
SITE_011_S0254,SITE_011,2014-01-24T00:00:00.000000Z,2014-01-24T00:00:09.000000Z,0.15,15.23680555555556,7.236805555555556
SITE_011_S0255,SITE_011,2014-01-29T00:08:00.000000Z,2014-01-29T00:08:19.000000Z,0.3166666666666666,4.242361111111111,4.242361111111111
SITE_011_S0256,SITE_011,2014-02-10T00:08:00.000000Z,2014-02-10T00:08:19.000000Z,0.3166666666666666,0.2423611111111111,0.2423611111111111
SITE_011_S0257,SITE_011,2014-02-11T00:00:00.000000Z,2014-02-11T00:00:34.000000Z,0.5666666666666667,1.236805555555555,1.236805555555555
SITE_011_S0258,SITE_011,2014-02-16T00:08:00.000000Z,2014-02-16T00:08:44.000000Z,0.7333333333333333,6.242361111111111,6.242361111111111
SITE_011_S0259,SITE_011,2014-02-17T00:00:00.000000Z,2014-02-17T00:00:09.000000Z,0.15,7.236805555555556,7.236805555555556
SITE_011_S0260,SITE_011,2014-02-22T00:08:00.000000Z,2014-02-22T00:08:19.000000Z,0.3166666666666666,12.24236111111111,4.242361111111111
SITE_011_S0261,SITE_011,2014-02-23T00:00:00.000000Z,2014-02-23T00:00:34.000000Z,0.5666666666666667,13.23680555555556,5.236805555555556
SITE_011_S0262,SITE_011,2014-02-28T00:08:00.000000Z,2014-02-28T00:08:44.000000Z,0.7333333333333333,2.242361111111111,2.242361111111111
SITE_011_S0263,SITE_011,2014-03-01T00:00:00.000000Z,2014-03-01T00:00:09.000000Z,0.15,3.236805555555556,3.236805555555556
SITE_011_S0264,SITE_011,2014-03-06T00:08:00.000000Z,2014-03-06T00:08:19.000000Z,0.3166666666666666,8.24236111111111,0.2423611111111111
SITE_011_S0265,SITE_011,2014-03-07T00:00:00.000000Z,2014-03-07T00:00:35.000000Z,0.5833333333333334,9.236805555555556,1.236805555555555
SITE_011_S0266,SITE_011,2014-03-13T00:00:00.000000Z,2014-03-13T00:00:10.000000Z,0.1666666666666666,15.23680555555556,7.236805555555556
SITE_011_S0267,SITE_011,2014-03-18T00:08:00.000000Z,2014-03-18T00:08:20.000000Z,0.3333333333333333,4.242361111111111,4.242361111111111
SITE_011_S0268,SITE_011,2014-03-19T00:00:00.000000Z,2014-03-19T00:00:35.000000Z,0.5833333333333334,5.236805555555556,5.236805555555556
SITE_011_S0269,SITE_011,2014-03-24T00:08:00.000000Z,2014-03-24T00:08:45.000000Z,0.75,10.24236111111111,2.242361111111111
SITE_011_S0270,SITE_011,2014-03-25T00:00:00.000000Z,2014-03-25T00:00:10.000000Z,0.1666666666666666,11.23680555555556,3.236805555555556
SITE_011_S0271,SITE_011,2014-03-30T00:08:00.000000Z,2014-03-30T00:08:20.000000Z,0.3333333333333333,0.2423611111111111,0.2423611111111111
SITE_011_S0272,SITE_011,2014-03-31T00:00:00.000000Z,2014-03-31T00:00:35.000000Z,0.5833333333333334,1.236805555555555,1.236805555555555
SITE_011_S0273,SITE_011,2014-04-05T00:08:00.000000Z,2014-04-05T00:08:46.000000Z,0.7666666666666667,6.242361111111111,6.242361111111111
SITE_011_S0274,SITE_011,2014-04-06T00:00:00.000000Z,2014-04-06T00:00:11.000000Z,0.1833333333333333,7.236805555555556,7.236805555555556
SITE_011_S0275,SITE_011,2014-04-11T00:08:00.000000Z,2014-04-11T00:08:21.000000Z,0.35,12.24236111111111,4.242361111111111
SITE_011_S0276,SITE_011,2014-04-12T00:00:00.000000Z,2014-04-12T00:00:36.000000Z,0.6,13.23680555555556,5.236805555555556
SITE_011_S0277,SITE_011,2014-04-17T00:08:00.000000Z,2014-04-17T00:08:46.000000Z,0.7666666666666667,2.242361111111111,2.242361111111111
SITE_011_S0278,SITE_011,2014-04-18T00:00:00.000000Z,2014-04-18T00:00:11.000000Z,0.1833333333333333,3.236805555555556,3.236805555555556
SITE_011_S0279,SITE_011,2014-04-24T00:00:00.000000Z,2014-04-24T00:00:37.000000Z,0.6166666666666667,9.236805555555556,1.236805555555555
SITE_011_S0280,SITE_011,2014-04-29T00:08:00.000000Z,2014-04-29T00:08:47.000000Z,0.7833333333333333,14.24236111111111,6.242361111111111
SITE_011_S0281,SITE_011,2014-04-30T00:00:00.000000Z,2014-04-30T00:00:12.000000Z,0.2,15.23680555555556,7.236805555555556
SITE_011_S0282,SITE_011,2014-05-05T00:08:00.000000Z,2014-05-05T00:08:22.000000Z,0.3666666666666666,4.242361111111111,4.242361111111111
SITE_011_S0283,SITE_011,2014-05-06T00:00:00.000000Z,2014-05-06T00:00:37.000000Z,0.6166666666666667,5.236805555555556,5.236805555555556
SITE_011_S0284,SITE_011,2014-05-11T00:08:00.000000Z,2014-05-11T00:08:48.000000Z,0.8,10.24236111111111,2.242361111111111
SITE_011_S0285,SITE_011,2014-05-12T00:00:00.000000Z,2014-05-12T00:00:13.000000Z,0.2166666666666666,11.23680555555556,3.236805555555556
SITE_011_S0286,SITE_011,2014-05-17T00:08:00.000000Z,2014-05-17T00:08:23.000000Z,0.3833333333333333,0.2423611111111111,0.2423611111111111
SITE_011_S0287,SITE_011,2014-05-18T00:00:00.000000Z,2014-05-18T00:00:38.000000Z,0.6333333333333333,1.236805555555555,1.236805555555555
SITE_011_S0288,SITE_011,2014-05-23T00:08:00.000000Z,2014-05-23T00:08:49.000000Z,0.8166666666666667,6.242361111111111,6.242361111111111
SITE_011_S0289,SITE_011,2014-05-24T00:00:00.000000Z,2014-05-24T00:00:14.000000Z,0.2333333333333333,7.236805555555556,7.236805555555556
SITE_011_S0290,SITE_011,2014-05-29T00:08:00.000000Z,2014-05-29T00:08:24.000000Z,0.4,12.24236111111111,4.242361111111111
SITE_011_S0291,SITE_011,2014-05-30T00:00:00.000000Z,2014-05-30T00:00:39.000000Z,0.65,13.23680555555556,5.236805555555556
SITE_011_S0292,SITE_011,2014-06-04T00:08:00.000000Z,2014-06-04T00:08:49.000000Z,0.8166666666666667,2.242361111111111,2.242361111111111
SITE_011_S0293,SITE_011,2014-06-05T00:00:00.000000Z,2014-06-05T00:00:14.000000Z,0.2333333333333333,3.236805555555556,3.236805555555556
SITE_011_S0294,SITE_011,2014-06-10T00:08:00.000000Z,2014-06-10T00:08:24.000000Z,0.4,8.24236111111111,0.2423611111111111
SITE_011_S0295,SITE_011,2014-06-11T00:00:00.000000Z,2014-06-11T00:00:40.000000Z,0.6666666666666666,9.236805555555556,1.236805555555555
SITE_011_S0296,SITE_011,2014-06-16T00:08:00.000000Z,2014-06-16T00:08:50.000000Z,0.8333333333333334,14.24236111111111,6.242361111111111
SITE_011_S0297,SITE_011,2014-06-17T00:00:00.000000Z,2014-06-17T00:00:15.000000Z,0.25,15.23680555555556,7.236805555555556
SITE_011_S0298,SITE_011,2014-06-22T00:08:00.000000Z,2014-06-22T00:08:25.000000Z,0.4166666666666667,4.242361111111111,4.242361111111111
SITE_011_S0299,SITE_011,2014-06-23T00:00:00.000000Z,2014-06-23T00:00:40.000000Z,0.6666666666666666,5.236805555555556,5.236805555555556
SITE_011_S0300,SITE_011,2014-06-28T00:08:00.000000Z,2014-06-28T00:08:51.000000Z,0.85,10.24236111111111,2.242361111111111
SITE_011_S0301,SITE_011,2014-06-29T00:00:00.000000Z,2014-06-29T00:00:16.000000Z,0.2666666666666666,11.23680555555556,3.236805555555556
SITE_011_S0302,SITE_011,2014-07-04T00:08:00.000000Z,2014-07-04T00:08:26.000000Z,0.4333333333333333,0.2423611111111111,0.2423611111111111
SITE_011_S0303,SITE_011,2014-07-05T00:00:00.000000Z,2014-07-05T00:00:41.000000Z,0.6833333333333333,1.236805555555555,1.236805555555555
SITE_011_S0304,SITE_011,2014-07-10T00:08:00.000000Z,2014-07-10T00:08:52.000000Z,0.8666666666666667,6.242361111111111,6.242361111111111
SITE_011_S0305,SITE_011,2014-07-11T00:00:00.000000Z,2014-07-11T00:00:16.000000Z,0.2666666666666666,7.236805555555556,7.236805555555556
SITE_011_S0306,SITE_011,2014-07-16T00:08:00.000000Z,2014-07-16T00:08:27.000000Z,0.45,12.24236111111111,4.242361111111111
SITE_011_S0307,SITE_011,2014-07-17T00:00:00.000000Z,2014-07-17T00:00:42.000000Z,0.7,13.23680555555556,5.236805555555556
SITE_011_S0308,SITE_011,2014-07-22T00:08:00.000000Z,2014-07-22T00:08:52.000000Z,0.8666666666666667,2.242361111111111,2.242361111111111
SITE_011_S0309,SITE_011,2014-07-23T00:00:00.000000Z,2014-07-23T00:00:17.000000Z,0.2833333333333333,3.236805555555556,3.236805555555556
SITE_011_S0310,SITE_011,2014-07-28T00:08:00.000000Z,2014-07-28T00:08:27.000000Z,0.45,8.24236111111111,0.2423611111111111
SITE_011_S0311,SITE_011,2014-07-29T00:00:00.000000Z,2014-07-29T00:00:42.000000Z,0.7,9.236805555555556,1.236805555555555
SITE_011_S0312,SITE_011,2014-08-03T00:08:00.000000Z,2014-08-03T00:08:53.000000Z,0.8833333333333333,14.24236111111111,6.242361111111111
SITE_011_S0313,SITE_011,2014-08-04T00:00:00.000000Z,2014-08-04T00:00:18.000000Z,0.3,15.23680555555556,7.236805555555556
SITE_011_S0314,SITE_011,2014-08-09T00:08:00.000000Z,2014-08-09T00:08:28.000000Z,0.4666666666666667,4.242361111111111,4.242361111111111
SITE_011_S0315,SITE_011,2014-08-10T00:00:00.000000Z,2014-08-10T00:00:43.000000Z,0.7166666666666667,5.236805555555556,5.236805555555556
SITE_011_S0316,SITE_011,2014-08-15T00:08:00.000000Z,2014-08-15T00:08:53.000000Z,0.8833333333333333,10.24236111111111,2.242361111111111
SITE_011_S0317,SITE_011,2014-08-16T00:00:00.000000Z,2014-08-16T00:00:18.000000Z,0.3,11.23680555555556,3.236805555555556
SITE_011_S0318,SITE_011,2014-08-21T00:08:00.000000Z,2014-08-21T00:08:28.000000Z,0.4666666666666667,0.2423611111111111,0.2423611111111111
SITE_011_S0319,SITE_011,2014-08-22T00:00:00.000000Z,2014-08-22T00:00:43.000000Z,0.7166666666666667,1.236805555555555,1.236805555555555
SITE_011_S0320,SITE_011,2014-08-27T00:08:00.000000Z,2014-08-27T00:08:53.000000Z,0.8833333333333333,6.242361111111111,6.242361111111111
SITE_011_S0321,SITE_011,2014-08-28T00:00:00.000000Z,2014-08-28T00:00:18.000000Z,0.3,7.236805555555556,7.236805555555556
SITE_011_S0322,SITE_011,2014-09-02T00:08:00.000000Z,2014-09-02T00:08:28.000000Z,0.4666666666666667,12.24236111111111,4.242361111111111
SITE_011_S0323,SITE_011,2014-09-03T00:00:00.000000Z,2014-09-03T00:00:43.000000Z,0.7166666666666667,13.23680555555556,5.236805555555556
SITE_011_S0324,SITE_011,2014-09-08T00:08:00.000000Z,2014-09-08T00:08:53.000000Z,0.8833333333333333,2.242361111111111,2.242361111111111
SITE_011_S0325,SITE_011,2014-09-09T00:00:00.000000Z,2014-09-09T00:00:18.000000Z,0.3,3.236805555555556,3.236805555555556
SITE_011_S0326,SITE_011,2014-09-14T00:08:00.000000Z,2014-09-14T00:08:28.000000Z,0.4666666666666667,8.24236111111111,0.2423611111111111
SITE_011_S0327,SITE_011,2014-09-15T00:00:00.000000Z,2014-09-15T00:00:43.000000Z,0.7166666666666667,9.236805555555556,1.236805555555555
SITE_011_S0328,SITE_011,2014-09-20T00:08:00.000000Z,2014-09-20T00:08:53.000000Z,0.8833333333333333,14.24236111111111,6.242361111111111
SITE_011_S0329,SITE_011,2014-09-21T00:00:00.000000Z,2014-09-21T00:00:18.000000Z,0.3,15.23680555555556,7.236805555555556
SITE_011_S0330,SITE_011,2014-09-26T00:08:00.000000Z,2014-09-26T00:08:28.000000Z,0.4666666666666667,4.242361111111111,4.242361111111111
SITE_011_S0331,SITE_011,2014-09-27T00:00:00.000000Z,2014-09-27T00:00:43.000000Z,0.7166666666666667,5.236805555555556,5.236805555555556
SITE_011_S0332,SITE_011,2014-10-02T00:08:00.000000Z,2014-10-02T00:08:53.000000Z,0.8833333333333333,10.24236111111111,2.242361111111111
SITE_011_S0333,SITE_011,2014-10-03T00:00:00.000000Z,2014-10-03T00:00:18.000000Z,0.3,11.23680555555556,3.236805555555556
SITE_011_S0334,SITE_011,2014-10-08T00:08:00.000000Z,2014-10-08T00:08:28.000000Z,0.4666666666666667,0.2423611111111111,0.2423611111111111
SITE_011_S0335,SITE_011,2014-10-09T00:00:00.000000Z,2014-10-09T00:00:43.000000Z,0.7166666666666667,1.236805555555555,1.236805555555555
SITE_011_S0336,SITE_011,2014-10-14T00:08:00.000000Z,2014-10-14T00:08:53.000000Z,0.8833333333333333,6.242361111111111,6.242361111111111
SITE_011_S0337,SITE_011,2014-10-15T00:00:00.000000Z,2014-10-15T00:00:18.000000Z,0.3,7.236805555555556,7.236805555555556
SITE_011_S0338,SITE_011,2014-10-20T00:08:00.000000Z,2014-10-20T00:08:28.000000Z,0.4666666666666667,12.24236111111111,4.242361111111111
SITE_011_S0339,SITE_011,2014-10-21T00:00:00.000000Z,2014-10-21T00:00:43.000000Z,0.7166666666666667,13.23680555555556,5.236805555555556
SITE_011_S0340,SITE_011,2014-10-26T00:08:00.000000Z,2014-10-26T00:08:53.000000Z,0.8833333333333333,2.242361111111111,2.242361111111111
SITE_011_S0341,SITE_011,2014-10-27T00:00:00.000000Z,2014-10-27T00:00:17.000000Z,0.2833333333333333,3.236805555555556,3.236805555555556
SITE_011_S0342,SITE_011,2014-11-01T00:08:00.000000Z,2014-11-01T00:08:27.000000Z,0.45,8.24236111111111,0.2423611111111111
SITE_011_S0343,SITE_011,2014-11-02T00:00:00.000000Z,2014-11-02T00:00:42.000000Z,0.7,9.236805555555556,1.236805555555555
SITE_011_S0344,SITE_011,2014-11-07T00:08:00.000000Z,2014-11-07T00:08:52.000000Z,0.8666666666666667,14.24236111111111,6.242361111111111
SITE_011_S0345,SITE_011,2014-11-08T00:00:00.000000Z,2014-11-08T00:00:17.000000Z,0.2833333333333333,15.23680555555556,7.236805555555556
SITE_011_S0346,SITE_011,2014-11-13T00:08:00.000000Z,2014-11-13T00:08:27.000000Z,0.45,4.242361111111111,4.242361111111111
SITE_011_S0347,SITE_011,2014-11-14T00:00:00.000000Z,2014-11-14T00:00:42.000000Z,0.7,5.236805555555556,5.236805555555556
SITE_011_S0348,SITE_011,2014-11-19T00:08:00.000000Z,2014-11-19T00:08:52.000000Z,0.8666666666666667,10.24236111111111,2.242361111111111
SITE_011_S0349,SITE_011,2014-11-20T00:00:00.000000Z,2014-11-20T00:00:16.000000Z,0.2666666666666666,11.23680555555556,3.236805555555556
SITE_011_S0350,SITE_011,2014-11-25T00:08:00.000000Z,2014-11-25T00:08:26.000000Z,0.4333333333333333,3.242361111111111,3.242361111111111
SITE_011_S0351,SITE_011,2014-11-26T00:00:00.000000Z,2014-11-26T00:00:41.000000Z,0.6833333333333333,4.236805555555556,4.236805555555556
SITE_011_S0352,SITE_011,2014-12-01T00:08:00.000000Z,2014-12-01T00:08:51.000000Z,0.85,9.24236111111111,1.242361111111111
SITE_011_S0353,SITE_011,2014-12-02T00:00:00.000000Z,2014-12-02T00:00:16.000000Z,0.2666666666666666,10.23680555555556,2.236805555555556
SITE_011_S0354,SITE_011,2014-12-07T00:08:00.000000Z,2014-12-07T00:08:26.000000Z,0.4333333333333333,15.24236111111111,7.242361111111111
SITE_011_S0355,SITE_011,2014-12-08T00:00:00.000000Z,2014-12-08T00:00:41.000000Z,0.6833333333333333,0.2368055555555555,0.2368055555555555
SITE_011_S0356,SITE_011,2014-12-13T00:08:00.000000Z,2014-12-13T00:08:51.000000Z,0.85,5.242361111111111,5.242361111111111
SITE_011_S0357,SITE_011,2014-12-14T00:00:00.000000Z,2014-12-14T00:00:16.000000Z,0.2666666666666666,6.236805555555556,6.236805555555556
SITE_011_S0358,SITE_011,2014-12-19T00:08:00.000000Z,2014-12-19T00:08:25.000000Z,0.4166666666666667,11.24236111111111,3.242361111111111
SITE_011_S0359,SITE_011,2014-12-20T00:00:00.000000Z,2014-12-20T00:00:41.000000Z,0.6833333333333333,12.23680555555556,4.236805555555556
SITE_011_S0360,SITE_011,2014-12-25T00:08:00.000000Z,2014-12-25T00:08:50.000000Z,0.8333333333333334,1.242361111111111,1.242361111111111
SITE_011_S0361,SITE_011,2014-12-26T00:00:00.000000Z,2014-12-26T00:00:15.000000Z,0.25,2.236805555555556,2.236805555555556
SITE_011_S0362,SITE_011,2014-12-31T00:08:00.000000Z,2014-12-31T00:08:25.000000Z,0.4166666666666667,7.242361111111111,7.242361111111111
SITE_011_S0363,SITE_011,2015-01-01T00:00:00.000000Z,2015-01-01T00:00:40.000000Z,0.6666666666666666,8.236805555555556,0.2368055555555555
SITE_011_S0364,SITE_011,2015-01-06T00:08:00.000000Z,2015-01-06T00:08:50.000000Z,0.8333333333333334,13.24236111111111,5.242361111111111
SITE_011_S0365,SITE_011,2015-01-07T00:00:00.000000Z,2015-01-07T00:00:15.000000Z,0.25,14.23680555555556,6.236805555555556
SITE_011_S0366,SITE_011,2015-01-12T00:08:00.000000Z,2015-01-12T00:08:25.000000Z,0.4166666666666667,3.242361111111111,3.242361111111111
SITE_011_S0367,SITE_011,2015-01-13T00:00:00.000000Z,2015-01-13T00:00:40.000000Z,0.6666666666666666,4.236805555555556,4.236805555555556
SITE_011_S0368,SITE_011,2015-01-24T00:08:00.000000Z,2015-01-24T00:08:25.000000Z,0.4166666666666667,15.24236111111111,7.242361111111111
SITE_011_S0369,SITE_011,2015-01-25T00:00:00.000000Z,2015-01-25T00:00:40.000000Z,0.6666666666666666,0.2368055555555555,0.2368055555555555
SITE_011_S0370,SITE_011,2015-01-30T00:08:00.000000Z,2015-01-30T00:08:50.000000Z,0.8333333333333334,5.242361111111111,5.242361111111111
SITE_011_S0371,SITE_011,2015-01-31T00:00:00.000000Z,2015-01-31T00:00:15.000000Z,0.25,6.236805555555556,6.236805555555556
SITE_011_S0372,SITE_011,2015-02-05T00:08:00.000000Z,2015-02-05T00:08:25.000000Z,0.4166666666666667,11.24236111111111,3.242361111111111
SITE_011_S0373,SITE_011,2015-02-06T00:00:00.000000Z,2015-02-06T00:00:40.000000Z,0.6666666666666666,12.23680555555556,4.236805555555556
SITE_011_S0374,SITE_011,2015-02-11T00:08:00.000000Z,2015-02-11T00:08:50.000000Z,0.8333333333333334,1.242361111111111,1.242361111111111
SITE_011_S0375,SITE_011,2015-02-12T00:00:00.000000Z,2015-02-12T00:00:15.000000Z,0.25,2.236805555555556,2.236805555555556
SITE_011_S0376,SITE_011,2015-02-17T00:08:00.000000Z,2015-02-17T00:08:25.000000Z,0.4166666666666667,7.242361111111111,7.242361111111111
SITE_011_S0377,SITE_011,2015-02-18T00:00:00.000000Z,2015-02-18T00:00:40.000000Z,0.6666666666666666,8.236805555555556,0.2368055555555555
SITE_011_S0378,SITE_011,2015-02-23T00:08:00.000000Z,2015-02-23T00:08:51.000000Z,0.85,13.24236111111111,5.242361111111111
SITE_011_S0379,SITE_011,2015-02-24T00:00:00.000000Z,2015-02-24T00:00:15.000000Z,0.25,14.23680555555556,6.236805555555556
SITE_011_S0380,SITE_011,2015-03-01T00:08:00.000000Z,2015-03-01T00:08:25.000000Z,0.4166666666666667,3.242361111111111,3.242361111111111
SITE_011_S0381,SITE_011,2015-03-02T00:00:00.000000Z,2015-03-02T00:00:41.000000Z,0.6833333333333333,4.236805555555556,4.236805555555556
SITE_011_S0382,SITE_011,2015-03-07T00:08:00.000000Z,2015-03-07T00:08:51.000000Z,0.85,9.24236111111111,1.242361111111111
SITE_011_S0383,SITE_011,2015-03-08T00:00:00.000000Z,2015-03-08T00:00:16.000000Z,0.2666666666666666,10.23680555555556,2.236805555555556
SITE_011_S0384,SITE_011,2015-03-13T00:08:00.000000Z,2015-03-13T00:08:26.000000Z,0.4333333333333333,15.24236111111111,7.242361111111111
SITE_011_S0385,SITE_011,2015-03-14T00:00:00.000000Z,2015-03-14T00:00:41.000000Z,0.6833333333333333,0.2368055555555555,0.2368055555555555
SITE_011_S0386,SITE_011,2015-03-19T00:08:00.000000Z,2015-03-19T00:08:51.000000Z,0.85,5.242361111111111,5.242361111111111
SITE_011_S0387,SITE_011,2015-03-20T00:00:00.000000Z,2015-03-20T00:00:16.000000Z,0.2666666666666666,6.236805555555556,6.236805555555556
SITE_011_S0388,SITE_011,2015-03-25T00:08:00.000000Z,2015-03-25T00:08:26.000000Z,0.4333333333333333,11.24236111111111,3.242361111111111
SITE_011_S0389,SITE_011,2015-03-26T00:00:00.000000Z,2015-03-26T00:00:42.000000Z,0.7,12.23680555555556,4.236805555555556
SITE_011_S0390,SITE_011,2015-03-31T00:08:00.000000Z,2015-03-31T00:08:52.000000Z,0.8666666666666667,1.242361111111111,1.242361111111111
SITE_011_S0391,SITE_011,2015-04-01T00:00:00.000000Z,2015-04-01T00:00:17.000000Z,0.2833333333333333,2.236805555555556,2.236805555555556
SITE_011_S0392,SITE_011,2015-04-06T00:08:00.000000Z,2015-04-06T00:08:27.000000Z,0.45,7.242361111111111,7.242361111111111
SITE_011_S0393,SITE_011,2015-04-07T00:00:00.000000Z,2015-04-07T00:00:42.000000Z,0.7,8.236805555555556,0.2368055555555555
SITE_011_S0394,SITE_011,2015-04-12T00:08:00.000000Z,2015-04-12T00:08:53.000000Z,0.8833333333333333,13.24236111111111,5.242361111111111
SITE_011_S0395,SITE_011,2015-04-13T00:00:00.000000Z,2015-04-13T00:00:17.000000Z,0.2833333333333333,14.23680555555556,6.236805555555556
SITE_011_S0396,SITE_011,2015-04-18T00:08:00.000000Z,2015-04-18T00:08:28.000000Z,0.4666666666666667,3.242361111111111,3.242361111111111
SITE_011_S0397,SITE_011,2015-04-19T00:00:00.000000Z,2015-04-19T00:00:43.000000Z,0.7166666666666667,4.236805555555556,4.236805555555556
SITE_011_S0398,SITE_011,2015-04-24T00:08:00.000000Z,2015-04-24T00:08:53.000000Z,0.8833333333333333,9.24236111111111,1.242361111111111
SITE_011_S0399,SITE_011,2015-04-25T00:00:00.000000Z,2015-04-25T00:00:18.000000Z,0.3,10.23680555555556,2.236805555555556
SITE_011_S0400,SITE_011,2015-04-30T00:08:00.000000Z,2015-04-30T00:08:29.000000Z,0.4833333333333333,15.24236111111111,7.242361111111111
SITE_011_S0401,SITE_011,2015-05-01T00:00:00.000000Z,2015-05-01T00:00:44.000000Z,0.7333333333333333,0.2368055555555555,0.2368055555555555
SITE_011_S0402,SITE_011,2015-05-06T00:08:00.000000Z,2015-05-06T00:08:54.000000Z,0.9,5.242361111111111,5.242361111111111
SITE_011_S0403,SITE_011,2015-05-07T00:00:00.000000Z,2015-05-07T00:00:19.000000Z,0.3166666666666666,6.236805555555556,6.236805555555556
SITE_011_S0404,SITE_011,2015-05-12T00:08:00.000000Z,2015-05-12T00:08:29.000000Z,0.4833333333333333,11.24236111111111,3.242361111111111
SITE_011_S0405,SITE_011,2015-05-13T00:00:00.000000Z,2015-05-13T00:00:45.000000Z,0.75,12.23680555555556,4.236805555555556
SITE_011_S0406,SITE_011,2015-05-18T00:08:00.000000Z,2015-05-18T00:08:55.000000Z,0.9166666666666666,1.242361111111111,1.242361111111111
SITE_011_S0407,SITE_011,2015-05-19T00:00:00.000000Z,2015-05-19T00:00:20.000000Z,0.3333333333333333,2.236805555555556,2.236805555555556
SITE_011_S0408,SITE_011,2015-05-24T00:08:00.000000Z,2015-05-24T00:08:30.000000Z,0.5,7.242361111111111,7.242361111111111
SITE_011_S0409,SITE_011,2015-05-25T00:00:00.000000Z,2015-05-25T00:00:45.000000Z,0.75,8.236805555555556,0.2368055555555555
SITE_011_S0410,SITE_011,2015-05-30T00:08:00.000000Z,2015-05-30T00:08:55.000000Z,0.9166666666666666,13.24236111111111,5.242361111111111
SITE_011_S0411,SITE_011,2015-05-31T00:00:00.000000Z,2015-05-31T00:00:20.000000Z,0.3333333333333333,14.23680555555556,6.236805555555556
SITE_011_S0412,SITE_011,2015-06-05T00:08:00.000000Z,2015-06-05T00:08:31.000000Z,0.5166666666666667,3.242361111111111,3.242361111111111
SITE_011_S0413,SITE_011,2015-06-06T00:00:00.000000Z,2015-06-06T00:00:46.000000Z,0.7666666666666667,4.236805555555556,4.236805555555556
SITE_011_S0414,SITE_011,2015-06-11T00:08:00.000000Z,2015-06-11T00:08:56.000000Z,0.9333333333333332,9.24236111111111,1.242361111111111
SITE_011_S0415,SITE_011,2015-06-12T00:00:00.000000Z,2015-06-12T00:00:21.000000Z,0.35,10.23680555555556,2.236805555555556
SITE_011_S0416,SITE_011,2015-06-17T00:08:00.000000Z,2015-06-17T00:08:31.000000Z,0.5166666666666667,15.24236111111111,7.242361111111111
SITE_011_S0417,SITE_011,2015-06-18T00:00:00.000000Z,2015-06-18T00:00:47.000000Z,0.7833333333333333,0.2368055555555555,0.2368055555555555
SITE_011_S0418,SITE_011,2015-06-23T00:08:00.000000Z,2015-06-23T00:08:57.000000Z,0.95,5.242361111111111,5.242361111111111
SITE_011_S0419,SITE_011,2015-06-24T00:00:00.000000Z,2015-06-24T00:00:22.000000Z,0.3666666666666666,6.236805555555556,6.236805555555556
SITE_011_S0420,SITE_011,2015-06-29T00:08:00.000000Z,2015-06-29T00:08:32.000000Z,0.5333333333333333,11.24236111111111,3.242361111111111
SITE_011_S0421,SITE_011,2015-06-30T00:00:00.000000Z,2015-06-30T00:00:47.000000Z,0.7833333333333333,12.23680555555556,4.236805555555556
SITE_011_S0422,SITE_011,2015-07-05T00:08:00.000000Z,2015-07-05T00:08:58.000000Z,0.9666666666666668,1.242361111111111,1.242361111111111
SITE_011_S0423,SITE_011,2015-07-06T00:00:00.000000Z,2015-07-06T00:00:22.000000Z,0.3666666666666666,2.236805555555556,2.236805555555556
SITE_011_S0424,SITE_011,2015-07-12T00:00:00.000000Z,2015-07-12T00:00:48.000000Z,0.8,8.236805555555556,0.2368055555555555
SITE_011_S0425,SITE_011,2015-07-17T00:08:00.000000Z,2015-07-17T00:08:58.000000Z,0.9666666666666668,13.24236111111111,5.242361111111111
SITE_011_S0426,SITE_011,2015-07-18T00:00:00.000000Z,2015-07-18T00:00:23.000000Z,0.3833333333333333,14.23680555555556,6.236805555555556
SITE_011_S0427,SITE_011,2015-07-23T00:08:00.000000Z,2015-07-23T00:08:33.000000Z,0.55,3.242361111111111,3.242361111111111
SITE_011_S0428,SITE_011,2015-07-24T00:00:00.000000Z,2015-07-24T00:00:49.000000Z,0.8166666666666667,4.236805555555556,4.236805555555556
SITE_011_S0429,SITE_011,2015-07-29T00:08:00.000000Z,2015-07-29T00:08:59.000000Z,0.9833333333333332,9.24236111111111,1.242361111111111
SITE_011_S0430,SITE_011,2015-07-30T00:00:00.000000Z,2015-07-30T00:00:24.000000Z,0.4,10.23680555555556,2.236805555555556
SITE_011_S0431,SITE_011,2015-08-04T00:08:00.000000Z,2015-08-04T00:08:34.000000Z,0.5666666666666667,15.24236111111111,7.242361111111111
SITE_011_S0432,SITE_011,2015-08-05T00:00:00.000000Z,2015-08-05T00:00:49.000000Z,0.8166666666666667,0.2368055555555555,0.2368055555555555
SITE_011_S0433,SITE_011,2015-08-10T00:08:00.000000Z,2015-08-10T00:08:59.000000Z,0.9833333333333332,5.242361111111111,5.242361111111111
SITE_011_S0434,SITE_011,2015-08-11T00:00:00.000000Z,2015-08-11T00:00:24.000000Z,0.4,6.236805555555556,6.236805555555556
SITE_011_S0435,SITE_011,2015-08-16T00:08:00.000000Z,2015-08-16T00:08:34.000000Z,0.5666666666666667,11.24236111111111,3.242361111111111
SITE_011_S0436,SITE_011,2015-08-17T00:00:00.000000Z,2015-08-17T00:00:50.000000Z,0.8333333333333334,12.23680555555556,4.236805555555556
SITE_011_S0437,SITE_011,2015-08-22T00:09:00.000000Z,2015-08-22T00:09:00.000000Z,0,1.243055555555556,1.243055555555556
SITE_011_S0438,SITE_011,2015-08-23T00:00:00.000000Z,2015-08-23T00:00:24.000000Z,0.4,2.236805555555556,2.236805555555556
SITE_011_S0439,SITE_011,2015-08-28T00:08:00.000000Z,2015-08-28T00:08:34.000000Z,0.5666666666666667,7.242361111111111,7.242361111111111
SITE_011_S0440,SITE_011,2015-08-29T00:00:00.000000Z,2015-08-29T00:00:50.000000Z,0.8333333333333334,8.236805555555556,0.2368055555555555
SITE_011_S0441,SITE_011,2015-09-03T00:09:00.000000Z,2015-09-03T00:09:00.000000Z,0,13.24305555555556,5.243055555555555
SITE_011_S0442,SITE_011,2015-09-04T00:00:00.000000Z,2015-09-04T00:00:25.000000Z,0.4166666666666667,14.23680555555556,6.236805555555556
SITE_011_S0443,SITE_011,2015-09-09T00:08:00.000000Z,2015-09-09T00:08:34.000000Z,0.5666666666666667,3.242361111111111,3.242361111111111
SITE_011_S0444,SITE_011,2015-09-10T00:00:00.000000Z,2015-09-10T00:00:50.000000Z,0.8333333333333334,4.236805555555556,4.236805555555556
SITE_011_S0445,SITE_011,2015-09-15T00:09:00.000000Z,2015-09-15T00:09:00.000000Z,0,9.243055555555555,1.243055555555556
SITE_011_S0446,SITE_011,2015-09-16T00:00:00.000000Z,2015-09-16T00:00:24.000000Z,0.4,10.23680555555556,2.236805555555556
SITE_011_S0447,SITE_011,2015-09-21T00:08:00.000000Z,2015-09-21T00:08:35.000000Z,0.5833333333333334,15.24236111111111,7.242361111111111
SITE_011_S0448,SITE_011,2015-09-22T00:00:00.000000Z,2015-09-22T00:00:50.000000Z,0.8333333333333334,0.2368055555555555,0.2368055555555555
SITE_011_S0449,SITE_011,2015-09-27T00:09:00.000000Z,2015-09-27T00:09:00.000000Z,0,5.243055555555555,5.243055555555555
SITE_011_S0450,SITE_011,2015-09-28T00:00:00.000000Z,2015-09-28T00:00:25.000000Z,0.4166666666666667,6.236805555555556,6.236805555555556
SITE_011_S0451,SITE_011,2015-10-03T00:08:00.000000Z,2015-10-03T00:08:34.000000Z,0.5666666666666667,11.24236111111111,3.242361111111111
SITE_011_S0452,SITE_011,2015-10-04T00:00:00.000000Z,2015-10-04T00:00:50.000000Z,0.8333333333333334,12.23680555555556,4.236805555555556
SITE_011_S0453,SITE_011,2015-10-09T00:09:00.000000Z,2015-10-09T00:09:00.000000Z,0,1.243055555555556,1.243055555555556
SITE_011_S0454,SITE_011,2015-10-10T00:00:00.000000Z,2015-10-10T00:00:24.000000Z,0.4,2.236805555555556,2.236805555555556
SITE_011_S0455,SITE_011,2015-10-15T00:08:00.000000Z,2015-10-15T00:08:34.000000Z,0.5666666666666667,7.242361111111111,7.242361111111111
SITE_011_S0456,SITE_011,2015-10-16T00:00:00.000000Z,2015-10-16T00:00:49.000000Z,0.8166666666666667,8.236805555555556,0.2368055555555555
SITE_011_S0457,SITE_011,2015-10-21T00:08:00.000000Z,2015-10-21T00:08:59.000000Z,0.9833333333333332,13.24236111111111,5.242361111111111
SITE_011_S0458,SITE_011,2015-10-22T00:00:00.000000Z,2015-10-22T00:00:24.000000Z,0.4,14.23680555555556,6.236805555555556
SITE_011_S0459,SITE_011,2015-10-27T00:08:00.000000Z,2015-10-27T00:08:34.000000Z,0.5666666666666667,3.242361111111111,3.242361111111111
SITE_011_S0460,SITE_011,2015-10-28T00:00:00.000000Z,2015-10-28T00:00:49.000000Z,0.8166666666666667,4.236805555555556,4.236805555555556
SITE_011_S0461,SITE_011,2015-11-02T00:08:00.000000Z,2015-11-02T00:08:59.000000Z,0.9833333333333332,9.24236111111111,1.242361111111111
SITE_011_S0462,SITE_011,2015-11-03T00:00:00.000000Z,2015-11-03T00:00:23.000000Z,0.3833333333333333,10.23680555555556,2.236805555555556
SITE_011_S0463,SITE_011,2015-11-08T00:08:00.000000Z,2015-11-08T00:08:33.000000Z,0.55,15.24236111111111,7.242361111111111
SITE_011_S0464,SITE_011,2015-11-09T00:00:00.000000Z,2015-11-09T00:00:48.000000Z,0.8,0.2368055555555555,0.2368055555555555
SITE_011_S0465,SITE_011,2015-11-14T00:08:00.000000Z,2015-11-14T00:08:58.000000Z,0.9666666666666668,5.242361111111111,5.242361111111111
SITE_011_S0466,SITE_011,2015-11-20T00:08:00.000000Z,2015-11-20T00:08:33.000000Z,0.55,11.24236111111111,3.242361111111111
SITE_011_S0467,SITE_011,2015-11-21T00:00:00.000000Z,2015-11-21T00:00:48.000000Z,0.8,12.23680555555556,4.236805555555556
SITE_012_S0001,SITE_012,2005-05-30T00:00:00.000000Z,2005-05-30T00:00:55.000000Z,0.9166666666666666,2.231944444444444,2.231944444444444
SITE_012_S0002,SITE_012,2005-06-05T23:52:00.000000Z,2005-06-05T23:52:42.000000Z,0.7,9.22638888888889,1.226388888888889
SITE_012_S0003,SITE_012,2005-06-11T00:00:00.000000Z,2005-06-11T00:00:55.000000Z,0.9166666666666666,14.23194444444444,6.231944444444444
SITE_012_S0004,SITE_012,2005-06-17T23:52:00.000000Z,2005-06-17T23:52:42.000000Z,0.7,5.226388888888889,5.226388888888889
SITE_012_S0005,SITE_012,2005-06-23T00:00:00.000000Z,2005-06-23T00:00:55.000000Z,0.9166666666666666,10.23194444444444,2.231944444444444
SITE_012_S0006,SITE_012,2005-06-29T23:52:00.000000Z,2005-06-29T23:52:42.000000Z,0.7,1.226388888888889,1.226388888888889
SITE_012_S0007,SITE_012,2005-07-05T00:00:00.000000Z,2005-07-05T00:00:55.000000Z,0.9166666666666666,6.231944444444444,6.231944444444444
SITE_012_S0008,SITE_012,2005-07-11T23:52:00.000000Z,2005-07-11T23:52:43.000000Z,0.7166666666666667,13.22638888888889,5.226388888888889
SITE_012_S0009,SITE_012,2005-07-17T00:00:00.000000Z,2005-07-17T00:00:56.000000Z,0.9333333333333332,2.231944444444444,2.231944444444444
SITE_012_S0010,SITE_012,2005-07-23T23:52:00.000000Z,2005-07-23T23:52:42.000000Z,0.7,9.22638888888889,1.226388888888889
SITE_012_S0011,SITE_012,2005-07-29T00:00:00.000000Z,2005-07-29T00:00:56.000000Z,0.9333333333333332,14.23194444444444,6.231944444444444
SITE_012_S0012,SITE_012,2005-08-04T23:52:00.000000Z,2005-08-04T23:52:43.000000Z,0.7166666666666667,5.226388888888889,5.226388888888889
SITE_012_S0013,SITE_012,2005-08-10T00:00:00.000000Z,2005-08-10T00:00:56.000000Z,0.9333333333333332,10.23194444444444,2.231944444444444
SITE_012_S0014,SITE_012,2005-08-16T23:52:00.000000Z,2005-08-16T23:52:44.000000Z,0.7333333333333333,1.226388888888889,1.226388888888889
SITE_012_S0015,SITE_012,2005-08-22T00:00:00.000000Z,2005-08-22T00:00:56.000000Z,0.9333333333333332,6.231944444444444,6.231944444444444
SITE_012_S0016,SITE_012,2005-08-28T23:52:00.000000Z,2005-08-28T23:52:43.000000Z,0.7166666666666667,13.22638888888889,5.226388888888889
SITE_012_S0017,SITE_012,2005-09-03T00:00:00.000000Z,2005-09-03T00:00:56.000000Z,0.9333333333333332,2.231944444444444,2.231944444444444
SITE_012_S0018,SITE_012,2005-09-09T23:52:00.000000Z,2005-09-09T23:52:43.000000Z,0.7166666666666667,9.22638888888889,1.226388888888889
SITE_012_S0019,SITE_012,2005-09-15T00:00:00.000000Z,2005-09-15T00:00:55.000000Z,0.9166666666666666,14.23194444444444,6.231944444444444
SITE_012_S0020,SITE_012,2005-09-21T23:52:00.000000Z,2005-09-21T23:52:43.000000Z,0.7166666666666667,5.226388888888889,5.226388888888889
SITE_012_S0021,SITE_012,2005-09-27T00:00:00.000000Z,2005-09-27T00:00:55.000000Z,0.9166666666666666,10.23194444444444,2.231944444444444
SITE_012_S0022,SITE_012,2005-10-03T23:52:00.000000Z,2005-10-03T23:52:42.000000Z,0.7,1.226388888888889,1.226388888888889
SITE_012_S0023,SITE_012,2005-10-09T00:00:00.000000Z,2005-10-09T00:00:54.000000Z,0.9,6.231944444444444,6.231944444444444
SITE_012_S0024,SITE_012,2005-10-15T23:52:00.000000Z,2005-10-15T23:52:42.000000Z,0.7,13.22638888888889,5.226388888888889
SITE_012_S0025,SITE_012,2005-10-21T00:00:00.000000Z,2005-10-21T00:00:54.000000Z,0.9,2.231944444444444,2.231944444444444
SITE_012_S0026,SITE_012,2005-10-27T23:52:00.000000Z,2005-10-27T23:52:41.000000Z,0.6833333333333333,9.22638888888889,1.226388888888889
SITE_012_S0027,SITE_012,2005-11-02T00:00:00.000000Z,2005-11-02T00:00:53.000000Z,0.8833333333333333,14.23194444444444,6.231944444444444
SITE_012_S0028,SITE_012,2005-11-08T23:52:00.000000Z,2005-11-08T23:52:41.000000Z,0.6833333333333333,5.226388888888889,5.226388888888889
SITE_012_S0029,SITE_012,2005-11-20T23:52:00.000000Z,2005-11-20T23:52:41.000000Z,0.6833333333333333,1.226388888888889,1.226388888888889
SITE_012_S0030,SITE_012,2005-11-26T00:00:00.000000Z,2005-11-26T00:00:54.000000Z,0.9,6.231944444444444,6.231944444444444
SITE_012_S0031,SITE_012,2005-12-02T23:52:00.000000Z,2005-12-02T23:52:41.000000Z,0.6833333333333333,13.22638888888889,5.226388888888889
SITE_012_S0032,SITE_012,2005-12-08T00:00:00.000000Z,2005-12-08T00:00:54.000000Z,0.9,2.231944444444444,2.231944444444444
SITE_012_S0033,SITE_012,2005-12-14T23:52:00.000000Z,2005-12-14T23:52:41.000000Z,0.6833333333333333,9.22638888888889,1.226388888888889
SITE_012_S0034,SITE_012,2005-12-20T00:00:00.000000Z,2005-12-20T00:00:54.000000Z,0.9,14.23194444444444,6.231944444444444
SITE_012_S0035,SITE_012,2005-12-26T23:52:00.000000Z,2005-12-26T23:52:42.000000Z,0.7,5.226388888888889,5.226388888888889
SITE_012_S0036,SITE_012,2006-01-01T00:00:00.000000Z,2006-01-01T00:00:55.000000Z,0.9166666666666666,10.23194444444444,2.231944444444444
SITE_012_S0037,SITE_012,2006-01-07T23:52:00.000000Z,2006-01-07T23:52:42.000000Z,0.7,1.226388888888889,1.226388888888889
SITE_012_S0038,SITE_012,2006-01-13T00:00:00.000000Z,2006-01-13T00:00:55.000000Z,0.9166666666666666,6.231944444444444,6.231944444444444
SITE_012_S0039,SITE_012,2006-01-19T23:52:00.000000Z,2006-01-19T23:52:42.000000Z,0.7,13.22638888888889,5.226388888888889
SITE_012_S0040,SITE_012,2006-01-25T00:00:00.000000Z,2006-01-25T00:00:55.000000Z,0.9166666666666666,2.231944444444444,2.231944444444444
SITE_012_S0041,SITE_012,2006-01-31T23:52:00.000000Z,2006-01-31T23:52:42.000000Z,0.7,9.22638888888889,1.226388888888889
SITE_012_S0042,SITE_012,2006-02-06T00:00:00.000000Z,2006-02-06T00:00:55.000000Z,0.9166666666666666,14.23194444444444,6.231944444444444
SITE_012_S0043,SITE_012,2006-02-12T23:52:00.000000Z,2006-02-12T23:52:42.000000Z,0.7,5.226388888888889,5.226388888888889
SITE_012_S0044,SITE_012,2006-02-18T00:00:00.000000Z,2006-02-18T00:00:55.000000Z,0.9166666666666666,10.23194444444444,2.231944444444444
SITE_012_S0045,SITE_012,2006-02-24T23:52:00.000000Z,2006-02-24T23:52:42.000000Z,0.7,1.226388888888889,1.226388888888889
SITE_012_S0046,SITE_012,2006-03-02T00:00:00.000000Z,2006-03-02T00:00:54.000000Z,0.9,6.231944444444444,6.231944444444444
SITE_012_S0047,SITE_012,2006-03-08T23:52:00.000000Z,2006-03-08T23:52:41.000000Z,0.6833333333333333,13.22638888888889,5.226388888888889
SITE_012_S0048,SITE_012,2006-03-14T00:00:00.000000Z,2006-03-14T00:00:53.000000Z,0.8833333333333333,2.231944444444444,2.231944444444444
SITE_012_S0049,SITE_012,2006-03-20T23:52:00.000000Z,2006-03-20T23:52:40.000000Z,0.6666666666666666,9.22638888888889,1.226388888888889
SITE_012_S0050,SITE_012,2006-03-26T00:00:00.000000Z,2006-03-26T00:00:52.000000Z,0.8666666666666667,14.23194444444444,6.231944444444444
SITE_012_S0051,SITE_012,2006-04-01T23:52:00.000000Z,2006-04-01T23:52:39.000000Z,0.65,5.226388888888889,5.226388888888889
SITE_012_S0052,SITE_012,2006-04-19T00:00:00.000000Z,2006-04-19T00:00:50.000000Z,0.8333333333333334,8.231944444444444,0.2319444444444444
SITE_012_S0053,SITE_012,2006-05-07T23:52:00.000000Z,2006-05-07T23:52:36.000000Z,0.6,11.22638888888889,3.226388888888889
SITE_012_S0054,SITE_012,2006-05-25T00:00:00.000000Z,2006-05-25T00:00:48.000000Z,0.8,12.23194444444444,4.231944444444444
SITE_012_S0055,SITE_012,2006-06-06T00:00:00.000000Z,2006-06-06T00:00:48.000000Z,0.8,8.231944444444444,0.2319444444444444
SITE_012_S0056,SITE_012,2006-06-12T23:52:00.000000Z,2006-06-12T23:52:35.000000Z,0.5833333333333334,15.22638888888889,7.226388888888889
SITE_012_S0057,SITE_012,2006-06-18T00:00:00.000000Z,2006-06-18T00:00:48.000000Z,0.8,4.231944444444444,4.231944444444444
SITE_012_S0058,SITE_012,2006-06-24T23:52:00.000000Z,2006-06-24T23:52:35.000000Z,0.5833333333333334,11.22638888888889,3.226388888888889
SITE_012_S0059,SITE_012,2006-06-30T00:00:00.000000Z,2006-06-30T00:00:48.000000Z,0.8,0.2319444444444444,0.2319444444444444
SITE_012_S0060,SITE_012,2006-07-06T23:52:00.000000Z,2006-07-06T23:52:36.000000Z,0.6,7.226388888888889,7.226388888888889
SITE_012_S0061,SITE_012,2006-07-12T00:00:00.000000Z,2006-07-12T00:00:49.000000Z,0.8166666666666667,12.23194444444444,4.231944444444444
SITE_012_S0062,SITE_012,2006-07-18T23:52:00.000000Z,2006-07-18T23:52:36.000000Z,0.6,3.226388888888889,3.226388888888889
SITE_012_S0063,SITE_012,2006-07-24T00:00:00.000000Z,2006-07-24T00:00:48.000000Z,0.8,8.231944444444444,0.2319444444444444
SITE_012_S0064,SITE_012,2006-07-30T23:52:00.000000Z,2006-07-30T23:52:36.000000Z,0.6,15.22638888888889,7.226388888888889
SITE_012_S0065,SITE_012,2006-08-05T00:00:00.000000Z,2006-08-05T00:00:49.000000Z,0.8166666666666667,4.231944444444444,4.231944444444444
SITE_012_S0066,SITE_012,2006-08-10T23:59:00.000000Z,2006-08-10T23:59:45.000000Z,0.75,10.23125,2.23125
SITE_012_S0067,SITE_012,2006-08-11T23:52:00.000000Z,2006-08-11T23:52:36.000000Z,0.6,11.22638888888889,3.226388888888889
SITE_012_S0068,SITE_012,2006-08-17T00:00:00.000000Z,2006-08-17T00:00:48.000000Z,0.8,0.2319444444444444,0.2319444444444444
SITE_012_S0069,SITE_012,2006-08-17T23:51:00.000000Z,2006-08-17T23:51:33.000000Z,0.55,1.225694444444444,1.225694444444444
SITE_012_S0070,SITE_012,2006-08-22T23:59:00.000000Z,2006-08-22T23:59:46.000000Z,0.7666666666666667,6.23125,6.23125
SITE_012_S0071,SITE_012,2006-08-23T23:52:00.000000Z,2006-08-23T23:52:35.000000Z,0.5833333333333334,7.226388888888889,7.226388888888889
SITE_012_S0072,SITE_012,2006-08-29T00:00:00.000000Z,2006-08-29T00:00:48.000000Z,0.8,12.23194444444444,4.231944444444444
SITE_012_S0073,SITE_012,2006-08-29T23:51:00.000000Z,2006-08-29T23:51:34.000000Z,0.5666666666666667,13.22569444444444,5.225694444444445
SITE_012_S0074,SITE_012,2006-09-03T23:59:00.000000Z,2006-09-03T23:59:48.000000Z,0.8,2.23125,2.23125
SITE_012_S0075,SITE_012,2006-09-10T00:00:00.000000Z,2006-09-10T00:00:48.000000Z,0.8,8.231944444444444,0.2319444444444444
SITE_012_S0076,SITE_012,2006-09-10T23:51:00.000000Z,2006-09-10T23:51:36.000000Z,0.6,9.225694444444445,1.225694444444444
SITE_012_S0077,SITE_012,2006-09-15T23:59:00.000000Z,2006-09-15T23:59:49.000000Z,0.8166666666666667,14.23125,6.23125
SITE_012_S0078,SITE_012,2006-09-16T23:52:00.000000Z,2006-09-16T23:52:34.000000Z,0.5666666666666667,15.22638888888889,7.226388888888889
SITE_012_S0079,SITE_012,2006-09-22T00:00:00.000000Z,2006-09-22T00:00:47.000000Z,0.7833333333333333,4.231944444444444,4.231944444444444
SITE_012_S0080,SITE_012,2006-09-22T23:51:00.000000Z,2006-09-22T23:51:36.000000Z,0.6,5.225694444444445,5.225694444444445
SITE_012_S0081,SITE_012,2006-09-27T23:59:00.000000Z,2006-09-27T23:59:49.000000Z,0.8166666666666667,10.23125,2.23125
SITE_012_S0082,SITE_012,2006-09-28T23:52:00.000000Z,2006-09-28T23:52:34.000000Z,0.5666666666666667,11.22638888888889,3.226388888888889
SITE_012_S0083,SITE_012,2006-10-04T00:00:00.000000Z,2006-10-04T00:00:46.000000Z,0.7666666666666667,0.2319444444444444,0.2319444444444444
SITE_012_S0084,SITE_012,2006-10-04T23:51:00.000000Z,2006-10-04T23:51:37.000000Z,0.6166666666666667,1.225694444444444,1.225694444444444
SITE_012_S0085,SITE_012,2006-10-09T23:59:00.000000Z,2006-10-09T23:59:50.000000Z,0.8333333333333334,6.23125,6.23125
SITE_012_S0086,SITE_012,2006-10-10T23:52:00.000000Z,2006-10-10T23:52:33.000000Z,0.55,7.226388888888889,7.226388888888889
SITE_012_S0087,SITE_012,2006-10-16T00:00:00.000000Z,2006-10-16T00:00:46.000000Z,0.7666666666666667,12.23194444444444,4.231944444444444
SITE_012_S0088,SITE_012,2006-10-16T23:51:00.000000Z,2006-10-16T23:51:38.000000Z,0.6333333333333333,13.22569444444444,5.225694444444445
SITE_012_S0089,SITE_012,2006-10-21T23:59:00.000000Z,2006-10-21T23:59:51.000000Z,0.85,2.23125,2.23125
SITE_012_S0090,SITE_012,2006-10-22T23:52:00.000000Z,2006-10-22T23:52:33.000000Z,0.55,3.226388888888889,3.226388888888889
SITE_012_S0091,SITE_012,2006-10-28T00:00:00.000000Z,2006-10-28T00:00:45.000000Z,0.75,8.231944444444444,0.2319444444444444
SITE_012_S0092,SITE_012,2006-10-28T23:51:00.000000Z,2006-10-28T23:51:38.000000Z,0.6333333333333333,9.225694444444445,1.225694444444444
SITE_012_S0093,SITE_012,2006-11-02T23:59:00.000000Z,2006-11-02T23:59:51.000000Z,0.85,14.23125,6.23125
SITE_012_S0094,SITE_012,2006-11-03T23:52:00.000000Z,2006-11-03T23:52:32.000000Z,0.5333333333333333,15.22638888888889,7.226388888888889
SITE_012_S0095,SITE_012,2006-11-09T00:00:00.000000Z,2006-11-09T00:00:45.000000Z,0.75,4.231944444444444,4.231944444444444
SITE_012_S0096,SITE_012,2006-11-09T23:51:00.000000Z,2006-11-09T23:51:39.000000Z,0.65,5.225694444444445,5.225694444444445
SITE_012_S0097,SITE_012,2006-11-15T23:52:00.000000Z,2006-11-15T23:52:32.000000Z,0.5333333333333333,11.22638888888889,3.226388888888889
SITE_012_S0098,SITE_012,2006-11-21T00:00:00.000000Z,2006-11-21T00:00:45.000000Z,0.75,0.2319444444444444,0.2319444444444444
SITE_012_S0099,SITE_012,2006-11-21T23:51:00.000000Z,2006-11-21T23:51:40.000000Z,0.6666666666666666,1.225694444444444,1.225694444444444
SITE_012_S0100,SITE_012,2006-11-26T23:59:00.000000Z,2006-11-26T23:59:52.000000Z,0.8666666666666667,6.23125,6.23125
SITE_012_S0101,SITE_012,2006-11-27T23:52:00.000000Z,2006-11-27T23:52:32.000000Z,0.5333333333333333,7.226388888888889,7.226388888888889
SITE_012_S0102,SITE_012,2006-12-03T00:00:00.000000Z,2006-12-03T00:00:45.000000Z,0.75,12.23194444444444,4.231944444444444
SITE_012_S0103,SITE_012,2006-12-03T23:51:00.000000Z,2006-12-03T23:51:40.000000Z,0.6666666666666666,13.22569444444444,5.225694444444445
SITE_012_S0104,SITE_012,2006-12-08T23:59:00.000000Z,2006-12-08T23:59:53.000000Z,0.8833333333333333,2.23125,2.23125
SITE_012_S0105,SITE_012,2006-12-09T23:52:00.000000Z,2006-12-09T23:52:32.000000Z,0.5333333333333333,3.226388888888889,3.226388888888889
SITE_012_S0106,SITE_012,2006-12-15T00:00:00.000000Z,2006-12-15T00:00:45.000000Z,0.75,8.231944444444444,0.2319444444444444
SITE_012_S0107,SITE_012,2006-12-15T23:51:00.000000Z,2006-12-15T23:51:40.000000Z,0.6666666666666666,9.225694444444445,1.225694444444444
SITE_012_S0108,SITE_012,2006-12-20T23:59:00.000000Z,2006-12-20T23:59:53.000000Z,0.8833333333333333,14.23125,6.23125
SITE_012_S0109,SITE_012,2006-12-21T23:52:00.000000Z,2006-12-21T23:52:33.000000Z,0.55,15.22638888888889,7.226388888888889
SITE_012_S0110,SITE_012,2006-12-27T00:00:00.000000Z,2006-12-27T00:00:45.000000Z,0.75,4.231944444444444,4.231944444444444
SITE_012_S0111,SITE_012,2006-12-27T23:51:00.000000Z,2006-12-27T23:51:41.000000Z,0.6833333333333333,5.225694444444445,5.225694444444445
SITE_012_S0112,SITE_012,2007-01-01T23:59:00.000000Z,2007-01-01T23:59:54.000000Z,0.9,10.23125,2.23125
SITE_012_S0113,SITE_012,2007-01-02T23:52:00.000000Z,2007-01-02T23:52:33.000000Z,0.55,11.22638888888889,3.226388888888889
SITE_012_S0114,SITE_012,2007-01-08T00:00:00.000000Z,2007-01-08T00:00:45.000000Z,0.75,0.2319444444444444,0.2319444444444444
SITE_012_S0115,SITE_012,2007-01-13T23:59:00.000000Z,2007-01-13T23:59:54.000000Z,0.9,6.23125,6.23125
SITE_012_S0116,SITE_012,2007-01-14T23:52:00.000000Z,2007-01-14T23:52:33.000000Z,0.55,7.226388888888889,7.226388888888889
SITE_012_S0117,SITE_012,2007-01-20T00:00:00.000000Z,2007-01-20T00:00:46.000000Z,0.7666666666666667,12.23194444444444,4.231944444444444
SITE_012_S0118,SITE_012,2007-01-20T23:51:00.000000Z,2007-01-20T23:51:41.000000Z,0.6833333333333333,13.22569444444444,5.225694444444445
SITE_012_S0119,SITE_012,2007-01-25T23:59:00.000000Z,2007-01-25T23:59:54.000000Z,0.9,2.23125,2.23125
SITE_012_S0120,SITE_012,2007-01-26T23:52:00.000000Z,2007-01-26T23:52:33.000000Z,0.55,3.226388888888889,3.226388888888889
SITE_012_S0121,SITE_012,2007-02-01T00:00:00.000000Z,2007-02-01T00:00:46.000000Z,0.7666666666666667,8.231944444444444,0.2319444444444444
SITE_012_S0122,SITE_012,2007-02-01T23:51:00.000000Z,2007-02-01T23:51:41.000000Z,0.6833333333333333,9.225694444444445,1.225694444444444
SITE_012_S0123,SITE_012,2007-02-06T23:59:00.000000Z,2007-02-06T23:59:54.000000Z,0.9,14.23125,6.23125
SITE_012_S0124,SITE_012,2007-02-07T23:52:00.000000Z,2007-02-07T23:52:33.000000Z,0.55,15.22638888888889,7.226388888888889
SITE_012_S0125,SITE_012,2007-02-13T00:00:00.000000Z,2007-02-13T00:00:45.000000Z,0.75,4.231944444444444,4.231944444444444
SITE_012_S0126,SITE_012,2007-02-13T23:51:00.000000Z,2007-02-13T23:51:41.000000Z,0.6833333333333333,5.225694444444445,5.225694444444445
SITE_012_S0127,SITE_012,2007-02-18T23:59:00.000000Z,2007-02-18T23:59:53.000000Z,0.8833333333333333,10.23125,2.23125
SITE_012_S0128,SITE_012,2007-02-19T23:52:00.000000Z,2007-02-19T23:52:32.000000Z,0.5333333333333333,11.22638888888889,3.226388888888889
SITE_012_S0129,SITE_012,2007-02-25T23:51:00.000000Z,2007-02-25T23:51:40.000000Z,0.6666666666666666,1.225694444444444,1.225694444444444
SITE_012_S0130,SITE_012,2007-03-09T00:00:00.000000Z,2007-03-09T00:00:44.000000Z,0.7333333333333333,12.23194444444444,4.231944444444444
SITE_012_S0131,SITE_012,2007-03-14T23:59:00.000000Z,2007-03-14T23:59:51.000000Z,0.85,2.23125,2.23125
SITE_012_S0132,SITE_012,2007-03-15T23:52:00.000000Z,2007-03-15T23:52:30.000000Z,0.5,3.226388888888889,3.226388888888889
SITE_012_S0133,SITE_012,2007-03-21T00:00:00.000000Z,2007-03-21T00:00:43.000000Z,0.7166666666666667,8.231944444444444,0.2319444444444444
SITE_012_S0134,SITE_012,2007-03-26T23:59:00.000000Z,2007-03-26T23:59:52.000000Z,0.8666666666666667,14.23125,6.23125
SITE_012_S0135,SITE_012,2007-03-27T23:52:00.000000Z,2007-03-27T23:52:29.000000Z,0.4833333333333333,15.22638888888889,7.226388888888889
SITE_012_S0136,SITE_012,2007-04-02T00:00:00.000000Z,2007-04-02T00:00:41.000000Z,0.6833333333333333,4.231944444444444,4.231944444444444
