sample_id,site_id,Elevation
SITE_001_S0001,SITE_001,69.31
SITE_001_S0002,SITE_001,69.31
SITE_001_S0003,SITE_001,69.31
SITE_001_S0004,SITE_001,69.31
SITE_001_S0005,SITE_001,69.31
SITE_001_S0006,SITE_001,69.31
SITE_001_S0007,SITE_001,69.31
SITE_001_S0008,SITE_001,69.31
SITE_001_S0009,SITE_001,69.31
SITE_001_S0010,SITE_001,69.31
SITE_001_S0011,SITE_001,69.31
SITE_001_S0012,SITE_001,69.31
SITE_001_S0013,SITE_001,69.31
SITE_001_S0014,SITE_001,69.31
SITE_001_S0015,SITE_001,69.31
SITE_001_S0016,SITE_001,69.31
SITE_001_S0017,SITE_001,69.31
SITE_001_S0018,SITE_001,69.31
SITE_001_S0019,SITE_001,69.31
SITE_001_S0020,SITE_001,69.31
SITE_001_S0021,SITE_001,69.31
SITE_001_S0022,SITE_001,69.31
SITE_001_S0023,SITE_001,69.31
SITE_001_S0024,SITE_001,69.31
SITE_001_S0025,SITE_001,69.31
SITE_001_S0026,SITE_001,69.31
SITE_001_S0027,SITE_001,69.31
SITE_001_S0028,SITE_001,69.31
SITE_001_S0029,SITE_001,69.31
SITE_001_S0030,SITE_001,69.31
SITE_001_S0031,SITE_001,69.31
SITE_001_S0032,SITE_001,69.31
SITE_001_S0033,SITE_001,69.31
SITE_001_S0034,SITE_001,69.31
SITE_001_S0035,SITE_001,69.31
SITE_001_S0036,SITE_001,69.31
SITE_001_S0037,SITE_001,69.31
SITE_001_S0038,SITE_001,69.31
SITE_001_S0039,SITE_001,69.31
SITE_001_S0040,SITE_001,69.31
SITE_001_S0041,SITE_001,69.31
SITE_001_S0042,SITE_001,69.31
SITE_001_S0043,SITE_001,69.31
SITE_001_S0044,SITE_001,69.31
SITE_001_S0045,SITE_001,69.31
SITE_001_S0046,SITE_001,69.31
SITE_001_S0047,SITE_001,69.31
SITE_001_S0048,SITE_001,69.31
SITE_001_S0049,SITE_001,69.31
SITE_001_S0050,SITE_001,69.31
SITE_001_S0051,SITE_001,69.31
SITE_001_S0052,SITE_001,69.31
SITE_001_S0053,SITE_001,69.31
SITE_001_S0054,SITE_001,69.31
SITE_001_S0055,SITE_001,69.31
SITE_001_S0056,SITE_001,69.31
SITE_001_S0057,SITE_001,69.31
SITE_001_S0058,SITE_001,69.31
SITE_001_S0059,SITE_001,69.31
SITE_001_S0060,SITE_001,69.31
SITE_001_S0061,SITE_001,69.31
SITE_001_S0062,SITE_001,69.31
SITE_001_S0063,SITE_001,69.31
SITE_001_S0064,SITE_001,69.31
SITE_001_S0065,SITE_001,69.31
SITE_001_S0066,SITE_001,69.31
SITE_001_S0067,SITE_001,69.31
SITE_001_S0068,SITE_001,69.31
SITE_001_S0069,SITE_001,69.31
SITE_001_S0070,SITE_001,69.31
SITE_001_S0071,SITE_001,69.31
SITE_001_S0072,SITE_001,69.31
SITE_001_S0073,SITE_001,69.31
SITE_001_S0074,SITE_001,69.31
SITE_001_S0075,SITE_001,69.31
SITE_001_S0076,SITE_001,69.31
SITE_001_S0077,SITE_001,69.31
SITE_001_S0078,SITE_001,69.31
SITE_001_S0079,SITE_001,69.31
SITE_001_S0080,SITE_001,69.31
SITE_001_S0081,SITE_001,69.31
SITE_001_S0082,SITE_001,69.31
SITE_001_S0083,SITE_001,69.31
SITE_001_S0084,SITE_001,69.31
SITE_001_S0085,SITE_001,69.31
SITE_001_S0086,SITE_001,69.31
SITE_001_S0087,SITE_001,69.31
SITE_001_S0088,SITE_001,69.31
SITE_001_S0089,SITE_001,69.31
SITE_001_S0090,SITE_001,69.31
SITE_001_S0091,SITE_001,69.31
SITE_001_S0092,SITE_001,69.31
SITE_001_S0093,SITE_001,69.31
SITE_001_S0094,SITE_001,69.31
SITE_001_S0095,SITE_001,69.31
SITE_001_S0096,SITE_001,69.31
SITE_001_S0097,SITE_001,69.31
SITE_001_S0098,SITE_001,69.31
SITE_001_S0099,SITE_001,69.31
SITE_001_S0100,SITE_001,69.31
SITE_001_S0101,SITE_001,69.31
SITE_001_S0102,SITE_001,69.31
SITE_001_S0103,SITE_001,69.31
SITE_001_S0104,SITE_001,69.31
SITE_001_S0105,SITE_001,69.31
SITE_001_S0106,SITE_001,69.31
SITE_001_S0107,SITE_001,69.31
SITE_001_S0108,SITE_001,69.31
SITE_001_S0109,SITE_001,69.31
SITE_001_S0110,SITE_001,69.31
SITE_001_S0111,SITE_001,69.31
SITE_001_S0112,SITE_001,69.31
SITE_001_S0113,SITE_001,69.31
SITE_001_S0114,SITE_001,69.31
SITE_001_S0115,SITE_001,69.31
SITE_001_S0116,SITE_001,69.31
SITE_001_S0117,SITE_001,69.31
SITE_001_S0118,SITE_001,69.31
SITE_001_S0119,SITE_001,69.31
SITE_001_S0120,SITE_001,69.31
SITE_001_S0121,SITE_001,69.31
SITE_001_S0122,SITE_001,69.31
SITE_001_S0123,SITE_001,69.31
SITE_001_S0124,SITE_001,69.31
SITE_001_S0125,SITE_001,69.31
SITE_001_S0126,SITE_001,69.31
SITE_001_S0127,SITE_001,69.31
SITE_001_S0128,SITE_001,69.31
SITE_001_S0129,SITE_001,69.31
SITE_001_S0130,SITE_001,69.31
SITE_001_S0131,SITE_001,69.31
SITE_001_S0132,SITE_001,69.31
SITE_001_S0133,SITE_001,69.31
SITE_001_S0134,SITE_001,69.31
SITE_001_S0135,SITE_001,69.31
SITE_001_S0136,SITE_001,69.31
SITE_001_S0137,SITE_001,69.31
SITE_001_S0138,SITE_001,69.31
SITE_001_S0139,SITE_001,69.31
SITE_001_S0140,SITE_001,69.31
SITE_001_S0141,SITE_001,69.31
SITE_001_S0142,SITE_001,69.31
SITE_001_S0143,SITE_001,69.31
SITE_001_S0144,SITE_001,69.31
SITE_001_S0145,SITE_001,69.31
SITE_001_S0146,SITE_001,69.31
SITE_001_S0147,SITE_001,69.31
SITE_001_S0148,SITE_001,69.31
SITE_001_S0149,SITE_001,69.31
SITE_001_S0150,SITE_001,69.31
SITE_001_S0151,SITE_001,69.31
SITE_001_S0152,SITE_001,69.31
SITE_001_S0153,SITE_001,69.31
SITE_001_S0154,SITE_001,69.31
SITE_001_S0155,SITE_001,69.31
SITE_001_S0156,SITE_001,69.31
SITE_001_S0157,SITE_001,69.31
SITE_001_S0158,SITE_001,69.31
SITE_001_S0159,SITE_001,69.31
SITE_001_S0160,SITE_001,69.31
SITE_001_S0161,SITE_001,69.31
SITE_001_S0162,SITE_001,69.31
SITE_001_S0163,SITE_001,69.31
SITE_001_S0164,SITE_001,69.31
SITE_001_S0165,SITE_001,69.31
SITE_001_S0166,SITE_001,69.31
SITE_001_S0167,SITE_001,69.31
SITE_001_S0168,SITE_001,69.31
SITE_001_S0169,SITE_001,69.31
SITE_001_S0170,SITE_001,69.31
SITE_001_S0171,SITE_001,69.31
SITE_001_S0172,SITE_001,69.31
SITE_001_S0173,SITE_001,69.31
SITE_001_S0174,SITE_001,69.31
SITE_001_S0175,SITE_001,69.31
SITE_001_S0176,SITE_001,69.31
SITE_001_S0177,SITE_001,69.31
SITE_001_S0178,SITE_001,69.31
SITE_001_S0179,SITE_001,69.31
SITE_001_S0180,SITE_001,69.31
SITE_001_S0181,SITE_001,69.31
SITE_001_S0182,SITE_001,69.31
SITE_001_S0183,SITE_001,69.31
SITE_001_S0184,SITE_001,69.31
SITE_001_S0185,SITE_001,69.31
SITE_001_S0186,SITE_001,69.31
SITE_001_S0187,SITE_001,69.31
SITE_001_S0188,SITE_001,69.31
SITE_001_S0189,SITE_001,69.31
SITE_001_S0190,SITE_001,69.31
SITE_001_S0191,SITE_001,69.31
SITE_001_S0192,SITE_001,69.31
SITE_001_S0193,SITE_001,69.31
SITE_001_S0194,SITE_001,69.31
SITE_001_S0195,SITE_001,69.31
SITE_001_S0196,SITE_001,69.31
SITE_001_S0197,SITE_001,69.31
SITE_001_S0198,SITE_001,69.31
SITE_001_S0199,SITE_001,69.31
SITE_001_S0200,SITE_001,69.31
SITE_001_S0201,SITE_001,69.31
SITE_001_S0202,SITE_001,69.31
SITE_001_S0203,SITE_001,69.31
SITE_001_S0204,SITE_001,69.31
SITE_001_S0205,SITE_001,69.31
SITE_001_S0206,SITE_001,69.31
SITE_001_S0207,SITE_001,69.31
SITE_001_S0208,SITE_001,69.31
SITE_001_S0209,SITE_001,69.31
SITE_001_S0210,SITE_001,69.31
SITE_001_S0211,SITE_001,69.31
SITE_001_S0212,SITE_001,69.31
SITE_001_S0213,SITE_001,69.31
SITE_001_S0214,SITE_001,69.31
SITE_001_S0215,SITE_001,69.31
SITE_001_S0216,SITE_001,69.31
SITE_001_S0217,SITE_001,69.31
SITE_001_S0218,SITE_001,69.31
SITE_001_S0219,SITE_001,69.31
SITE_001_S0220,SITE_001,69.31
SITE_001_S0221,SITE_001,69.31
SITE_001_S0222,SITE_001,69.31
SITE_001_S0223,SITE_001,69.31
SITE_001_S0224,SITE_001,69.31
SITE_001_S0225,SITE_001,69.31
SITE_001_S0226,SITE_001,69.31
SITE_001_S0227,SITE_001,69.31
SITE_001_S0228,SITE_001,69.31
SITE_001_S0229,SITE_001,69.31
SITE_001_S0230,SITE_001,69.31
SITE_001_S0231,SITE_001,69.31
SITE_001_S0232,SITE_001,69.31
SITE_001_S0233,SITE_001,69.31
SITE_001_S0234,SITE_001,69.31
SITE_001_S0235,SITE_001,69.31
SITE_001_S0236,SITE_001,69.31
SITE_001_S0237,SITE_001,69.31
SITE_001_S0238,SITE_001,69.31
SITE_001_S0239,SITE_001,69.31
SITE_001_S0240,SITE_001,69.31
SITE_001_S0241,SITE_001,69.31
SITE_001_S0242,SITE_001,69.31
SITE_001_S0243,SITE_001,69.31
SITE_001_S0244,SITE_001,69.31
SITE_001_S0245,SITE_001,69.31
SITE_001_S0246,SITE_001,69.31
SITE_001_S0247,SITE_001,69.31
SITE_001_S0248,SITE_001,69.31
SITE_001_S0249,SITE_001,69.31
SITE_001_S0250,SITE_001,69.31
SITE_001_S0251,SITE_001,69.31
SITE_001_S0252,SITE_001,69.31
SITE_001_S0253,SITE_001,69.31
SITE_001_S0254,SITE_001,69.31
SITE_001_S0255,SITE_001,69.31
SITE_001_S0256,SITE_001,69.31
SITE_001_S0257,SITE_001,69.31
SITE_001_S0258,SITE_001,69.31
SITE_001_S0259,SITE_001,69.31
SITE_001_S0260,SITE_001,69.31
SITE_001_S0261,SITE_001,69.31
SITE_001_S0262,SITE_001,69.31
SITE_001_S0263,SITE_001,69.31
SITE_001_S0264,SITE_001,69.31
SITE_001_S0265,SITE_001,69.31
SITE_001_S0266,SITE_001,69.31
SITE_001_S0267,SITE_001,69.31
SITE_001_S0268,SITE_001,69.31
SITE_001_S0269,SITE_001,69.31
SITE_001_S0270,SITE_001,69.31
SITE_001_S0271,SITE_001,69.31
SITE_001_S0272,SITE_001,69.31
SITE_001_S0273,SITE_001,69.31
SITE_001_S0274,SITE_001,69.31
SITE_001_S0275,SITE_001,69.31
SITE_001_S0276,SITE_001,69.31
SITE_001_S0277,SITE_001,69.31
SITE_001_S0278,SITE_001,69.31
SITE_001_S0279,SITE_001,69.31
SITE_001_S0280,SITE_001,69.31
SITE_001_S0281,SITE_001,69.31
SITE_001_S0282,SITE_001,69.31
SITE_001_S0283,SITE_001,69.31
SITE_001_S0284,SITE_001,69.31
SITE_001_S0285,SITE_001,69.31
SITE_001_S0286,SITE_001,69.31
SITE_001_S0287,SITE_001,69.31
SITE_001_S0288,SITE_001,69.31
SITE_001_S0289,SITE_001,69.31
SITE_001_S0290,SITE_001,69.31
SITE_001_S0291,SITE_001,69.31
SITE_001_S0292,SITE_001,69.31
SITE_001_S0293,SITE_001,69.31
SITE_001_S0294,SITE_001,69.31
SITE_001_S0295,SITE_001,69.31
SITE_001_S0296,SITE_001,69.31
SITE_001_S0297,SITE_001,69.31
SITE_001_S0298,SITE_001,69.31
SITE_001_S0299,SITE_001,69.31
SITE_001_S0300,SITE_001,69.31
SITE_001_S0301,SITE_001,69.31
SITE_001_S0302,SITE_001,69.31
SITE_001_S0303,SITE_001,69.31
SITE_001_S0304,SITE_001,69.31
SITE_001_S0305,SITE_001,69.31
SITE_001_S0306,SITE_001,69.31
SITE_001_S0307,SITE_001,69.31
SITE_001_S0308,SITE_001,69.31
SITE_001_S0309,SITE_001,69.31
SITE_001_S0310,SITE_001,69.31
SITE_001_S0311,SITE_001,69.31
SITE_001_S0312,SITE_001,69.31
SITE_001_S0313,SITE_001,69.31
SITE_001_S0314,SITE_001,69.31
SITE_001_S0315,SITE_001,69.31
SITE_001_S0316,SITE_001,69.31
SITE_001_S0317,SITE_001,69.31
SITE_001_S0318,SITE_001,69.31
SITE_001_S0319,SITE_001,69.31
SITE_001_S0320,SITE_001,69.31
SITE_001_S0321,SITE_001,69.31
SITE_001_S0322,SITE_001,69.31
SITE_001_S0323,SITE_001,69.31
SITE_001_S0324,SITE_001,69.31
SITE_001_S0325,SITE_001,69.31
SITE_001_S0326,SITE_001,69.31
SITE_001_S0327,SITE_001,69.31
SITE_001_S0328,SITE_001,69.31
SITE_001_S0329,SITE_001,69.31
SITE_001_S0330,SITE_001,69.31
SITE_001_S0331,SITE_001,69.31
SITE_001_S0332,SITE_001,69.31
SITE_001_S0333,SITE_001,69.31
SITE_001_S0334,SITE_001,69.31
SITE_001_S0335,SITE_001,69.31
SITE_001_S0336,SITE_001,69.31
SITE_001_S0337,SITE_001,69.31
SITE_001_S0338,SITE_001,69.31
SITE_001_S0339,SITE_001,69.31
SITE_001_S0340,SITE_001,69.31
SITE_001_S0341,SITE_001,69.31
SITE_001_S0342,SITE_001,69.31
SITE_001_S0343,SITE_001,69.31
SITE_001_S0344,SITE_001,69.31
SITE_001_S0345,SITE_001,69.31
SITE_001_S0346,SITE_001,69.31
SITE_001_S0347,SITE_001,69.31
SITE_001_S0348,SITE_001,69.31
SITE_001_S0349,SITE_001,69.31
SITE_001_S0350,SITE_001,69.31
SITE_001_S0351,SITE_001,69.31
SITE_001_S0352,SITE_001,69.31
SITE_001_S0353,SITE_001,69.31
SITE_001_S0354,SITE_001,69.31
SITE_001_S0355,SITE_001,69.31
SITE_001_S0356,SITE_001,69.31
SITE_001_S0357,SITE_001,69.31
SITE_001_S0358,SITE_001,69.31
SITE_001_S0359,SITE_001,69.31
SITE_001_S0360,SITE_001,69.31
SITE_001_S0361,SITE_001,69.31
SITE_001_S0362,SITE_001,69.31
SITE_001_S0363,SITE_001,69.31
SITE_001_S0364,SITE_001,69.31
SITE_001_S0365,SITE_001,69.31
SITE_001_S0366,SITE_001,69.31
SITE_001_S0367,SITE_001,69.31
SITE_001_S0368,SITE_001,69.31
SITE_001_S0369,SITE_001,69.31
SITE_001_S0370,SITE_001,69.31
SITE_001_S0371,SITE_001,69.31
SITE_001_S0372,SITE_001,69.31
SITE_001_S0373,SITE_001,69.31
SITE_001_S0374,SITE_001,69.31
SITE_001_S0375,SITE_001,69.31
SITE_001_S0376,SITE_001,69.31
SITE_001_S0377,SITE_001,69.31
SITE_001_S0378,SITE_001,69.31
SITE_001_S0379,SITE_001,69.31
SITE_001_S0380,SITE_001,69.31
SITE_001_S0381,SITE_001,69.31
SITE_001_S0382,SITE_001,69.31
SITE_001_S0383,SITE_001,69.31
SITE_001_S0384,SITE_001,69.31
SITE_001_S0385,SITE_001,69.31
SITE_001_S0386,SITE_001,69.31
SITE_001_S0387,SITE_001,69.31
SITE_001_S0388,SITE_001,69.31
SITE_001_S0389,SITE_001,69.31
SITE_001_S0390,SITE_001,69.31
SITE_001_S0391,SITE_001,69.31
SITE_001_S0392,SITE_001,69.31
SITE_001_S0393,SITE_001,69.31
SITE_001_S0394,SITE_001,69.31
SITE_001_S0395,SITE_001,69.31
SITE_001_S0396,SITE_001,69.31
SITE_001_S0397,SITE_001,69.31
SITE_001_S0398,SITE_001,69.31
SITE_001_S0399,SITE_001,69.31
SITE_001_S0400,SITE_001,69.31
SITE_001_S0401,SITE_001,69.31
SITE_001_S0402,SITE_001,69.31
SITE_001_S0403,SITE_001,69.31
SITE_001_S0404,SITE_001,69.31
SITE_001_S0405,SITE_001,69.31
SITE_001_S0406,SITE_001,69.31
SITE_001_S0407,SITE_001,69.31
SITE_001_S0408,SITE_001,69.31
SITE_001_S0409,SITE_001,69.31
SITE_001_S0410,SITE_001,69.31
SITE_001_S0411,SITE_001,69.31
SITE_001_S0412,SITE_001,69.31
SITE_001_S0413,SITE_001,69.31
SITE_001_S0414,SITE_001,69.31
SITE_001_S0415,SITE_001,69.31
SITE_001_S0416,SITE_001,69.31
SITE_001_S0417,SITE_001,69.31
SITE_001_S0418,SITE_001,69.31
SITE_001_S0419,SITE_001,69.31
SITE_001_S0420,SITE_001,69.31
SITE_001_S0421,SITE_001,69.31
SITE_001_S0422,SITE_001,69.31
SITE_001_S0423,SITE_001,69.31
SITE_001_S0424,SITE_001,69.31
SITE_001_S0425,SITE_001,69.31
SITE_001_S0426,SITE_001,69.31
SITE_001_S0427,SITE_001,69.31
SITE_001_S0428,SITE_001,69.31
SITE_001_S0429,SITE_001,69.31
SITE_001_S0430,SITE_001,69.31
SITE_001_S0431,SITE_001,69.31
SITE_001_S0432,SITE_001,69.31
SITE_001_S0433,SITE_001,69.31
SITE_001_S0434,SITE_001,69.31
SITE_001_S0435,SITE_001,69.31
SITE_001_S0436,SITE_001,69.31
SITE_001_S0437,SITE_001,69.31
SITE_001_S0438,SITE_001,69.31
SITE_001_S0439,SITE_001,69.31
SITE_001_S0440,SITE_001,69.31
SITE_001_S0441,SITE_001,69.31
SITE_001_S0442,SITE_001,69.31
SITE_001_S0443,SITE_001,69.31
SITE_001_S0444,SITE_001,69.31
SITE_001_S0445,SITE_001,69.31
SITE_001_S0446,SITE_001,69.31
SITE_001_S0447,SITE_001,69.31
SITE_001_S0448,SITE_001,69.31
SITE_001_S0449,SITE_001,69.31
SITE_001_S0450,SITE_001,69.31
SITE_001_S0451,SITE_001,69.31
SITE_001_S0452,SITE_001,69.31
SITE_001_S0453,SITE_001,69.31
SITE_001_S0454,SITE_001,69.31
SITE_001_S0455,SITE_001,69.31
SITE_001_S0456,SITE_001,69.31
SITE_001_S0457,SITE_001,69.31
SITE_001_S0458,SITE_001,69.31
SITE_001_S0459,SITE_001,69.31
SITE_001_S0460,SITE_001,69.31
SITE_001_S0461,SITE_001,69.31
SITE_001_S0462,SITE_001,69.31
SITE_001_S0463,SITE_001,69.31
SITE_001_S0464,SITE_001,69.31
SITE_001_S0465,SITE_001,69.31
SITE_001_S0466,SITE_001,69.31
SITE_001_S0467,SITE_001,69.31
SITE_001_S0468,SITE_001,69.31
SITE_001_S0469,SITE_001,69.31
SITE_001_S0470,SITE_001,69.31
SITE_001_S0471,SITE_001,69.31
SITE_001_S0472,SITE_001,69.31
SITE_001_S0473,SITE_001,69.31
SITE_001_S0474,SITE_001,69.31
SITE_001_S0475,SITE_001,69.31
SITE_001_S0476,SITE_001,69.31
SITE_001_S0477,SITE_001,69.31
SITE_001_S0478,SITE_001,69.31
SITE_001_S0479,SITE_001,69.31
SITE_001_S0480,SITE_001,69.31
SITE_001_S0481,SITE_001,69.31
SITE_001_S0482,SITE_001,69.31
SITE_001_S0483,SITE_001,69.31
SITE_001_S0484,SITE_001,69.31
SITE_001_S0485,SITE_001,69.31
SITE_001_S0486,SITE_001,69.31
SITE_001_S0487,SITE_001,69.31
SITE_001_S0488,SITE_001,69.31
SITE_001_S0489,SITE_001,69.31
SITE_001_S0490,SITE_001,69.31
SITE_001_S0491,SITE_001,69.31
SITE_001_S0492,SITE_001,69.31
SITE_001_S0493,SITE_001,69.31
SITE_001_S0494,SITE_001,69.31
SITE_001_S0495,SITE_001,69.31
SITE_001_S0496,SITE_001,69.31
SITE_001_S0497,SITE_001,69.31
SITE_001_S0498,SITE_001,69.31
SITE_001_S0499,SITE_001,69.31
SITE_001_S0500,SITE_001,69.31
SITE_001_S0501,SITE_001,69.31
SITE_001_S0502,SITE_001,69.31
SITE_001_S0503,SITE_001,69.31
SITE_001_S0504,SITE_001,69.31
SITE_001_S0505,SITE_001,69.31
SITE_001_S0506,SITE_001,69.31
SITE_001_S0507,SITE_001,69.31
SITE_001_S0508,SITE_001,69.31
SITE_001_S0509,SITE_001,69.31
SITE_001_S0510,SITE_001,69.31
SITE_001_S0511,SITE_001,69.31
SITE_001_S0512,SITE_001,69.31
SITE_001_S0513,SITE_001,69.31
SITE_001_S0514,SITE_001,69.31
SITE_001_S0515,SITE_001,69.31
SITE_001_S0516,SITE_001,69.31
SITE_001_S0517,SITE_001,69.31
SITE_001_S0518,SITE_001,69.31
SITE_001_S0519,SITE_001,69.31
SITE_001_S0520,SITE_001,69.31
SITE_001_S0521,SITE_001,69.31
SITE_001_S0522,SITE_001,69.31
SITE_001_S0523,SITE_001,69.31
SITE_001_S0524,SITE_001,69.31
SITE_001_S0525,SITE_001,69.31
SITE_001_S0526,SITE_001,69.31
SITE_001_S0527,SITE_001,69.31
SITE_001_S0528,SITE_001,69.31
SITE_001_S0529,SITE_001,69.31
SITE_001_S0530,SITE_001,69.31
SITE_001_S0531,SITE_001,69.31
SITE_001_S0532,SITE_001,69.31
SITE_001_S0533,SITE_001,69.31
SITE_001_S0534,SITE_001,69.31
SITE_001_S0535,SITE_001,69.31
SITE_001_S0536,SITE_001,69.31
SITE_001_S0537,SITE_001,69.31
SITE_001_S0538,SITE_001,69.31
SITE_001_S0539,SITE_001,69.31
SITE_001_S0540,SITE_001,69.31
SITE_001_S0541,SITE_001,69.31
SITE_001_S0542,SITE_001,69.31
SITE_001_S0543,SITE_001,69.31
SITE_001_S0544,SITE_001,69.31
SITE_001_S0545,SITE_001,69.31
SITE_001_S0546,SITE_001,69.31
SITE_001_S0547,SITE_001,69.31
SITE_001_S0548,SITE_001,69.31
SITE_001_S0549,SITE_001,69.31
SITE_001_S0550,SITE_001,69.31
SITE_001_S0551,SITE_001,69.31
SITE_001_S0552,SITE_001,69.31
SITE_001_S0553,SITE_001,69.31
SITE_001_S0554,SITE_001,69.31
SITE_001_S0555,SITE_001,69.31
SITE_001_S0556,SITE_001,69.31
SITE_001_S0557,SITE_001,69.31
SITE_001_S0558,SITE_001,69.31
SITE_001_S0559,SITE_001,69.31
SITE_001_S0560,SITE_001,69.31
SITE_001_S0561,SITE_001,69.31
SITE_001_S0562,SITE_001,69.31
SITE_001_S0563,SITE_001,69.31
SITE_001_S0564,SITE_001,69.31
SITE_001_S0565,SITE_001,69.31
SITE_001_S0566,SITE_001,69.31
SITE_001_S0567,SITE_001,69.31
SITE_001_S0568,SITE_001,69.31
SITE_001_S0569,SITE_001,69.31
SITE_001_S0570,SITE_001,69.31
SITE_001_S0571,SITE_001,69.31
SITE_001_S0572,SITE_001,69.31
SITE_001_S0573,SITE_001,69.31
SITE_001_S0574,SITE_001,69.31
SITE_001_S0575,SITE_001,69.31
SITE_001_S0576,SITE_001,69.31
SITE_001_S0577,SITE_001,69.31
SITE_001_S0578,SITE_001,69.31
SITE_001_S0579,SITE_001,69.31
SITE_001_S0580,SITE_001,69.31
SITE_001_S0581,SITE_001,69.31
SITE_001_S0582,SITE_001,69.31
SITE_001_S0583,SITE_001,69.31
SITE_001_S0584,SITE_001,69.31
SITE_001_S0585,SITE_001,69.31
SITE_001_S0586,SITE_001,69.31
SITE_001_S0587,SITE_001,69.31
SITE_001_S0588,SITE_001,69.31
SITE_001_S0589,SITE_001,69.31
SITE_001_S0590,SITE_001,69.31
SITE_001_S0591,SITE_001,69.31
SITE_001_S0592,SITE_001,69.31
SITE_001_S0593,SITE_001,69.31
SITE_001_S0594,SITE_001,69.31
SITE_001_S0595,SITE_001,69.31
SITE_001_S0596,SITE_001,69.31
SITE_001_S0597,SITE_001,69.31
SITE_001_S0598,SITE_001,69.31
SITE_001_S0599,SITE_001,69.31
SITE_001_S0600,SITE_001,69.31
SITE_001_S0601,SITE_001,69.31
SITE_001_S0602,SITE_001,69.31
SITE_001_S0603,SITE_001,69.31
SITE_001_S0604,SITE_001,69.31
SITE_001_S0605,SITE_001,69.31
SITE_001_S0606,SITE_001,69.31
SITE_001_S0607,SITE_001,69.31
SITE_001_S0608,SITE_001,69.31
SITE_001_S0609,SITE_001,69.31
SITE_001_S0610,SITE_001,69.31
SITE_001_S0611,SITE_001,69.31
SITE_001_S0612,SITE_001,69.31
SITE_001_S0613,SITE_001,69.31
SITE_001_S0614,SITE_001,69.31
SITE_001_S0615,SITE_001,69.31
SITE_001_S0616,SITE_001,69.31
SITE_001_S0617,SITE_001,69.31
SITE_001_S0618,SITE_001,69.31
SITE_001_S0619,SITE_001,69.31
SITE_001_S0620,SITE_001,69.31
SITE_001_S0621,SITE_001,69.31
SITE_001_S0622,SITE_001,69.31
SITE_001_S0623,SITE_001,69.31
SITE_001_S0624,SITE_001,69.31
SITE_001_S0625,SITE_001,69.31
SITE_001_S0626,SITE_001,69.31
SITE_001_S0627,SITE_001,69.31
SITE_001_S0628,SITE_001,69.31
SITE_001_S0629,SITE_001,69.31
SITE_001_S0630,SITE_001,69.31
SITE_001_S0631,SITE_001,69.31
SITE_001_S0632,SITE_001,69.31
SITE_001_S0633,SITE_001,69.31
SITE_001_S0634,SITE_001,69.31
SITE_001_S0635,SITE_001,69.31
SITE_001_S0636,SITE_001,69.31
SITE_001_S0637,SITE_001,69.31
SITE_001_S0638,SITE_001,69.31
SITE_001_S0639,SITE_001,69.31
SITE_001_S0640,SITE_001,69.31
SITE_001_S0641,SITE_001,69.31
SITE_001_S0642,SITE_001,69.31
SITE_001_S0643,SITE_001,69.31
SITE_001_S0644,SITE_001,69.31
SITE_001_S0645,SITE_001,69.31
SITE_001_S0646,SITE_001,69.31
SITE_001_S0647,SITE_001,69.31
SITE_001_S0648,SITE_001,69.31
SITE_001_S0649,SITE_001,69.31
SITE_001_S0650,SITE_001,69.31
SITE_001_S0651,SITE_001,69.31
SITE_001_S0652,SITE_001,69.31
SITE_001_S0653,SITE_001,69.31
SITE_001_S0654,SITE_001,69.31
SITE_001_S0655,SITE_001,69.31
SITE_001_S0656,SITE_001,69.31
SITE_001_S0657,SITE_001,69.31
SITE_001_S0658,SITE_001,69.31
SITE_001_S0659,SITE_001,69.31
SITE_001_S0660,SITE_001,69.31
SITE_001_S0661,SITE_001,69.31
SITE_001_S0662,SITE_001,69.31
SITE_001_S0663,SITE_001,69.31
SITE_001_S0664,SITE_001,69.31
SITE_001_S0665,SITE_001,69.31
SITE_001_S0666,SITE_001,69.31
SITE_001_S0667,SITE_001,69.31
SITE_001_S0668,SITE_001,69.31
SITE_001_S0669,SITE_001,69.31
SITE_001_S0670,SITE_001,69.31
SITE_001_S0671,SITE_001,69.31
SITE_001_S0672,SITE_001,69.31
SITE_001_S0673,SITE_001,69.31
SITE_001_S0674,SITE_001,69.31
SITE_001_S0675,SITE_001,69.31
SITE_001_S0676,SITE_001,69.31
SITE_001_S0677,SITE_001,69.31
SITE_001_S0678,SITE_001,69.31
SITE_001_S0679,SITE_001,69.31
SITE_001_S0680,SITE_001,69.31
SITE_001_S0681,SITE_001,69.31
SITE_001_S0682,SITE_001,69.31
SITE_001_S0683,SITE_001,69.31
SITE_001_S0684,SITE_001,69.31
SITE_001_S0685,SITE_001,69.31
SITE_001_S0686,SITE_001,69.31
SITE_001_S0687,SITE_001,69.31
SITE_001_S0688,SITE_001,69.31
SITE_001_S0689,SITE_001,69.31
SITE_001_S0690,SITE_001,69.31
SITE_001_S0691,SITE_001,69.31
SITE_001_S0692,SITE_001,69.31
SITE_001_S0693,SITE_001,69.31
SITE_001_S0694,SITE_001,69.31
SITE_001_S0695,SITE_001,69.31
SITE_001_S0696,SITE_001,69.31
SITE_001_S0697,SITE_001,69.31
SITE_001_S0698,SITE_001,69.31
SITE_001_S0699,SITE_001,69.31
SITE_001_S0700,SITE_001,69.31
SITE_001_S0701,SITE_001,69.31
SITE_001_S0702,SITE_001,69.31
SITE_001_S0703,SITE_001,69.31
SITE_001_S0704,SITE_001,69.31
SITE_001_S0705,SITE_001,69.31
SITE_001_S0706,SITE_001,69.31
SITE_001_S0707,SITE_001,69.31
SITE_001_S0708,SITE_001,69.31
SITE_001_S0709,SITE_001,69.31
SITE_001_S0710,SITE_001,69.31
SITE_001_S0711,SITE_001,69.31
SITE_001_S0712,SITE_001,69.31
SITE_001_S0713,SITE_001,69.31
SITE_001_S0714,SITE_001,69.31
SITE_001_S0715,SITE_001,69.31
SITE_001_S0716,SITE_001,69.31
SITE_001_S0717,SITE_001,69.31
SITE_001_S0718,SITE_001,69.31
SITE_001_S0719,SITE_001,69.31
SITE_002_S0001,SITE_002,9
SITE_002_S0002,SITE_002,9
SITE_002_S0003,SITE_002,9
SITE_002_S0004,SITE_002,9
SITE_002_S0005,SITE_002,9
SITE_002_S0006,SITE_002,9
SITE_002_S0007,SITE_002,9
SITE_002_S0008,SITE_002,9
SITE_002_S0009,SITE_002,9
SITE_002_S0010,SITE_002,9
SITE_002_S0011,SITE_002,9
SITE_002_S0012,SITE_002,9
SITE_002_S0013,SITE_002,9
SITE_002_S0014,SITE_002,9
SITE_002_S0015,SITE_002,9
SITE_002_S0016,SITE_002,9
SITE_002_S0017,SITE_002,9
SITE_002_S0018,SITE_002,9
SITE_002_S0019,SITE_002,9
SITE_002_S0020,SITE_002,9
SITE_002_S0021,SITE_002,9
SITE_002_S0022,SITE_002,9
SITE_002_S0023,SITE_002,9
SITE_002_S0024,SITE_002,9
SITE_002_S0025,SITE_002,9
SITE_002_S0026,SITE_002,9
SITE_002_S0027,SITE_002,9
SITE_002_S0028,SITE_002,9
SITE_002_S0029,SITE_002,9
SITE_002_S0030,SITE_002,9
SITE_002_S0031,SITE_002,9
SITE_002_S0032,SITE_002,9
SITE_002_S0033,SITE_002,9
SITE_002_S0034,SITE_002,9
SITE_002_S0035,SITE_002,9
SITE_002_S0036,SITE_002,9
SITE_002_S0037,SITE_002,9
SITE_002_S0038,SITE_002,9
SITE_002_S0039,SITE_002,9
SITE_002_S0040,SITE_002,9
SITE_002_S0041,SITE_002,9
SITE_002_S0042,SITE_002,9
SITE_002_S0043,SITE_002,9
SITE_002_S0044,SITE_002,9
SITE_002_S0045,SITE_002,9
SITE_002_S0046,SITE_002,9
SITE_002_S0047,SITE_002,9
SITE_002_S0048,SITE_002,9
SITE_002_S0049,SITE_002,9
SITE_002_S0050,SITE_002,9
SITE_002_S0051,SITE_002,9
SITE_002_S0052,SITE_002,9
SITE_002_S0053,SITE_002,9
SITE_002_S0054,SITE_002,9
SITE_002_S0055,SITE_002,9
SITE_002_S0056,SITE_002,9
SITE_002_S0057,SITE_002,9
SITE_002_S0058,SITE_002,9
SITE_002_S0059,SITE_002,9
SITE_002_S0060,SITE_002,9
SITE_002_S0061,SITE_002,9
SITE_002_S0062,SITE_002,9
SITE_002_S0063,SITE_002,9
SITE_002_S0064,SITE_002,9
SITE_002_S0065,SITE_002,9
SITE_002_S0066,SITE_002,9
SITE_002_S0067,SITE_002,9
SITE_002_S0068,SITE_002,9
SITE_002_S0069,SITE_002,9
SITE_002_S0070,SITE_002,9
SITE_002_S0071,SITE_002,9
SITE_002_S0072,SITE_002,9
SITE_002_S0073,SITE_002,9
SITE_002_S0074,SITE_002,9
SITE_002_S0075,SITE_002,9
SITE_002_S0076,SITE_002,9
SITE_002_S0077,SITE_002,9
SITE_002_S0078,SITE_002,9
SITE_002_S0079,SITE_002,9
SITE_002_S0080,SITE_002,9
SITE_002_S0081,SITE_002,9
SITE_002_S0082,SITE_002,9
SITE_002_S0083,SITE_002,9
SITE_002_S0084,SITE_002,9
SITE_002_S0085,SITE_002,9
SITE_002_S0086,SITE_002,9
SITE_002_S0087,SITE_002,9
SITE_002_S0088,SITE_002,9
SITE_002_S0089,SITE_002,9
SITE_002_S0090,SITE_002,9
SITE_002_S0091,SITE_002,9
SITE_002_S0092,SITE_002,9
SITE_002_S0093,SITE_002,9
SITE_002_S0094,SITE_002,9
SITE_002_S0095,SITE_002,9
SITE_002_S0096,SITE_002,9
SITE_002_S0097,SITE_002,9
SITE_002_S0098,SITE_002,9
SITE_002_S0099,SITE_002,9
SITE_002_S0100,SITE_002,9
SITE_002_S0101,SITE_002,9
SITE_002_S0102,SITE_002,9
SITE_002_S0103,SITE_002,9
SITE_002_S0104,SITE_002,9
SITE_002_S0105,SITE_002,9
SITE_002_S0106,SITE_002,9
SITE_002_S0107,SITE_002,9
SITE_002_S0108,SITE_002,9
SITE_002_S0109,SITE_002,9
SITE_002_S0110,SITE_002,9
SITE_002_S0111,SITE_002,9
SITE_002_S0112,SITE_002,9
SITE_002_S0113,SITE_002,9
SITE_002_S0114,SITE_002,9
SITE_002_S0115,SITE_002,9
SITE_002_S0116,SITE_002,9
SITE_002_S0117,SITE_002,9
SITE_002_S0118,SITE_002,9
SITE_002_S0119,SITE_002,9
SITE_002_S0120,SITE_002,9
SITE_002_S0121,SITE_002,9
SITE_002_S0122,SITE_002,9
SITE_002_S0123,SITE_002,9
SITE_002_S0124,SITE_002,9
SITE_002_S0125,SITE_002,9
SITE_002_S0126,SITE_002,9
SITE_002_S0127,SITE_002,9
SITE_002_S0128,SITE_002,9
SITE_002_S0129,SITE_002,9
SITE_002_S0130,SITE_002,9
SITE_002_S0131,SITE_002,9
SITE_002_S0132,SITE_002,9
SITE_002_S0133,SITE_002,9
SITE_002_S0134,SITE_002,9
SITE_002_S0135,SITE_002,9
SITE_002_S0136,SITE_002,9
SITE_002_S0137,SITE_002,9
SITE_002_S0138,SITE_002,9
SITE_002_S0139,SITE_002,9
SITE_002_S0140,SITE_002,9
SITE_002_S0141,SITE_002,9
SITE_002_S0142,SITE_002,9
SITE_002_S0143,SITE_002,9
SITE_002_S0144,SITE_002,9
SITE_002_S0145,SITE_002,9
SITE_002_S0146,SITE_002,9
SITE_002_S0147,SITE_002,9
SITE_002_S0148,SITE_002,9
SITE_002_S0149,SITE_002,9
SITE_002_S0150,SITE_002,9
SITE_002_S0151,SITE_002,9
SITE_002_S0152,SITE_002,9
SITE_002_S0153,SITE_002,9
SITE_002_S0154,SITE_002,9
SITE_002_S0155,SITE_002,9
SITE_002_S0156,SITE_002,9
SITE_002_S0157,SITE_002,9
SITE_002_S0158,SITE_002,9
SITE_002_S0159,SITE_002,9
SITE_002_S0160,SITE_002,9
SITE_002_S0161,SITE_002,9
SITE_002_S0162,SITE_002,9
SITE_002_S0163,SITE_002,9
SITE_002_S0164,SITE_002,9
SITE_002_S0165,SITE_002,9
SITE_002_S0166,SITE_002,9
SITE_002_S0167,SITE_002,9
SITE_002_S0168,SITE_002,9
SITE_002_S0169,SITE_002,9
SITE_002_S0170,SITE_002,9
SITE_002_S0171,SITE_002,9
SITE_002_S0172,SITE_002,9
SITE_002_S0173,SITE_002,9
SITE_002_S0174,SITE_002,9
SITE_002_S0175,SITE_002,9
SITE_002_S0176,SITE_002,9
SITE_002_S0177,SITE_002,9
SITE_002_S0178,SITE_002,9
SITE_002_S0179,SITE_002,9
SITE_002_S0180,SITE_002,9
SITE_002_S0181,SITE_002,9
SITE_002_S0182,SITE_002,9
SITE_002_S0183,SITE_002,9
SITE_002_S0184,SITE_002,9
SITE_002_S0185,SITE_002,9
SITE_002_S0186,SITE_002,9
SITE_002_S0187,SITE_002,9
SITE_002_S0188,SITE_002,9
SITE_002_S0189,SITE_002,9
SITE_002_S0190,SITE_002,9
SITE_002_S0191,SITE_002,9
SITE_002_S0192,SITE_002,9
SITE_002_S0193,SITE_002,9
SITE_002_S0194,SITE_002,9
SITE_002_S0195,SITE_002,9
SITE_002_S0196,SITE_002,9
SITE_002_S0197,SITE_002,9
SITE_002_S0198,SITE_002,9
SITE_002_S0199,SITE_002,9
SITE_002_S0200,SITE_002,9
SITE_002_S0201,SITE_002,9
SITE_002_S0202,SITE_002,9
SITE_002_S0203,SITE_002,9
SITE_002_S0204,SITE_002,9
SITE_002_S0205,SITE_002,9
SITE_002_S0206,SITE_002,9
SITE_002_S0207,SITE_002,9
SITE_002_S0208,SITE_002,9
SITE_002_S0209,SITE_002,9
SITE_002_S0210,SITE_002,9
SITE_002_S0211,SITE_002,9
SITE_002_S0212,SITE_002,9
SITE_002_S0213,SITE_002,9
SITE_002_S0214,SITE_002,9
SITE_002_S0215,SITE_002,9
SITE_002_S0216,SITE_002,9
SITE_002_S0217,SITE_002,9
SITE_002_S0218,SITE_002,9
SITE_002_S0219,SITE_002,9
SITE_002_S0220,SITE_002,9
SITE_002_S0221,SITE_002,9
SITE_002_S0222,SITE_002,9
SITE_002_S0223,SITE_002,9
SITE_002_S0224,SITE_002,9
SITE_002_S0225,SITE_002,9
SITE_002_S0226,SITE_002,9
SITE_002_S0227,SITE_002,9
SITE_002_S0228,SITE_002,9
SITE_002_S0229,SITE_002,9
SITE_002_S0230,SITE_002,9
SITE_002_S0231,SITE_002,9
SITE_002_S0232,SITE_002,9
SITE_002_S0233,SITE_002,9
SITE_002_S0234,SITE_002,9
SITE_002_S0235,SITE_002,9
SITE_002_S0236,SITE_002,9
SITE_002_S0237,SITE_002,9
SITE_002_S0238,SITE_002,9
SITE_002_S0239,SITE_002,9
SITE_002_S0240,SITE_002,9
SITE_002_S0241,SITE_002,9
SITE_002_S0242,SITE_002,9
SITE_002_S0243,SITE_002,9
SITE_002_S0244,SITE_002,9
SITE_002_S0245,SITE_002,9
SITE_002_S0246,SITE_002,9
SITE_002_S0247,SITE_002,9
SITE_002_S0248,SITE_002,9
SITE_002_S0249,SITE_002,9
SITE_002_S0250,SITE_002,9
SITE_002_S0251,SITE_002,9
SITE_002_S0252,SITE_002,9
SITE_002_S0253,SITE_002,9
SITE_002_S0254,SITE_002,9
SITE_002_S0255,SITE_002,9
SITE_002_S0256,SITE_002,9
SITE_002_S0257,SITE_002,9
SITE_002_S0258,SITE_002,9
SITE_002_S0259,SITE_002,9
SITE_002_S0260,SITE_002,9
SITE_002_S0261,SITE_002,9
SITE_002_S0262,SITE_002,9
SITE_002_S0263,SITE_002,9
SITE_002_S0264,SITE_002,9
SITE_002_S0265,SITE_002,9
SITE_002_S0266,SITE_002,9
SITE_002_S0267,SITE_002,9
SITE_002_S0268,SITE_002,9
SITE_002_S0269,SITE_002,9
SITE_002_S0270,SITE_002,9
SITE_003_S0001,SITE_003,8
SITE_003_S0002,SITE_003,8
SITE_003_S0003,SITE_003,8
SITE_003_S0004,SITE_003,8
SITE_003_S0005,SITE_003,8
SITE_003_S0006,SITE_003,8
SITE_003_S0007,SITE_003,8
SITE_003_S0008,SITE_003,8
SITE_003_S0009,SITE_003,8
SITE_003_S0010,SITE_003,8
SITE_003_S0011,SITE_003,8
SITE_003_S0012,SITE_003,8
SITE_003_S0013,SITE_003,8
SITE_003_S0014,SITE_003,8
SITE_003_S0015,SITE_003,8
SITE_003_S0016,SITE_003,8
SITE_003_S0017,SITE_003,8
SITE_003_S0018,SITE_003,8
SITE_003_S0019,SITE_003,8
SITE_003_S0020,SITE_003,8
SITE_003_S0021,SITE_003,8
SITE_003_S0022,SITE_003,8
SITE_003_S0023,SITE_003,8
SITE_003_S0024,SITE_003,8
SITE_003_S0025,SITE_003,8
SITE_003_S0026,SITE_003,8
SITE_003_S0027,SITE_003,8
SITE_003_S0028,SITE_003,8
SITE_003_S0029,SITE_003,8
SITE_003_S0030,SITE_003,8
SITE_003_S0031,SITE_003,8
SITE_003_S0032,SITE_003,8
SITE_003_S0033,SITE_003,8
SITE_003_S0034,SITE_003,8
SITE_003_S0035,SITE_003,8
SITE_003_S0036,SITE_003,8
SITE_003_S0037,SITE_003,8
SITE_003_S0038,SITE_003,8
SITE_003_S0039,SITE_003,8
SITE_003_S0040,SITE_003,8
SITE_003_S0041,SITE_003,8
SITE_003_S0042,SITE_003,8
SITE_003_S0043,SITE_003,8
SITE_003_S0044,SITE_003,8
SITE_003_S0045,SITE_003,8
SITE_003_S0046,SITE_003,8
SITE_003_S0047,SITE_003,8
SITE_003_S0048,SITE_003,8
SITE_003_S0049,SITE_003,8
SITE_003_S0050,SITE_003,8
SITE_003_S0051,SITE_003,8
SITE_003_S0052,SITE_003,8
SITE_003_S0053,SITE_003,8
SITE_003_S0054,SITE_003,8
SITE_003_S0055,SITE_003,8
SITE_003_S0056,SITE_003,8
SITE_003_S0057,SITE_003,8
SITE_003_S0058,SITE_003,8
SITE_003_S0059,SITE_003,8
SITE_003_S0060,SITE_003,8
SITE_003_S0061,SITE_003,8
SITE_003_S0062,SITE_003,8
SITE_003_S0063,SITE_003,8
SITE_003_S0064,SITE_003,8
SITE_003_S0065,SITE_003,8
SITE_003_S0066,SITE_003,8
SITE_003_S0067,SITE_003,8
SITE_003_S0068,SITE_003,8
SITE_003_S0069,SITE_003,8
SITE_003_S0070,SITE_003,8
SITE_003_S0071,SITE_003,8
SITE_003_S0072,SITE_003,8
SITE_003_S0073,SITE_003,8
SITE_003_S0074,SITE_003,8
SITE_003_S0075,SITE_003,8
SITE_003_S0076,SITE_003,8
SITE_003_S0077,SITE_003,8
SITE_003_S0078,SITE_003,8
SITE_003_S0079,SITE_003,8
SITE_003_S0080,SITE_003,8
SITE_003_S0081,SITE_003,8
SITE_003_S0082,SITE_003,8
SITE_003_S0083,SITE_003,8
SITE_003_S0084,SITE_003,8
SITE_003_S0085,SITE_003,8
SITE_003_S0086,SITE_003,8
SITE_003_S0087,SITE_003,8
SITE_003_S0088,SITE_003,8
SITE_003_S0089,SITE_003,8
SITE_003_S0090,SITE_003,8
SITE_003_S0091,SITE_003,8
SITE_003_S0092,SITE_003,8
SITE_003_S0093,SITE_003,8
SITE_003_S0094,SITE_003,8
SITE_003_S0095,SITE_003,8
SITE_003_S0096,SITE_003,8
SITE_003_S0097,SITE_003,8
SITE_003_S0098,SITE_003,8
SITE_003_S0099,SITE_003,8
SITE_003_S0100,SITE_003,8
SITE_003_S0101,SITE_003,8
SITE_003_S0102,SITE_003,8
SITE_003_S0103,SITE_003,8
SITE_003_S0104,SITE_003,8
SITE_003_S0105,SITE_003,8
SITE_003_S0106,SITE_003,8
SITE_003_S0107,SITE_003,8
SITE_003_S0108,SITE_003,8
SITE_003_S0109,SITE_003,8
SITE_003_S0110,SITE_003,8
SITE_003_S0111,SITE_003,8
SITE_003_S0112,SITE_003,8
SITE_003_S0113,SITE_003,8
SITE_003_S0114,SITE_003,8
SITE_003_S0115,SITE_003,8
SITE_003_S0116,SITE_003,8
SITE_003_S0117,SITE_003,8
SITE_003_S0118,SITE_003,8
SITE_003_S0119,SITE_003,8
SITE_003_S0120,SITE_003,8
SITE_003_S0121,SITE_003,8
SITE_003_S0122,SITE_003,8
SITE_003_S0123,SITE_003,8
SITE_003_S0124,SITE_003,8
SITE_003_S0125,SITE_003,8
SITE_003_S0126,SITE_003,8
SITE_003_S0127,SITE_003,8
SITE_003_S0128,SITE_003,8
SITE_003_S0129,SITE_003,8
SITE_003_S0130,SITE_003,8
SITE_003_S0131,SITE_003,8
SITE_003_S0132,SITE_003,8
SITE_003_S0133,SITE_003,8
SITE_003_S0134,SITE_003,8
SITE_003_S0135,SITE_003,8
SITE_003_S0136,SITE_003,8
SITE_003_S0137,SITE_003,8
SITE_003_S0138,SITE_003,8
SITE_003_S0139,SITE_003,8
SITE_003_S0140,SITE_003,8
SITE_003_S0141,SITE_003,8
SITE_003_S0142,SITE_003,8
SITE_003_S0143,SITE_003,8
SITE_003_S0144,SITE_003,8
SITE_003_S0145,SITE_003,8
SITE_003_S0146,SITE_003,8
SITE_003_S0147,SITE_003,8
SITE_003_S0148,SITE_003,8
SITE_003_S0149,SITE_003,8
SITE_003_S0150,SITE_003,8
SITE_003_S0151,SITE_003,8
SITE_003_S0152,SITE_003,8
SITE_003_S0153,SITE_003,8
SITE_003_S0154,SITE_003,8
SITE_003_S0155,SITE_003,8
SITE_003_S0156,SITE_003,8
SITE_003_S0157,SITE_003,8
SITE_003_S0158,SITE_003,8
SITE_003_S0159,SITE_003,8
SITE_003_S0160,SITE_003,8
SITE_003_S0161,SITE_003,8
SITE_003_S0162,SITE_003,8
SITE_003_S0163,SITE_003,8
SITE_003_S0164,SITE_003,8
SITE_003_S0165,SITE_003,8
SITE_003_S0166,SITE_003,8
SITE_003_S0167,SITE_003,8
SITE_003_S0168,SITE_003,8
SITE_003_S0169,SITE_003,8
SITE_003_S0170,SITE_003,8
SITE_003_S0171,SITE_003,8
SITE_003_S0172,SITE_003,8
SITE_003_S0173,SITE_003,8
SITE_003_S0174,SITE_003,8
SITE_003_S0175,SITE_003,8
SITE_003_S0176,SITE_003,8
SITE_003_S0177,SITE_003,8
SITE_003_S0178,SITE_003,8
SITE_003_S0179,SITE_003,8
SITE_003_S0180,SITE_003,8
SITE_003_S0181,SITE_003,8
SITE_003_S0182,SITE_003,8
SITE_003_S0183,SITE_003,8
SITE_003_S0184,SITE_003,8
SITE_003_S0185,SITE_003,8
SITE_003_S0186,SITE_003,8
SITE_003_S0187,SITE_003,8
SITE_003_S0188,SITE_003,8
SITE_003_S0189,SITE_003,8
SITE_003_S0190,SITE_003,8
SITE_003_S0191,SITE_003,8
SITE_003_S0192,SITE_003,8
SITE_003_S0193,SITE_003,8
SITE_003_S0194,SITE_003,8
SITE_003_S0195,SITE_003,8
SITE_003_S0196,SITE_003,8
SITE_003_S0197,SITE_003,8
SITE_003_S0198,SITE_003,8
SITE_003_S0199,SITE_003,8
SITE_003_S0200,SITE_003,8
SITE_003_S0201,SITE_003,8
SITE_003_S0202,SITE_003,8
SITE_003_S0203,SITE_003,8
SITE_003_S0204,SITE_003,8
SITE_003_S0205,SITE_003,8
SITE_003_S0206,SITE_003,8
SITE_003_S0207,SITE_003,8
SITE_003_S0208,SITE_003,8
SITE_003_S0209,SITE_003,8
SITE_003_S0210,SITE_003,8
SITE_003_S0211,SITE_003,8
SITE_003_S0212,SITE_003,8
SITE_003_S0213,SITE_003,8
SITE_003_S0214,SITE_003,8
SITE_003_S0215,SITE_003,8
SITE_003_S0216,SITE_003,8
SITE_003_S0217,SITE_003,8
SITE_003_S0218,SITE_003,8
SITE_003_S0219,SITE_003,8
SITE_003_S0220,SITE_003,8
SITE_003_S0221,SITE_003,8
SITE_003_S0222,SITE_003,8
SITE_003_S0223,SITE_003,8
SITE_003_S0224,SITE_003,8
SITE_003_S0225,SITE_003,8
SITE_003_S0226,SITE_003,8
SITE_003_S0227,SITE_003,8
SITE_003_S0228,SITE_003,8
SITE_003_S0229,SITE_003,8
SITE_003_S0230,SITE_003,8
SITE_003_S0231,SITE_003,8
SITE_003_S0232,SITE_003,8
SITE_003_S0233,SITE_003,8
SITE_003_S0234,SITE_003,8
SITE_003_S0235,SITE_003,8
SITE_003_S0236,SITE_003,8
SITE_003_S0237,SITE_003,8
SITE_003_S0238,SITE_003,8
SITE_003_S0239,SITE_003,8
SITE_003_S0240,SITE_003,8
SITE_003_S0241,SITE_003,8
SITE_003_S0242,SITE_003,8
SITE_003_S0243,SITE_003,8
SITE_003_S0244,SITE_003,8
SITE_003_S0245,SITE_003,8
SITE_003_S0246,SITE_003,8
SITE_003_S0247,SITE_003,8
SITE_003_S0248,SITE_003,8
SITE_003_S0249,SITE_003,8
SITE_003_S0250,SITE_003,8
SITE_003_S0251,SITE_003,8
SITE_003_S0252,SITE_003,8
SITE_003_S0253,SITE_003,8
SITE_003_S0254,SITE_003,8
SITE_003_S0255,SITE_003,8
SITE_003_S0256,SITE_003,8
SITE_003_S0257,SITE_003,8
SITE_003_S0258,SITE_003,8
SITE_003_S0259,SITE_003,8
SITE_003_S0260,SITE_003,8
SITE_003_S0261,SITE_003,8
SITE_003_S0262,SITE_003,8
SITE_003_S0263,SITE_003,8
SITE_003_S0264,SITE_003,8
SITE_003_S0265,SITE_003,8
SITE_003_S0266,SITE_003,8
SITE_003_S0267,SITE_003,8
SITE_003_S0268,SITE_003,8
SITE_003_S0269,SITE_003,8
SITE_003_S0270,SITE_003,8
SITE_003_S0271,SITE_003,8
SITE_003_S0272,SITE_003,8
SITE_003_S0273,SITE_003,8
SITE_003_S0274,SITE_003,8
SITE_003_S0275,SITE_003,8
SITE_003_S0276,SITE_003,8
SITE_003_S0277,SITE_003,8
SITE_003_S0278,SITE_003,8
SITE_003_S0279,SITE_003,8
SITE_003_S0280,SITE_003,8
SITE_003_S0281,SITE_003,8
SITE_003_S0282,SITE_003,8
SITE_003_S0283,SITE_003,8
SITE_003_S0284,SITE_003,8
SITE_003_S0285,SITE_003,8
SITE_003_S0286,SITE_003,8
SITE_003_S0287,SITE_003,8
SITE_003_S0288,SITE_003,8
SITE_003_S0289,SITE_003,8
SITE_003_S0290,SITE_003,8
SITE_003_S0291,SITE_003,8
SITE_003_S0292,SITE_003,8
SITE_003_S0293,SITE_003,8
SITE_003_S0294,SITE_003,8
SITE_003_S0295,SITE_003,8
SITE_003_S0296,SITE_003,8
SITE_003_S0297,SITE_003,8
SITE_003_S0298,SITE_003,8
SITE_003_S0299,SITE_003,8
SITE_003_S0300,SITE_003,8
SITE_003_S0301,SITE_003,8
SITE_003_S0302,SITE_003,8
SITE_003_S0303,SITE_003,8
SITE_003_S0304,SITE_003,8
SITE_003_S0305,SITE_003,8
SITE_003_S0306,SITE_003,8
SITE_003_S0307,SITE_003,8
SITE_003_S0308,SITE_003,8
SITE_003_S0309,SITE_003,8
SITE_003_S0310,SITE_003,8
SITE_003_S0311,SITE_003,8
SITE_003_S0312,SITE_003,8
SITE_003_S0313,SITE_003,8
SITE_003_S0314,SITE_003,8
SITE_003_S0315,SITE_003,8
SITE_003_S0316,SITE_003,8
SITE_003_S0317,SITE_003,8
SITE_003_S0318,SITE_003,8
SITE_003_S0319,SITE_003,8
SITE_003_S0320,SITE_003,8
SITE_003_S0321,SITE_003,8
SITE_003_S0322,SITE_003,8
SITE_003_S0323,SITE_003,8
SITE_003_S0324,SITE_003,8
SITE_003_S0325,SITE_003,8
SITE_003_S0326,SITE_003,8
SITE_003_S0327,SITE_003,8
SITE_003_S0328,SITE_003,8
SITE_003_S0329,SITE_003,8
SITE_003_S0330,SITE_003,8
SITE_003_S0331,SITE_003,8
SITE_003_S0332,SITE_003,8
SITE_003_S0333,SITE_003,8
SITE_003_S0334,SITE_003,8
SITE_003_S0335,SITE_003,8
SITE_003_S0336,SITE_003,8
SITE_003_S0337,SITE_003,8
SITE_003_S0338,SITE_003,8
SITE_003_S0339,SITE_003,8
SITE_003_S0340,SITE_003,8
SITE_003_S0341,SITE_003,8
SITE_003_S0342,SITE_003,8
SITE_003_S0343,SITE_003,8
SITE_003_S0344,SITE_003,8
SITE_003_S0345,SITE_003,8
SITE_003_S0346,SITE_003,8
SITE_003_S0347,SITE_003,8
SITE_003_S0348,SITE_003,8
SITE_003_S0349,SITE_003,8
SITE_003_S0350,SITE_003,8
SITE_003_S0351,SITE_003,8
SITE_003_S0352,SITE_003,8
SITE_003_S0353,SITE_003,8
SITE_003_S0354,SITE_003,8
SITE_003_S0355,SITE_003,8
SITE_003_S0356,SITE_003,8
SITE_003_S0357,SITE_003,8
SITE_003_S0358,SITE_003,8
SITE_003_S0359,SITE_003,8
SITE_003_S0360,SITE_003,8
SITE_003_S0361,SITE_003,8
SITE_003_S0362,SITE_003,8
SITE_003_S0363,SITE_003,8
SITE_003_S0364,SITE_003,8
SITE_003_S0365,SITE_003,8
SITE_003_S0366,SITE_003,8
SITE_003_S0367,SITE_003,8
SITE_003_S0368,SITE_003,8
SITE_003_S0369,SITE_003,8
SITE_003_S0370,SITE_003,8
SITE_003_S0371,SITE_003,8
SITE_003_S0372,SITE_003,8
SITE_003_S0373,SITE_003,8
SITE_003_S0374,SITE_003,8
SITE_003_S0375,SITE_003,8
SITE_003_S0376,SITE_003,8
SITE_003_S0377,SITE_003,8
SITE_003_S0378,SITE_003,8
SITE_003_S0379,SITE_003,8
SITE_003_S0380,SITE_003,8
SITE_003_S0381,SITE_003,8
SITE_003_S0382,SITE_003,8
SITE_003_S0383,SITE_003,8
SITE_003_S0384,SITE_003,8
SITE_003_S0385,SITE_003,8
SITE_003_S0386,SITE_003,8
SITE_003_S0387,SITE_003,8
SITE_003_S0388,SITE_003,8
SITE_003_S0389,SITE_003,8
SITE_003_S0390,SITE_003,8
SITE_003_S0391,SITE_003,8
SITE_003_S0392,SITE_003,8
SITE_003_S0393,SITE_003,8
SITE_003_S0394,SITE_003,8
SITE_003_S0395,SITE_003,8
SITE_003_S0396,SITE_003,8
SITE_003_S0397,SITE_003,8
SITE_003_S0398,SITE_003,8
SITE_003_S0399,SITE_003,8
SITE_003_S0400,SITE_003,8
SITE_003_S0401,SITE_003,8
SITE_003_S0402,SITE_003,8
SITE_003_S0403,SITE_003,8
SITE_003_S0404,SITE_003,8
SITE_003_S0405,SITE_003,8
SITE_003_S0406,SITE_003,8
SITE_003_S0407,SITE_003,8
SITE_003_S0408,SITE_003,8
SITE_003_S0409,SITE_003,8
SITE_003_S0410,SITE_003,8
SITE_003_S0411,SITE_003,8
SITE_003_S0412,SITE_003,8
SITE_003_S0413,SITE_003,8
SITE_003_S0414,SITE_003,8
SITE_003_S0415,SITE_003,8
SITE_003_S0416,SITE_003,8
SITE_003_S0417,SITE_003,8
SITE_003_S0418,SITE_003,8
SITE_003_S0419,SITE_003,8
SITE_003_S0420,SITE_003,8
SITE_003_S0421,SITE_003,8
SITE_003_S0422,SITE_003,8
SITE_003_S0423,SITE_003,8
SITE_003_S0424,SITE_003,8
SITE_003_S0425,SITE_003,8
SITE_003_S0426,SITE_003,8
SITE_003_S0427,SITE_003,8
SITE_003_S0428,SITE_003,8
SITE_003_S0429,SITE_003,8
SITE_003_S0430,SITE_003,8
SITE_003_S0431,SITE_003,8
SITE_003_S0432,SITE_003,8
SITE_003_S0433,SITE_003,8
SITE_003_S0434,SITE_003,8
SITE_003_S0435,SITE_003,8
SITE_003_S0436,SITE_003,8
SITE_003_S0437,SITE_003,8
SITE_003_S0438,SITE_003,8
SITE_003_S0439,SITE_003,8
SITE_003_S0440,SITE_003,8
SITE_003_S0441,SITE_003,8
SITE_003_S0442,SITE_003,8
SITE_003_S0443,SITE_003,8
SITE_003_S0444,SITE_003,8
SITE_003_S0445,SITE_003,8
SITE_003_S0446,SITE_003,8
SITE_003_S0447,SITE_003,8
SITE_003_S0448,SITE_003,8
SITE_003_S0449,SITE_003,8
SITE_003_S0450,SITE_003,8
SITE_003_S0451,SITE_003,8
SITE_003_S0452,SITE_003,8
SITE_003_S0453,SITE_003,8
SITE_003_S0454,SITE_003,8
SITE_003_S0455,SITE_003,8
SITE_003_S0456,SITE_003,8
SITE_003_S0457,SITE_003,8
SITE_003_S0458,SITE_003,8
SITE_003_S0459,SITE_003,8
SITE_003_S0460,SITE_003,8
SITE_003_S0461,SITE_003,8
SITE_003_S0462,SITE_003,8
SITE_003_S0463,SITE_003,8
SITE_003_S0464,SITE_003,8
SITE_003_S0465,SITE_003,8
SITE_003_S0466,SITE_003,8
SITE_003_S0467,SITE_003,8
SITE_003_S0468,SITE_003,8
SITE_003_S0469,SITE_003,8
SITE_003_S0470,SITE_003,8
SITE_003_S0471,SITE_003,8
SITE_003_S0472,SITE_003,8
SITE_003_S0473,SITE_003,8
SITE_003_S0474,SITE_003,8
SITE_003_S0475,SITE_003,8
SITE_003_S0476,SITE_003,8
SITE_003_S0477,SITE_003,8
SITE_003_S0478,SITE_003,8
SITE_003_S0479,SITE_003,8
SITE_003_S0480,SITE_003,8
SITE_003_S0481,SITE_003,8
SITE_003_S0482,SITE_003,8
SITE_003_S0483,SITE_003,8
SITE_003_S0484,SITE_003,8
SITE_003_S0485,SITE_003,8
SITE_003_S0486,SITE_003,8
SITE_003_S0487,SITE_003,8
SITE_003_S0488,SITE_003,8
SITE_003_S0489,SITE_003,8
SITE_003_S0490,SITE_003,8
SITE_003_S0491,SITE_003,8
SITE_003_S0492,SITE_003,8
SITE_003_S0493,SITE_003,8
SITE_003_S0494,SITE_003,8
SITE_003_S0495,SITE_003,8
SITE_003_S0496,SITE_003,8
SITE_003_S0497,SITE_003,8
SITE_003_S0498,SITE_003,8
SITE_003_S0499,SITE_003,8
SITE_003_S0500,SITE_003,8
SITE_003_S0501,SITE_003,8
SITE_003_S0502,SITE_003,8
SITE_003_S0503,SITE_003,8
SITE_003_S0504,SITE_003,8
SITE_003_S0505,SITE_003,8
SITE_003_S0506,SITE_003,8
SITE_003_S0507,SITE_003,8
SITE_003_S0508,SITE_003,8
SITE_003_S0509,SITE_003,8
SITE_003_S0510,SITE_003,8
SITE_003_S0511,SITE_003,8
SITE_003_S0512,SITE_003,8
SITE_003_S0513,SITE_003,8
SITE_003_S0514,SITE_003,8
SITE_003_S0515,SITE_003,8
SITE_003_S0516,SITE_003,8
SITE_003_S0517,SITE_003,8
SITE_003_S0518,SITE_003,8
SITE_003_S0519,SITE_003,8
SITE_003_S0520,SITE_003,8
SITE_003_S0521,SITE_003,8
SITE_003_S0522,SITE_003,8
SITE_003_S0523,SITE_003,8
SITE_004_S0001,SITE_004,189
SITE_004_S0002,SITE_004,189
SITE_004_S0003,SITE_004,189
SITE_004_S0004,SITE_004,189
SITE_004_S0005,SITE_004,189
SITE_004_S0006,SITE_004,189
SITE_004_S0007,SITE_004,189
SITE_004_S0008,SITE_004,189
SITE_004_S0009,SITE_004,189
SITE_004_S0010,SITE_004,189
SITE_004_S0011,SITE_004,189
SITE_004_S0012,SITE_004,189
SITE_004_S0013,SITE_004,189
SITE_004_S0014,SITE_004,189
SITE_004_S0015,SITE_004,189
SITE_004_S0016,SITE_004,189
SITE_004_S0017,SITE_004,189
SITE_004_S0018,SITE_004,189
SITE_004_S0019,SITE_004,189
SITE_004_S0020,SITE_004,189
SITE_004_S0021,SITE_004,189
SITE_004_S0022,SITE_004,189
SITE_004_S0023,SITE_004,189
SITE_004_S0024,SITE_004,189
SITE_004_S0025,SITE_004,189
SITE_004_S0026,SITE_004,189
SITE_004_S0027,SITE_004,189
SITE_004_S0028,SITE_004,189
SITE_004_S0029,SITE_004,189
SITE_004_S0030,SITE_004,189
SITE_004_S0031,SITE_004,189
SITE_004_S0032,SITE_004,189
SITE_004_S0033,SITE_004,189
SITE_004_S0034,SITE_004,189
SITE_004_S0035,SITE_004,189
SITE_004_S0036,SITE_004,189
SITE_004_S0037,SITE_004,189
SITE_004_S0038,SITE_004,189
SITE_004_S0039,SITE_004,189
SITE_004_S0040,SITE_004,189
SITE_004_S0041,SITE_004,189
SITE_004_S0042,SITE_004,189
SITE_004_S0043,SITE_004,189
SITE_004_S0044,SITE_004,189
SITE_004_S0045,SITE_004,189
SITE_004_S0046,SITE_004,189
SITE_004_S0047,SITE_004,189
SITE_004_S0048,SITE_004,189
SITE_004_S0049,SITE_004,189
SITE_004_S0050,SITE_004,189
SITE_004_S0051,SITE_004,189
SITE_004_S0052,SITE_004,189
SITE_004_S0053,SITE_004,189
SITE_004_S0054,SITE_004,189
SITE_004_S0055,SITE_004,189
SITE_004_S0056,SITE_004,189
SITE_004_S0057,SITE_004,189
SITE_004_S0058,SITE_004,189
SITE_004_S0059,SITE_004,189
SITE_004_S0060,SITE_004,189
SITE_004_S0061,SITE_004,189
SITE_004_S0062,SITE_004,189
SITE_004_S0063,SITE_004,189
SITE_004_S0064,SITE_004,189
SITE_004_S0065,SITE_004,189
SITE_004_S0066,SITE_004,189
SITE_004_S0067,SITE_004,189
SITE_004_S0068,SITE_004,189
SITE_004_S0069,SITE_004,189
SITE_004_S0070,SITE_004,189
SITE_004_S0071,SITE_004,189
SITE_004_S0072,SITE_004,189
SITE_004_S0073,SITE_004,189
SITE_004_S0074,SITE_004,189
SITE_004_S0075,SITE_004,189
SITE_004_S0076,SITE_004,189
SITE_004_S0077,SITE_004,189
SITE_004_S0078,SITE_004,189
SITE_004_S0079,SITE_004,189
SITE_004_S0080,SITE_004,189
SITE_004_S0081,SITE_004,189
SITE_004_S0082,SITE_004,189
SITE_004_S0083,SITE_004,189
SITE_004_S0084,SITE_004,189
SITE_004_S0085,SITE_004,189
SITE_004_S0086,SITE_004,189
SITE_004_S0087,SITE_004,189
SITE_004_S0088,SITE_004,189
SITE_004_S0089,SITE_004,189
SITE_004_S0090,SITE_004,189
SITE_004_S0091,SITE_004,189
SITE_004_S0092,SITE_004,189
SITE_004_S0093,SITE_004,189
SITE_004_S0094,SITE_004,189
SITE_004_S0095,SITE_004,189
SITE_004_S0096,SITE_004,189
SITE_004_S0097,SITE_004,189
SITE_004_S0098,SITE_004,189
SITE_004_S0099,SITE_004,189
SITE_004_S0100,SITE_004,189
SITE_004_S0101,SITE_004,189
SITE_004_S0102,SITE_004,189
SITE_004_S0103,SITE_004,189
SITE_004_S0104,SITE_004,189
SITE_004_S0105,SITE_004,189
SITE_004_S0106,SITE_004,189
SITE_004_S0107,SITE_004,189
SITE_004_S0108,SITE_004,189
SITE_004_S0109,SITE_004,189
SITE_004_S0110,SITE_004,189
SITE_004_S0111,SITE_004,189
SITE_004_S0112,SITE_004,189
SITE_004_S0113,SITE_004,189
SITE_004_S0114,SITE_004,189
SITE_004_S0115,SITE_004,189
SITE_004_S0116,SITE_004,189
SITE_004_S0117,SITE_004,189
SITE_004_S0118,SITE_004,189
SITE_004_S0119,SITE_004,189
SITE_004_S0120,SITE_004,189
SITE_004_S0121,SITE_004,189
SITE_004_S0122,SITE_004,189
SITE_004_S0123,SITE_004,189
SITE_004_S0124,SITE_004,189
SITE_004_S0125,SITE_004,189
SITE_004_S0126,SITE_004,189
SITE_004_S0127,SITE_004,189
SITE_004_S0128,SITE_004,189
SITE_004_S0129,SITE_004,189
SITE_004_S0130,SITE_004,189
SITE_004_S0131,SITE_004,189
SITE_004_S0132,SITE_004,189
SITE_004_S0133,SITE_004,189
SITE_004_S0134,SITE_004,189
SITE_004_S0135,SITE_004,189
SITE_004_S0136,SITE_004,189
SITE_004_S0137,SITE_004,189
SITE_004_S0138,SITE_004,189
SITE_004_S0139,SITE_004,189
SITE_004_S0140,SITE_004,189
SITE_004_S0141,SITE_004,189
SITE_004_S0142,SITE_004,189
SITE_004_S0143,SITE_004,189
SITE_004_S0144,SITE_004,189
SITE_004_S0145,SITE_004,189
SITE_004_S0146,SITE_004,189
SITE_004_S0147,SITE_004,189
SITE_004_S0148,SITE_004,189
SITE_004_S0149,SITE_004,189
SITE_004_S0150,SITE_004,189
SITE_004_S0151,SITE_004,189
SITE_004_S0152,SITE_004,189
SITE_004_S0153,SITE_004,189
SITE_004_S0154,SITE_004,189
SITE_004_S0155,SITE_004,189
SITE_004_S0156,SITE_004,189
SITE_004_S0157,SITE_004,189
SITE_004_S0158,SITE_004,189
SITE_004_S0159,SITE_004,189
SITE_004_S0160,SITE_004,189
SITE_004_S0161,SITE_004,189
SITE_004_S0162,SITE_004,189
SITE_004_S0163,SITE_004,189
SITE_004_S0164,SITE_004,189
SITE_004_S0165,SITE_004,189
SITE_004_S0166,SITE_004,189
SITE_004_S0167,SITE_004,189
SITE_004_S0168,SITE_004,189
SITE_004_S0169,SITE_004,189
SITE_004_S0170,SITE_004,189
SITE_004_S0171,SITE_004,189
SITE_004_S0172,SITE_004,189
SITE_004_S0173,SITE_004,189
SITE_004_S0174,SITE_004,189
SITE_004_S0175,SITE_004,189
SITE_004_S0176,SITE_004,189
SITE_004_S0177,SITE_004,189
SITE_004_S0178,SITE_004,189
SITE_004_S0179,SITE_004,189
SITE_004_S0180,SITE_004,189
SITE_004_S0181,SITE_004,189
SITE_004_S0182,SITE_004,189
SITE_004_S0183,SITE_004,189
SITE_004_S0184,SITE_004,189
SITE_004_S0185,SITE_004,189
SITE_004_S0186,SITE_004,189
SITE_004_S0187,SITE_004,189
SITE_004_S0188,SITE_004,189
SITE_004_S0189,SITE_004,189
SITE_004_S0190,SITE_004,189
SITE_004_S0191,SITE_004,189
SITE_004_S0192,SITE_004,189
SITE_004_S0193,SITE_004,189
SITE_004_S0194,SITE_004,189
SITE_004_S0195,SITE_004,189
SITE_004_S0196,SITE_004,189
SITE_004_S0197,SITE_004,189
SITE_005_S0001,SITE_005,174
SITE_005_S0002,SITE_005,174
SITE_005_S0003,SITE_005,174
SITE_005_S0004,SITE_005,174
SITE_005_S0005,SITE_005,174
SITE_005_S0006,SITE_005,174
SITE_005_S0007,SITE_005,174
SITE_005_S0008,SITE_005,174
SITE_005_S0009,SITE_005,174
SITE_005_S0010,SITE_005,174
SITE_005_S0011,SITE_005,174
SITE_005_S0012,SITE_005,174
SITE_005_S0013,SITE_005,174
SITE_005_S0014,SITE_005,174
SITE_005_S0015,SITE_005,174
SITE_005_S0016,SITE_005,174
SITE_005_S0017,SITE_005,174
SITE_005_S0018,SITE_005,174
SITE_005_S0019,SITE_005,174
SITE_005_S0020,SITE_005,174
SITE_005_S0021,SITE_005,174
SITE_005_S0022,SITE_005,174
SITE_005_S0023,SITE_005,174
SITE_005_S0024,SITE_005,174
SITE_005_S0025,SITE_005,174
SITE_005_S0026,SITE_005,174
SITE_005_S0027,SITE_005,174
SITE_005_S0028,SITE_005,174
SITE_005_S0029,SITE_005,174
SITE_005_S0030,SITE_005,174
SITE_005_S0031,SITE_005,174
SITE_005_S0032,SITE_005,174
SITE_005_S0033,SITE_005,174
SITE_005_S0034,SITE_005,174
SITE_005_S0035,SITE_005,174
SITE_005_S0036,SITE_005,174
SITE_005_S0037,SITE_005,174
SITE_005_S0038,SITE_005,174
SITE_005_S0039,SITE_005,174
SITE_005_S0040,SITE_005,174
SITE_005_S0041,SITE_005,174
SITE_005_S0042,SITE_005,174
SITE_005_S0043,SITE_005,174
SITE_005_S0044,SITE_005,174
SITE_005_S0045,SITE_005,174
SITE_005_S0046,SITE_005,174
SITE_005_S0047,SITE_005,174
SITE_005_S0048,SITE_005,174
SITE_005_S0049,SITE_005,174
SITE_005_S0050,SITE_005,174
SITE_005_S0051,SITE_005,174
SITE_005_S0052,SITE_005,174
SITE_005_S0053,SITE_005,174
SITE_005_S0054,SITE_005,174
SITE_005_S0055,SITE_005,174
SITE_005_S0056,SITE_005,174
SITE_005_S0057,SITE_005,174
SITE_005_S0058,SITE_005,174
SITE_005_S0059,SITE_005,174
SITE_005_S0060,SITE_005,174
SITE_005_S0061,SITE_005,174
SITE_005_S0062,SITE_005,174
SITE_005_S0063,SITE_005,174
SITE_005_S0064,SITE_005,174
SITE_005_S0065,SITE_005,174
SITE_005_S0066,SITE_005,174
SITE_005_S0067,SITE_005,174
SITE_005_S0068,SITE_005,174
SITE_005_S0069,SITE_005,174
SITE_005_S0070,SITE_005,174
SITE_005_S0071,SITE_005,174
SITE_005_S0072,SITE_005,174
SITE_005_S0073,SITE_005,174
SITE_005_S0074,SITE_005,174
SITE_005_S0075,SITE_005,174
SITE_005_S0076,SITE_005,174
SITE_005_S0077,SITE_005,174
SITE_005_S0078,SITE_005,174
SITE_005_S0079,SITE_005,174
SITE_005_S0080,SITE_005,174
SITE_005_S0081,SITE_005,174
SITE_005_S0082,SITE_005,174
SITE_005_S0083,SITE_005,174
SITE_005_S0084,SITE_005,174
SITE_005_S0085,SITE_005,174
SITE_005_S0086,SITE_005,174
SITE_005_S0087,SITE_005,174
SITE_005_S0088,SITE_005,174
SITE_005_S0089,SITE_005,174
SITE_005_S0090,SITE_005,174
SITE_005_S0091,SITE_005,174
SITE_005_S0092,SITE_005,174
SITE_005_S0093,SITE_005,174
SITE_005_S0094,SITE_005,174
SITE_005_S0095,SITE_005,174
SITE_005_S0096,SITE_005,174
SITE_005_S0097,SITE_005,174
SITE_005_S0098,SITE_005,174
SITE_005_S0099,SITE_005,174
SITE_005_S0100,SITE_005,174
SITE_005_S0101,SITE_005,174
SITE_005_S0102,SITE_005,174
SITE_005_S0103,SITE_005,174
SITE_005_S0104,SITE_005,174
SITE_005_S0105,SITE_005,174
SITE_005_S0106,SITE_005,174
SITE_005_S0107,SITE_005,174
SITE_005_S0108,SITE_005,174
SITE_005_S0109,SITE_005,174
SITE_005_S0110,SITE_005,174
SITE_005_S0111,SITE_005,174
SITE_005_S0112,SITE_005,174
SITE_005_S0113,SITE_005,174
SITE_005_S0114,SITE_005,174
SITE_005_S0115,SITE_005,174
SITE_005_S0116,SITE_005,174
SITE_005_S0117,SITE_005,174
SITE_005_S0118,SITE_005,174
SITE_005_S0119,SITE_005,174
SITE_005_S0120,SITE_005,174
SITE_005_S0121,SITE_005,174
SITE_005_S0122,SITE_005,174
SITE_005_S0123,SITE_005,174
SITE_005_S0124,SITE_005,174
SITE_005_S0125,SITE_005,174
SITE_005_S0126,SITE_005,174
SITE_005_S0127,SITE_005,174
SITE_005_S0128,SITE_005,174
SITE_005_S0129,SITE_005,174
SITE_005_S0130,SITE_005,174
SITE_005_S0131,SITE_005,174
SITE_005_S0132,SITE_005,174
SITE_005_S0133,SITE_005,174
SITE_005_S0134,SITE_005,174
SITE_005_S0135,SITE_005,174
SITE_005_S0136,SITE_005,174
SITE_005_S0137,SITE_005,174
SITE_005_S0138,SITE_005,174
SITE_005_S0139,SITE_005,174
SITE_005_S0140,SITE_005,174
SITE_005_S0141,SITE_005,174
SITE_005_S0142,SITE_005,174
SITE_005_S0143,SITE_005,174
SITE_005_S0144,SITE_005,174
SITE_005_S0145,SITE_005,174
SITE_005_S0146,SITE_005,174
SITE_005_S0147,SITE_005,174
SITE_005_S0148,SITE_005,174
SITE_005_S0149,SITE_005,174
SITE_005_S0150,SITE_005,174
SITE_005_S0151,SITE_005,174
SITE_005_S0152,SITE_005,174
SITE_005_S0153,SITE_005,174
SITE_005_S0154,SITE_005,174
SITE_005_S0155,SITE_005,174
SITE_005_S0156,SITE_005,174
SITE_005_S0157,SITE_005,174
SITE_005_S0158,SITE_005,174
SITE_005_S0159,SITE_005,174
SITE_005_S0160,SITE_005,174
SITE_005_S0161,SITE_005,174
SITE_005_S0162,SITE_005,174
SITE_005_S0163,SITE_005,174
SITE_005_S0164,SITE_005,174
SITE_005_S0165,SITE_005,174
SITE_005_S0166,SITE_005,174
SITE_005_S0167,SITE_005,174
SITE_005_S0168,SITE_005,174
SITE_005_S0169,SITE_005,174
SITE_005_S0170,SITE_005,174
SITE_005_S0171,SITE_005,174
SITE_005_S0172,SITE_005,174
SITE_005_S0173,SITE_005,174
SITE_005_S0174,SITE_005,174
SITE_005_S0175,SITE_005,174
SITE_005_S0176,SITE_005,174
SITE_005_S0177,SITE_005,174
SITE_005_S0178,SITE_005,174
SITE_005_S0179,SITE_005,174
SITE_005_S0180,SITE_005,174
SITE_005_S0181,SITE_005,174
SITE_005_S0182,SITE_005,174
SITE_005_S0183,SITE_005,174
SITE_005_S0184,SITE_005,174
SITE_005_S0185,SITE_005,174
SITE_005_S0186,SITE_005,174
SITE_005_S0187,SITE_005,174
SITE_005_S0188,SITE_005,174
SITE_005_S0189,SITE_005,174
SITE_005_S0190,SITE_005,174
SITE_005_S0191,SITE_005,174
SITE_005_S0192,SITE_005,174
SITE_005_S0193,SITE_005,174
SITE_005_S0194,SITE_005,174
SITE_005_S0195,SITE_005,174
SITE_005_S0196,SITE_005,174
SITE_005_S0197,SITE_005,174
SITE_005_S0198,SITE_005,174
SITE_005_S0199,SITE_005,174
SITE_005_S0200,SITE_005,174
SITE_005_S0201,SITE_005,174
SITE_005_S0202,SITE_005,174
SITE_005_S0203,SITE_005,174
SITE_005_S0204,SITE_005,174
SITE_005_S0205,SITE_005,174
SITE_005_S0206,SITE_005,174
SITE_005_S0207,SITE_005,174
SITE_005_S0208,SITE_005,174
SITE_005_S0209,SITE_005,174
SITE_005_S0210,SITE_005,174
SITE_005_S0211,SITE_005,174
SITE_005_S0212,SITE_005,174
SITE_005_S0213,SITE_005,174
SITE_005_S0214,SITE_005,174
SITE_005_S0215,SITE_005,174
SITE_005_S0216,SITE_005,174
SITE_005_S0217,SITE_005,174
SITE_005_S0218,SITE_005,174
SITE_005_S0219,SITE_005,174
SITE_005_S0220,SITE_005,174
SITE_005_S0221,SITE_005,174
SITE_005_S0222,SITE_005,174
SITE_005_S0223,SITE_005,174
SITE_005_S0224,SITE_005,174
SITE_005_S0225,SITE_005,174
SITE_005_S0226,SITE_005,174
SITE_005_S0227,SITE_005,174
SITE_005_S0228,SITE_005,174
SITE_005_S0229,SITE_005,174
SITE_005_S0230,SITE_005,174
SITE_005_S0231,SITE_005,174
SITE_005_S0232,SITE_005,174
SITE_005_S0233,SITE_005,174
SITE_005_S0234,SITE_005,174
SITE_005_S0235,SITE_005,174
SITE_005_S0236,SITE_005,174
SITE_005_S0237,SITE_005,174
SITE_005_S0238,SITE_005,174
SITE_005_S0239,SITE_005,174
SITE_005_S0240,SITE_005,174
SITE_005_S0241,SITE_005,174
SITE_005_S0242,SITE_005,174
SITE_005_S0243,SITE_005,174
SITE_005_S0244,SITE_005,174
SITE_005_S0245,SITE_005,174
SITE_005_S0246,SITE_005,174
SITE_005_S0247,SITE_005,174
SITE_005_S0248,SITE_005,174
SITE_005_S0249,SITE_005,174
SITE_005_S0250,SITE_005,174
SITE_005_S0251,SITE_005,174
SITE_005_S0252,SITE_005,174
SITE_005_S0253,SITE_005,174
SITE_005_S0254,SITE_005,174
SITE_005_S0255,SITE_005,174
SITE_005_S0256,SITE_005,174
SITE_005_S0257,SITE_005,174
SITE_005_S0258,SITE_005,174
SITE_005_S0259,SITE_005,174
SITE_005_S0260,SITE_005,174
SITE_005_S0261,SITE_005,174
SITE_005_S0262,SITE_005,174
SITE_005_S0263,SITE_005,174
SITE_005_S0264,SITE_005,174
SITE_005_S0265,SITE_005,174
SITE_005_S0266,SITE_005,174
SITE_005_S0267,SITE_005,174
SITE_005_S0268,SITE_005,174
SITE_005_S0269,SITE_005,174
SITE_005_S0270,SITE_005,174
SITE_005_S0271,SITE_005,174
SITE_005_S0272,SITE_005,174
SITE_005_S0273,SITE_005,174
SITE_005_S0274,SITE_005,174
SITE_005_S0275,SITE_005,174
SITE_005_S0276,SITE_005,174
SITE_005_S0277,SITE_005,174
SITE_005_S0278,SITE_005,174
SITE_005_S0279,SITE_005,174
SITE_005_S0280,SITE_005,174
SITE_005_S0281,SITE_005,174
SITE_005_S0282,SITE_005,174
SITE_005_S0283,SITE_005,174
SITE_005_S0284,SITE_005,174
SITE_005_S0285,SITE_005,174
SITE_005_S0286,SITE_005,174
SITE_005_S0287,SITE_005,174
SITE_005_S0288,SITE_005,174
SITE_005_S0289,SITE_005,174
SITE_005_S0290,SITE_005,174
SITE_005_S0291,SITE_005,174
SITE_005_S0292,SITE_005,174
SITE_005_S0293,SITE_005,174
SITE_005_S0294,SITE_005,174
SITE_005_S0295,SITE_005,174
SITE_005_S0296,SITE_005,174
SITE_006_S0001,SITE_006,1041
SITE_006_S0002,SITE_006,1041
SITE_006_S0003,SITE_006,1041
SITE_006_S0004,SITE_006,1041
SITE_006_S0005,SITE_006,1041
SITE_006_S0006,SITE_006,1041
SITE_006_S0007,SITE_006,1041
SITE_006_S0008,SITE_006,1041
SITE_006_S0009,SITE_006,1041
SITE_006_S0010,SITE_006,1041
SITE_006_S0011,SITE_006,1041
SITE_006_S0012,SITE_006,1041
SITE_006_S0013,SITE_006,1041
SITE_006_S0014,SITE_006,1041
SITE_006_S0015,SITE_006,1041
SITE_006_S0016,SITE_006,1041
SITE_006_S0017,SITE_006,1041
SITE_006_S0018,SITE_006,1041
SITE_006_S0019,SITE_006,1041
SITE_006_S0020,SITE_006,1041
SITE_006_S0021,SITE_006,1041
SITE_006_S0022,SITE_006,1041
SITE_006_S0023,SITE_006,1041
SITE_006_S0024,SITE_006,1041
SITE_006_S0025,SITE_006,1041
SITE_006_S0026,SITE_006,1041
SITE_006_S0027,SITE_006,1041
SITE_006_S0028,SITE_006,1041
SITE_006_S0029,SITE_006,1041
SITE_006_S0030,SITE_006,1041
SITE_006_S0031,SITE_006,1041
SITE_006_S0032,SITE_006,1041
SITE_006_S0033,SITE_006,1041
SITE_006_S0034,SITE_006,1041
SITE_006_S0035,SITE_006,1041
SITE_006_S0036,SITE_006,1041
SITE_006_S0037,SITE_006,1041
SITE_006_S0038,SITE_006,1041
SITE_006_S0039,SITE_006,1041
SITE_006_S0040,SITE_006,1041
SITE_006_S0041,SITE_006,1041
SITE_006_S0042,SITE_006,1041
SITE_006_S0043,SITE_006,1041
SITE_006_S0044,SITE_006,1041
SITE_006_S0045,SITE_006,1041
SITE_006_S0046,SITE_006,1041
SITE_006_S0047,SITE_006,1041
SITE_006_S0048,SITE_006,1041
SITE_006_S0049,SITE_006,1041
SITE_006_S0050,SITE_006,1041
SITE_006_S0051,SITE_006,1041
SITE_006_S0052,SITE_006,1041
SITE_006_S0053,SITE_006,1041
SITE_006_S0054,SITE_006,1041
SITE_006_S0055,SITE_006,1041
SITE_006_S0056,SITE_006,1041
SITE_006_S0057,SITE_006,1041
SITE_006_S0058,SITE_006,1041
SITE_006_S0059,SITE_006,1041
SITE_006_S0060,SITE_006,1041
SITE_006_S0061,SITE_006,1041
SITE_006_S0062,SITE_006,1041
SITE_006_S0063,SITE_006,1041
SITE_006_S0064,SITE_006,1041
SITE_006_S0065,SITE_006,1041
SITE_006_S0066,SITE_006,1041
SITE_006_S0067,SITE_006,1041
SITE_006_S0068,SITE_006,1041
SITE_006_S0069,SITE_006,1041
SITE_006_S0070,SITE_006,1041
SITE_006_S0071,SITE_006,1041
SITE_006_S0072,SITE_006,1041
SITE_006_S0073,SITE_006,1041
SITE_006_S0074,SITE_006,1041
SITE_006_S0075,SITE_006,1041
SITE_006_S0076,SITE_006,1041
SITE_006_S0077,SITE_006,1041
SITE_006_S0078,SITE_006,1041
SITE_006_S0079,SITE_006,1041
SITE_006_S0080,SITE_006,1041
SITE_006_S0081,SITE_006,1041
SITE_006_S0082,SITE_006,1041
SITE_006_S0083,SITE_006,1041
SITE_006_S0084,SITE_006,1041
SITE_006_S0085,SITE_006,1041
SITE_006_S0086,SITE_006,1041
SITE_006_S0087,SITE_006,1041
SITE_006_S0088,SITE_006,1041
SITE_006_S0089,SITE_006,1041
SITE_006_S0090,SITE_006,1041
SITE_006_S0091,SITE_006,1041
SITE_006_S0092,SITE_006,1041
SITE_006_S0093,SITE_006,1041
SITE_006_S0094,SITE_006,1041
SITE_006_S0095,SITE_006,1041
SITE_006_S0096,SITE_006,1041
SITE_006_S0097,SITE_006,1041
SITE_006_S0098,SITE_006,1041
SITE_006_S0099,SITE_006,1041
SITE_006_S0100,SITE_006,1041
SITE_006_S0101,SITE_006,1041
SITE_006_S0102,SITE_006,1041
SITE_006_S0103,SITE_006,1041
SITE_006_S0104,SITE_006,1041
SITE_006_S0105,SITE_006,1041
SITE_006_S0106,SITE_006,1041
SITE_006_S0107,SITE_006,1041
SITE_006_S0108,SITE_006,1041
SITE_006_S0109,SITE_006,1041
SITE_006_S0110,SITE_006,1041
SITE_006_S0111,SITE_006,1041
SITE_006_S0112,SITE_006,1041
SITE_006_S0113,SITE_006,1041
SITE_006_S0114,SITE_006,1041
SITE_006_S0115,SITE_006,1041
SITE_006_S0116,SITE_006,1041
SITE_006_S0117,SITE_006,1041
SITE_006_S0118,SITE_006,1041
SITE_006_S0119,SITE_006,1041
SITE_006_S0120,SITE_006,1041
SITE_006_S0121,SITE_006,1041
SITE_006_S0122,SITE_006,1041
SITE_006_S0123,SITE_006,1041
SITE_006_S0124,SITE_006,1041
SITE_006_S0125,SITE_006,1041
SITE_006_S0126,SITE_006,1041
SITE_006_S0127,SITE_006,1041
SITE_006_S0128,SITE_006,1041
SITE_006_S0129,SITE_006,1041
SITE_006_S0130,SITE_006,1041
SITE_006_S0131,SITE_006,1041
SITE_006_S0132,SITE_006,1041
SITE_006_S0133,SITE_006,1041
SITE_006_S0134,SITE_006,1041
SITE_006_S0135,SITE_006,1041
SITE_006_S0136,SITE_006,1041
SITE_006_S0137,SITE_006,1041
SITE_006_S0138,SITE_006,1041
SITE_006_S0139,SITE_006,1041
SITE_006_S0140,SITE_006,1041
SITE_006_S0141,SITE_006,1041
SITE_006_S0142,SITE_006,1041
SITE_006_S0143,SITE_006,1041
SITE_006_S0144,SITE_006,1041
SITE_006_S0145,SITE_006,1041
SITE_006_S0146,SITE_006,1041
SITE_006_S0147,SITE_006,1041
SITE_006_S0148,SITE_006,1041
SITE_006_S0149,SITE_006,1041
SITE_006_S0150,SITE_006,1041
SITE_006_S0151,SITE_006,1041
SITE_006_S0152,SITE_006,1041
SITE_006_S0153,SITE_006,1041
SITE_006_S0154,SITE_006,1041
SITE_006_S0155,SITE_006,1041
SITE_006_S0156,SITE_006,1041
SITE_006_S0157,SITE_006,1041
SITE_006_S0158,SITE_006,1041
SITE_006_S0159,SITE_006,1041
SITE_006_S0160,SITE_006,1041
SITE_006_S0161,SITE_006,1041
SITE_006_S0162,SITE_006,1041
SITE_006_S0163,SITE_006,1041
SITE_006_S0164,SITE_006,1041
SITE_006_S0165,SITE_006,1041
SITE_006_S0166,SITE_006,1041
SITE_006_S0167,SITE_006,1041
SITE_006_S0168,SITE_006,1041
SITE_006_S0169,SITE_006,1041
SITE_006_S0170,SITE_006,1041
SITE_006_S0171,SITE_006,1041
SITE_006_S0172,SITE_006,1041
SITE_006_S0173,SITE_006,1041
SITE_006_S0174,SITE_006,1041
SITE_006_S0175,SITE_006,1041
SITE_006_S0176,SITE_006,1041
SITE_006_S0177,SITE_006,1041
SITE_006_S0178,SITE_006,1041
SITE_006_S0179,SITE_006,1041
SITE_006_S0180,SITE_006,1041
SITE_006_S0181,SITE_006,1041
SITE_006_S0182,SITE_006,1041
SITE_006_S0183,SITE_006,1041
SITE_006_S0184,SITE_006,1041
SITE_006_S0185,SITE_006,1041
SITE_006_S0186,SITE_006,1041
SITE_006_S0187,SITE_006,1041
SITE_006_S0188,SITE_006,1041
SITE_006_S0189,SITE_006,1041
SITE_006_S0190,SITE_006,1041
SITE_006_S0191,SITE_006,1041
SITE_006_S0192,SITE_006,1041
SITE_006_S0193,SITE_006,1041
SITE_006_S0194,SITE_006,1041
SITE_006_S0195,SITE_006,1041
SITE_006_S0196,SITE_006,1041
SITE_006_S0197,SITE_006,1041
SITE_006_S0198,SITE_006,1041
SITE_006_S0199,SITE_006,1041
SITE_006_S0200,SITE_006,1041
SITE_006_S0201,SITE_006,1041
SITE_006_S0202,SITE_006,1041
SITE_006_S0203,SITE_006,1041
SITE_006_S0204,SITE_006,1041
SITE_006_S0205,SITE_006,1041
SITE_006_S0206,SITE_006,1041
SITE_006_S0207,SITE_006,1041
SITE_006_S0208,SITE_006,1041
SITE_006_S0209,SITE_006,1041
SITE_006_S0210,SITE_006,1041
SITE_006_S0211,SITE_006,1041
SITE_006_S0212,SITE_006,1041
SITE_006_S0213,SITE_006,1041
SITE_006_S0214,SITE_006,1041
SITE_006_S0215,SITE_006,1041
SITE_006_S0216,SITE_006,1041
SITE_006_S0217,SITE_006,1041
SITE_006_S0218,SITE_006,1041
SITE_006_S0219,SITE_006,1041
SITE_006_S0220,SITE_006,1041
SITE_006_S0221,SITE_006,1041
SITE_006_S0222,SITE_006,1041
SITE_006_S0223,SITE_006,1041
SITE_006_S0224,SITE_006,1041
SITE_006_S0225,SITE_006,1041
SITE_007_S0001,SITE_007,71
SITE_007_S0002,SITE_007,71
SITE_007_S0003,SITE_007,71
SITE_007_S0004,SITE_007,71
SITE_007_S0005,SITE_007,71
SITE_007_S0006,SITE_007,71
SITE_007_S0007,SITE_007,71
SITE_007_S0008,SITE_007,71
SITE_007_S0009,SITE_007,71
SITE_007_S0010,SITE_007,71
SITE_007_S0011,SITE_007,71
SITE_007_S0012,SITE_007,71
SITE_007_S0013,SITE_007,71
SITE_007_S0014,SITE_007,71
SITE_007_S0015,SITE_007,71
SITE_007_S0016,SITE_007,71
SITE_007_S0017,SITE_007,71
SITE_007_S0018,SITE_007,71
SITE_007_S0019,SITE_007,71
SITE_007_S0020,SITE_007,71
SITE_007_S0021,SITE_007,71
SITE_007_S0022,SITE_007,71
SITE_007_S0023,SITE_007,71
SITE_007_S0024,SITE_007,71
SITE_007_S0025,SITE_007,71
SITE_007_S0026,SITE_007,71
SITE_007_S0027,SITE_007,71
SITE_007_S0028,SITE_007,71
SITE_007_S0029,SITE_007,71
SITE_007_S0030,SITE_007,71
SITE_007_S0031,SITE_007,71
SITE_007_S0032,SITE_007,71
SITE_007_S0033,SITE_007,71
SITE_007_S0034,SITE_007,71
SITE_007_S0035,SITE_007,71
SITE_007_S0036,SITE_007,71
SITE_007_S0037,SITE_007,71
SITE_007_S0038,SITE_007,71
SITE_007_S0039,SITE_007,71
SITE_007_S0040,SITE_007,71
SITE_007_S0041,SITE_007,71
SITE_007_S0042,SITE_007,71
SITE_007_S0043,SITE_007,71
SITE_007_S0044,SITE_007,71
SITE_007_S0045,SITE_007,71
SITE_007_S0046,SITE_007,71
SITE_007_S0047,SITE_007,71
SITE_007_S0048,SITE_007,71
SITE_007_S0049,SITE_007,71
SITE_007_S0050,SITE_007,71
SITE_007_S0051,SITE_007,71
SITE_007_S0052,SITE_007,71
SITE_007_S0053,SITE_007,71
SITE_007_S0054,SITE_007,71
SITE_007_S0055,SITE_007,71
SITE_007_S0056,SITE_007,71
SITE_007_S0057,SITE_007,71
SITE_007_S0058,SITE_007,71
SITE_007_S0059,SITE_007,71
SITE_007_S0060,SITE_007,71
SITE_007_S0061,SITE_007,71
SITE_007_S0062,SITE_007,71
SITE_007_S0063,SITE_007,71
SITE_007_S0064,SITE_007,71
SITE_007_S0065,SITE_007,71
SITE_007_S0066,SITE_007,71
SITE_007_S0067,SITE_007,71
SITE_007_S0068,SITE_007,71
SITE_007_S0069,SITE_007,71
SITE_007_S0070,SITE_007,71
SITE_007_S0071,SITE_007,71
SITE_007_S0072,SITE_007,71
SITE_007_S0073,SITE_007,71
SITE_007_S0074,SITE_007,71
SITE_007_S0075,SITE_007,71
SITE_007_S0076,SITE_007,71
SITE_007_S0077,SITE_007,71
SITE_007_S0078,SITE_007,71
SITE_007_S0079,SITE_007,71
SITE_007_S0080,SITE_007,71
SITE_007_S0081,SITE_007,71
SITE_007_S0082,SITE_007,71
SITE_007_S0083,SITE_007,71
SITE_007_S0084,SITE_007,71
SITE_007_S0085,SITE_007,71
SITE_007_S0086,SITE_007,71
SITE_007_S0087,SITE_007,71
SITE_007_S0088,SITE_007,71
SITE_007_S0089,SITE_007,71
SITE_007_S0090,SITE_007,71
SITE_007_S0091,SITE_007,71
SITE_007_S0092,SITE_007,71
SITE_007_S0093,SITE_007,71
SITE_007_S0094,SITE_007,71
SITE_007_S0095,SITE_007,71
SITE_007_S0096,SITE_007,71
SITE_007_S0097,SITE_007,71
SITE_007_S0098,SITE_007,71
SITE_007_S0099,SITE_007,71
SITE_007_S0100,SITE_007,71
SITE_007_S0101,SITE_007,71
SITE_007_S0102,SITE_007,71
SITE_007_S0103,SITE_007,71
SITE_007_S0104,SITE_007,71
SITE_007_S0105,SITE_007,71
SITE_007_S0106,SITE_007,71
SITE_007_S0107,SITE_007,71
SITE_007_S0108,SITE_007,71
SITE_007_S0109,SITE_007,71
SITE_007_S0110,SITE_007,71
SITE_007_S0111,SITE_007,71
SITE_007_S0112,SITE_007,71
SITE_007_S0113,SITE_007,71
SITE_007_S0114,SITE_007,71
SITE_007_S0115,SITE_007,71
SITE_007_S0116,SITE_007,71
SITE_007_S0117,SITE_007,71
SITE_007_S0118,SITE_007,71
SITE_007_S0119,SITE_007,71
SITE_007_S0120,SITE_007,71
SITE_007_S0121,SITE_007,71
SITE_008_S0001,SITE_008,480
SITE_008_S0002,SITE_008,480
SITE_008_S0003,SITE_008,480
SITE_008_S0004,SITE_008,480
SITE_008_S0005,SITE_008,480
SITE_008_S0006,SITE_008,480
SITE_008_S0007,SITE_008,480
SITE_008_S0008,SITE_008,480
SITE_008_S0009,SITE_008,480
SITE_008_S0010,SITE_008,480
SITE_008_S0011,SITE_008,480
SITE_008_S0012,SITE_008,480
SITE_008_S0013,SITE_008,480
SITE_008_S0014,SITE_008,480
SITE_008_S0015,SITE_008,480
SITE_008_S0016,SITE_008,480
SITE_008_S0017,SITE_008,480
SITE_008_S0018,SITE_008,480
SITE_008_S0019,SITE_008,480
SITE_008_S0020,SITE_008,480
SITE_008_S0021,SITE_008,480
SITE_008_S0022,SITE_008,480
SITE_008_S0023,SITE_008,480
SITE_008_S0024,SITE_008,480
SITE_008_S0025,SITE_008,480
SITE_008_S0026,SITE_008,480
SITE_008_S0027,SITE_008,480
SITE_008_S0028,SITE_008,480
SITE_008_S0029,SITE_008,480
SITE_008_S0030,SITE_008,480
SITE_008_S0031,SITE_008,480
SITE_008_S0032,SITE_008,480
SITE_008_S0033,SITE_008,480
SITE_008_S0034,SITE_008,480
SITE_008_S0035,SITE_008,480
SITE_008_S0036,SITE_008,480
SITE_008_S0037,SITE_008,480
SITE_008_S0038,SITE_008,480
SITE_008_S0039,SITE_008,480
SITE_008_S0040,SITE_008,480
SITE_008_S0041,SITE_008,480
SITE_008_S0042,SITE_008,480
SITE_008_S0043,SITE_008,480
SITE_008_S0044,SITE_008,480
SITE_008_S0045,SITE_008,480
SITE_008_S0046,SITE_008,480
SITE_008_S0047,SITE_008,480
SITE_008_S0048,SITE_008,480
SITE_008_S0049,SITE_008,480
SITE_008_S0050,SITE_008,480
SITE_008_S0051,SITE_008,480
SITE_008_S0052,SITE_008,480
SITE_008_S0053,SITE_008,480
SITE_008_S0054,SITE_008,480
SITE_008_S0055,SITE_008,480
SITE_008_S0056,SITE_008,480
SITE_008_S0057,SITE_008,480
SITE_008_S0058,SITE_008,480
SITE_008_S0059,SITE_008,480
SITE_008_S0060,SITE_008,480
SITE_008_S0061,SITE_008,480
SITE_008_S0062,SITE_008,480
SITE_008_S0063,SITE_008,480
SITE_008_S0064,SITE_008,480
SITE_008_S0065,SITE_008,480
SITE_008_S0066,SITE_008,480
SITE_008_S0067,SITE_008,480
SITE_008_S0068,SITE_008,480
SITE_008_S0069,SITE_008,480
SITE_008_S0070,SITE_008,480
SITE_008_S0071,SITE_008,480
SITE_008_S0072,SITE_008,480
SITE_008_S0073,SITE_008,480
SITE_008_S0074,SITE_008,480
SITE_008_S0075,SITE_008,480
SITE_008_S0076,SITE_008,480
SITE_008_S0077,SITE_008,480
SITE_008_S0078,SITE_008,480
SITE_008_S0079,SITE_008,480
SITE_008_S0080,SITE_008,480
SITE_008_S0081,SITE_008,480
SITE_008_S0082,SITE_008,480
SITE_008_S0083,SITE_008,480
SITE_008_S0084,SITE_008,480
SITE_008_S0085,SITE_008,480
SITE_008_S0086,SITE_008,480
SITE_008_S0087,SITE_008,480
SITE_008_S0088,SITE_008,480
SITE_008_S0089,SITE_008,480
SITE_008_S0090,SITE_008,480
SITE_008_S0091,SITE_008,480
SITE_008_S0092,SITE_008,480
SITE_008_S0093,SITE_008,480
SITE_008_S0094,SITE_008,480
SITE_008_S0095,SITE_008,480
SITE_008_S0096,SITE_008,480
SITE_008_S0097,SITE_008,480
SITE_008_S0098,SITE_008,480
SITE_008_S0099,SITE_008,480
SITE_008_S0100,SITE_008,480
SITE_008_S0101,SITE_008,480
SITE_008_S0102,SITE_008,480
SITE_008_S0103,SITE_008,480
SITE_008_S0104,SITE_008,480
SITE_008_S0105,SITE_008,480
SITE_008_S0106,SITE_008,480
SITE_008_S0107,SITE_008,480
SITE_008_S0108,SITE_008,480
SITE_008_S0109,SITE_008,480
SITE_008_S0110,SITE_008,480
SITE_008_S0111,SITE_008,480
SITE_008_S0112,SITE_008,480
SITE_008_S0113,SITE_008,480
SITE_008_S0114,SITE_008,480
SITE_008_S0115,SITE_008,480
SITE_008_S0116,SITE_008,480
SITE_008_S0117,SITE_008,480
SITE_008_S0118,SITE_008,480
SITE_008_S0119,SITE_008,480
SITE_008_S0120,SITE_008,480
SITE_008_S0121,SITE_008,480
SITE_008_S0122,SITE_008,480
SITE_008_S0123,SITE_008,480
SITE_008_S0124,SITE_008,480
SITE_008_S0125,SITE_008,480
SITE_008_S0126,SITE_008,480
SITE_008_S0127,SITE_008,480
SITE_008_S0128,SITE_008,480
SITE_008_S0129,SITE_008,480
SITE_008_S0130,SITE_008,480
SITE_008_S0131,SITE_008,480
SITE_008_S0132,SITE_008,480
SITE_008_S0133,SITE_008,480
SITE_008_S0134,SITE_008,480
SITE_008_S0135,SITE_008,480
SITE_008_S0136,SITE_008,480
SITE_008_S0137,SITE_008,480
SITE_008_S0138,SITE_008,480
SITE_008_S0139,SITE_008,480
SITE_008_S0140,SITE_008,480
SITE_008_S0141,SITE_008,480
SITE_008_S0142,SITE_008,480
SITE_008_S0143,SITE_008,480
SITE_008_S0144,SITE_008,480
SITE_008_S0145,SITE_008,480
SITE_008_S0146,SITE_008,480
SITE_008_S0147,SITE_008,480
SITE_008_S0148,SITE_008,480
SITE_008_S0149,SITE_008,480
SITE_008_S0150,SITE_008,480
SITE_008_S0151,SITE_008,480
SITE_008_S0152,SITE_008,480
SITE_008_S0153,SITE_008,480
SITE_008_S0154,SITE_008,480
SITE_008_S0155,SITE_008,480
SITE_008_S0156,SITE_008,480
SITE_008_S0157,SITE_008,480
SITE_008_S0158,SITE_008,480
SITE_008_S0159,SITE_008,480
SITE_008_S0160,SITE_008,480
SITE_008_S0161,SITE_008,480
SITE_008_S0162,SITE_008,480
SITE_008_S0163,SITE_008,480
SITE_008_S0164,SITE_008,480
SITE_008_S0165,SITE_008,480
SITE_008_S0166,SITE_008,480
SITE_008_S0167,SITE_008,480
SITE_008_S0168,SITE_008,480
SITE_008_S0169,SITE_008,480
SITE_008_S0170,SITE_008,480
SITE_008_S0171,SITE_008,480
SITE_008_S0172,SITE_008,480
SITE_008_S0173,SITE_008,480
SITE_008_S0174,SITE_008,480
SITE_008_S0175,SITE_008,480
SITE_008_S0176,SITE_008,480
SITE_008_S0177,SITE_008,480
SITE_008_S0178,SITE_008,480
SITE_008_S0179,SITE_008,480
SITE_008_S0180,SITE_008,480
SITE_008_S0181,SITE_008,480
SITE_008_S0182,SITE_008,480
SITE_008_S0183,SITE_008,480
SITE_008_S0184,SITE_008,480
SITE_008_S0185,SITE_008,480
SITE_008_S0186,SITE_008,480
SITE_008_S0187,SITE_008,480
SITE_008_S0188,SITE_008,480
SITE_008_S0189,SITE_008,480
SITE_008_S0190,SITE_008,480
SITE_008_S0191,SITE_008,480
SITE_008_S0192,SITE_008,480
SITE_008_S0193,SITE_008,480
SITE_008_S0194,SITE_008,480
SITE_008_S0195,SITE_008,480
SITE_008_S0196,SITE_008,480
SITE_008_S0197,SITE_008,480
SITE_008_S0198,SITE_008,480
SITE_008_S0199,SITE_008,480
SITE_008_S0200,SITE_008,480
SITE_008_S0201,SITE_008,480
SITE_008_S0202,SITE_008,480
SITE_008_S0203,SITE_008,480
SITE_008_S0204,SITE_008,480
SITE_008_S0205,SITE_008,480
SITE_008_S0206,SITE_008,480
SITE_008_S0207,SITE_008,480
SITE_008_S0208,SITE_008,480
SITE_008_S0209,SITE_008,480
SITE_008_S0210,SITE_008,480
SITE_008_S0211,SITE_008,480
SITE_008_S0212,SITE_008,480
SITE_008_S0213,SITE_008,480
SITE_008_S0214,SITE_008,480
SITE_008_S0215,SITE_008,480
SITE_008_S0216,SITE_008,480
SITE_008_S0217,SITE_008,480
SITE_008_S0218,SITE_008,480
SITE_008_S0219,SITE_008,480
SITE_008_S0220,SITE_008,480
SITE_008_S0221,SITE_008,480
SITE_008_S0222,SITE_008,480
SITE_008_S0223,SITE_008,480
SITE_008_S0224,SITE_008,480
SITE_008_S0225,SITE_008,480
SITE_008_S0226,SITE_008,480
SITE_008_S0227,SITE_008,480
SITE_008_S0228,SITE_008,480
SITE_008_S0229,SITE_008,480
SITE_008_S0230,SITE_008,480
SITE_008_S0231,SITE_008,480
SITE_008_S0232,SITE_008,480
SITE_008_S0233,SITE_008,480
SITE_008_S0234,SITE_008,480
SITE_008_S0235,SITE_008,480
SITE_008_S0236,SITE_008,480
SITE_008_S0237,SITE_008,480
SITE_008_S0238,SITE_008,480
SITE_008_S0239,SITE_008,480
SITE_008_S0240,SITE_008,480
SITE_008_S0241,SITE_008,480
SITE_008_S0242,SITE_008,480
SITE_008_S0243,SITE_008,480
SITE_008_S0244,SITE_008,480
SITE_008_S0245,SITE_008,480
SITE_008_S0246,SITE_008,480
SITE_008_S0247,SITE_008,480
SITE_008_S0248,SITE_008,480
SITE_008_S0249,SITE_008,480
SITE_008_S0250,SITE_008,480
SITE_008_S0251,SITE_008,480
SITE_008_S0252,SITE_008,480
SITE_008_S0253,SITE_008,480
SITE_008_S0254,SITE_008,480
SITE_008_S0255,SITE_008,480
SITE_008_S0256,SITE_008,480
SITE_008_S0257,SITE_008,480
SITE_008_S0258,SITE_008,480
SITE_008_S0259,SITE_008,480
SITE_008_S0260,SITE_008,480
SITE_008_S0261,SITE_008,480
SITE_008_S0262,SITE_008,480
SITE_008_S0263,SITE_008,480
SITE_008_S0264,SITE_008,480
SITE_008_S0265,SITE_008,480
SITE_008_S0266,SITE_008,480
SITE_008_S0267,SITE_008,480
SITE_008_S0268,SITE_008,480
SITE_008_S0269,SITE_008,480
SITE_008_S0270,SITE_008,480
SITE_008_S0271,SITE_008,480
SITE_008_S0272,SITE_008,480
SITE_008_S0273,SITE_008,480
SITE_008_S0274,SITE_008,480
SITE_008_S0275,SITE_008,480
SITE_008_S0276,SITE_008,480
SITE_008_S0277,SITE_008,480
SITE_008_S0278,SITE_008,480
SITE_008_S0279,SITE_008,480
SITE_008_S0280,SITE_008,480
SITE_008_S0281,SITE_008,480
SITE_008_S0282,SITE_008,480
SITE_008_S0283,SITE_008,480
SITE_008_S0284,SITE_008,480
SITE_008_S0285,SITE_008,480
SITE_008_S0286,SITE_008,480
SITE_008_S0287,SITE_008,480
SITE_008_S0288,SITE_008,480
SITE_008_S0289,SITE_008,480
SITE_008_S0290,SITE_008,480
SITE_008_S0291,SITE_008,480
SITE_008_S0292,SITE_008,480
SITE_008_S0293,SITE_008,480
SITE_008_S0294,SITE_008,480
SITE_008_S0295,SITE_008,480
SITE_008_S0296,SITE_008,480
SITE_008_S0297,SITE_008,480
SITE_008_S0298,SITE_008,480
SITE_008_S0299,SITE_008,480
SITE_008_S0300,SITE_008,480
SITE_008_S0301,SITE_008,480
SITE_008_S0302,SITE_008,480
SITE_008_S0303,SITE_008,480
SITE_008_S0304,SITE_008,480
SITE_008_S0305,SITE_008,480
SITE_008_S0306,SITE_008,480
SITE_008_S0307,SITE_008,480
SITE_008_S0308,SITE_008,480
SITE_008_S0309,SITE_008,480
SITE_008_S0310,SITE_008,480
SITE_008_S0311,SITE_008,480
SITE_008_S0312,SITE_008,480
SITE_008_S0313,SITE_008,480
SITE_008_S0314,SITE_008,480
SITE_008_S0315,SITE_008,480
SITE_008_S0316,SITE_008,480
SITE_008_S0317,SITE_008,480
SITE_008_S0318,SITE_008,480
SITE_008_S0319,SITE_008,480
SITE_008_S0320,SITE_008,480
SITE_008_S0321,SITE_008,480
SITE_008_S0322,SITE_008,480
SITE_008_S0323,SITE_008,480
SITE_008_S0324,SITE_008,480
SITE_008_S0325,SITE_008,480
SITE_008_S0326,SITE_008,480
SITE_008_S0327,SITE_008,480
SITE_008_S0328,SITE_008,480
SITE_008_S0329,SITE_008,480
SITE_008_S0330,SITE_008,480
SITE_008_S0331,SITE_008,480
SITE_008_S0332,SITE_008,480
SITE_008_S0333,SITE_008,480
SITE_008_S0334,SITE_008,480
SITE_008_S0335,SITE_008,480
SITE_008_S0336,SITE_008,480
SITE_008_S0337,SITE_008,480
SITE_008_S0338,SITE_008,480
SITE_009_S0001,SITE_009,46
SITE_009_S0002,SITE_009,46
SITE_009_S0003,SITE_009,46
SITE_009_S0004,SITE_009,46
SITE_009_S0005,SITE_009,46
SITE_009_S0006,SITE_009,46
SITE_009_S0007,SITE_009,46
SITE_009_S0008,SITE_009,46
SITE_009_S0009,SITE_009,46
SITE_009_S0010,SITE_009,46
SITE_009_S0011,SITE_009,46
SITE_009_S0012,SITE_009,46
SITE_009_S0013,SITE_009,46
SITE_009_S0014,SITE_009,46
SITE_009_S0015,SITE_009,46
SITE_009_S0016,SITE_009,46
SITE_009_S0017,SITE_009,46
SITE_009_S0018,SITE_009,46
SITE_009_S0019,SITE_009,46
SITE_009_S0020,SITE_009,46
SITE_009_S0021,SITE_009,46
SITE_009_S0022,SITE_009,46
SITE_009_S0023,SITE_009,46
SITE_009_S0024,SITE_009,46
SITE_009_S0025,SITE_009,46
SITE_009_S0026,SITE_009,46
SITE_009_S0027,SITE_009,46
SITE_009_S0028,SITE_009,46
SITE_009_S0029,SITE_009,46
SITE_009_S0030,SITE_009,46
SITE_009_S0031,SITE_009,46
SITE_009_S0032,SITE_009,46
SITE_009_S0033,SITE_009,46
SITE_009_S0034,SITE_009,46
SITE_009_S0035,SITE_009,46
SITE_009_S0036,SITE_009,46
SITE_009_S0037,SITE_009,46
SITE_009_S0038,SITE_009,46
SITE_009_S0039,SITE_009,46
SITE_009_S0040,SITE_009,46
SITE_009_S0041,SITE_009,46
SITE_009_S0042,SITE_009,46
SITE_009_S0043,SITE_009,46
SITE_009_S0044,SITE_009,46
SITE_009_S0045,SITE_009,46
SITE_009_S0046,SITE_009,46
SITE_009_S0047,SITE_009,46
SITE_009_S0048,SITE_009,46
SITE_009_S0049,SITE_009,46
SITE_009_S0050,SITE_009,46
SITE_009_S0051,SITE_009,46
SITE_009_S0052,SITE_009,46
SITE_009_S0053,SITE_009,46
SITE_009_S0054,SITE_009,46
SITE_009_S0055,SITE_009,46
SITE_009_S0056,SITE_009,46
SITE_009_S0057,SITE_009,46
SITE_009_S0058,SITE_009,46
SITE_009_S0059,SITE_009,46
SITE_009_S0060,SITE_009,46
SITE_009_S0061,SITE_009,46
SITE_009_S0062,SITE_009,46
SITE_009_S0063,SITE_009,46
SITE_009_S0064,SITE_009,46
SITE_009_S0065,SITE_009,46
SITE_009_S0066,SITE_009,46
SITE_009_S0067,SITE_009,46
SITE_009_S0068,SITE_009,46
SITE_009_S0069,SITE_009,46
SITE_009_S0070,SITE_009,46
SITE_009_S0071,SITE_009,46
SITE_009_S0072,SITE_009,46
SITE_009_S0073,SITE_009,46
SITE_009_S0074,SITE_009,46
SITE_009_S0075,SITE_009,46
SITE_009_S0076,SITE_009,46
SITE_009_S0077,SITE_009,46
SITE_009_S0078,SITE_009,46
SITE_009_S0079,SITE_009,46
SITE_009_S0080,SITE_009,46
SITE_009_S0081,SITE_009,46
SITE_009_S0082,SITE_009,46
SITE_009_S0083,SITE_009,46
SITE_009_S0084,SITE_009,46
SITE_009_S0085,SITE_009,46
SITE_009_S0086,SITE_009,46
SITE_009_S0087,SITE_009,46
SITE_009_S0088,SITE_009,46
SITE_009_S0089,SITE_009,46
SITE_009_S0090,SITE_009,46
SITE_009_S0091,SITE_009,46
SITE_009_S0092,SITE_009,46
SITE_009_S0093,SITE_009,46
SITE_009_S0094,SITE_009,46
SITE_009_S0095,SITE_009,46
SITE_009_S0096,SITE_009,46
SITE_009_S0097,SITE_009,46
SITE_009_S0098,SITE_009,46
SITE_009_S0099,SITE_009,46
SITE_009_S0100,SITE_009,46
SITE_009_S0101,SITE_009,46
SITE_009_S0102,SITE_009,46
SITE_009_S0103,SITE_009,46
SITE_009_S0104,SITE_009,46
SITE_009_S0105,SITE_009,46
SITE_009_S0106,SITE_009,46
SITE_009_S0107,SITE_009,46
SITE_009_S0108,SITE_009,46
SITE_009_S0109,SITE_009,46
SITE_009_S0110,SITE_009,46
SITE_009_S0111,SITE_009,46
SITE_009_S0112,SITE_009,46
SITE_009_S0113,SITE_009,46
SITE_009_S0114,SITE_009,46
SITE_009_S0115,SITE_009,46
SITE_009_S0116,SITE_009,46
SITE_009_S0117,SITE_009,46
SITE_009_S0118,SITE_009,46
SITE_009_S0119,SITE_009,46
SITE_009_S0120,SITE_009,46
SITE_009_S0121,SITE_009,46
SITE_009_S0122,SITE_009,46
SITE_009_S0123,SITE_009,46
SITE_009_S0124,SITE_009,46
SITE_009_S0125,SITE_009,46
SITE_009_S0126,SITE_009,46
SITE_009_S0127,SITE_009,46
SITE_009_S0128,SITE_009,46
SITE_010_S0001,SITE_010,87
SITE_010_S0002,SITE_010,87
SITE_010_S0003,SITE_010,87
SITE_010_S0004,SITE_010,87
SITE_010_S0005,SITE_010,87
SITE_010_S0006,SITE_010,87
SITE_010_S0007,SITE_010,87
SITE_010_S0008,SITE_010,87
SITE_010_S0009,SITE_010,87
SITE_010_S0010,SITE_010,87
SITE_010_S0011,SITE_010,87
SITE_010_S0012,SITE_010,87
SITE_010_S0013,SITE_010,87
SITE_010_S0014,SITE_010,87
SITE_010_S0015,SITE_010,87
SITE_010_S0016,SITE_010,87
SITE_010_S0017,SITE_010,87
SITE_010_S0018,SITE_010,87
SITE_010_S0019,SITE_010,87
SITE_010_S0020,SITE_010,87
SITE_010_S0021,SITE_010,87
SITE_010_S0022,SITE_010,87
SITE_010_S0023,SITE_010,87
SITE_010_S0024,SITE_010,87
SITE_010_S0025,SITE_010,87
SITE_010_S0026,SITE_010,87
SITE_010_S0027,SITE_010,87
SITE_010_S0028,SITE_010,87
SITE_010_S0029,SITE_010,87
SITE_010_S0030,SITE_010,87
SITE_010_S0031,SITE_010,87
SITE_010_S0032,SITE_010,87
SITE_010_S0033,SITE_010,87
SITE_010_S0034,SITE_010,87
SITE_010_S0035,SITE_010,87
SITE_010_S0036,SITE_010,87
SITE_010_S0037,SITE_010,87
SITE_010_S0038,SITE_010,87
SITE_010_S0039,SITE_010,87
SITE_010_S0040,SITE_010,87
SITE_010_S0041,SITE_010,87
SITE_010_S0042,SITE_010,87
SITE_010_S0043,SITE_010,87
SITE_010_S0044,SITE_010,87
SITE_010_S0045,SITE_010,87
SITE_010_S0046,SITE_010,87
SITE_010_S0047,SITE_010,87
SITE_010_S0048,SITE_010,87
SITE_010_S0049,SITE_010,87
SITE_010_S0050,SITE_010,87
SITE_010_S0051,SITE_010,87
SITE_010_S0052,SITE_010,87
SITE_010_S0053,SITE_010,87
SITE_010_S0054,SITE_010,87
SITE_010_S0055,SITE_010,87
SITE_010_S0056,SITE_010,87
SITE_010_S0057,SITE_010,87
SITE_010_S0058,SITE_010,87
SITE_010_S0059,SITE_010,87
SITE_010_S0060,SITE_010,87
SITE_010_S0061,SITE_010,87
SITE_010_S0062,SITE_010,87
SITE_010_S0063,SITE_010,87
SITE_010_S0064,SITE_010,87
SITE_010_S0065,SITE_010,87
SITE_010_S0066,SITE_010,87
SITE_010_S0067,SITE_010,87
SITE_010_S0068,SITE_010,87
SITE_010_S0069,SITE_010,87
SITE_010_S0070,SITE_010,87
SITE_010_S0071,SITE_010,87
SITE_010_S0072,SITE_010,87
SITE_010_S0073,SITE_010,87
SITE_010_S0074,SITE_010,87
SITE_010_S0075,SITE_010,87
SITE_010_S0076,SITE_010,87
SITE_010_S0077,SITE_010,87
SITE_010_S0078,SITE_010,87
SITE_010_S0079,SITE_010,87
SITE_010_S0080,SITE_010,87
SITE_010_S0081,SITE_010,87
SITE_010_S0082,SITE_010,87
SITE_010_S0083,SITE_010,87
SITE_010_S0084,SITE_010,87
SITE_010_S0085,SITE_010,87
SITE_010_S0086,SITE_010,87
SITE_010_S0087,SITE_010,87
SITE_010_S0088,SITE_010,87
SITE_010_S0089,SITE_010,87
SITE_010_S0090,SITE_010,87
SITE_010_S0091,SITE_010,87
SITE_010_S0092,SITE_010,87
SITE_010_S0093,SITE_010,87
SITE_010_S0094,SITE_010,87
SITE_010_S0095,SITE_010,87
SITE_010_S0096,SITE_010,87
SITE_010_S0097,SITE_010,87
SITE_010_S0098,SITE_010,87
SITE_010_S0099,SITE_010,87
SITE_010_S0100,SITE_010,87
SITE_010_S0101,SITE_010,87
SITE_010_S0102,SITE_010,87
SITE_010_S0103,SITE_010,87
SITE_010_S0104,SITE_010,87
SITE_010_S0105,SITE_010,87
SITE_010_S0106,SITE_010,87
SITE_010_S0107,SITE_010,87
SITE_010_S0108,SITE_010,87
SITE_010_S0109,SITE_010,87
SITE_010_S0110,SITE_010,87
SITE_010_S0111,SITE_010,87
SITE_010_S0112,SITE_010,87
SITE_010_S0113,SITE_010,87
SITE_010_S0114,SITE_010,87
SITE_010_S0115,SITE_010,87
SITE_010_S0116,SITE_010,87
SITE_010_S0117,SITE_010,87
SITE_010_S0118,SITE_010,87
SITE_010_S0119,SITE_010,87
SITE_010_S0120,SITE_010,87
SITE_010_S0121,SITE_010,87
SITE_010_S0122,SITE_010,87
SITE_010_S0123,SITE_010,87
SITE_010_S0124,SITE_010,87
SITE_010_S0125,SITE_010,87
SITE_010_S0126,SITE_010,87
SITE_010_S0127,SITE_010,87
SITE_010_S0128,SITE_010,87
SITE_010_S0129,SITE_010,87
SITE_010_S0130,SITE_010,87
SITE_010_S0131,SITE_010,87
SITE_010_S0132,SITE_010,87
SITE_010_S0133,SITE_010,87
SITE_010_S0134,SITE_010,87
SITE_010_S0135,SITE_010,87
SITE_010_S0136,SITE_010,87
SITE_010_S0137,SITE_010,87
SITE_010_S0138,SITE_010,87
SITE_010_S0139,SITE_010,87
SITE_010_S0140,SITE_010,87
SITE_010_S0141,SITE_010,87
SITE_010_S0142,SITE_010,87
SITE_010_S0143,SITE_010,87
SITE_010_S0144,SITE_010,87
SITE_010_S0145,SITE_010,87
SITE_010_S0146,SITE_010,87
SITE_010_S0147,SITE_010,87
SITE_010_S0148,SITE_010,87
SITE_010_S0149,SITE_010,87
SITE_010_S0150,SITE_010,87
SITE_010_S0151,SITE_010,87
SITE_010_S0152,SITE_010,87
SITE_010_S0153,SITE_010,87
SITE_010_S0154,SITE_010,87
SITE_010_S0155,SITE_010,87
SITE_010_S0156,SITE_010,87
SITE_010_S0157,SITE_010,87
SITE_010_S0158,SITE_010,87
SITE_010_S0159,SITE_010,87
SITE_010_S0160,SITE_010,87
SITE_010_S0161,SITE_010,87
SITE_010_S0162,SITE_010,87
SITE_010_S0163,SITE_010,87
SITE_010_S0164,SITE_010,87
SITE_010_S0165,SITE_010,87
SITE_010_S0166,SITE_010,87
SITE_010_S0167,SITE_010,87
SITE_010_S0168,SITE_010,87
SITE_010_S0169,SITE_010,87
SITE_010_S0170,SITE_010,87
SITE_010_S0171,SITE_010,87
SITE_010_S0172,SITE_010,87
SITE_010_S0173,SITE_010,87
SITE_010_S0174,SITE_010,87
SITE_010_S0175,SITE_010,87
SITE_010_S0176,SITE_010,87
SITE_010_S0177,SITE_010,87
SITE_010_S0178,SITE_010,87
SITE_010_S0179,SITE_010,87
SITE_010_S0180,SITE_010,87
SITE_010_S0181,SITE_010,87
SITE_010_S0182,SITE_010,87
SITE_010_S0183,SITE_010,87
SITE_010_S0184,SITE_010,87
SITE_010_S0185,SITE_010,87
SITE_010_S0186,SITE_010,87
SITE_010_S0187,SITE_010,87
SITE_010_S0188,SITE_010,87
SITE_010_S0189,SITE_010,87
SITE_010_S0190,SITE_010,87
SITE_010_S0191,SITE_010,87
SITE_010_S0192,SITE_010,87
SITE_010_S0193,SITE_010,87
SITE_010_S0194,SITE_010,87
SITE_010_S0195,SITE_010,87
SITE_010_S0196,SITE_010,87
SITE_010_S0197,SITE_010,87
SITE_010_S0198,SITE_010,87
SITE_010_S0199,SITE_010,87
SITE_010_S0200,SITE_010,87
SITE_010_S0201,SITE_010,87
SITE_010_S0202,SITE_010,87
SITE_010_S0203,SITE_010,87
SITE_010_S0204,SITE_010,87
SITE_010_S0205,SITE_010,87
SITE_010_S0206,SITE_010,87
SITE_010_S0207,SITE_010,87
SITE_010_S0208,SITE_010,87
SITE_010_S0209,SITE_010,87
SITE_010_S0210,SITE_010,87
SITE_010_S0211,SITE_010,87
SITE_010_S0212,SITE_010,87
SITE_010_S0213,SITE_010,87
SITE_010_S0214,SITE_010,87
SITE_010_S0215,SITE_010,87
SITE_010_S0216,SITE_010,87
SITE_010_S0217,SITE_010,87
SITE_010_S0218,SITE_010,87
SITE_010_S0219,SITE_010,87
SITE_010_S0220,SITE_010,87
SITE_010_S0221,SITE_010,87
SITE_010_S0222,SITE_010,87
SITE_010_S0223,SITE_010,87
SITE_010_S0224,SITE_010,87
SITE_010_S0225,SITE_010,87
SITE_010_S0226,SITE_010,87
SITE_010_S0227,SITE_010,87
SITE_010_S0228,SITE_010,87
SITE_010_S0229,SITE_010,87
SITE_010_S0230,SITE_010,87
SITE_010_S0231,SITE_010,87
SITE_010_S0232,SITE_010,87
SITE_010_S0233,SITE_010,87
SITE_010_S0234,SITE_010,87
SITE_010_S0235,SITE_010,87
SITE_010_S0236,SITE_010,87
SITE_010_S0237,SITE_010,87
SITE_010_S0238,SITE_010,87
SITE_010_S0239,SITE_010,87
SITE_010_S0240,SITE_010,87
SITE_010_S0241,SITE_010,87
SITE_010_S0242,SITE_010,87
SITE_010_S0243,SITE_010,87
SITE_010_S0244,SITE_010,87
SITE_010_S0245,SITE_010,87
SITE_010_S0246,SITE_010,87
SITE_010_S0247,SITE_010,87
SITE_010_S0248,SITE_010,87
SITE_010_S0249,SITE_010,87
SITE_010_S0250,SITE_010,87
SITE_010_S0251,SITE_010,87
SITE_010_S0252,SITE_010,87
SITE_010_S0253,SITE_010,87
SITE_010_S0254,SITE_010,87
SITE_010_S0255,SITE_010,87
SITE_011_S0001,SITE_011,-3
SITE_011_S0002,SITE_011,-3
SITE_011_S0003,SITE_011,-3
SITE_011_S0004,SITE_011,-3
SITE_011_S0005,SITE_011,-3
SITE_011_S0006,SITE_011,-3
SITE_011_S0007,SITE_011,-3
SITE_011_S0008,SITE_011,-3
SITE_011_S0009,SITE_011,-3
SITE_011_S0010,SITE_011,-3
SITE_011_S0011,SITE_011,-3
SITE_011_S0012,SITE_011,-3
SITE_011_S0013,SITE_011,-3
SITE_011_S0014,SITE_011,-3
SITE_011_S0015,SITE_011,-3
SITE_011_S0016,SITE_011,-3
SITE_011_S0017,SITE_011,-3
SITE_011_S0018,SITE_011,-3
SITE_011_S0019,SITE_011,-3
SITE_011_S0020,SITE_011,-3
SITE_011_S0021,SITE_011,-3
SITE_011_S0022,SITE_011,-3
SITE_011_S0023,SITE_011,-3
SITE_011_S0024,SITE_011,-3
SITE_011_S0025,SITE_011,-3
SITE_011_S0026,SITE_011,-3
SITE_011_S0027,SITE_011,-3
SITE_011_S0028,SITE_011,-3
SITE_011_S0029,SITE_011,-3
SITE_011_S0030,SITE_011,-3
SITE_011_S0031,SITE_011,-3
SITE_011_S0032,SITE_011,-3
SITE_011_S0033,SITE_011,-3
SITE_011_S0034,SITE_011,-3
SITE_011_S0035,SITE_011,-3
SITE_011_S0036,SITE_011,-3
SITE_011_S0037,SITE_011,-3
SITE_011_S0038,SITE_011,-3
SITE_011_S0039,SITE_011,-3
SITE_011_S0040,SITE_011,-3
SITE_011_S0041,SITE_011,-3
SITE_011_S0042,SITE_011,-3
SITE_011_S0043,SITE_011,-3
SITE_011_S0044,SITE_011,-3
SITE_011_S0045,SITE_011,-3
SITE_011_S0046,SITE_011,-3
SITE_011_S0047,SITE_011,-3
SITE_011_S0048,SITE_011,-3
SITE_011_S0049,SITE_011,-3
SITE_011_S0050,SITE_011,-3
SITE_011_S0051,SITE_011,-3
SITE_011_S0052,SITE_011,-3
SITE_011_S0053,SITE_011,-3
SITE_011_S0054,SITE_011,-3
SITE_011_S0055,SITE_011,-3
SITE_011_S0056,SITE_011,-3
SITE_011_S0057,SITE_011,-3
SITE_011_S0058,SITE_011,-3
SITE_011_S0059,SITE_011,-3
SITE_011_S0060,SITE_011,-3
SITE_011_S0061,SITE_011,-3
SITE_011_S0062,SITE_011,-3
SITE_011_S0063,SITE_011,-3
SITE_011_S0064,SITE_011,-3
SITE_011_S0065,SITE_011,-3
SITE_011_S0066,SITE_011,-3
SITE_011_S0067,SITE_011,-3
SITE_011_S0068,SITE_011,-3
SITE_011_S0069,SITE_011,-3
SITE_011_S0070,SITE_011,-3
SITE_011_S0071,SITE_011,-3
SITE_011_S0072,SITE_011,-3
SITE_011_S0073,SITE_011,-3
SITE_011_S0074,SITE_011,-3
SITE_011_S0075,SITE_011,-3
SITE_011_S0076,SITE_011,-3
SITE_011_S0077,SITE_011,-3
SITE_011_S0078,SITE_011,-3
SITE_011_S0079,SITE_011,-3
SITE_011_S0080,SITE_011,-3
SITE_011_S0081,SITE_011,-3
SITE_011_S0082,SITE_011,-3
SITE_011_S0083,SITE_011,-3
SITE_011_S0084,SITE_011,-3
SITE_011_S0085,SITE_011,-3
SITE_011_S0086,SITE_011,-3
SITE_011_S0087,SITE_011,-3
SITE_011_S0088,SITE_011,-3
SITE_011_S0089,SITE_011,-3
SITE_011_S0090,SITE_011,-3
SITE_011_S0091,SITE_011,-3
SITE_011_S0092,SITE_011,-3
SITE_011_S0093,SITE_011,-3
SITE_011_S0094,SITE_011,-3
SITE_011_S0095,SITE_011,-3
SITE_011_S0096,SITE_011,-3
SITE_011_S0097,SITE_011,-3
SITE_011_S0098,SITE_011,-3
SITE_011_S0099,SITE_011,-3
SITE_011_S0100,SITE_011,-3
SITE_011_S0101,SITE_011,-3
SITE_011_S0102,SITE_011,-3
SITE_011_S0103,SITE_011,-3
SITE_011_S0104,SITE_011,-3
SITE_011_S0105,SITE_011,-3
SITE_011_S0106,SITE_011,-3
SITE_011_S0107,SITE_011,-3
SITE_011_S0108,SITE_011,-3
SITE_011_S0109,SITE_011,-3
SITE_011_S0110,SITE_011,-3
SITE_011_S0111,SITE_011,-3
SITE_011_S0112,SITE_011,-3
SITE_011_S0113,SITE_011,-3
SITE_011_S0114,SITE_011,-3
SITE_011_S0115,SITE_011,-3
SITE_011_S0116,SITE_011,-3
SITE_011_S0117,SITE_011,-3
SITE_011_S0118,SITE_011,-3
SITE_011_S0119,SITE_011,-3
SITE_011_S0120,SITE_011,-3
SITE_011_S0121,SITE_011,-3
SITE_011_S0122,SITE_011,-3
SITE_011_S0123,SITE_011,-3
SITE_011_S0124,SITE_011,-3
SITE_011_S0125,SITE_011,-3
SITE_011_S0126,SITE_011,-3
SITE_011_S0127,SITE_011,-3
SITE_011_S0128,SITE_011,-3
SITE_011_S0129,SITE_011,-3
SITE_011_S0130,SITE_011,-3
SITE_011_S0131,SITE_011,-3
SITE_011_S0132,SITE_011,-3
SITE_011_S0133,SITE_011,-3
SITE_011_S0134,SITE_011,-3
SITE_011_S0135,SITE_011,-3
SITE_011_S0136,SITE_011,-3
SITE_011_S0137,SITE_011,-3
SITE_011_S0138,SITE_011,-3
SITE_011_S0139,SITE_011,-3
SITE_011_S0140,SITE_011,-3
SITE_011_S0141,SITE_011,-3
SITE_011_S0142,SITE_011,-3
SITE_011_S0143,SITE_011,-3
SITE_011_S0144,SITE_011,-3
SITE_011_S0145,SITE_011,-3
SITE_011_S0146,SITE_011,-3
SITE_011_S0147,SITE_011,-3
SITE_011_S0148,SITE_011,-3
SITE_011_S0149,SITE_011,-3
SITE_011_S0150,SITE_011,-3
SITE_011_S0151,SITE_011,-3
SITE_011_S0152,SITE_011,-3
SITE_011_S0153,SITE_011,-3
SITE_011_S0154,SITE_011,-3
SITE_011_S0155,SITE_011,-3
SITE_011_S0156,SITE_011,-3
SITE_011_S0157,SITE_011,-3
SITE_011_S0158,SITE_011,-3
SITE_011_S0159,SITE_011,-3
SITE_011_S0160,SITE_011,-3
SITE_011_S0161,SITE_011,-3
SITE_011_S0162,SITE_011,-3
SITE_011_S0163,SITE_011,-3
SITE_011_S0164,SITE_011,-3
SITE_011_S0165,SITE_011,-3
SITE_011_S0166,SITE_011,-3
SITE_011_S0167,SITE_011,-3
SITE_011_S0168,SITE_011,-3
SITE_011_S0169,SITE_011,-3
SITE_011_S0170,SITE_011,-3
SITE_011_S0171,SITE_011,-3
SITE_011_S0172,SITE_011,-3
SITE_011_S0173,SITE_011,-3
SITE_011_S0174,SITE_011,-3
SITE_011_S0175,SITE_011,-3
SITE_011_S0176,SITE_011,-3
SITE_011_S0177,SITE_011,-3
SITE_011_S0178,SITE_011,-3
SITE_011_S0179,SITE_011,-3
SITE_011_S0180,SITE_011,-3
SITE_011_S0181,SITE_011,-3
SITE_011_S0182,SITE_011,-3
SITE_011_S0183,SITE_011,-3
SITE_011_S0184,SITE_011,-3
SITE_011_S0185,SITE_011,-3
SITE_011_S0186,SITE_011,-3
SITE_011_S0187,SITE_011,-3
SITE_011_S0188,SITE_011,-3
SITE_011_S0189,SITE_011,-3
SITE_011_S0190,SITE_011,-3
SITE_011_S0191,SITE_011,-3
SITE_011_S0192,SITE_011,-3
SITE_011_S0193,SITE_011,-3
SITE_011_S0194,SITE_011,-3
SITE_011_S0195,SITE_011,-3
SITE_011_S0196,SITE_011,-3
SITE_011_S0197,SITE_011,-3
SITE_011_S0198,SITE_011,-3
SITE_011_S0199,SITE_011,-3
SITE_011_S0200,SITE_011,-3
SITE_011_S0201,SITE_011,-3
SITE_011_S0202,SITE_011,-3
SITE_011_S0203,SITE_011,-3
SITE_011_S0204,SITE_011,-3
SITE_011_S0205,SITE_011,-3
SITE_011_S0206,SITE_011,-3
SITE_011_S0207,SITE_011,-3
SITE_011_S0208,SITE_011,-3
SITE_011_S0209,SITE_011,-3
SITE_011_S0210,SITE_011,-3
SITE_011_S0211,SITE_011,-3
SITE_011_S0212,SITE_011,-3
SITE_011_S0213,SITE_011,-3
SITE_011_S0214,SITE_011,-3
SITE_011_S0215,SITE_011,-3
SITE_011_S0216,SITE_011,-3
SITE_011_S0217,SITE_011,-3
SITE_011_S0218,SITE_011,-3
SITE_011_S0219,SITE_011,-3
SITE_011_S0220,SITE_011,-3
SITE_011_S0221,SITE_011,-3
SITE_011_S0222,SITE_011,-3
SITE_011_S0223,SITE_011,-3
SITE_011_S0224,SITE_011,-3
SITE_011_S0225,SITE_011,-3
SITE_011_S0226,SITE_011,-3
SITE_011_S0227,SITE_011,-3
SITE_011_S0228,SITE_011,-3
SITE_011_S0229,SITE_011,-3
SITE_011_S0230,SITE_011,-3
SITE_011_S0231,SITE_011,-3
SITE_011_S0232,SITE_011,-3
SITE_011_S0233,SITE_011,-3
SITE_011_S0234,SITE_011,-3
SITE_011_S0235,SITE_011,-3
SITE_011_S0236,SITE_011,-3
SITE_011_S0237,SITE_011,-3
SITE_011_S0238,SITE_011,-3
SITE_011_S0239,SITE_011,-3
SITE_011_S0240,SITE_011,-3
SITE_011_S0241,SITE_011,-3
SITE_011_S0242,SITE_011,-3
SITE_011_S0243,SITE_011,-3
SITE_011_S0244,SITE_011,-3
SITE_011_S0245,SITE_011,-3
SITE_011_S0246,SITE_011,-3
SITE_011_S0247,SITE_011,-3
SITE_011_S0248,SITE_011,-3
SITE_011_S0249,SITE_011,-3
SITE_011_S0250,SITE_011,-3
SITE_011_S0251,SITE_011,-3
SITE_011_S0252,SITE_011,-3
SITE_011_S0253,SITE_011,-3
SITE_011_S0254,SITE_011,-3
SITE_011_S0255,SITE_011,-3
SITE_011_S0256,SITE_011,-3
SITE_011_S0257,SITE_011,-3
SITE_011_S0258,SITE_011,-3
SITE_011_S0259,SITE_011,-3
SITE_011_S0260,SITE_011,-3
SITE_011_S0261,SITE_011,-3
SITE_011_S0262,SITE_011,-3
SITE_011_S0263,SITE_011,-3
SITE_011_S0264,SITE_011,-3
SITE_011_S0265,SITE_011,-3
SITE_011_S0266,SITE_011,-3
SITE_011_S0267,SITE_011,-3
SITE_011_S0268,SITE_011,-3
SITE_011_S0269,SITE_011,-3
SITE_011_S0270,SITE_011,-3
SITE_011_S0271,SITE_011,-3
SITE_011_S0272,SITE_011,-3
SITE_011_S0273,SITE_011,-3
SITE_011_S0274,SITE_011,-3
SITE_011_S0275,SITE_011,-3
SITE_011_S0276,SITE_011,-3
SITE_011_S0277,SITE_011,-3
SITE_011_S0278,SITE_011,-3
SITE_011_S0279,SITE_011,-3
SITE_011_S0280,SITE_011,-3
SITE_011_S0281,SITE_011,-3
SITE_011_S0282,SITE_011,-3
SITE_011_S0283,SITE_011,-3
SITE_011_S0284,SITE_011,-3
SITE_011_S0285,SITE_011,-3
SITE_011_S0286,SITE_011,-3
SITE_011_S0287,SITE_011,-3
SITE_011_S0288,SITE_011,-3
SITE_011_S0289,SITE_011,-3
SITE_011_S0290,SITE_011,-3
SITE_011_S0291,SITE_011,-3
SITE_011_S0292,SITE_011,-3
SITE_011_S0293,SITE_011,-3
SITE_011_S0294,SITE_011,-3
SITE_011_S0295,SITE_011,-3
SITE_011_S0296,SITE_011,-3
SITE_011_S0297,SITE_011,-3
SITE_011_S0298,SITE_011,-3
SITE_011_S0299,SITE_011,-3
SITE_011_S0300,SITE_011,-3
SITE_011_S0301,SITE_011,-3
SITE_011_S0302,SITE_011,-3
SITE_011_S0303,SITE_011,-3
SITE_011_S0304,SITE_011,-3
SITE_011_S0305,SITE_011,-3
SITE_011_S0306,SITE_011,-3
SITE_011_S0307,SITE_011,-3
SITE_011_S0308,SITE_011,-3
SITE_011_S0309,SITE_011,-3
SITE_011_S0310,SITE_011,-3
SITE_011_S0311,SITE_011,-3
SITE_011_S0312,SITE_011,-3
SITE_011_S0313,SITE_011,-3
SITE_011_S0314,SITE_011,-3
SITE_011_S0315,SITE_011,-3
SITE_011_S0316,SITE_011,-3
SITE_011_S0317,SITE_011,-3
SITE_011_S0318,SITE_011,-3
SITE_011_S0319,SITE_011,-3
SITE_011_S0320,SITE_011,-3
SITE_011_S0321,SITE_011,-3
SITE_011_S0322,SITE_011,-3
SITE_011_S0323,SITE_011,-3
SITE_011_S0324,SITE_011,-3
SITE_011_S0325,SITE_011,-3
SITE_011_S0326,SITE_011,-3
SITE_011_S0327,SITE_011,-3
SITE_011_S0328,SITE_011,-3
SITE_011_S0329,SITE_011,-3
SITE_011_S0330,SITE_011,-3
SITE_011_S0331,SITE_011,-3
SITE_011_S0332,SITE_011,-3
SITE_011_S0333,SITE_011,-3
SITE_011_S0334,SITE_011,-3
SITE_011_S0335,SITE_011,-3
SITE_011_S0336,SITE_011,-3
SITE_011_S0337,SITE_011,-3
SITE_011_S0338,SITE_011,-3
SITE_011_S0339,SITE_011,-3
SITE_011_S0340,SITE_011,-3
SITE_011_S0341,SITE_011,-3
SITE_011_S0342,SITE_011,-3
SITE_011_S0343,SITE_011,-3
SITE_011_S0344,SITE_011,-3
SITE_011_S0345,SITE_011,-3
SITE_011_S0346,SITE_011,-3
SITE_011_S0347,SITE_011,-3
SITE_011_S0348,SITE_011,-3
SITE_011_S0349,SITE_011,-3
SITE_011_S0350,SITE_011,-3
SITE_011_S0351,SITE_011,-3
SITE_011_S0352,SITE_011,-3
SITE_011_S0353,SITE_011,-3
SITE_011_S0354,SITE_011,-3
SITE_011_S0355,SITE_011,-3
SITE_011_S0356,SITE_011,-3
SITE_011_S0357,SITE_011,-3
SITE_011_S0358,SITE_011,-3
SITE_011_S0359,SITE_011,-3
SITE_011_S0360,SITE_011,-3
SITE_011_S0361,SITE_011,-3
SITE_011_S0362,SITE_011,-3
SITE_011_S0363,SITE_011,-3
SITE_011_S0364,SITE_011,-3
SITE_011_S0365,SITE_011,-3
SITE_011_S0366,SITE_011,-3
SITE_011_S0367,SITE_011,-3
SITE_011_S0368,SITE_011,-3
SITE_011_S0369,SITE_011,-3
SITE_011_S0370,SITE_011,-3
SITE_011_S0371,SITE_011,-3
SITE_011_S0372,SITE_011,-3
SITE_011_S0373,SITE_011,-3
SITE_011_S0374,SITE_011,-3
SITE_011_S0375,SITE_011,-3
SITE_011_S0376,SITE_011,-3
SITE_011_S0377,SITE_011,-3
SITE_011_S0378,SITE_011,-3
SITE_011_S0379,SITE_011,-3
SITE_011_S0380,SITE_011,-3
SITE_011_S0381,SITE_011,-3
SITE_011_S0382,SITE_011,-3
SITE_011_S0383,SITE_011,-3
SITE_011_S0384,SITE_011,-3
SITE_011_S0385,SITE_011,-3
SITE_011_S0386,SITE_011,-3
SITE_011_S0387,SITE_011,-3
SITE_011_S0388,SITE_011,-3
SITE_011_S0389,SITE_011,-3
SITE_011_S0390,SITE_011,-3
SITE_011_S0391,SITE_011,-3
SITE_011_S0392,SITE_011,-3
SITE_011_S0393,SITE_011,-3
SITE_011_S0394,SITE_011,-3
SITE_011_S0395,SITE_011,-3
SITE_011_S0396,SITE_011,-3
SITE_011_S0397,SITE_011,-3
SITE_011_S0398,SITE_011,-3
SITE_011_S0399,SITE_011,-3
SITE_011_S0400,SITE_011,-3
SITE_011_S0401,SITE_011,-3
SITE_011_S0402,SITE_011,-3
SITE_011_S0403,SITE_011,-3
SITE_011_S0404,SITE_011,-3
SITE_011_S0405,SITE_011,-3
SITE_011_S0406,SITE_011,-3
SITE_011_S0407,SITE_011,-3
SITE_011_S0408,SITE_011,-3
SITE_011_S0409,SITE_011,-3
SITE_011_S0410,SITE_011,-3
SITE_011_S0411,SITE_011,-3
SITE_011_S0412,SITE_011,-3
SITE_011_S0413,SITE_011,-3
SITE_011_S0414,SITE_011,-3
SITE_011_S0415,SITE_011,-3
SITE_011_S0416,SITE_011,-3
SITE_011_S0417,SITE_011,-3
SITE_011_S0418,SITE_011,-3
SITE_011_S0419,SITE_011,-3
SITE_011_S0420,SITE_011,-3
SITE_011_S0421,SITE_011,-3
SITE_011_S0422,SITE_011,-3
SITE_011_S0423,SITE_011,-3
SITE_011_S0424,SITE_011,-3
SITE_011_S0425,SITE_011,-3
SITE_011_S0426,SITE_011,-3
SITE_011_S0427,SITE_011,-3
SITE_011_S0428,SITE_011,-3
SITE_011_S0429,SITE_011,-3
SITE_011_S0430,SITE_011,-3
SITE_011_S0431,SITE_011,-3
SITE_011_S0432,SITE_011,-3
SITE_011_S0433,SITE_011,-3
SITE_011_S0434,SITE_011,-3
SITE_011_S0435,SITE_011,-3
SITE_011_S0436,SITE_011,-3
SITE_011_S0437,SITE_011,-3
SITE_011_S0438,SITE_011,-3
SITE_011_S0439,SITE_011,-3
SITE_011_S0440,SITE_011,-3
SITE_011_S0441,SITE_011,-3
SITE_011_S0442,SITE_011,-3
SITE_011_S0443,SITE_011,-3
SITE_011_S0444,SITE_011,-3
SITE_011_S0445,SITE_011,-3
SITE_011_S0446,SITE_011,-3
SITE_011_S0447,SITE_011,-3
SITE_011_S0448,SITE_011,-3
SITE_011_S0449,SITE_011,-3
SITE_011_S0450,SITE_011,-3
SITE_011_S0451,SITE_011,-3
SITE_011_S0452,SITE_011,-3
SITE_011_S0453,SITE_011,-3
SITE_011_S0454,SITE_011,-3
SITE_011_S0455,SITE_011,-3
SITE_011_S0456,SITE_011,-3
SITE_011_S0457,SITE_011,-3
SITE_011_S0458,SITE_011,-3
SITE_011_S0459,SITE_011,-3
SITE_011_S0460,SITE_011,-3
SITE_011_S0461,SITE_011,-3
SITE_011_S0462,SITE_011,-3
SITE_011_S0463,SITE_011,-3
SITE_011_S0464,SITE_011,-3
SITE_011_S0465,SITE_011,-3
SITE_011_S0466,SITE_011,-3
SITE_011_S0467,SITE_011,-3
SITE_012_S0001,SITE_012,734
SITE_012_S0002,SITE_012,734
SITE_012_S0003,SITE_012,734
SITE_012_S0004,SITE_012,734
SITE_012_S0005,SITE_012,734
SITE_012_S0006,SITE_012,734
SITE_012_S0007,SITE_012,734
SITE_012_S0008,SITE_012,734
SITE_012_S0009,SITE_012,734
SITE_012_S0010,SITE_012,734
SITE_012_S0011,SITE_012,734
SITE_012_S0012,SITE_012,734
SITE_012_S0013,SITE_012,734
SITE_012_S0014,SITE_012,734
SITE_012_S0015,SITE_012,734
SITE_012_S0016,SITE_012,734
SITE_012_S0017,SITE_012,734
SITE_012_S0018,SITE_012,734
SITE_012_S0019,SITE_012,734
SITE_012_S0020,SITE_012,734
SITE_012_S0021,SITE_012,734
SITE_012_S0022,SITE_012,734
SITE_012_S0023,SITE_012,734
SITE_012_S0024,SITE_012,734
SITE_012_S0025,SITE_012,734
SITE_012_S0026,SITE_012,734
SITE_012_S0027,SITE_012,734
SITE_012_S0028,SITE_012,734
SITE_012_S0029,SITE_012,734
SITE_012_S0030,SITE_012,734
SITE_012_S0031,SITE_012,734
SITE_012_S0032,SITE_012,734
SITE_012_S0033,SITE_012,734
SITE_012_S0034,SITE_012,734
SITE_012_S0035,SITE_012,734
SITE_012_S0036,SITE_012,734
SITE_012_S0037,SITE_012,734
SITE_012_S0038,SITE_012,734
SITE_012_S0039,SITE_012,734
SITE_012_S0040,SITE_012,734
SITE_012_S0041,SITE_012,734
SITE_012_S0042,SITE_012,734
SITE_012_S0043,SITE_012,734
SITE_012_S0044,SITE_012,734
SITE_012_S0045,SITE_012,734
SITE_012_S0046,SITE_012,734
SITE_012_S0047,SITE_012,734
SITE_012_S0048,SITE_012,734
SITE_012_S0049,SITE_012,734
SITE_012_S0050,SITE_012,734
SITE_012_S0051,SITE_012,734
SITE_012_S0052,SITE_012,734
SITE_012_S0053,SITE_012,734
SITE_012_S0054,SITE_012,734
SITE_012_S0055,SITE_012,734
SITE_012_S0056,SITE_012,734
SITE_012_S0057,SITE_012,734
SITE_012_S0058,SITE_012,734
SITE_012_S0059,SITE_012,734
SITE_012_S0060,SITE_012,734
SITE_012_S0061,SITE_012,734
SITE_012_S0062,SITE_012,734
SITE_012_S0063,SITE_012,734
SITE_012_S0064,SITE_012,734
SITE_012_S0065,SITE_012,734
SITE_012_S0066,SITE_012,734
SITE_012_S0067,SITE_012,734
SITE_012_S0068,SITE_012,734
SITE_012_S0069,SITE_012,734
SITE_012_S0070,SITE_012,734
SITE_012_S0071,SITE_012,734
SITE_012_S0072,SITE_012,734
SITE_012_S0073,SITE_012,734
SITE_012_S0074,SITE_012,734
SITE_012_S0075,SITE_012,734
SITE_012_S0076,SITE_012,734
SITE_012_S0077,SITE_012,734
SITE_012_S0078,SITE_012,734
SITE_012_S0079,SITE_012,734
SITE_012_S0080,SITE_012,734
SITE_012_S0081,SITE_012,734
SITE_012_S0082,SITE_012,734
SITE_012_S0083,SITE_012,734
SITE_012_S0084,SITE_012,734
SITE_012_S0085,SITE_012,734
SITE_012_S0086,SITE_012,734
SITE_012_S0087,SITE_012,734
SITE_012_S0088,SITE_012,734
SITE_012_S0089,SITE_012,734
SITE_012_S0090,SITE_012,734
SITE_012_S0091,SITE_012,734
SITE_012_S0092,SITE_012,734
SITE_012_S0093,SITE_012,734
SITE_012_S0094,SITE_012,734
SITE_012_S0095,SITE_012,734
SITE_012_S0096,SITE_012,734
SITE_012_S0097,SITE_012,734
SITE_012_S0098,SITE_012,734
SITE_012_S0099,SITE_012,734
SITE_012_S0100,SITE_012,734
SITE_012_S0101,SITE_012,734
SITE_012_S0102,SITE_012,734
SITE_012_S0103,SITE_012,734
SITE_012_S0104,SITE_012,734
SITE_012_S0105,SITE_012,734
SITE_012_S0106,SITE_012,734
SITE_012_S0107,SITE_012,734
SITE_012_S0108,SITE_012,734
SITE_012_S0109,SITE_012,734
SITE_012_S0110,SITE_012,734
SITE_012_S0111,SITE_012,734
SITE_012_S0112,SITE_012,734
SITE_012_S0113,SITE_012,734
SITE_012_S0114,SITE_012,734
SITE_012_S0115,SITE_012,734
SITE_012_S0116,SITE_012,734
SITE_012_S0117,SITE_012,734
SITE_012_S0118,SITE_012,734
SITE_012_S0119,SITE_012,734
SITE_012_S0120,SITE_012,734
SITE_012_S0121,SITE_012,734
SITE_012_S0122,SITE_012,734
SITE_012_S0123,SITE_012,734
SITE_012_S0124,SITE_012,734
SITE_012_S0125,SITE_012,734
SITE_012_S0126,SITE_012,734
SITE_012_S0127,SITE_012,734
SITE_012_S0128,SITE_012,734
SITE_012_S0129,SITE_012,734
SITE_012_S0130,SITE_012,734
SITE_012_S0131,SITE_012,734
SITE_012_S0132,SITE_012,734
SITE_012_S0133,SITE_012,734
SITE_012_S0134,SITE_012,734
SITE_012_S0135,SITE_012,734
SITE_012_S0136,SITE_012,734
