sample_id,site_id,NDVI,EVI,LAI,FPAR
SITE_001_S0001,SITE_001,0.788,0.2935,3.3,0.8300000000000001
SITE_001_S0002,SITE_001,0.3114,0.1771,0.2,0.1
SITE_001_S0003,SITE_001,0.3114,0.1771,0.2,0.1
SITE_001_S0004,SITE_001,0.7307,0.3095,2.1,0.68
SITE_001_S0005,SITE_001,0.7307,0.3095,0.8,0.51
SITE_001_S0006,SITE_001,0.6622,0.2477,1.7,0.75
SITE_001_S0007,SITE_001,0.6622,0.2477,1.7,0.73
SITE_001_S0008,SITE_001,0.6622,0.2477,1.7,0.73
SITE_001_S0009,SITE_001,0.4489,0.2722,0.5,0.39
SITE_001_S0010,SITE_001,0.6828000000000001,0.2895,1.3,0.68
SITE_001_S0011,SITE_001,0.6828000000000001,0.2895,1.3,0.68
SITE_001_S0012,SITE_001,0.6476000000000001,0.2642,1.1,0.51
SITE_001_S0013,SITE_001,0.6476000000000001,0.2642,1.6,0.65
SITE_001_S0014,SITE_001,0.7109000000000001,0.3576,2.2,0.73
SITE_001_S0015,SITE_001,0.7109000000000001,0.3576,2.2,0.72
SITE_001_S0016,SITE_001,0.6703,0.3379,1.6,0.64
SITE_001_S0017,SITE_001,0.6703,0.3379,1.6,0.64
SITE_001_S0018,SITE_001,0.6703,0.3379,0.8,0.35
SITE_001_S0019,SITE_001,0.7994,0.5149,4.7,0.91
SITE_001_S0020,SITE_001,0.7994,0.5149,7,1
SITE_001_S0021,SITE_001,0.8479,0.5704,0.4,0.18
SITE_001_S0022,SITE_001,0.8479,0.5704,5.300000000000001,0.92
SITE_001_S0023,SITE_001,0.8375,0.5774,1.8,0.63
SITE_001_S0024,SITE_001,0.8375,0.5774,1.3,0.52
SITE_001_S0025,SITE_001,0.8266,0.4723,4.9,0.92
SITE_001_S0026,SITE_001,0.8266,0.4723,5.2,0.92
SITE_001_S0027,SITE_001,0.8266,0.4723,5.2,0.92
SITE_001_S0028,SITE_001,0.8431000000000001,0.4553,6.4,0.95
SITE_001_S0029,SITE_001,0.8608,0.4563,2.3,0.6900000000000001
SITE_001_S0030,SITE_001,0.8608,0.4563,5.300000000000001,0.93
SITE_001_S0031,SITE_001,0.8765000000000001,0.4905,1.1,0.53
SITE_001_S0032,SITE_001,0.8612000000000001,0.5241,5.9,0.96
SITE_001_S0033,SITE_001,0.8238000000000001,0.5381,3,0.8
SITE_001_S0034,SITE_001,0.7021000000000001,0.3336,2.2,0.81
SITE_001_S0035,SITE_001,0.7021000000000001,0.3336,0.1,0.04
SITE_001_S0036,SITE_001,0.7508,0.3184,2.6,0.76
SITE_001_S0037,SITE_001,0.7508,0.3184,4.100000000000001,0.88
SITE_001_S0038,SITE_001,0.7508,0.3184,4.100000000000001,0.88
SITE_001_S0039,SITE_001,0.7318,0.2969,3.7,0.86
SITE_001_S0040,SITE_001,0.8300000000000001,0.3368,0.6000000000000001,0.27
SITE_001_S0041,SITE_001,0.8300000000000001,0.3368,0.6000000000000001,0.27
SITE_001_S0042,SITE_001,0.7769,0.3277,1.5,0.5700000000000001
SITE_001_S0043,SITE_001,0.7769,0.3277,2.7,0.77
SITE_001_S0044,SITE_001,0.6854,0.3215,3.6,0.85
SITE_001_S0045,SITE_001,0.6854,0.3215,1,0.6
SITE_001_S0046,SITE_001,0.6854,0.3215,1,0.6
SITE_001_S0047,SITE_001,0.8028000000000001,0.2854,0,0
SITE_001_S0048,SITE_001,0.8028000000000001,0.2854,1.7,0.75
SITE_001_S0049,SITE_001,0.5959,0.2597,1.7,0.75
SITE_001_S0050,SITE_001,0.5959,0.2597,1.7,0.75
SITE_001_S0051,SITE_001,0.5959,0.2597,0.9,0.58
SITE_001_S0052,SITE_001,0.6434000000000001,0.262,1.8,0.74
SITE_001_S0053,SITE_001,0.6434000000000001,0.262,1.5,0.72
SITE_001_S0054,SITE_001,0.6434000000000001,0.262,1.5,0.72
SITE_001_S0055,SITE_001,0.6129,0.303,1.5,0.63
SITE_001_S0056,SITE_001,0.6129,0.303,1.3,0.59
SITE_001_S0057,SITE_001,0.7141000000000001,0.3281,1.7,0.6900000000000001
SITE_001_S0058,SITE_001,0.7141000000000001,0.3281,1.7,0.6900000000000001
SITE_001_S0059,SITE_001,0.6859000000000001,0.3614,0.1,0.05
SITE_001_S0060,SITE_001,0.6859000000000001,0.3614,2.9,0.76
SITE_001_S0061,SITE_001,0.7853,0.4777,3.3,0.8
SITE_001_S0062,SITE_001,0.7853,0.4777,2.9,0.79
SITE_001_S0063,SITE_001,0.8450000000000001,0.5643,1.3,0.51
SITE_001_S0064,SITE_001,0.8450000000000001,0.5643,1.3,0.51
SITE_001_S0065,SITE_001,0.8450000000000001,0.5643,5.2,0.93
SITE_001_S0066,SITE_001,0.8369000000000001,0.5399,4.7,0.91
SITE_001_S0067,SITE_001,0.865,0.5644,1.1,0.46
SITE_001_S0068,SITE_001,0.865,0.5644,1.8,0.64
SITE_001_S0069,SITE_001,0.8531000000000001,0.521,4.9,0.91
SITE_001_S0070,SITE_001,0.8531000000000001,0.521,5.7,0.94
SITE_001_S0071,SITE_001,0.8514,0.5387000000000001,1.4,0.55
SITE_001_S0072,SITE_001,0.8514,0.5387000000000001,1.4,0.55
SITE_001_S0073,SITE_001,0.8489,0.4646,5,0.92
SITE_001_S0074,SITE_001,0.8489,0.4646,5.100000000000001,0.92
SITE_001_S0075,SITE_001,0.8314,0.4393,6.300000000000001,0.96
SITE_001_S0076,SITE_001,0.8314,0.4393,6.300000000000001,0.96
SITE_001_S0077,SITE_001,0.8314,0.4393,4.600000000000001,0.91
SITE_001_S0078,SITE_001,0.7956000000000001,0.4137,4.800000000000001,0.93
SITE_001_S0079,SITE_001,0.7956000000000001,0.4137,3.7,0.93
SITE_001_S0080,SITE_001,0.7956000000000001,0.4137,3.7,0.93
SITE_001_S0081,SITE_001,0.7956000000000001,0.4137,3.7,0.93
SITE_001_S0082,SITE_001,0.7614000000000001,0.3891,2.1,0.8
SITE_001_S0083,SITE_001,0.7614000000000001,0.3891,2.1,0.8
SITE_001_S0084,SITE_001,0.7614000000000001,0.3891,0.8,0.5
SITE_001_S0085,SITE_001,0.7614000000000001,0.3891,0.8,0.5
SITE_001_S0086,SITE_001,0.7911,0.3739,2.8,0.87
SITE_001_S0087,SITE_001,0.7911,0.3739,2.8,0.87
SITE_001_S0088,SITE_001,0.7911,0.3739,2.8,0.87
SITE_001_S0089,SITE_001,0.7911,0.3739,2.8,0.87
SITE_001_S0090,SITE_001,0.7911,0.3739,2,0.77
SITE_001_S0091,SITE_001,0.7911,0.3739,2,0.77
SITE_001_S0092,SITE_001,0.7326,0.4205,2.9,0.85
SITE_001_S0093,SITE_001,0.7326,0.4205,0.1,0.03
SITE_001_S0094,SITE_001,0.7326,0.4205,0.1,0.03
SITE_001_S0095,SITE_001,0.7326,0.4205,0.1,0.03
SITE_001_S0096,SITE_001,0.7326,0.4205,0.1,0.03
SITE_001_S0097,SITE_001,0.7293000000000001,0.3089,3,0.81
SITE_001_S0098,SITE_001,0.7293000000000001,0.3089,3,0.81
SITE_001_S0099,SITE_001,0.7293000000000001,0.3089,2.9,0.8
SITE_001_S0100,SITE_001,0.7797000000000001,0.2973,3,0.81
SITE_001_S0101,SITE_001,0.7797000000000001,0.2973,3,0.81
SITE_001_S0102,SITE_001,0.7797000000000001,0.2973,3,0.81
SITE_001_S0103,SITE_001,0.7797000000000001,0.2973,1.3,0.52
SITE_001_S0104,SITE_001,0.7797000000000001,0.2973,1.3,0.52
SITE_001_S0105,SITE_001,0.7793,0.3078,1.1,0.47
SITE_001_S0106,SITE_001,0.7793,0.3078,7,1
SITE_001_S0107,SITE_001,0.7793,0.3078,7,1
SITE_001_S0108,SITE_001,0.759,0.2796,7,1
SITE_001_S0109,SITE_001,0.759,0.2796,7,1
SITE_001_S0110,SITE_001,0.759,0.2796,7,1
SITE_001_S0111,SITE_001,0.759,0.2796,7,1
SITE_001_S0112,SITE_001,0.759,0.2796,0.3,0.14
SITE_001_S0113,SITE_001,0.759,0.2796,0.3,0.14
SITE_001_S0114,SITE_001,0.7124,0.2874,2.2,0.7000000000000001
SITE_001_S0115,SITE_001,0.7124,0.2874,2.2,0.7000000000000001
SITE_001_S0116,SITE_001,0.6728000000000001,0.2662,0.5,0.36
SITE_001_S0117,SITE_001,0.6728000000000001,0.2662,0.5,0.36
SITE_001_S0118,SITE_001,0.6728000000000001,0.2662,1.3,0.6900000000000001
SITE_001_S0119,SITE_001,0.6728000000000001,0.2662,1.3,0.6900000000000001
SITE_001_S0120,SITE_001,0.1771,0.1027,0.4,0.22
SITE_001_S0121,SITE_001,0.1771,0.1027,0.4,0.22
SITE_001_S0122,SITE_001,0.1771,0.1027,0.4,0.22
SITE_001_S0123,SITE_001,0.1771,0.1027,0.4,0.22
SITE_001_S0124,SITE_001,0.1771,0.1027,0.1,0.04
SITE_001_S0125,SITE_001,0.6253000000000001,0.248,0.4,0.35
SITE_001_S0126,SITE_001,0.6253000000000001,0.248,0.4,0.35
SITE_001_S0127,SITE_001,0.6253000000000001,0.248,1.1,0.62
SITE_001_S0128,SITE_001,0.6253000000000001,0.248,1.1,0.62
SITE_001_S0129,SITE_001,0.6253000000000001,0.248,1.1,0.62
SITE_001_S0130,SITE_001,0.6253000000000001,0.248,1.1,0.62
SITE_001_S0131,SITE_001,0.6398,0.2917,1.8,0.75
SITE_001_S0132,SITE_001,0.6398,0.2917,1.8,0.75
SITE_001_S0133,SITE_001,0.6398,0.2917,1.6,0.67
SITE_001_S0134,SITE_001,0.6398,0.2917,1.6,0.67
SITE_001_S0135,SITE_001,0.6855,0.3691,1.7,0.68
SITE_001_S0136,SITE_001,0.6855,0.3691,1.7,0.68
SITE_001_S0137,SITE_001,0.6855,0.3691,1.7,0.68
SITE_001_S0138,SITE_001,0.6855,0.3691,1.7,0.68
SITE_001_S0139,SITE_001,0.6855,0.3691,0.7000000000000001,0.41
SITE_001_S0140,SITE_001,0.6855,0.3691,0.7000000000000001,0.41
SITE_001_S0141,SITE_001,0.548,0.3396,1,0.44
SITE_001_S0142,SITE_001,0.548,0.3396,1,0.44
SITE_001_S0143,SITE_001,0.548,0.3396,2,0.65
SITE_001_S0144,SITE_001,0.548,0.3396,2,0.65
SITE_001_S0145,SITE_001,0.548,0.3396,2,0.65
SITE_001_S0146,SITE_001,0.548,0.3396,2,0.65
SITE_001_S0147,SITE_001,0.795,0.4276,2.8,0.75
SITE_001_S0148,SITE_001,0.795,0.4276,2.8,0.75
SITE_001_S0149,SITE_001,0.795,0.4276,4.2,0.87
SITE_001_S0150,SITE_001,0.795,0.4276,4.2,0.87
SITE_001_S0151,SITE_001,0.8385,0.4466,5.5,0.93
SITE_001_S0152,SITE_001,0.8385,0.4466,5.5,0.93
SITE_001_S0153,SITE_001,0.8385,0.4466,5.5,0.93
SITE_001_S0154,SITE_001,0.8385,0.4466,5.5,0.93
SITE_001_S0155,SITE_001,0.8385,0.4466,7,1
SITE_001_S0156,SITE_001,0.8385,0.4466,7,1
SITE_001_S0157,SITE_001,0.8324,0.5556,5.5,0.94
SITE_001_S0158,SITE_001,0.8324,0.5556,5.5,0.94
SITE_001_S0159,SITE_001,0.8324,0.5556,4.7,0.91
SITE_001_S0160,SITE_001,0.8324,0.5556,4.7,0.91
SITE_001_S0161,SITE_001,0.8324,0.5556,4.7,0.91
SITE_001_S0162,SITE_001,0.8324,0.5556,4.7,0.91
SITE_001_S0163,SITE_001,0.8230000000000001,0.5488000000000001,4.800000000000001,0.91
SITE_001_S0164,SITE_001,0.8230000000000001,0.5488000000000001,4.800000000000001,0.91
SITE_001_S0165,SITE_001,0.8230000000000001,0.5488000000000001,4.4,0.89
SITE_001_S0166,SITE_001,0.8668,0.4448,5.100000000000001,0.92
SITE_001_S0167,SITE_001,0.8668,0.4448,5.100000000000001,0.92
SITE_001_S0168,SITE_001,0.8668,0.4448,5.100000000000001,0.92
SITE_001_S0169,SITE_001,0.8668,0.4448,3,0.77
SITE_001_S0170,SITE_001,0.8668,0.4448,3,0.77
SITE_001_S0171,SITE_001,0.8525,0.5638000000000001,0.4,0.22
SITE_001_S0172,SITE_001,0.8525,0.5638000000000001,0.4,0.22
SITE_001_S0173,SITE_001,0.8525,0.5638000000000001,5.4,0.94
SITE_001_S0174,SITE_001,0.8437,0.5062,5,0.92
SITE_001_S0175,SITE_001,0.8437,0.5062,5,0.92
SITE_001_S0176,SITE_001,0.8437,0.5062,1.1,0.54
SITE_001_S0177,SITE_001,0.8437,0.5062,1.1,0.54
SITE_001_S0178,SITE_001,0.8454,0.5432,1.3,0.56
SITE_001_S0179,SITE_001,0.8454,0.5432,1.3,0.56
SITE_001_S0180,SITE_001,0.2257,0.1509,0,0
SITE_001_S0181,SITE_001,0.2257,0.1509,0,0
SITE_001_S0182,SITE_001,0.2257,0.1509,0,0
SITE_001_S0183,SITE_001,0.2257,0.1509,0,0
SITE_001_S0184,SITE_001,0.2257,0.1509,0.3,0.17
SITE_001_S0185,SITE_001,0.2257,0.1509,0.3,0.17
SITE_001_S0186,SITE_001,0.2674,0.1661,0.1,0.05
SITE_001_S0187,SITE_001,0.2674,0.1661,0.1,0.05
SITE_001_S0188,SITE_001,0.2674,0.1661,0.4,0.19
SITE_001_S0189,SITE_001,0.2674,0.1661,0.4,0.19
SITE_001_S0190,SITE_001,0.636,0.2765,0.3,0.16
SITE_001_S0191,SITE_001,0.636,0.2765,0.3,0.16
SITE_001_S0192,SITE_001,0.636,0.2765,0.3,0.16
SITE_001_S0193,SITE_001,0.636,0.2765,1.7,0.6
SITE_001_S0194,SITE_001,0.636,0.2765,1.7,0.6
SITE_001_S0195,SITE_001,0.636,0.2765,1.7,0.6
SITE_001_S0196,SITE_001,0.3399,0.1258,0.4,0.22
SITE_001_S0197,SITE_001,0.3399,0.1258,0.4,0.22
SITE_001_S0198,SITE_001,0.3399,0.1258,0.1,0.04
SITE_001_S0199,SITE_001,0.3399,0.1258,0.1,0.04
SITE_001_S0200,SITE_001,0.3399,0.1258,0.1,0.04
SITE_001_S0201,SITE_001,0.7060000000000001,0.2548,1.9,0.76
SITE_001_S0202,SITE_001,0.7060000000000001,0.2548,1.9,0.76
SITE_001_S0203,SITE_001,0.7060000000000001,0.2548,1.9,0.76
SITE_001_S0204,SITE_001,0.7060000000000001,0.2548,1.7,0.72
SITE_001_S0205,SITE_001,0.7060000000000001,0.2548,1.7,0.72
SITE_001_S0206,SITE_001,0.6583,0.2631,1.9,0.76
SITE_001_S0207,SITE_001,0.6583,0.2631,1.9,0.76
SITE_001_S0208,SITE_001,0.6583,0.2631,1.9,0.76
SITE_001_S0209,SITE_001,0.6583,0.2631,1.4,0.6900000000000001
SITE_001_S0210,SITE_001,0.6583,0.2631,1.4,0.6900000000000001
SITE_001_S0211,SITE_001,0.6702,0.2443,0.1,0.06
SITE_001_S0212,SITE_001,0.5023,0.2701,1.1,0.55
SITE_001_S0213,SITE_001,0.5023,0.2701,2.3,0.75
SITE_001_S0214,SITE_001,0.5023,0.2701,2.3,0.75
SITE_001_S0215,SITE_001,0.5023,0.2701,2.3,0.75
SITE_001_S0216,SITE_001,0.7632,0.4431,0.6000000000000001,0.28
SITE_001_S0217,SITE_001,0.7632,0.4431,0.6000000000000001,0.28
SITE_001_S0218,SITE_001,0.7632,0.4431,3.1,0.8
SITE_001_S0219,SITE_001,0.7632,0.4431,3.1,0.8
SITE_001_S0220,SITE_001,0.7632,0.4431,3.1,0.8
SITE_001_S0221,SITE_001,0.7941,0.4384,5.4,0.92
SITE_001_S0222,SITE_001,0.7941,0.4384,5.4,0.92
SITE_001_S0223,SITE_001,0.7941,0.4384,5.4,0.92
SITE_001_S0224,SITE_001,0.7941,0.4384,5.5,0.93
SITE_001_S0225,SITE_001,0.7941,0.4384,5.5,0.93
SITE_001_S0226,SITE_001,0.8082,0.5276000000000001,4,0.88
SITE_001_S0227,SITE_001,0.8082,0.5276000000000001,4,0.88
SITE_001_S0228,SITE_001,0.8082,0.5276000000000001,4,0.88
SITE_001_S0229,SITE_001,0.8082,0.5276000000000001,5.4,0.93
SITE_001_S0230,SITE_001,0.8082,0.5276000000000001,5.4,0.93
SITE_001_S0231,SITE_001,0.8082,0.5276000000000001,5.4,0.93
SITE_001_S0232,SITE_001,0.5917,0.3171,0.9,0.39
SITE_001_S0233,SITE_001,0.5917,0.3171,0.9,0.39
SITE_001_S0234,SITE_001,0.5917,0.3171,1.5,0.5700000000000001
SITE_001_S0235,SITE_001,0.5917,0.3171,1.5,0.5700000000000001
SITE_001_S0236,SITE_001,0.5917,0.3171,1.5,0.5700000000000001
SITE_001_S0237,SITE_001,0.7824,0.4313,4.5,0.89
SITE_001_S0238,SITE_001,0.7824,0.4313,4.5,0.89
SITE_001_S0239,SITE_001,0.7824,0.4313,4.5,0.89
SITE_001_S0240,SITE_001,0.7824,0.4313,4.9,0.9
SITE_001_S0241,SITE_001,0.7824,0.4313,4.9,0.9
SITE_001_S0242,SITE_001,0.7791,0.4346,4.3,0.88
SITE_001_S0243,SITE_001,0.7791,0.4346,4.3,0.88
SITE_001_S0244,SITE_001,0.8302,0.4002,3.7,0.86
SITE_001_S0245,SITE_001,0.8302,0.4002,3.7,0.86
SITE_001_S0246,SITE_001,0.8302,0.4002,4.2,0.93
SITE_001_S0247,SITE_001,0.671,0.2893,1.5,0.62
SITE_001_S0248,SITE_001,0.671,0.2893,1.5,0.62
SITE_001_S0249,SITE_001,0.671,0.2893,1.5,0.62
SITE_001_S0250,SITE_001,0.671,0.2893,2.2,0.73
SITE_001_S0251,SITE_001,0.671,0.2893,2.2,0.73
SITE_001_S0252,SITE_001,0.6781,0.3131,1.5,0.62
SITE_001_S0253,SITE_001,0.6781,0.3131,1.5,0.62
SITE_001_S0254,SITE_001,0.6781,0.3131,2.2,0.73
SITE_001_S0255,SITE_001,0.6781,0.3131,2.2,0.73
SITE_001_S0256,SITE_001,0.6781,0.3131,2.2,0.73
SITE_001_S0257,SITE_001,0.6781,0.3131,2.2,0.73
SITE_001_S0258,SITE_001,0.7544000000000001,0.3805,2.5,0.72
SITE_001_S0259,SITE_001,0.7544000000000001,0.3805,2.5,0.72
SITE_001_S0260,SITE_001,0.7544000000000001,0.3805,0.5,0.24
SITE_001_S0261,SITE_001,0.7544000000000001,0.3805,0.5,0.24
SITE_001_S0262,SITE_001,0.7795000000000001,0.4634,3.4,0.81
SITE_001_S0263,SITE_001,0.7795000000000001,0.4634,3.4,0.81
SITE_001_S0264,SITE_001,0.7795000000000001,0.4634,3.4,0.81
SITE_001_S0265,SITE_001,0.7795000000000001,0.4634,3.4,0.84
SITE_001_S0266,SITE_001,0.7795000000000001,0.4634,3.4,0.84
SITE_001_S0267,SITE_001,0.8238000000000001,0.5208,6.600000000000001,0.98
SITE_001_S0268,SITE_001,0.8238000000000001,0.5208,6.600000000000001,0.98
SITE_001_S0269,SITE_001,0.8238000000000001,0.5208,4.7,0.91
SITE_001_S0270,SITE_001,0.8238000000000001,0.5208,4.7,0.91
SITE_001_S0271,SITE_001,0.8365,0.5358,5.100000000000001,0.92
SITE_001_S0272,SITE_001,0.8365,0.5358,5.100000000000001,0.92
SITE_001_S0273,SITE_001,0.8365,0.5358,4.7,0.91
SITE_001_S0274,SITE_001,0.8365,0.5358,4.7,0.91
SITE_001_S0275,SITE_001,0.8161,0.495,1.2,0.51
SITE_001_S0276,SITE_001,0.8161,0.495,1.2,0.51
SITE_001_S0277,SITE_001,0.8161,0.495,1.2,0.51
SITE_001_S0278,SITE_001,0.8161,0.495,1.2,0.51
SITE_001_S0279,SITE_001,0.8161,0.495,3.8,0.87
SITE_001_S0280,SITE_001,0.8161,0.495,3.8,0.87
SITE_001_S0281,SITE_001,0.8075,0.4803,4.2,0.89
SITE_001_S0282,SITE_001,0.8075,0.4803,4.2,0.89
SITE_001_S0283,SITE_001,0.8075,0.4803,3.4,0.81
SITE_001_S0284,SITE_001,0.8075,0.4803,3.4,0.81
SITE_001_S0285,SITE_001,0.8075,0.4803,3.4,0.81
SITE_001_S0286,SITE_001,0.8075,0.4803,3.4,0.81
SITE_001_S0287,SITE_001,0.8185,0.458,5,0.92
SITE_001_S0288,SITE_001,0.8185,0.458,5,0.92
SITE_001_S0289,SITE_001,0.8185,0.458,0.9,0.41
SITE_001_S0290,SITE_001,0.8185,0.458,0.9,0.41
SITE_001_S0291,SITE_001,0.8302,0.4555,0.8,0.35
SITE_001_S0292,SITE_001,0.8302,0.4555,0.8,0.35
SITE_001_S0293,SITE_001,0.8302,0.4555,0.8,0.35
SITE_001_S0294,SITE_001,0.8302,0.4555,0.8,0.35
SITE_001_S0295,SITE_001,0.8302,0.4555,5.5,0.95
SITE_001_S0296,SITE_001,0.8302,0.4555,5.5,0.95
SITE_001_S0297,SITE_001,0.8022,0.4317,5.300000000000001,0.94
SITE_001_S0298,SITE_001,0.8022,0.4317,5.300000000000001,0.94
SITE_001_S0299,SITE_001,0.8022,0.4317,2.1,0.76
SITE_001_S0300,SITE_001,0.8022,0.4317,2.1,0.76
SITE_001_S0301,SITE_001,0.8022,0.4317,2.1,0.76
SITE_001_S0302,SITE_001,0.8022,0.4317,2.1,0.76
SITE_001_S0303,SITE_001,0.8242,0.4148,4,0.88
SITE_001_S0304,SITE_001,0.8242,0.4148,4,0.88
SITE_001_S0305,SITE_001,0.8242,0.4148,1.2,0.48
SITE_001_S0306,SITE_001,0.8242,0.4148,1.2,0.48
SITE_001_S0307,SITE_001,0.8268000000000001,0.4362,4.9,0.96
SITE_001_S0308,SITE_001,0.8268000000000001,0.4362,4.9,0.96
SITE_001_S0309,SITE_001,0.8268000000000001,0.4362,4.9,0.96
SITE_001_S0310,SITE_001,0.8268000000000001,0.4362,4.9,0.96
SITE_001_S0311,SITE_001,0.8268000000000001,0.4362,1.2,0.48
SITE_001_S0312,SITE_001,0.8268000000000001,0.4362,1.2,0.48
SITE_001_S0313,SITE_001,0.7562,0.4031,1,0.42
SITE_001_S0314,SITE_001,0.7562,0.4031,1,0.42
SITE_001_S0315,SITE_001,0.7562,0.4031,2.4,0.84
SITE_001_S0316,SITE_001,0.7562,0.4031,2.4,0.84
SITE_001_S0317,SITE_001,0.7562,0.4031,2.4,0.84
SITE_001_S0318,SITE_001,0.7562,0.4031,2.4,0.84
SITE_001_S0319,SITE_001,0.7257,0.3407,1.8,0.76
SITE_001_S0320,SITE_001,0.7257,0.3407,1.8,0.76
SITE_001_S0321,SITE_001,0.7257,0.3407,2.1,0.81
SITE_001_S0322,SITE_001,0.7257,0.3407,2.1,0.81
SITE_001_S0323,SITE_001,0.6983,0.3085,3.5,0.84
SITE_001_S0324,SITE_001,0.6983,0.3085,3.5,0.84
SITE_001_S0325,SITE_001,0.6983,0.3085,3.5,0.84
SITE_001_S0326,SITE_001,0.6983,0.3085,3.5,0.84
SITE_001_S0327,SITE_001,0.6983,0.3085,1.7,0.62
SITE_001_S0328,SITE_001,0.6983,0.3085,1.7,0.62
SITE_001_S0329,SITE_001,0.7437,0.2818,2.2,0.7000000000000001
SITE_001_S0330,SITE_001,0.7437,0.2818,2.2,0.7000000000000001
SITE_001_S0331,SITE_001,0.7437,0.2818,2.4,0.73
SITE_001_S0332,SITE_001,0.7437,0.2818,2.4,0.73
SITE_001_S0333,SITE_001,0.7437,0.2818,2.4,0.73
SITE_001_S0334,SITE_001,0.7437,0.2818,2.4,0.73
SITE_001_S0335,SITE_001,0.6584,0.2728,1.5,0.56
SITE_001_S0336,SITE_001,0.6584,0.2728,1.5,0.56
SITE_001_S0337,SITE_001,0.6584,0.2728,2.3,0.72
SITE_001_S0338,SITE_001,0.6584,0.2728,2.3,0.72
SITE_001_S0339,SITE_001,0.7624000000000001,0.2882,2.6,0.76
SITE_001_S0340,SITE_001,0.7624000000000001,0.2882,2.6,0.76
SITE_001_S0341,SITE_001,0.7624000000000001,0.2882,2.6,0.75
SITE_001_S0342,SITE_001,0.7624000000000001,0.2882,2.6,0.75
SITE_001_S0343,SITE_001,0.7624000000000001,0.2882,2.6,0.75
SITE_001_S0344,SITE_001,0.7066,0.3341,1.7,0.61
SITE_001_S0345,SITE_001,0.7066,0.3341,1.7,0.61
SITE_001_S0346,SITE_001,0.7066,0.3341,1.7,0.61
SITE_001_S0347,SITE_001,0.7066,0.3341,1.9,0.64
SITE_001_S0348,SITE_001,0.7066,0.3341,1.9,0.64
SITE_001_S0349,SITE_001,0.7204,0.2647,1.5,0.71
SITE_001_S0350,SITE_001,0.7204,0.2647,1.5,0.71
SITE_001_S0351,SITE_001,0.7204,0.2647,1.5,0.71
SITE_001_S0352,SITE_001,0.7204,0.2647,0.2,0.2
SITE_001_S0353,SITE_001,0.7204,0.2647,0.2,0.2
SITE_001_S0354,SITE_001,0.7204,0.2647,0.2,0.2
SITE_001_S0355,SITE_001,0.263,0.0833,0.5,0.39
SITE_001_S0356,SITE_001,0.263,0.0833,0.5,0.39
SITE_001_S0357,SITE_001,0.263,0.0833,0.4,0.29
SITE_001_S0358,SITE_001,0.263,0.0833,0.4,0.29
SITE_001_S0359,SITE_001,0.263,0.0833,0.4,0.29
SITE_001_S0360,SITE_001,0.6948000000000001,0.3188,1.4,0.7000000000000001
SITE_001_S0361,SITE_001,0.6948000000000001,0.3188,1.4,0.7000000000000001
SITE_001_S0362,SITE_001,0.6948000000000001,0.3188,1.4,0.7000000000000001
SITE_001_S0363,SITE_001,0.6948000000000001,0.3188,1.7,0.75
SITE_001_S0364,SITE_001,0.6948000000000001,0.3188,1.7,0.75
SITE_001_S0365,SITE_001,0.6349,0.315,1.7,0.6900000000000001
SITE_001_S0366,SITE_001,0.6349,0.315,1.7,0.6900000000000001
SITE_001_S0367,SITE_001,0.6349,0.315,1.7,0.6900000000000001
SITE_001_S0368,SITE_001,0.6349,0.315,2.2,0.73
SITE_001_S0369,SITE_001,0.6349,0.315,2.2,0.73
SITE_001_S0370,SITE_001,0.6349,0.315,2.2,0.73
SITE_001_S0371,SITE_001,0.6807000000000001,0.3822,1.7,0.66
SITE_001_S0372,SITE_001,0.6807000000000001,0.3822,1.7,0.66
SITE_001_S0373,SITE_001,0.6807000000000001,0.3822,2.2,0.73
SITE_001_S0374,SITE_001,0.6807000000000001,0.3822,2.2,0.73
SITE_001_S0375,SITE_001,0.6807000000000001,0.3822,2.2,0.73
SITE_001_S0376,SITE_001,0.7602,0.4827,2.2,0.74
SITE_001_S0377,SITE_001,0.7602,0.4827,2.2,0.74
SITE_001_S0378,SITE_001,0.7602,0.4827,2.2,0.74
SITE_001_S0379,SITE_001,0.7602,0.4827,5.800000000000001,0.94
SITE_001_S0380,SITE_001,0.7602,0.4827,5.800000000000001,0.94
SITE_001_S0381,SITE_001,0.7994,0.477,0.9,0.38
SITE_001_S0382,SITE_001,0.7994,0.477,0.9,0.38
SITE_001_S0383,SITE_001,0.7994,0.477,0.9,0.38
SITE_001_S0384,SITE_001,0.7994,0.477,6,0.94
SITE_001_S0385,SITE_001,0.7994,0.477,6,0.94
SITE_001_S0386,SITE_001,0.7994,0.477,6,0.94
SITE_001_S0387,SITE_001,0.7628,0.4987,4.3,0.89
SITE_001_S0388,SITE_001,0.7628,0.4987,4.3,0.89
SITE_001_S0389,SITE_001,0.7628,0.4987,5,0.91
SITE_001_S0390,SITE_001,0.7628,0.4987,5,0.91
SITE_001_S0391,SITE_001,0.7628,0.4987,5,0.91
SITE_001_S0392,SITE_001,0.7901,0.5121,4.800000000000001,0.91
SITE_001_S0393,SITE_001,0.7901,0.5121,4.800000000000001,0.91
SITE_001_S0394,SITE_001,0.7901,0.5121,4.800000000000001,0.91
SITE_001_S0395,SITE_001,0.7901,0.5121,5.2,0.92
SITE_001_S0396,SITE_001,0.7901,0.5121,5.2,0.92
SITE_001_S0397,SITE_001,0.78,0.5072,4.800000000000001,0.91
SITE_001_S0398,SITE_001,0.78,0.5072,4.800000000000001,0.91
SITE_001_S0399,SITE_001,0.78,0.5072,4.800000000000001,0.91
SITE_001_S0400,SITE_001,0.78,0.5072,2.1,0.6900000000000001
SITE_001_S0401,SITE_001,0.78,0.5072,2.1,0.6900000000000001
SITE_001_S0402,SITE_001,0.78,0.5072,2.1,0.6900000000000001
SITE_001_S0403,SITE_001,0.8074,0.4651,1.3,0.54
SITE_001_S0404,SITE_001,0.8074,0.4651,1.3,0.54
SITE_001_S0405,SITE_001,0.8074,0.4651,1.2,0.47
SITE_001_S0406,SITE_001,0.8074,0.4651,1.2,0.47
SITE_001_S0407,SITE_001,0.8074,0.4651,1.2,0.47
SITE_001_S0408,SITE_001,0.8057000000000001,0.453,5.600000000000001,0.93
SITE_001_S0409,SITE_001,0.8057000000000001,0.453,5.600000000000001,0.93
SITE_001_S0410,SITE_001,0.8057000000000001,0.453,5.600000000000001,0.93
SITE_001_S0411,SITE_001,0.6205,0.3067,1.5,0.64
SITE_001_S0412,SITE_001,0.6205,0.3067,1.5,0.64
SITE_001_S0413,SITE_001,0.5755,0.2974,0.3,0.15
SITE_001_S0414,SITE_001,0.5755,0.2974,0.9,0.46
SITE_001_S0415,SITE_001,0.5755,0.2974,0.9,0.46
SITE_001_S0416,SITE_001,0.5989,0.3115,1.7,0.67
SITE_001_S0417,SITE_001,0.5989,0.3115,1.7,0.67
SITE_001_S0418,SITE_001,0.5989,0.3115,1.7,0.67
SITE_001_S0419,SITE_001,0.7678,0.4971,3,0.8
SITE_001_S0420,SITE_001,0.7678,0.4971,3,0.8
SITE_001_S0421,SITE_001,0.7678,0.4971,3,0.8
SITE_001_S0422,SITE_001,0.7678,0.4971,0.9,0.41
SITE_001_S0423,SITE_001,0.7678,0.4971,0.9,0.41
SITE_001_S0424,SITE_001,0.7678,0.4971,0.9,0.41
SITE_001_S0425,SITE_001,0.8185,0.4861,3.5,0.8300000000000001
SITE_001_S0426,SITE_001,0.8185,0.4861,3.5,0.8300000000000001
SITE_001_S0427,SITE_001,0.8185,0.4861,5.5,0.93
SITE_001_S0428,SITE_001,0.8185,0.4861,5.5,0.93
SITE_001_S0429,SITE_001,0.8510000000000001,0.4754,5,0.92
SITE_001_S0430,SITE_001,0.8510000000000001,0.4754,5,0.92
SITE_001_S0431,SITE_001,0.8510000000000001,0.4754,5,0.92
SITE_001_S0432,SITE_001,0.8510000000000001,0.4754,4.3,0.89
SITE_001_S0433,SITE_001,0.8510000000000001,0.4754,4.3,0.89
SITE_001_S0434,SITE_001,0.4915,0.331,0.7000000000000001,0.33
SITE_001_S0435,SITE_001,0.4915,0.331,0.7000000000000001,0.33
SITE_001_S0436,SITE_001,0.4915,0.331,0.7000000000000001,0.33
SITE_001_S0437,SITE_001,0.4915,0.331,5.4,0.93
SITE_001_S0438,SITE_001,0.4915,0.331,5.4,0.93
SITE_001_S0439,SITE_001,0.8398,0.4953,4.9,0.92
SITE_001_S0440,SITE_001,0.8398,0.4953,4.9,0.92
SITE_001_S0441,SITE_001,0.8398,0.4953,7,1
SITE_001_S0442,SITE_001,0.8398,0.4953,7,1
SITE_001_S0443,SITE_001,0.8398,0.4953,7,1
SITE_001_S0444,SITE_001,0.6977,0.4767,1.5,0.56
SITE_001_S0445,SITE_001,0.6977,0.4767,1.5,0.56
SITE_001_S0446,SITE_001,0.6977,0.4767,1.5,0.56
SITE_001_S0447,SITE_001,0.6977,0.4767,0.8,0.36
SITE_001_S0448,SITE_001,0.6977,0.4767,0.8,0.36
SITE_001_S0449,SITE_001,0.8721,0.4457,5.4,0.93
SITE_001_S0450,SITE_001,0.8721,0.4457,5.4,0.93
SITE_001_S0451,SITE_001,0.8721,0.4457,5.4,0.93
SITE_001_S0452,SITE_001,0.8721,0.4457,7,1
SITE_001_S0453,SITE_001,0.8721,0.4457,7,1
SITE_001_S0454,SITE_001,0.8721,0.4457,7,1
SITE_001_S0455,SITE_001,0.8392000000000001,0.4745,6.100000000000001,0.96
SITE_001_S0456,SITE_001,0.8392000000000001,0.4745,6.100000000000001,0.96
SITE_001_S0457,SITE_001,0.8392000000000001,0.4745,5.4,0.93
SITE_001_S0458,SITE_001,0.8392000000000001,0.4745,5.4,0.93
SITE_001_S0459,SITE_001,0.8392000000000001,0.4745,5.4,0.93
SITE_001_S0460,SITE_001,0.7929,0.4562,4.5,0.91
SITE_001_S0461,SITE_001,0.7929,0.4562,4.5,0.91
SITE_001_S0462,SITE_001,0.7929,0.4562,4.5,0.91
SITE_001_S0463,SITE_001,0.7929,0.4562,1,0.42
SITE_001_S0464,SITE_001,0.7929,0.4562,1,0.42
SITE_001_S0465,SITE_001,0.8112,0.4435,2.9,0.88
SITE_001_S0466,SITE_001,0.8112,0.4435,2.9,0.88
SITE_001_S0467,SITE_001,0.8112,0.4435,2.9,0.88
SITE_001_S0468,SITE_001,0.8112,0.4435,6.5,0.97
SITE_001_S0469,SITE_001,0.8112,0.4435,6.5,0.97
SITE_001_S0470,SITE_001,0.8112,0.4435,6.5,0.97
SITE_001_S0471,SITE_001,0.8832000000000001,0.4817,3.6,0.92
SITE_001_S0472,SITE_001,0.8832000000000001,0.4817,3.6,0.92
SITE_001_S0473,SITE_001,0.8832000000000001,0.4817,2.5,0.85
SITE_001_S0474,SITE_001,0.8832000000000001,0.4817,2.5,0.85
SITE_001_S0475,SITE_001,0.8832000000000001,0.4817,2.5,0.85
SITE_001_S0476,SITE_001,0.9018,0.3864,2.5,0.84
SITE_001_S0477,SITE_001,0.9018,0.3864,2.5,0.84
SITE_001_S0478,SITE_001,0.9018,0.3864,2.5,0.84
SITE_001_S0479,SITE_001,0.9018,0.3864,0.1,0.06
SITE_001_S0480,SITE_001,0.9018,0.3864,0.1,0.06
SITE_001_S0481,SITE_001,0.8797,0.3462,0.8,0.37
SITE_001_S0482,SITE_001,0.8797,0.3462,0.8,0.37
SITE_001_S0483,SITE_001,0.8797,0.3462,0.8,0.37
SITE_001_S0484,SITE_001,0.8797,0.3462,5.7,0.95
SITE_001_S0485,SITE_001,0.8797,0.3462,5.7,0.95
SITE_001_S0486,SITE_001,0.8797,0.3462,5.7,0.95
SITE_001_S0487,SITE_001,0.6278,0.3289,1.2,0.5
SITE_001_S0488,SITE_001,0.6278,0.3289,0.4,0.2
SITE_001_S0489,SITE_001,0.6278,0.3289,0.4,0.2
SITE_001_S0490,SITE_001,0.6278,0.3289,0.4,0.2
SITE_001_S0491,SITE_001,0.6463,0.3065,5.9,0.95
SITE_001_S0492,SITE_001,0.6463,0.3065,0.1,0.05
SITE_001_S0493,SITE_001,0.5725,0.2796,1.1,0.47
SITE_001_S0494,SITE_001,0.5725,0.2796,5.5,0.94
SITE_001_S0495,SITE_001,0.7046,0.3557,2,0.66
SITE_001_S0496,SITE_001,0.7046,0.3557,2,0.66
SITE_001_S0497,SITE_001,0.7046,0.3557,0,0
SITE_001_S0498,SITE_001,0.6051000000000001,0.2126,0.9,0.5700000000000001
SITE_001_S0499,SITE_001,0.6051000000000001,0.2126,0.9,0.56
SITE_001_S0500,SITE_001,0.6051000000000001,0.2126,0.9,0.56
SITE_001_S0501,SITE_001,0.6675,0.3042,1.5,0.71
SITE_001_S0502,SITE_001,0.6675,0.3042,1.4,0.71
SITE_001_S0503,SITE_001,0.6186,0.271,1.3,0.68
SITE_001_S0504,SITE_001,0.6186,0.271,1.3,0.68
SITE_001_S0505,SITE_001,0.6186,0.271,1.2,0.67
SITE_001_S0506,SITE_001,0.6108,0.28,1.4,0.63
SITE_001_S0507,SITE_001,0.6108,0.28,1.6,0.67
SITE_001_S0508,SITE_001,0.6108,0.28,1.6,0.67
SITE_001_S0509,SITE_001,0.6759000000000001,0.3543,0.7000000000000001,0.39
SITE_001_S0510,SITE_001,0.6759000000000001,0.3543,2,0.72
SITE_001_S0511,SITE_001,0.7479,0.4456,2.7,0.75
SITE_001_S0512,SITE_001,0.7479,0.4456,2.7,0.75
SITE_001_S0513,SITE_001,0.7479,0.4456,5.100000000000001,0.91
SITE_001_S0514,SITE_001,0.7027,0.4963,4.5,0.89
SITE_001_S0515,SITE_001,0.7027,0.4963,5.2,0.93
SITE_001_S0516,SITE_001,0.7027,0.4963,5.2,0.93
SITE_001_S0517,SITE_001,0.7932,0.5501,2.6,0.72
SITE_001_S0518,SITE_001,0.7932,0.5501,4.9,0.92
SITE_001_S0519,SITE_001,0.8151,0.561,5.2,0.93
SITE_001_S0520,SITE_001,0.8151,0.561,5.2,0.93
SITE_001_S0521,SITE_001,0.8151,0.561,1.4,0.51
SITE_001_S0522,SITE_001,0.8320000000000001,0.5732,5.300000000000001,0.93
SITE_001_S0523,SITE_001,0.8320000000000001,0.5732,1.9,0.66
SITE_001_S0524,SITE_001,0.792,0.5123,4,0.88
SITE_001_S0525,SITE_001,0.792,0.5123,2.6,0.74
SITE_001_S0526,SITE_001,0.8332,0.4385,6,0.94
SITE_001_S0527,SITE_001,0.8332,0.4385,6,0.94
SITE_001_S0528,SITE_001,0.8332,0.4385,3.2,0.84
SITE_001_S0529,SITE_001,0.8176,0.4212,4.2,0.89
SITE_001_S0530,SITE_001,0.8176,0.4212,4.2,0.9
SITE_001_S0531,SITE_001,0.8176,0.4212,4.2,0.9
SITE_001_S0532,SITE_001,0.8075,0.4444,1.4,0.63
SITE_001_S0533,SITE_001,0.8075,0.4444,3.3,0.85
SITE_001_S0534,SITE_001,0.8305,0.3994,0.5,0.23
SITE_001_S0535,SITE_001,0.8305,0.3994,0.5,0.23
SITE_001_S0536,SITE_001,0.8305,0.3994,4.2,0.9
SITE_001_S0537,SITE_001,0.8388,0.4203,5,0.92
SITE_001_S0538,SITE_001,0.8388,0.4203,3.5,0.85
SITE_001_S0539,SITE_001,0.8388,0.4203,3.5,0.85
SITE_001_S0540,SITE_001,0.7154,0.3861,3.5,0.85
SITE_001_S0541,SITE_001,0.7154,0.3861,2.3,0.8200000000000001
SITE_001_S0542,SITE_001,0.7629,0.3795,2.3,0.8300000000000001
SITE_001_S0543,SITE_001,0.7629,0.3795,2.3,0.8300000000000001
SITE_001_S0544,SITE_001,0.7629,0.3795,1.7,0.75
SITE_001_S0545,SITE_001,0.6316,0.301,1.7,0.62
SITE_001_S0546,SITE_001,0.6316,0.301,0.4,0.21
SITE_001_S0547,SITE_001,0.6316,0.301,0.4,0.21
SITE_001_S0548,SITE_001,0.3584,0.1572,0.2,0.1
SITE_001_S0549,SITE_001,0.3584,0.1572,3,0.8
SITE_001_S0550,SITE_001,0.5546,0.2907,0.1,0.05
SITE_001_S0551,SITE_001,0.5546,0.2907,0.1,0.05
SITE_001_S0552,SITE_001,0.0401,0.0407,0.3,0.17
SITE_001_S0553,SITE_001,0.0401,0.0407,0.3,0.17
SITE_001_S0554,SITE_001,0.0401,0.0407,3,0.81
SITE_001_S0555,SITE_001,0.5811000000000001,0.2667,1.2,0.5
SITE_001_S0556,SITE_001,0.5811000000000001,0.2667,0.3,0.14
SITE_001_S0557,SITE_001,0.5811000000000001,0.2667,0.3,0.14
SITE_001_S0558,SITE_001,0.6761,0.2966,1.5,0.73
SITE_001_S0559,SITE_001,0.6761,0.2966,1.4,0.7000000000000001
SITE_001_S0560,SITE_001,0.6345000000000001,0.2677,0.3,0.17
SITE_001_S0561,SITE_001,0.6345000000000001,0.2677,0.3,0.17
SITE_001_S0562,SITE_001,0.6345000000000001,0.2677,1.6,0.75
SITE_001_S0563,SITE_001,0.6104,0.3278,0.3,0.15
SITE_001_S0564,SITE_001,0.6104,0.3278,1.2,0.66
SITE_001_S0565,SITE_001,0.6104,0.3278,1.2,0.66
SITE_001_S0566,SITE_001,0.6302,0.3199,0.1,0.06
SITE_001_S0567,SITE_001,0.6302,0.3199,1.5,0.64
SITE_001_S0568,SITE_001,0.6254000000000001,0.3014,1.6,0.65
SITE_001_S0569,SITE_001,0.6254000000000001,0.3014,1.6,0.65
SITE_001_S0570,SITE_001,0.6254000000000001,0.3014,1.7,0.66
SITE_001_S0571,SITE_001,0.6656000000000001,0.3598,1.5,0.5700000000000001
SITE_001_S0572,SITE_001,0.6656000000000001,0.3598,1.7,0.6900000000000001
SITE_001_S0573,SITE_001,0.6656000000000001,0.3598,1.7,0.6900000000000001
SITE_001_S0574,SITE_001,0.7525000000000001,0.4469,3.3,0.81
SITE_001_S0575,SITE_001,0.7525000000000001,0.4469,1.9,0.65
SITE_001_S0576,SITE_001,0.7781,0.5033,5,0.91
SITE_001_S0577,SITE_001,0.7781,0.5033,5,0.91
SITE_001_S0578,SITE_001,0.7781,0.5033,5.5,0.94
SITE_001_S0579,SITE_001,0.8255,0.5118,5.300000000000001,0.93
SITE_001_S0580,SITE_001,0.8255,0.5118,0.7000000000000001,0.33
SITE_001_S0581,SITE_001,0.8255,0.5118,0.7000000000000001,0.33
SITE_001_S0582,SITE_001,0.8302,0.5038,1,0.42
SITE_001_S0583,SITE_001,0.8302,0.5038,5.5,0.94
SITE_001_S0584,SITE_001,0.7240000000000001,0.2146,0.9,0.39
SITE_001_S0585,SITE_001,0.7240000000000001,0.2146,0.9,0.39
SITE_001_S0586,SITE_001,0.7240000000000001,0.2146,6.100000000000001,0.96
SITE_001_S0587,SITE_001,0.8195,0.5676,1,0.43
SITE_001_S0588,SITE_001,0.8195,0.5676,4.800000000000001,0.91
SITE_001_S0589,SITE_001,0.8195,0.5676,4.800000000000001,0.91
SITE_001_S0590,SITE_001,0.8264,0.447,4.7,0.91
SITE_001_S0591,SITE_001,0.8264,0.447,4.7,0.91
SITE_001_S0592,SITE_001,0.8264,0.447,4.3,0.9
SITE_001_S0593,SITE_001,0.8595,0.4355,1,0.46
SITE_001_S0594,SITE_001,0.8595,0.4355,4.4,0.94
SITE_001_S0595,SITE_001,0.8595,0.4355,4.4,0.94
SITE_001_S0596,SITE_001,0.8141,0.4831,2,0.79
SITE_001_S0597,SITE_001,0.8007000000000001,0.4135,1,0.5700000000000001
SITE_001_S0598,SITE_001,0.8007000000000001,0.4135,1,0.5700000000000001
SITE_001_S0599,SITE_001,0.8007000000000001,0.4135,0.1,0.05
SITE_001_S0600,SITE_001,0.5937,0.3667,2.1,0.81
SITE_001_S0601,SITE_001,0.5937,0.3667,1.3,0.51
SITE_001_S0602,SITE_001,0.6478,0.2973,0.2,0.09
SITE_001_S0603,SITE_001,0.6478,0.2973,1.4,0.54
SITE_001_S0604,SITE_001,0.2414,0.1526,0.3,0.14
SITE_001_S0605,SITE_001,0.2414,0.1526,0.3,0.14
SITE_001_S0606,SITE_001,0.2414,0.1526,0.1,0.06
SITE_001_S0607,SITE_001,0.9003,0.3521,6.4,0.98
SITE_001_S0608,SITE_001,0.9003,0.3521,0.4,0.19
SITE_001_S0609,SITE_001,0.7409,0.2858,0.4,0.19
SITE_001_S0610,SITE_001,0.7409,0.2858,0.4,0.19
SITE_001_S0611,SITE_001,0.7409,0.2858,2.6,0.76
SITE_001_S0612,SITE_001,0.6431,0.281,1.2,0.49
SITE_001_S0613,SITE_001,0.6431,0.281,1.7,0.61
SITE_001_S0614,SITE_001,0.6431,0.281,1.7,0.61
SITE_001_S0615,SITE_001,0.2798,0.1539,0.5,0.37
SITE_001_S0616,SITE_001,0.2798,0.1539,0.2,0.21
SITE_001_S0617,SITE_001,0.6281,0.2674,0.5,0.36
SITE_001_S0618,SITE_001,0.6281,0.2674,0.5,0.36
SITE_001_S0619,SITE_001,0.6281,0.2674,1,0.59
SITE_001_S0620,SITE_001,0.6418,0.3384,1.2,0.67
SITE_001_S0621,SITE_001,0.6418,0.3384,0.6000000000000001,0.43
SITE_001_S0622,SITE_001,0.6418,0.3384,0.6000000000000001,0.43
SITE_001_S0623,SITE_001,0.6297,0.3062,1,0.62
SITE_001_S0624,SITE_001,0.6297,0.3062,1.5,0.62
SITE_001_S0625,SITE_001,0.7611,0.3778,1.5,0.61
SITE_001_S0626,SITE_001,0.6559,0.293,1.6,0.59
SITE_001_S0627,SITE_001,0.6559,0.293,1.6,0.59
SITE_001_S0628,SITE_001,0.6798000000000001,0.2457,2,0.66
SITE_001_S0629,SITE_001,0.6798000000000001,0.2457,0.7000000000000001,0.47
SITE_001_S0630,SITE_001,0.6321,0.2648,1.2,0.66
SITE_001_S0631,SITE_001,0.6321,0.2648,1.2,0.66
SITE_001_S0632,SITE_001,0.6321,0.2648,1.3,0.6900000000000001
SITE_001_S0633,SITE_001,0.605,0.2563,1.2,0.66
SITE_001_S0634,SITE_001,0.605,0.2563,1.4,0.71
SITE_001_S0635,SITE_001,0.605,0.2563,1.4,0.71
SITE_001_S0636,SITE_001,0.6342,0.304,1.1,0.65
SITE_001_S0637,SITE_001,0.6342,0.304,1.5,0.64
SITE_001_S0638,SITE_001,0.6265000000000001,0.325,1.6,0.65
SITE_001_S0639,SITE_001,0.6265000000000001,0.325,1.6,0.65
SITE_001_S0640,SITE_001,0.6265000000000001,0.325,0.5,0.27
SITE_001_S0641,SITE_001,0.7937000000000001,0.509,4.800000000000001,0.92
SITE_001_S0642,SITE_001,0.7937000000000001,0.509,2,0.74
SITE_001_S0643,SITE_001,0.7937000000000001,0.509,2,0.74
SITE_001_S0644,SITE_001,0.7937000000000001,0.509,2,0.74
SITE_001_S0645,SITE_001,0.7937000000000001,0.509,2,0.74
SITE_001_S0646,SITE_001,0.8168000000000001,0.4878,6,0.94
SITE_001_S0647,SITE_001,0.8168000000000001,0.4878,6,0.94
SITE_001_S0648,SITE_001,0.8168000000000001,0.4878,5.4,0.93
SITE_001_S0649,SITE_001,0.8168000000000001,0.4878,5.4,0.93
SITE_001_S0650,SITE_001,0.8165,0.6884,1.8,0.62
SITE_001_S0651,SITE_001,0.8165,0.6884,1.8,0.62
SITE_001_S0652,SITE_001,0.8165,0.6884,1.8,0.62
SITE_001_S0653,SITE_001,0.8165,0.6884,1.8,0.62
SITE_001_S0654,SITE_001,0.8165,0.6884,5.600000000000001,0.94
SITE_001_S0655,SITE_001,0.8165,0.6884,5.600000000000001,0.94
SITE_001_S0656,SITE_001,0.8618,0.5658000000000001,5.300000000000001,0.93
SITE_001_S0657,SITE_001,0.8618,0.5658000000000001,5.300000000000001,0.93
SITE_001_S0658,SITE_001,0.8618,0.5658000000000001,5.100000000000001,0.92
SITE_001_S0659,SITE_001,0.8618,0.5658000000000001,5.100000000000001,0.92
SITE_001_S0660,SITE_001,0.8618,0.5658000000000001,5.100000000000001,0.92
SITE_001_S0661,SITE_001,0.8618,0.5658000000000001,5.100000000000001,0.92
SITE_001_S0662,SITE_001,0.805,0.648,7,1
SITE_001_S0663,SITE_001,0.805,0.648,7,1
SITE_001_S0664,SITE_001,0.805,0.648,2.3,0.6900000000000001
SITE_001_S0665,SITE_001,0.805,0.648,2.3,0.6900000000000001
SITE_001_S0666,SITE_001,0.5493,0.422,2.5,0.75
SITE_001_S0667,SITE_001,0.5493,0.422,2.5,0.75
SITE_001_S0668,SITE_001,0.5493,0.422,2.5,0.75
SITE_001_S0669,SITE_001,0.5493,0.422,2.5,0.75
SITE_001_S0670,SITE_001,0.5493,0.422,2.8,0.75
SITE_001_S0671,SITE_001,0.5493,0.422,2.8,0.75
SITE_001_S0672,SITE_001,0.8330000000000001,0.677,4.3,0.89
SITE_001_S0673,SITE_001,0.8330000000000001,0.677,4.3,0.89
SITE_001_S0674,SITE_001,0.8330000000000001,0.677,4,0.89
SITE_001_S0675,SITE_001,0.8330000000000001,0.677,4,0.89
SITE_001_S0676,SITE_001,0.8330000000000001,0.677,4,0.89
SITE_001_S0677,SITE_001,0.8495,0.5723,4,0.89
SITE_001_S0678,SITE_001,0.8495,0.5723,4,0.89
SITE_001_S0679,SITE_001,0.8495,0.5723,5.100000000000001,0.92
SITE_001_S0680,SITE_001,0.8495,0.5723,5.100000000000001,0.92
SITE_001_S0681,SITE_001,0.8497,0.4593,0.3,0.2
SITE_001_S0682,SITE_001,0.8497,0.4593,0.3,0.2
SITE_001_S0683,SITE_001,0.8497,0.4593,0.3,0.2
SITE_001_S0684,SITE_001,0.8497,0.4593,0.3,0.2
SITE_001_S0685,SITE_001,0.8497,0.4593,4.800000000000001,0.91
SITE_001_S0686,SITE_001,0.8497,0.4593,4.800000000000001,0.91
SITE_001_S0687,SITE_001,0.8714000000000001,0.4598,4.600000000000001,0.95
SITE_001_S0688,SITE_001,0.8714000000000001,0.4598,4.600000000000001,0.95
SITE_001_S0689,SITE_001,0.8714000000000001,0.4598,5,0.92
SITE_001_S0690,SITE_001,0.8714000000000001,0.4598,5,0.92
SITE_001_S0691,SITE_001,0.8714000000000001,0.4598,5,0.92
SITE_001_S0692,SITE_001,0.8714000000000001,0.4598,5,0.92
SITE_001_S0693,SITE_001,0.864,0.4594,1.8,0.78
SITE_001_S0694,SITE_001,0.864,0.4594,1.8,0.78
SITE_001_S0695,SITE_001,0.864,0.4594,2,0.78
SITE_001_S0696,SITE_001,0.864,0.4594,2,0.78
SITE_001_S0697,SITE_001,0.7961,0.4146,2.3,0.8300000000000001
SITE_001_S0698,SITE_001,0.7961,0.4146,2.3,0.8300000000000001
SITE_001_S0699,SITE_001,0.7961,0.4146,2.3,0.8300000000000001
SITE_001_S0700,SITE_001,0.7961,0.4146,2.3,0.8300000000000001
SITE_001_S0701,SITE_001,0.7961,0.4146,2.2,0.81
SITE_001_S0702,SITE_001,0.6786,0.5046,0.6000000000000001,0.42
SITE_001_S0703,SITE_001,0.6786,0.5046,0.6000000000000001,0.42
SITE_001_S0704,SITE_001,0.6786,0.5046,1.3,0.5
SITE_001_S0705,SITE_001,0.6786,0.5046,1.3,0.5
SITE_001_S0706,SITE_001,0.6786,0.5046,1.3,0.5
SITE_001_S0707,SITE_001,0.6669,0.3594,1.6,0.59
SITE_001_S0708,SITE_001,0.6669,0.3594,1,0.43
SITE_001_S0709,SITE_001,0.6669,0.3594,1,0.43
SITE_001_S0710,SITE_001,0.5786,0.2797,0.8,0.34
SITE_001_S0711,SITE_001,0.5786,0.2797,0.8,0.34
SITE_001_S0712,SITE_001,0.5786,0.2797,0.8,0.34
SITE_001_S0713,SITE_001,0.5786,0.2797,0.8,0.34
SITE_001_S0714,SITE_001,0.5786,0.2797,1.1,0.46
SITE_001_S0715,SITE_001,0.5786,0.2797,1.1,0.46
SITE_001_S0716,SITE_001,0.5837,0.2924,1.1,0.45
SITE_001_S0717,SITE_001,0.5837,0.2924,1.1,0.45
SITE_001_S0718,SITE_001,0.5837,0.2924,1.2,0.49
SITE_001_S0719,SITE_001,0.5837,0.2924,1.2,0.49
SITE_002_S0001,SITE_002,0.8701000000000001,0.7115,2,0.72
SITE_002_S0002,SITE_002,0.8701000000000001,0.7115,5.800000000000001,0.93
SITE_002_S0003,SITE_002,0.8431000000000001,0.6999000000000001,0.2,0.12
SITE_002_S0004,SITE_002,0.8431000000000001,0.6999000000000001,4.100000000000001,0.85
SITE_002_S0005,SITE_002,0.8431000000000001,0.6999000000000001,4.100000000000001,0.85
SITE_002_S0006,SITE_002,0.794,0.6776,0.4,0.23
SITE_002_S0007,SITE_002,0.794,0.6776,0.4,0.23
SITE_002_S0008,SITE_002,0.794,0.6776,4,0.84
SITE_002_S0009,SITE_002,0.7903,0.6391,1,0.44
SITE_002_S0010,SITE_002,0.5941000000000001,0.537,1.9,0.62
SITE_002_S0011,SITE_002,0.5941000000000001,0.537,2.9,0.78
SITE_002_S0012,SITE_002,0.8372,0.7172000000000001,1.1,0.47
SITE_002_S0013,SITE_002,0.8372,0.7172000000000001,3.7,0.8200000000000001
SITE_002_S0014,SITE_002,0.374,0.324,1.1,0.43
SITE_002_S0015,SITE_002,0.374,0.324,1.1,0.43
SITE_002_S0016,SITE_002,0.8313,0.6839000000000001,3,0.81
SITE_002_S0017,SITE_002,0.8313,0.6839000000000001,3.6,0.85
SITE_002_S0018,SITE_002,0.8302,0.6425000000000001,3.6,0.85
SITE_002_S0019,SITE_002,0.8302,0.6425000000000001,3.6,0.85
SITE_002_S0020,SITE_002,0.8302,0.6425000000000001,6.300000000000001,0.94
SITE_002_S0021,SITE_002,0.8428,0.6544,4.100000000000001,0.88
SITE_002_S0022,SITE_002,0.8428,0.6544,2.2,0.75
SITE_002_S0023,SITE_002,0.8428,0.6544,2.2,0.75
SITE_002_S0024,SITE_002,0.8428,0.6544,2.2,0.75
SITE_002_S0025,SITE_002,0.7102,0.3974,1.9,0.61
SITE_002_S0026,SITE_002,0.7102,0.3974,1.9,0.61
SITE_002_S0027,SITE_002,0.7102,0.3974,1.3,0.63
SITE_002_S0028,SITE_002,0.7102,0.3974,1.3,0.63
SITE_002_S0029,SITE_002,0.7919,0.5474,1.3,0.64
SITE_002_S0030,SITE_002,0.7919,0.5474,1.3,0.64
SITE_002_S0031,SITE_002,0.7919,0.5474,1.3,0.64
SITE_002_S0032,SITE_002,0.7919,0.5474,2.3,0.8200000000000001
SITE_002_S0033,SITE_002,0.6588,0.4798,0.2,0.19
SITE_002_S0034,SITE_002,0.6588,0.4798,1.2,0.65
SITE_002_S0035,SITE_002,0.6588,0.4798,1.2,0.65
SITE_002_S0036,SITE_002,0.6588,0.4798,1.2,0.65
SITE_002_S0037,SITE_002,0.6588,0.4798,1.2,0.65
SITE_002_S0038,SITE_002,0.7509,0.4985,6.9,1
SITE_002_S0039,SITE_002,0.7509,0.4985,2.5,0.7000000000000001
SITE_002_S0040,SITE_002,0.7302000000000001,0.5136000000000001,2.6,0.72
SITE_002_S0041,SITE_002,0.7302000000000001,0.5136000000000001,2.6,0.72
SITE_002_S0042,SITE_002,0.7302000000000001,0.5136000000000001,2.6,0.72
SITE_002_S0043,SITE_002,0.7302000000000001,0.5136000000000001,2.6,0.72
SITE_002_S0044,SITE_002,0.7302000000000001,0.5136000000000001,1.3,0.48
SITE_002_S0045,SITE_002,0.7302000000000001,0.5136000000000001,1.3,0.48
SITE_002_S0046,SITE_002,0.6437,0.5051,1.2,0.45
SITE_002_S0047,SITE_002,0.6437,0.5051,1.8,0.6
SITE_002_S0048,SITE_002,0.6437,0.5051,1.8,0.6
SITE_002_S0049,SITE_002,-0.0189,-0.0168,1.9,0.63
SITE_002_S0050,SITE_002,-0.0189,-0.0168,1.9,0.63
SITE_002_S0051,SITE_002,-0.0189,-0.0168,1.9,0.63
SITE_002_S0052,SITE_002,-0.0189,-0.0168,1.9,0.63
SITE_002_S0053,SITE_002,-0.0189,-0.0168,1.1,0.44
SITE_002_S0054,SITE_002,-0.0189,-0.0168,1.1,0.44
SITE_002_S0055,SITE_002,0.3607,0.2435,0.8,0.34
SITE_002_S0056,SITE_002,0.3607,0.2435,0.8,0.34
SITE_002_S0057,SITE_002,0.3607,0.2435,1,0.4
SITE_002_S0058,SITE_002,0.3607,0.2435,1,0.4
SITE_002_S0059,SITE_002,0.3607,0.2435,1,0.4
SITE_002_S0060,SITE_002,0.3607,0.2435,1,0.4
SITE_002_S0061,SITE_002,0.5653,0.3903,1,0.4
SITE_002_S0062,SITE_002,0.5653,0.3903,1,0.4
SITE_002_S0063,SITE_002,0.5653,0.3903,1.1,0.61
SITE_002_S0064,SITE_002,0.5653,0.3903,1.1,0.61
SITE_002_S0065,SITE_002,0.5597,0.3058,0.8,0.48
SITE_002_S0066,SITE_002,0.5597,0.3058,0.8,0.48
SITE_002_S0067,SITE_002,0.5597,0.3058,0.8,0.48
SITE_002_S0068,SITE_002,0.5597,0.3058,0.8,0.48
SITE_002_S0069,SITE_002,0.5597,0.3058,0.2,0.11
SITE_002_S0070,SITE_002,0.5597,0.3058,0.2,0.11
SITE_002_S0071,SITE_002,0.729,0.5168,1.7,0.75
SITE_002_S0072,SITE_002,0.729,0.5168,1.7,0.75
SITE_002_S0073,SITE_002,0.729,0.5168,2.5,0.76
SITE_002_S0074,SITE_002,0.729,0.5168,2.5,0.76
SITE_002_S0075,SITE_002,0.729,0.5168,2.5,0.76
SITE_002_S0076,SITE_002,0.729,0.5168,2.5,0.76
SITE_002_S0077,SITE_002,0.7971,0.5593,1.9,0.78
SITE_002_S0078,SITE_002,0.7971,0.5593,1.9,0.78
SITE_002_S0079,SITE_002,0.7971,0.5593,2.4,0.77
SITE_002_S0080,SITE_002,0.7971,0.5593,2.4,0.77
SITE_002_S0081,SITE_002,0.8325,0.7578,2.9,0.76
SITE_002_S0082,SITE_002,0.8325,0.7578,2.9,0.76
SITE_002_S0083,SITE_002,0.8325,0.7578,2.9,0.76
SITE_002_S0084,SITE_002,0.8325,0.7578,2.9,0.76
SITE_002_S0085,SITE_002,0.8325,0.7578,2.3,0.75
SITE_002_S0086,SITE_002,0.8325,0.7578,2.3,0.75
SITE_002_S0087,SITE_002,0.7885000000000001,0.6623,1.9,0.6900000000000001
SITE_002_S0088,SITE_002,0.7885000000000001,0.6623,1.9,0.6900000000000001
SITE_002_S0089,SITE_002,0.7885000000000001,0.6623,2.5,0.72
SITE_002_S0090,SITE_002,0.7885000000000001,0.6623,2.5,0.72
SITE_002_S0091,SITE_002,0.7885000000000001,0.6623,2.5,0.72
SITE_002_S0092,SITE_002,0.7885000000000001,0.6623,2.5,0.72
SITE_002_S0093,SITE_002,0.7428,0.5401,1.9,0.63
SITE_002_S0094,SITE_002,0.7428,0.5401,1.9,0.63
SITE_002_S0095,SITE_002,0.7428,0.5401,2.6,0.74
SITE_002_S0096,SITE_002,0.7428,0.5401,2.6,0.74
SITE_002_S0097,SITE_002,0.7448,0.5437000000000001,2.5,0.73
SITE_002_S0098,SITE_002,0.7448,0.5437000000000001,2.5,0.73
SITE_002_S0099,SITE_002,0.7448,0.5437000000000001,1.1,0.47
SITE_002_S0100,SITE_002,0.7745000000000001,0.5650000000000001,2.7,0.74
SITE_002_S0101,SITE_002,0.7745000000000001,0.5650000000000001,1.4,0.54
SITE_002_S0102,SITE_002,0.7745000000000001,0.5650000000000001,1.4,0.54
SITE_002_S0103,SITE_002,0.8196,0.6021000000000001,1.1,0.43
SITE_002_S0104,SITE_002,0.8196,0.6021000000000001,3.4,0.81
SITE_002_S0105,SITE_002,0.778,0.662,4.5,0.88
SITE_002_S0106,SITE_002,0.778,0.662,4.5,0.88
SITE_002_S0107,SITE_002,0.778,0.662,1.7,0.61
SITE_002_S0108,SITE_002,0.8235,0.6964,1.8,0.59
SITE_002_S0109,SITE_002,0.8235,0.6964,4.9,0.9
SITE_002_S0110,SITE_002,0.8235,0.6964,4.9,0.9
SITE_002_S0111,SITE_002,0.8210000000000001,0.643,4.2,0.88
SITE_002_S0112,SITE_002,0.8210000000000001,0.643,3.6,0.85
SITE_002_S0113,SITE_002,0.8202,0.686,3.4,0.8300000000000001
SITE_002_S0114,SITE_002,0.8202,0.686,3.4,0.8300000000000001
SITE_002_S0115,SITE_002,0.8202,0.686,0.3,0.18
SITE_002_S0116,SITE_002,0.8683000000000001,0.7220000000000001,2.8,0.85
SITE_002_S0117,SITE_002,0.8683000000000001,0.7220000000000001,2.8,0.85
SITE_002_S0118,SITE_002,0.8384,0.6155,1.4,0.68
SITE_002_S0119,SITE_002,0.8384,0.6155,4,0.9
SITE_002_S0120,SITE_002,0.7035,0.5411,1.5,0.72
SITE_002_S0121,SITE_002,0.7035,0.5411,1.5,0.72
SITE_002_S0122,SITE_002,0.7035,0.5411,1.6,0.73
SITE_002_S0123,SITE_002,0.8324,0.5880000000000001,3.7,0.89
SITE_002_S0124,SITE_002,0.8324,0.5880000000000001,2.5,0.71
SITE_002_S0125,SITE_002,0.8324,0.5880000000000001,2.5,0.71
SITE_002_S0126,SITE_002,0.7547,0.5228,2.5,0.71
SITE_002_S0127,SITE_002,0.7547,0.5228,2,0.64
SITE_002_S0128,SITE_002,0.7055,0.4817,0.9,0.36
SITE_002_S0129,SITE_002,0.7055,0.4817,0.9,0.36
SITE_002_S0130,SITE_002,0.7055,0.4817,2.1,0.65
SITE_002_S0131,SITE_002,0.6940000000000001,0.4744,2,0.64
SITE_002_S0132,SITE_002,0.6940000000000001,0.4744,2.1,0.65
SITE_002_S0133,SITE_002,0.6901,0.4401,2.4,0.7000000000000001
SITE_002_S0134,SITE_002,0.6901,0.4401,0.6000000000000001,0.28
SITE_002_S0135,SITE_002,0.6901,0.4401,0.6000000000000001,0.28
SITE_002_S0136,SITE_002,0.7008,0.4186,1.9,0.61
SITE_002_S0137,SITE_002,0.7008,0.4186,0.3,0.15
SITE_002_S0138,SITE_002,0.7281000000000001,0.5115000000000001,2.3,0.8200000000000001
SITE_002_S0139,SITE_002,0.7281000000000001,0.5115000000000001,2.3,0.8200000000000001
SITE_002_S0140,SITE_002,0.7281000000000001,0.5115000000000001,1.5,0.73
SITE_002_S0141,SITE_002,0.7029000000000001,0.4749,1.4,0.6900000000000001
SITE_002_S0142,SITE_002,0.7029000000000001,0.4749,0.8,0.5
SITE_002_S0143,SITE_002,0.6473,0.4058,1.1,0.6
SITE_002_S0144,SITE_002,0.6473,0.4058,1.3,0.65
SITE_002_S0145,SITE_002,0.7481,0.5174,0.2,0.15
SITE_002_S0146,SITE_002,0.7481,0.5174,0.2,0.15
SITE_002_S0147,SITE_002,0.7481,0.5174,2,0.71
SITE_002_S0148,SITE_002,0.8123,0.6476000000000001,1,0.51
SITE_002_S0149,SITE_002,0.8123,0.6476000000000001,2.2,0.76
SITE_002_S0150,SITE_002,0.8123,0.6476000000000001,2.2,0.76
SITE_002_S0151,SITE_002,0.7052,0.5411,1.1,0.48
SITE_002_S0152,SITE_002,0.7052,0.5411,3.8,0.8200000000000001
SITE_002_S0153,SITE_002,0.6784,0.5126000000000001,1.8,0.62
SITE_002_S0154,SITE_002,0.728,0.5499,1.9,0.65
SITE_002_S0155,SITE_002,0.7464000000000001,0.5904,0.5,0.25
SITE_002_S0156,SITE_002,0.7464000000000001,0.5904,3.7,0.8300000000000001
SITE_002_S0157,SITE_002,0.7025,0.462,2.5,0.73
SITE_002_S0158,SITE_002,0.7025,0.462,2.5,0.73
SITE_002_S0159,SITE_002,0.7025,0.462,2.3,0.7000000000000001
SITE_002_S0160,SITE_002,0.6604,0.475,1.7,0.6
SITE_002_S0161,SITE_002,0.6604,0.475,1.7,0.6
SITE_002_S0162,SITE_002,0.5717,0.385,1.2,0.5700000000000001
SITE_002_S0163,SITE_002,0.5717,0.385,1.6,0.63
SITE_002_S0164,SITE_002,0.7393000000000001,0.4403,1.3,0.58
SITE_002_S0165,SITE_002,0.7393000000000001,0.4403,1.3,0.58
SITE_002_S0166,SITE_002,0.7393000000000001,0.4403,1.5,0.58
SITE_002_S0167,SITE_002,0.7393000000000001,0.4403,1.5,0.58
SITE_002_S0168,SITE_002,0.7479,0.5849,2.3,0.74
SITE_002_S0169,SITE_002,0.7479,0.5849,2.3,0.74
SITE_002_S0170,SITE_002,0.7479,0.5849,2.2,0.71
SITE_002_S0171,SITE_002,0.7479,0.5849,2.2,0.71
SITE_002_S0172,SITE_002,0.7755000000000001,0.5874,1.9,0.6900000000000001
SITE_002_S0173,SITE_002,0.7755000000000001,0.5874,1.9,0.6900000000000001
SITE_002_S0174,SITE_002,0.7755000000000001,0.5874,1.9,0.79
SITE_002_S0175,SITE_002,0.7755000000000001,0.5874,1.9,0.79
SITE_002_S0176,SITE_002,0.7999,0.6006,2.2,0.81
SITE_002_S0177,SITE_002,0.7999,0.6006,2.2,0.81
SITE_002_S0178,SITE_002,0.7999,0.6006,2.1,0.8
SITE_002_S0179,SITE_002,0.7999,0.6006,2.1,0.8
SITE_002_S0180,SITE_002,0.7707,0.5774,1.6,0.73
SITE_002_S0181,SITE_002,0.7707,0.5774,1.6,0.73
SITE_002_S0182,SITE_002,0.7707,0.5774,2.2,0.81
SITE_002_S0183,SITE_002,0.8291000000000001,0.5631,1.3,0.66
SITE_002_S0184,SITE_002,0.8291000000000001,0.5631,0.7000000000000001,0.48
SITE_002_S0185,SITE_002,0.8291000000000001,0.5631,0.7000000000000001,0.48
SITE_002_S0186,SITE_002,0.7786000000000001,0.5328,3,0.77
SITE_002_S0187,SITE_002,0.7786000000000001,0.5328,3,0.77
SITE_002_S0188,SITE_002,0.7786000000000001,0.5328,0.6000000000000001,0.26
SITE_002_S0189,SITE_002,0.7786000000000001,0.5328,0.6000000000000001,0.26
SITE_002_S0190,SITE_002,0.8078000000000001,0.5508000000000001,3.3,0.8
SITE_002_S0191,SITE_002,0.8078000000000001,0.5508000000000001,2.5,0.7000000000000001
SITE_002_S0192,SITE_002,0.8078000000000001,0.5508000000000001,2.5,0.7000000000000001
SITE_002_S0193,SITE_002,0.7773,0.5965,2.6,0.72
SITE_002_S0194,SITE_002,0.7773,0.5965,2.6,0.72
SITE_002_S0195,SITE_002,0.7773,0.5965,1.1,0.45
SITE_002_S0196,SITE_002,0.7577,0.5660000000000001,1.1,0.45
SITE_002_S0197,SITE_002,0.7577,0.5660000000000001,1.1,0.45
SITE_002_S0198,SITE_002,0.7577,0.5660000000000001,2.6,0.72
SITE_002_S0199,SITE_002,0.7577,0.5660000000000001,2.6,0.72
SITE_002_S0200,SITE_002,0.7712,0.5898,3.7,0.8300000000000001
SITE_002_S0201,SITE_002,0.7712,0.5898,1.6,0.55
SITE_002_S0202,SITE_002,0.7698,0.5639000000000001,1.9,0.78
SITE_002_S0203,SITE_002,0.7698,0.5639000000000001,1.9,0.78
SITE_002_S0204,SITE_002,0.7698,0.5639000000000001,2.2,0.8200000000000001
SITE_002_S0205,SITE_002,0.7657,0.548,1.8,0.76
SITE_002_S0206,SITE_002,0.7657,0.548,2,0.79
SITE_002_S0207,SITE_002,0.7657,0.548,2,0.79
SITE_002_S0208,SITE_002,0.7973,0.6086,1.7,0.76
SITE_002_S0209,SITE_002,0.7973,0.6086,2.4,0.84
SITE_002_S0210,SITE_002,0.7133,0.4984,2.3,0.7000000000000001
SITE_002_S0211,SITE_002,0.7133,0.4984,2.3,0.7000000000000001
SITE_002_S0212,SITE_002,0.6379,0.4351,1.7,0.6
SITE_002_S0213,SITE_002,0.6379,0.4351,0.2,0.13
SITE_002_S0214,SITE_002,0.8210000000000001,0.5994,1.2,0.56
SITE_002_S0215,SITE_002,0.8210000000000001,0.5994,3.8,0.87
SITE_002_S0216,SITE_002,0.7989,0.5733,3.7,0.85
SITE_002_S0217,SITE_002,0.7989,0.5733,2.3,0.75
SITE_002_S0218,SITE_002,0.7989,0.5733,2.3,0.75
SITE_002_S0219,SITE_002,0.8044,0.5852,3.1,0.8200000000000001
SITE_002_S0220,SITE_002,0.8044,0.5852,1.5,0.54
SITE_002_S0221,SITE_002,0.7778,0.6795,1.3,0.66
SITE_002_S0222,SITE_002,0.7778,0.6795,1.3,0.66
SITE_002_S0223,SITE_002,0.7778,0.6795,0.2,0.19
SITE_002_S0224,SITE_002,0.7892,0.6176,0.6000000000000001,0.38
SITE_002_S0225,SITE_002,0.7892,0.6176,1.4,0.6900000000000001
SITE_002_S0226,SITE_002,0.7892,0.6176,1.4,0.6900000000000001
SITE_002_S0227,SITE_002,0.761,0.5106,1.6,0.72
SITE_002_S0228,SITE_002,0.761,0.5106,1.1,0.6
SITE_002_S0229,SITE_002,0.7405,0.4931,2.4,0.6900000000000001
SITE_002_S0230,SITE_002,0.7405,0.4931,2.4,0.6900000000000001
SITE_002_S0231,SITE_002,0.7405,0.4931,2.2,0.67
SITE_002_S0232,SITE_002,0.7701,0.4938,3.1,0.78
SITE_002_S0233,SITE_002,0.7701,0.4938,2,0.63
SITE_002_S0234,SITE_002,0.7701,0.4938,2,0.63
SITE_002_S0235,SITE_002,0.7069000000000001,0.5195000000000001,1.8,0.6
SITE_002_S0236,SITE_002,0.7069000000000001,0.5195000000000001,2,0.64
SITE_002_S0237,SITE_002,0.5658000000000001,0.5003000000000001,0.1,0.06
SITE_002_S0238,SITE_002,0.5658000000000001,0.5003000000000001,1.2,0.46
SITE_002_S0239,SITE_002,0.5658000000000001,0.5003000000000001,1.2,0.46
SITE_002_S0240,SITE_002,0.8210000000000001,0.5842,2,0.64
SITE_002_S0241,SITE_002,0.8210000000000001,0.5842,0.3,0.13
SITE_002_S0242,SITE_002,0.8079000000000001,0.5241,2.2,0.81
SITE_002_S0243,SITE_002,0.8079000000000001,0.5241,2.2,0.81
SITE_002_S0244,SITE_002,0.8079000000000001,0.5241,1.2,0.64
SITE_002_S0245,SITE_002,0.8822000000000001,0.5109,0.7000000000000001,0.44
SITE_002_S0246,SITE_002,0.8822000000000001,0.5109,0.3,0.26
SITE_002_S0247,SITE_002,0.8822000000000001,0.5109,0.3,0.26
SITE_002_S0248,SITE_002,0.8081,0.6011000000000001,1,0.54
SITE_002_S0249,SITE_002,0.8081,0.6011000000000001,3.1,0.87
SITE_002_S0250,SITE_002,0.8118000000000001,0.6299,3.2,0.8300000000000001
SITE_002_S0251,SITE_002,0.8338,0.6626000000000001,4,0.85
SITE_002_S0252,SITE_002,0.7293000000000001,0.5739000000000001,2.1,0.66
SITE_002_S0253,SITE_002,0.7293000000000001,0.5739000000000001,2.1,0.66
SITE_002_S0254,SITE_002,0.7293000000000001,0.5739000000000001,1.2,0.47
SITE_002_S0255,SITE_002,0.7934,0.6376000000000001,2.2,0.71
SITE_002_S0256,SITE_002,0.7934,0.6376000000000001,1.6,0.6
SITE_002_S0257,SITE_002,0.7934,0.6376000000000001,1.6,0.6
SITE_002_S0258,SITE_002,0.8063,0.6426000000000001,1.4,0.51
SITE_002_S0259,SITE_002,0.8063,0.6426000000000001,2.8,0.75
SITE_002_S0260,SITE_002,0.7583000000000001,0.6079,2,0.63
SITE_002_S0261,SITE_002,0.7583000000000001,0.6079,2,0.63
SITE_002_S0262,SITE_002,0.7583000000000001,0.6079,0.1,0.04
SITE_002_S0263,SITE_002,0.8156,0.6066,4.2,0.86
SITE_002_S0264,SITE_002,0.8156,0.6066,4.2,0.86
SITE_002_S0265,SITE_002,0.8156,0.6066,4.2,0.86
SITE_002_S0266,SITE_002,0.807,0.6023000000000001,4.3,0.86
SITE_002_S0267,SITE_002,0.807,0.6023000000000001,2.3,0.7000000000000001
SITE_002_S0268,SITE_002,0.6444000000000001,0.4668,2.3,0.76
SITE_002_S0269,SITE_002,0.6444000000000001,0.4668,1.9,0.6900000000000001
SITE_002_S0270,SITE_002,0.8127000000000001,0.5644,3.6,0.85
SITE_003_S0001,SITE_003,0.7429,0.5133,2,0.79
SITE_003_S0002,SITE_003,0.7429,0.5133,2,0.79
SITE_003_S0003,SITE_003,0.7275,0.5854,1.3,0.67
SITE_003_S0004,SITE_003,0.7041000000000001,0.4889,1.6,0.73
SITE_003_S0005,SITE_003,0.7041000000000001,0.4889,1.6,0.73
SITE_003_S0006,SITE_003,0.7029000000000001,0.475,1.6,0.73
SITE_003_S0007,SITE_003,0.7029000000000001,0.475,0.4,0.21
SITE_003_S0008,SITE_003,0.7569,0.5666,1.9,0.71
SITE_003_S0009,SITE_003,0.7569,0.5666,2.3,0.77
SITE_003_S0010,SITE_003,0.5669000000000001,0.3404,0.3,0.2
SITE_003_S0011,SITE_003,0.5669000000000001,0.3404,0.3,0.2
SITE_003_S0012,SITE_003,0.5669000000000001,0.3404,2.5,0.72
SITE_003_S0013,SITE_003,0.7221000000000001,0.6341,2,0.66
SITE_003_S0014,SITE_003,0.7221000000000001,0.6341,1,0.4
SITE_003_S0015,SITE_003,0.6406000000000001,0.4931,0.2,0.13
SITE_003_S0016,SITE_003,0.6406000000000001,0.4931,2.6,0.74
SITE_003_S0017,SITE_003,0.7363000000000001,0.5747,3.9,0.8200000000000001
SITE_003_S0018,SITE_003,0.7363000000000001,0.5747,3.9,0.8200000000000001
SITE_003_S0019,SITE_003,0.7363000000000001,0.5747,0.5,0.25
SITE_003_S0020,SITE_003,0.7658,0.5853,2.5,0.73
SITE_003_S0021,SITE_003,0.7658,0.5853,4.4,0.86
SITE_003_S0022,SITE_003,0.7658,0.5853,4.4,0.86
SITE_003_S0023,SITE_003,0.8472000000000001,0.6636000000000001,5.2,0.89
SITE_003_S0024,SITE_003,0.8796,0.7172000000000001,0.2,0.13
SITE_003_S0025,SITE_003,0.8796,0.7172000000000001,1.2,0.53
SITE_003_S0026,SITE_003,0.788,0.6276,5.2,0.92
SITE_003_S0027,SITE_003,0.8301000000000001,0.7026,2.4,0.77
SITE_003_S0028,SITE_003,0.7692,0.6746,1.1,0.52
SITE_003_S0029,SITE_003,0.6502,0.4033,1.4,0.6900000000000001
SITE_003_S0030,SITE_003,0.7451,0.4378,2.6,0.73
SITE_003_S0031,SITE_003,0.7451,0.4378,2.4,0.7000000000000001
SITE_003_S0032,SITE_003,0.7477,0.498,2.7,0.74
SITE_003_S0033,SITE_003,0.7477,0.498,0.9,0.36
SITE_003_S0034,SITE_003,0.5315,0.3033,1.2,0.48
SITE_003_S0035,SITE_003,0.7144,0.4918,2.7,0.74
SITE_003_S0036,SITE_003,0.7144,0.4918,1.2,0.46
SITE_003_S0037,SITE_003,0.7698,0.5947,2.7,0.74
SITE_003_S0038,SITE_003,0.7698,0.5947,2.7,0.74
SITE_003_S0039,SITE_003,0.7012,0.4013,1.4,0.67
SITE_003_S0040,SITE_003,0.7012,0.4013,1.4,0.67
SITE_003_S0041,SITE_003,0.6911,0.5026,1.4,0.6900000000000001
SITE_003_S0042,SITE_003,0.6911,0.5026,1.4,0.6900000000000001
SITE_003_S0043,SITE_003,0.7805000000000001,0.5821000000000001,2.3,0.75
SITE_003_S0044,SITE_003,0.7805000000000001,0.5821000000000001,2.3,0.75
SITE_003_S0045,SITE_003,0.6099,0.35,3.6,0.8200000000000001
SITE_003_S0046,SITE_003,0.6099,0.35,3.6,0.8200000000000001
SITE_003_S0047,SITE_003,0.6731,0.5011,1,0.42
SITE_003_S0048,SITE_003,0.6033000000000001,0.4029,0.5,0.25
SITE_003_S0049,SITE_003,0.6033000000000001,0.4029,0.5,0.25
SITE_003_S0050,SITE_003,0.6033000000000001,0.4029,1.9,0.65
SITE_003_S0051,SITE_003,0.8231,0.7456,0.7000000000000001,0.34
SITE_003_S0052,SITE_003,0.7866000000000001,0.7326,2.4,0.73
SITE_003_S0053,SITE_003,0.7866000000000001,0.7326,3.2,0.79
SITE_003_S0054,SITE_003,0.8170000000000001,0.7215,2,0.67
SITE_003_S0055,SITE_003,0.8170000000000001,0.7215,2.8,0.76
SITE_003_S0056,SITE_003,0.5842,0.3837,0.4,0.17
SITE_003_S0057,SITE_003,0.5842,0.3837,0.4,0.17
SITE_003_S0058,SITE_003,0.7335,0.5267000000000001,2.1,0.7000000000000001
SITE_003_S0059,SITE_003,0.7335,0.5267000000000001,2.1,0.74
SITE_003_S0060,SITE_003,0.7284,0.511,2.9,0.81
SITE_003_S0061,SITE_003,0.7284,0.511,2.9,0.81
SITE_003_S0062,SITE_003,0.7284,0.511,4.4,0.89
SITE_003_S0063,SITE_003,0.7114,0.4815,5.600000000000001,0.92
SITE_003_S0064,SITE_003,0.7114,0.4815,2,0.78
SITE_003_S0065,SITE_003,0.7114,0.4815,2,0.78
SITE_003_S0066,SITE_003,0.7114,0.4815,2,0.78
SITE_003_S0067,SITE_003,0.5512,0.3287,0.1,0.09
SITE_003_S0068,SITE_003,0.5512,0.3287,0.1,0.09
SITE_003_S0069,SITE_003,0.5512,0.3287,1,0.59
SITE_003_S0070,SITE_003,0.5512,0.3287,1,0.59
SITE_003_S0071,SITE_003,0.6563,0.3895,1.4,0.67
SITE_003_S0072,SITE_003,0.6563,0.3895,1.4,0.67
SITE_003_S0073,SITE_003,0.6563,0.3895,1.4,0.67
SITE_003_S0074,SITE_003,0.6563,0.3895,1.4,0.68
SITE_003_S0075,SITE_003,0.617,0.4163,0.3,0.28
SITE_003_S0076,SITE_003,0.617,0.4163,2.1,0.65
SITE_003_S0077,SITE_003,0.617,0.4163,2.1,0.65
SITE_003_S0078,SITE_003,0.617,0.4163,2.1,0.65
SITE_003_S0079,SITE_003,0.617,0.4163,2.1,0.65
SITE_003_S0080,SITE_003,0.6568,0.382,0.4,0.17
SITE_003_S0081,SITE_003,0.6568,0.382,2.7,0.73
SITE_003_S0082,SITE_003,0.7368,0.4953,2.4,0.7000000000000001
SITE_003_S0083,SITE_003,0.7368,0.4953,2.4,0.7000000000000001
SITE_003_S0084,SITE_003,0.7368,0.4953,2.4,0.7000000000000001
SITE_003_S0085,SITE_003,0.7368,0.4953,2.4,0.7000000000000001
SITE_003_S0086,SITE_003,0.7368,0.4953,1.2,0.47
SITE_003_S0087,SITE_003,0.7368,0.4953,1.2,0.47
SITE_003_S0088,SITE_003,0.5723,0.2291,1.6,0.56
SITE_003_S0089,SITE_003,0.5723,0.2291,1.8,0.59
SITE_003_S0090,SITE_003,0.5723,0.2291,1.8,0.59
SITE_003_S0091,SITE_003,-0.0275,-0.0223,2.5,0.72
SITE_003_S0092,SITE_003,-0.0275,-0.0223,2.5,0.72
SITE_003_S0093,SITE_003,-0.0275,-0.0223,2.5,0.72
SITE_003_S0094,SITE_003,-0.0275,-0.0223,2.5,0.72
SITE_003_S0095,SITE_003,-0.0275,-0.0223,7,1
SITE_003_S0096,SITE_003,0.7398,0.4959,1.6,0.5700000000000001
SITE_003_S0097,SITE_003,0.7398,0.4959,1.6,0.5700000000000001
SITE_003_S0098,SITE_003,0.7398,0.4959,2.2,0.66
SITE_003_S0099,SITE_003,0.7398,0.4959,2.2,0.66
SITE_003_S0100,SITE_003,0.7398,0.4959,2.2,0.66
SITE_003_S0101,SITE_003,0.7398,0.4959,2.2,0.66
SITE_003_S0102,SITE_003,0.6019,0.4174,1.2,0.46
SITE_003_S0103,SITE_003,0.6019,0.4174,1.2,0.46
SITE_003_S0104,SITE_003,0.6019,0.4174,1.2,0.63
SITE_003_S0105,SITE_003,0.6019,0.4174,1.2,0.63
SITE_003_S0106,SITE_003,0.6707000000000001,0.507,1.2,0.65
SITE_003_S0107,SITE_003,0.6707000000000001,0.507,1.2,0.65
SITE_003_S0108,SITE_003,0.6707000000000001,0.507,1.2,0.65
SITE_003_S0109,SITE_003,0.7314,0.5074000000000001,1.7,0.76
SITE_003_S0110,SITE_003,0.7314,0.5074000000000001,1.9,0.77
SITE_003_S0111,SITE_003,0.7314,0.5074000000000001,1.9,0.77
SITE_003_S0112,SITE_003,0.7314,0.5074000000000001,1.9,0.77
SITE_003_S0113,SITE_003,0.7314,0.5074000000000001,1.9,0.77
SITE_003_S0114,SITE_003,0.7924,0.5262,1.8,0.77
SITE_003_S0115,SITE_003,0.7924,0.5262,1.8,0.77
SITE_003_S0116,SITE_003,0.7924,0.5262,2.6,0.77
SITE_003_S0117,SITE_003,0.7924,0.5262,2.6,0.77
SITE_003_S0118,SITE_003,0.7791,0.6461,0.2,0.12
SITE_003_S0119,SITE_003,0.7791,0.6461,0.2,0.12
SITE_003_S0120,SITE_003,0.7791,0.6461,0.2,0.12
SITE_003_S0121,SITE_003,0.7791,0.6461,0.2,0.12
SITE_003_S0122,SITE_003,0.7791,0.6461,3.9,0.87
SITE_003_S0123,SITE_003,0.7791,0.6461,3.9,0.87
SITE_003_S0124,SITE_003,0.7207,0.5890000000000001,2.5,0.79
SITE_003_S0125,SITE_003,0.7207,0.5890000000000001,2.5,0.79
SITE_003_S0126,SITE_003,0.7207,0.5890000000000001,2.2,0.68
SITE_003_S0127,SITE_003,0.7207,0.5890000000000001,2.2,0.68
SITE_003_S0128,SITE_003,0.7207,0.5890000000000001,2.2,0.68
SITE_003_S0129,SITE_003,0.7207,0.5890000000000001,2.2,0.68
SITE_003_S0130,SITE_003,0.7497,0.56,1.6,0.5700000000000001
SITE_003_S0131,SITE_003,0.7497,0.56,1.6,0.5700000000000001
SITE_003_S0132,SITE_003,0.7497,0.56,2,0.65
SITE_003_S0133,SITE_003,0.7497,0.56,2,0.65
SITE_003_S0134,SITE_003,0.6542,0.421,3,0.79
SITE_003_S0135,SITE_003,0.6542,0.421,3,0.79
SITE_003_S0136,SITE_003,0.6542,0.421,3,0.79
SITE_003_S0137,SITE_003,0.6542,0.421,3,0.79
SITE_003_S0138,SITE_003,0.6542,0.421,2,0.66
SITE_003_S0139,SITE_003,0.6542,0.421,2,0.66
SITE_003_S0140,SITE_003,0.7687,0.5587,2,0.66
SITE_003_S0141,SITE_003,0.7687,0.5587,2,0.66
SITE_003_S0142,SITE_003,0.7687,0.5587,1.8,0.62
SITE_003_S0143,SITE_003,0.7687,0.5587,1.8,0.62
SITE_003_S0144,SITE_003,0.7687,0.5587,1.8,0.62
SITE_003_S0145,SITE_003,0.7687,0.5587,1.8,0.62
SITE_003_S0146,SITE_003,0.8687,0.6337,1.3,0.5
SITE_003_S0147,SITE_003,0.8687,0.6337,1.3,0.5
SITE_003_S0148,SITE_003,0.8687,0.6337,6.2,0.92
SITE_003_S0149,SITE_003,0.8347,0.6833,3,0.86
SITE_003_S0150,SITE_003,0.8347,0.6833,3,0.86
SITE_003_S0151,SITE_003,0.8347,0.6833,3,0.86
SITE_003_S0152,SITE_003,0.8347,0.6833,3,0.86
SITE_003_S0153,SITE_003,0.7645000000000001,0.5278,2.6,0.84
SITE_003_S0154,SITE_003,0.7645000000000001,0.5278,2.6,0.84
SITE_003_S0155,SITE_003,0.7645000000000001,0.5278,2.8,0.86
SITE_003_S0156,SITE_003,0.7645000000000001,0.5278,2.8,0.86
SITE_003_S0157,SITE_003,0.8143,0.6493,1.5,0.72
SITE_003_S0158,SITE_003,0.8143,0.6493,1.5,0.72
SITE_003_S0159,SITE_003,0.8143,0.6493,1.5,0.72
SITE_003_S0160,SITE_003,0.8143,0.6493,1.5,0.72
SITE_003_S0161,SITE_003,0.8143,0.6493,2.9,0.86
SITE_003_S0162,SITE_003,0.8143,0.6493,2.9,0.86
SITE_003_S0163,SITE_003,0.8438,0.5876,4.800000000000001,0.93
SITE_003_S0164,SITE_003,0.8438,0.5876,4.800000000000001,0.93
SITE_003_S0165,SITE_003,0.8438,0.5876,1.8,0.59
SITE_003_S0166,SITE_003,0.8438,0.5876,1.8,0.59
SITE_003_S0167,SITE_003,0.8438,0.5876,1.8,0.59
SITE_003_S0168,SITE_003,0.8438,0.5876,1.8,0.59
SITE_003_S0169,SITE_003,0.7768,0.5609000000000001,2.5,0.71
SITE_003_S0170,SITE_003,0.7768,0.5609000000000001,2.5,0.71
SITE_003_S0171,SITE_003,0.7768,0.5609000000000001,1.6,0.56
SITE_003_S0172,SITE_003,0.7768,0.5609000000000001,1.6,0.56
SITE_003_S0173,SITE_003,0.2893,0.2756,0.6000000000000001,0.29
SITE_003_S0174,SITE_003,0.2893,0.2756,0.6000000000000001,0.29
SITE_003_S0175,SITE_003,0.2893,0.2756,0.6000000000000001,0.29
SITE_003_S0176,SITE_003,0.2893,0.2756,0.6000000000000001,0.29
SITE_003_S0177,SITE_003,0.2893,0.2756,2.6,0.73
SITE_003_S0178,SITE_003,0.7316,0.5609000000000001,2.2,0.67
SITE_003_S0179,SITE_003,0.7316,0.5609000000000001,2.2,0.67
SITE_003_S0180,SITE_003,0.7316,0.5609000000000001,2.4,0.7000000000000001
SITE_003_S0181,SITE_003,0.7316,0.5609000000000001,2.4,0.7000000000000001
SITE_003_S0182,SITE_003,0.8298000000000001,0.6665,3,0.77
SITE_003_S0183,SITE_003,0.8298000000000001,0.6665,3,0.77
SITE_003_S0184,SITE_003,0.8298000000000001,0.6665,1,0.4
SITE_003_S0185,SITE_003,0.8298000000000001,0.6665,1,0.4
SITE_003_S0186,SITE_003,0.8298000000000001,0.6665,1,0.4
SITE_003_S0187,SITE_003,0.6537000000000001,0.3838,1.8,0.6
SITE_003_S0188,SITE_003,0.6537000000000001,0.3838,1.8,0.6
SITE_003_S0189,SITE_003,0.6537000000000001,0.3838,0.4,0.2
SITE_003_S0190,SITE_003,0.6537000000000001,0.3838,0.4,0.2
SITE_003_S0191,SITE_003,0.6537000000000001,0.3838,0.4,0.2
SITE_003_S0192,SITE_003,0.7924,0.5542,1.9,0.77
SITE_003_S0193,SITE_003,0.7924,0.5542,1.9,0.77
SITE_003_S0194,SITE_003,0.7924,0.5542,1.9,0.78
SITE_003_S0195,SITE_003,0.7924,0.5542,1.9,0.78
SITE_003_S0196,SITE_003,0.7301000000000001,0.5093,1.6,0.73
SITE_003_S0197,SITE_003,0.7301000000000001,0.5093,1.6,0.73
SITE_003_S0198,SITE_003,0.7301000000000001,0.5093,1.6,0.73
SITE_003_S0199,SITE_003,0.7301000000000001,0.5093,1.3,0.67
SITE_003_S0200,SITE_003,0.6529,0.4333,1,0.5700000000000001
SITE_003_S0201,SITE_003,0.6529,0.4333,1,0.5700000000000001
SITE_003_S0202,SITE_003,0.6529,0.4333,1.2,0.66
SITE_003_S0203,SITE_003,0.6529,0.4333,1.2,0.66
SITE_003_S0204,SITE_003,0.6473,0.3877,0.5,0.36
SITE_003_S0205,SITE_003,0.6473,0.3877,0.5,0.36
SITE_003_S0206,SITE_003,0.6473,0.3877,0.5,0.36
SITE_003_S0207,SITE_003,0.6473,0.3877,1.6,0.63
SITE_003_S0208,SITE_003,0.6473,0.3877,1.6,0.63
SITE_003_S0209,SITE_003,0.7868,0.5542,1.4,0.56
SITE_003_S0210,SITE_003,0.7868,0.5542,1.4,0.56
SITE_003_S0211,SITE_003,0.7868,0.5542,1.4,0.56
SITE_003_S0212,SITE_003,0.7868,0.5542,2.2,0.73
SITE_003_S0213,SITE_003,0.7868,0.5542,2.2,0.73
SITE_003_S0214,SITE_003,0.7868,0.5542,2.2,0.73
SITE_003_S0215,SITE_003,0.6673,0.4598,0.6000000000000001,0.35
SITE_003_S0216,SITE_003,0.6673,0.4598,0.6000000000000001,0.35
SITE_003_S0217,SITE_003,0.6673,0.4598,2.9,0.76
SITE_003_S0218,SITE_003,0.6673,0.4598,2.9,0.76
SITE_003_S0219,SITE_003,0.6673,0.4598,2.9,0.76
SITE_003_S0220,SITE_003,0.6026,0.3551,1.9,0.64
SITE_003_S0221,SITE_003,0.6026,0.3551,1.8,0.6
SITE_003_S0222,SITE_003,0.6026,0.3551,1.8,0.6
SITE_003_S0223,SITE_003,0.7968000000000001,0.6015,1.9,0.65
SITE_003_S0224,SITE_003,0.7968000000000001,0.6015,1.9,0.65
SITE_003_S0225,SITE_003,0.7968000000000001,0.6015,1.9,0.65
SITE_003_S0226,SITE_003,0.7968000000000001,0.6015,3.6,0.8200000000000001
SITE_003_S0227,SITE_003,0.7968000000000001,0.6015,3.6,0.8200000000000001
SITE_003_S0228,SITE_003,0.7968000000000001,0.6015,3.6,0.8200000000000001
SITE_003_S0229,SITE_003,0.6761,0.549,1.1,0.46
SITE_003_S0230,SITE_003,0.6761,0.549,1.1,0.46
SITE_003_S0231,SITE_003,0.6761,0.549,1.9,0.62
SITE_003_S0232,SITE_003,0.6761,0.549,1.9,0.62
SITE_003_S0233,SITE_003,0.6761,0.549,1.9,0.62
SITE_003_S0234,SITE_003,0.7608,0.5512,2.9,0.76
SITE_003_S0235,SITE_003,0.7608,0.5512,2.9,0.76
SITE_003_S0236,SITE_003,0.7608,0.5512,2.9,0.76
SITE_003_S0237,SITE_003,0.7608,0.5512,2.5,0.73
SITE_003_S0238,SITE_003,0.7608,0.5512,2.5,0.73
SITE_003_S0239,SITE_003,0.7432000000000001,0.5812,2.1,0.6900000000000001
SITE_003_S0240,SITE_003,0.7432000000000001,0.5812,2.1,0.6900000000000001
SITE_003_S0241,SITE_003,0.7432000000000001,0.5812,2.1,0.6900000000000001
SITE_003_S0242,SITE_003,0.7432000000000001,0.5812,2,0.64
SITE_003_S0243,SITE_003,0.7432000000000001,0.5812,2,0.64
SITE_003_S0244,SITE_003,0.7432000000000001,0.5812,2,0.64
SITE_003_S0245,SITE_003,0.6785,0.4622,1.4,0.6
SITE_003_S0246,SITE_003,0.6785,0.4622,1.4,0.6
SITE_003_S0247,SITE_003,0.6785,0.4622,1.9,0.66
SITE_003_S0248,SITE_003,0.6785,0.4622,1.9,0.66
SITE_003_S0249,SITE_003,0.6785,0.4622,1.9,0.66
SITE_003_S0250,SITE_003,0.7038,0.5184,1.3,0.5700000000000001
SITE_003_S0251,SITE_003,0.7038,0.5184,1.3,0.5700000000000001
SITE_003_S0252,SITE_003,0.7038,0.5184,1.3,0.5700000000000001
SITE_003_S0253,SITE_003,0.7038,0.5184,2.5,0.77
SITE_003_S0254,SITE_003,0.7038,0.5184,2.5,0.77
SITE_003_S0255,SITE_003,0.7611,0.5326000000000001,2.5,0.76
SITE_003_S0256,SITE_003,0.7611,0.5326000000000001,2.5,0.76
SITE_003_S0257,SITE_003,0.7611,0.5326000000000001,2.5,0.76
SITE_003_S0258,SITE_003,0.7611,0.5326000000000001,3.6,0.85
SITE_003_S0259,SITE_003,0.7611,0.5326000000000001,3.6,0.85
SITE_003_S0260,SITE_003,0.7611,0.5326000000000001,3.6,0.85
SITE_003_S0261,SITE_003,0.7227,0.5442,2.7,0.81
SITE_003_S0262,SITE_003,0.7227,0.5442,2.7,0.81
SITE_003_S0263,SITE_003,0.7227,0.5442,2,0.8
SITE_003_S0264,SITE_003,0.7227,0.5442,2,0.8
SITE_003_S0265,SITE_003,0.7227,0.5442,2,0.8
SITE_003_S0266,SITE_003,0.6383,0.3986,2.1,0.81
SITE_003_S0267,SITE_003,0.6383,0.3986,2.1,0.81
SITE_003_S0268,SITE_003,0.6383,0.3986,2.1,0.81
SITE_003_S0269,SITE_003,0.6383,0.3986,1.4,0.6900000000000001
SITE_003_S0270,SITE_003,0.6383,0.3986,1.4,0.6900000000000001
SITE_003_S0271,SITE_003,0.7642,0.5337000000000001,1.2,0.64
SITE_003_S0272,SITE_003,0.7642,0.5337000000000001,1.2,0.64
SITE_003_S0273,SITE_003,0.7642,0.5337000000000001,2.3,0.8200000000000001
SITE_003_S0274,SITE_003,0.7642,0.5337000000000001,2.3,0.8200000000000001
SITE_003_S0275,SITE_003,0.7642,0.5337000000000001,2.3,0.8200000000000001
SITE_003_S0276,SITE_003,0.7295,0.4424,1.5,0.72
SITE_003_S0277,SITE_003,0.7295,0.4424,1.5,0.72
SITE_003_S0278,SITE_003,0.7295,0.4424,1.2,0.62
SITE_003_S0279,SITE_003,0.7295,0.4424,1.2,0.62
SITE_003_S0280,SITE_003,0.7295,0.4424,1.2,0.62
SITE_003_S0281,SITE_003,0.7564000000000001,0.5215000000000001,2.1,0.66
SITE_003_S0282,SITE_003,0.7564000000000001,0.5215000000000001,2.1,0.66
SITE_003_S0283,SITE_003,0.7564000000000001,0.5215000000000001,2.1,0.66
SITE_003_S0284,SITE_003,0.7564000000000001,0.5215000000000001,0.8,0.33
SITE_003_S0285,SITE_003,0.7564000000000001,0.5215000000000001,0.8,0.33
SITE_003_S0286,SITE_003,0.7260000000000001,0.4959,2,0.65
SITE_003_S0287,SITE_003,0.7260000000000001,0.4959,2,0.65
SITE_003_S0288,SITE_003,0.7260000000000001,0.4959,1.5,0.53
SITE_003_S0289,SITE_003,0.7260000000000001,0.4959,1.5,0.53
SITE_003_S0290,SITE_003,0.7260000000000001,0.4959,1.5,0.53
SITE_003_S0291,SITE_003,0.7967000000000001,0.6189,4.100000000000001,0.85
SITE_003_S0292,SITE_003,0.7967000000000001,0.6189,4.100000000000001,0.85
SITE_003_S0293,SITE_003,0.7967000000000001,0.6189,1.8,0.61
SITE_003_S0294,SITE_003,0.7967000000000001,0.6189,1.8,0.61
SITE_003_S0295,SITE_003,0.7529,0.5576,1.8,0.61
SITE_003_S0296,SITE_003,0.7529,0.5576,1.8,0.61
SITE_003_S0297,SITE_003,0.7529,0.5576,3,0.77
SITE_003_S0298,SITE_003,0.7529,0.5576,3,0.77
SITE_003_S0299,SITE_003,0.7529,0.5576,3,0.77
SITE_003_S0300,SITE_003,0.7529,0.5576,3,0.77
SITE_003_S0301,SITE_003,0.8135,0.7045,1.5,0.53
SITE_003_S0302,SITE_003,0.8135,0.7045,1.5,0.53
SITE_003_S0303,SITE_003,0.7504000000000001,0.5177,2.6,0.73
SITE_003_S0304,SITE_003,0.7504000000000001,0.5177,2.6,0.73
SITE_003_S0305,SITE_003,0.7504000000000001,0.5177,2.6,0.73
SITE_003_S0306,SITE_003,0.7504000000000001,0.5177,2.6,0.73
SITE_003_S0307,SITE_003,0.7504000000000001,0.5177,2,0.79
SITE_003_S0308,SITE_003,0.7739,0.5529000000000001,2.3,0.8200000000000001
SITE_003_S0309,SITE_003,0.7739,0.5529000000000001,2.3,0.8200000000000001
SITE_003_S0310,SITE_003,0.7739,0.5529000000000001,1.6,0.72
SITE_003_S0311,SITE_003,0.7739,0.5529000000000001,1.6,0.72
SITE_003_S0312,SITE_003,0.7739,0.5529000000000001,1.6,0.72
SITE_003_S0313,SITE_003,0.7739,0.5529000000000001,1.6,0.72
SITE_003_S0314,SITE_003,0.7831,0.5097,2.3,0.8200000000000001
SITE_003_S0315,SITE_003,0.7831,0.5097,2.3,0.8200000000000001
SITE_003_S0316,SITE_003,0.7831,0.5097,2.5,0.84
SITE_003_S0317,SITE_003,0.7831,0.5097,2.5,0.84
SITE_003_S0318,SITE_003,0.7769,0.558,5.2,0.91
SITE_003_S0319,SITE_003,0.7769,0.558,5.2,0.91
SITE_003_S0320,SITE_003,0.7769,0.558,5.2,0.91
SITE_003_S0321,SITE_003,0.7769,0.558,5.2,0.91
SITE_003_S0322,SITE_003,0.7769,0.558,3.2,0.8200000000000001
SITE_003_S0323,SITE_003,0.7769,0.558,3.2,0.8200000000000001
SITE_003_S0324,SITE_003,0.7924,0.6124,2.9,0.81
SITE_003_S0325,SITE_003,0.7924,0.6124,2.9,0.81
SITE_003_S0326,SITE_003,0.7924,0.6124,3.8,0.86
SITE_003_S0327,SITE_003,0.7924,0.6124,3.8,0.86
SITE_003_S0328,SITE_003,0.7924,0.6124,3.8,0.86
SITE_003_S0329,SITE_003,0.7924,0.6124,3.8,0.86
SITE_003_S0330,SITE_003,0.7566,0.5824,1.7,0.67
SITE_003_S0331,SITE_003,0.7566,0.5824,1.7,0.67
SITE_003_S0332,SITE_003,0.7566,0.5824,2.2,0.74
SITE_003_S0333,SITE_003,0.7566,0.5824,2.2,0.74
SITE_003_S0334,SITE_003,0.7303000000000001,0.5905,2,0.67
SITE_003_S0335,SITE_003,0.7303000000000001,0.5905,2,0.67
SITE_003_S0336,SITE_003,0.7303000000000001,0.5905,2,0.67
SITE_003_S0337,SITE_003,0.7303000000000001,0.5905,2,0.67
SITE_003_S0338,SITE_003,0.7303000000000001,0.5905,1.9,0.63
SITE_003_S0339,SITE_003,0.7303000000000001,0.5905,1.9,0.63
SITE_003_S0340,SITE_003,0.6305000000000001,0.4368,2,0.67
SITE_003_S0341,SITE_003,0.6305000000000001,0.4368,2,0.67
SITE_003_S0342,SITE_003,0.6305000000000001,0.4368,1.3,0.52
SITE_003_S0343,SITE_003,0.6305000000000001,0.4368,1.3,0.52
SITE_003_S0344,SITE_003,0.6305000000000001,0.4368,1.3,0.52
SITE_003_S0345,SITE_003,0.6305000000000001,0.4368,1.3,0.52
SITE_003_S0346,SITE_003,0.7806000000000001,0.6303000000000001,3.2,0.79
SITE_003_S0347,SITE_003,0.7806000000000001,0.6303000000000001,3.2,0.79
SITE_003_S0348,SITE_003,0.7806000000000001,0.6303000000000001,2.1,0.64
SITE_003_S0349,SITE_003,0.7806000000000001,0.6303000000000001,2.1,0.64
SITE_003_S0350,SITE_003,0.6149,0.4086,1.7,0.6
SITE_003_S0351,SITE_003,0.6149,0.4086,1.7,0.6
SITE_003_S0352,SITE_003,0.6149,0.4086,1.7,0.6
SITE_003_S0353,SITE_003,0.6149,0.4086,1.7,0.6
SITE_003_S0354,SITE_003,0.6149,0.4086,0.3,0.15
SITE_003_S0355,SITE_003,0.6149,0.4086,0.3,0.15
SITE_003_S0356,SITE_003,0.7323000000000001,0.5224,1.7,0.6
SITE_003_S0357,SITE_003,0.7323000000000001,0.5224,1.7,0.6
SITE_003_S0358,SITE_003,0.7323000000000001,0.5224,2.4,0.73
SITE_003_S0359,SITE_003,0.7323000000000001,0.5224,2.4,0.73
SITE_003_S0360,SITE_003,0.7323000000000001,0.5224,2.4,0.73
SITE_003_S0361,SITE_003,0.7389,0.5315,2.3,0.71
SITE_003_S0362,SITE_003,0.7389,0.5315,2.3,0.71
SITE_003_S0363,SITE_003,0.7389,0.5315,1,0.49
SITE_003_S0364,SITE_003,0.7389,0.5315,1,0.49
SITE_003_S0365,SITE_003,0.8220000000000001,0.6228,1,0.44
SITE_003_S0366,SITE_003,0.8220000000000001,0.6228,1,0.44
SITE_003_S0367,SITE_003,0.8220000000000001,0.6228,1,0.44
SITE_003_S0368,SITE_003,0.8220000000000001,0.6228,1,0.44
SITE_003_S0369,SITE_003,0.8220000000000001,0.6228,4.4,0.89
SITE_003_S0370,SITE_003,0.8220000000000001,0.6228,4.4,0.89
SITE_003_S0371,SITE_003,0.7844,0.5818,1,0.49
SITE_003_S0372,SITE_003,0.7844,0.5818,1,0.49
SITE_003_S0373,SITE_003,0.7844,0.5818,6.800000000000001,0.94
SITE_003_S0374,SITE_003,0.7844,0.5818,6.800000000000001,0.94
SITE_003_S0375,SITE_003,0.7844,0.5818,6.800000000000001,0.94
SITE_003_S0376,SITE_003,0.7844,0.5818,6.800000000000001,0.94
SITE_003_S0377,SITE_003,0.7931,0.5239,4,0.87
SITE_003_S0378,SITE_003,0.7931,0.5239,4,0.87
SITE_003_S0379,SITE_003,0.7931,0.5239,1.2,0.46
SITE_003_S0380,SITE_003,0.7931,0.5239,1.2,0.46
SITE_003_S0381,SITE_003,0.7026,0.6013000000000001,0.7000000000000001,0.48
SITE_003_S0382,SITE_003,0.7026,0.6013000000000001,0.7000000000000001,0.48
SITE_003_S0383,SITE_003,0.7026,0.6013000000000001,0.7000000000000001,0.48
SITE_003_S0384,SITE_003,0.7026,0.6013000000000001,0.7000000000000001,0.48
SITE_003_S0385,SITE_003,0.7026,0.6013000000000001,0.3,0.27
SITE_003_S0386,SITE_003,0.7026,0.6013000000000001,0.3,0.27
SITE_003_S0387,SITE_003,0.6675,0.4187,1,0.6
SITE_003_S0388,SITE_003,0.6675,0.4187,1,0.6
SITE_003_S0389,SITE_003,0.6675,0.4187,1.4,0.68
SITE_003_S0390,SITE_003,0.6675,0.4187,1.4,0.68
SITE_003_S0391,SITE_003,0.6675,0.4187,1.4,0.68
SITE_003_S0392,SITE_003,0.6675,0.4187,1.4,0.68
SITE_003_S0393,SITE_003,0.6945,0.4178,1.3,0.64
SITE_003_S0394,SITE_003,0.6945,0.4178,1.3,0.64
SITE_003_S0395,SITE_003,0.6945,0.4178,1.6,0.72
SITE_003_S0396,SITE_003,0.7267,0.4896,1.8,0.61
SITE_003_S0397,SITE_003,0.7267,0.4896,1.8,0.61
SITE_003_S0398,SITE_003,0.7267,0.4896,2.3,0.68
SITE_003_S0399,SITE_003,0.7267,0.4896,2.3,0.68
SITE_003_S0400,SITE_003,0.7503000000000001,0.4732,3.2,0.79
SITE_003_S0401,SITE_003,0.7503000000000001,0.4732,3.2,0.79
SITE_003_S0402,SITE_003,0.7503000000000001,0.4732,1.8,0.61
SITE_003_S0403,SITE_003,0.7503000000000001,0.4732,1.8,0.61
SITE_003_S0404,SITE_003,0.7503000000000001,0.4732,1.8,0.61
SITE_003_S0405,SITE_003,0.7503000000000001,0.4732,1.8,0.61
SITE_003_S0406,SITE_003,0.7181000000000001,0.5197,1.2,0.47
SITE_003_S0407,SITE_003,0.7181000000000001,0.5197,1.2,0.47
SITE_003_S0408,SITE_003,0.7181000000000001,0.5197,2.1,0.66
SITE_003_S0409,SITE_003,0.7181000000000001,0.5197,2.1,0.66
SITE_003_S0410,SITE_003,0.6704,0.5125000000000001,0.1,0.05
SITE_003_S0411,SITE_003,0.6704,0.5125000000000001,0.1,0.05
SITE_003_S0412,SITE_003,0.6704,0.5125000000000001,1.9,0.62
SITE_003_S0413,SITE_003,0.6704,0.5125000000000001,1.9,0.62
SITE_003_S0414,SITE_003,0.6704,0.5125000000000001,1.9,0.62
SITE_003_S0415,SITE_003,0.8418,0.6464000000000001,2.3,0.6900000000000001
SITE_003_S0416,SITE_003,0.8418,0.6464000000000001,2.3,0.6900000000000001
SITE_003_S0417,SITE_003,0.8418,0.6464000000000001,2.3,0.6900000000000001
SITE_003_S0418,SITE_003,0.8418,0.6464000000000001,1.1,0.43
SITE_003_S0419,SITE_003,0.8418,0.6464000000000001,1.1,0.43
SITE_003_S0420,SITE_003,0.8184,0.5575,2.6,0.85
SITE_003_S0421,SITE_003,0.8184,0.5575,2.6,0.85
SITE_003_S0422,SITE_003,0.8184,0.5575,2.6,0.85
SITE_003_S0423,SITE_003,0.8184,0.5575,0.2,0.15
SITE_003_S0424,SITE_003,0.8184,0.5575,0.2,0.15
SITE_003_S0425,SITE_003,0.8184,0.5575,0.2,0.15
SITE_003_S0426,SITE_003,0.7902,0.649,0.9,0.54
SITE_003_S0427,SITE_003,0.7902,0.649,0.9,0.54
SITE_003_S0428,SITE_003,0.7902,0.649,0.2,0.18
SITE_003_S0429,SITE_003,0.7902,0.649,0.2,0.18
SITE_003_S0430,SITE_003,0.7902,0.649,0.2,0.18
SITE_003_S0431,SITE_003,0.8152,0.6004,2.5,0.84
SITE_003_S0432,SITE_003,0.8152,0.6004,2.5,0.84
SITE_003_S0433,SITE_003,0.8152,0.6004,2.5,0.84
SITE_003_S0434,SITE_003,0.8152,0.6004,4.3,0.91
SITE_003_S0435,SITE_003,0.8152,0.6004,4.3,0.91
SITE_003_S0436,SITE_003,0.801,0.5900000000000001,3.5,0.85
SITE_003_S0437,SITE_003,0.801,0.5900000000000001,3.5,0.85
SITE_003_S0438,SITE_003,0.801,0.5900000000000001,3.5,0.85
SITE_003_S0439,SITE_003,0.801,0.5900000000000001,3,0.8200000000000001
SITE_003_S0440,SITE_003,0.7894,0.6467,4.4,0.89
SITE_003_S0441,SITE_003,0.7894,0.6467,4.4,0.89
SITE_003_S0442,SITE_003,0.7894,0.6467,4.4,0.89
SITE_003_S0443,SITE_003,0.7894,0.6467,4.100000000000001,0.85
SITE_003_S0444,SITE_003,0.7894,0.6467,4.100000000000001,0.85
SITE_003_S0445,SITE_003,0.732,0.5985,2,0.65
SITE_003_S0446,SITE_003,0.732,0.5985,2,0.65
SITE_003_S0447,SITE_003,0.732,0.5985,2,0.65
SITE_003_S0448,SITE_003,0.732,0.5985,1.2,0.48
SITE_003_S0449,SITE_003,0.732,0.5985,1.2,0.48
SITE_003_S0450,SITE_003,0.732,0.5985,1.2,0.48
SITE_003_S0451,SITE_003,0.6516000000000001,0.4717,1.7,0.62
SITE_003_S0452,SITE_003,0.6516000000000001,0.4717,1.7,0.62
SITE_003_S0453,SITE_003,0.6516000000000001,0.4717,2.9,0.76
SITE_003_S0454,SITE_003,0.6516000000000001,0.4717,2.9,0.76
SITE_003_S0455,SITE_003,0.6516000000000001,0.4717,2.9,0.76
SITE_003_S0456,SITE_003,0.6643,0.4687,1.2,0.5
SITE_003_S0457,SITE_003,0.6643,0.4687,1.2,0.5
SITE_003_S0458,SITE_003,0.6643,0.4687,1.2,0.5
SITE_003_S0459,SITE_003,0.6643,0.4687,2.1,0.6900000000000001
SITE_003_S0460,SITE_003,0.6643,0.4687,2.1,0.6900000000000001
SITE_003_S0461,SITE_003,0.7113,0.5213,1.7,0.61
SITE_003_S0462,SITE_003,0.7113,0.5213,1.7,0.61
SITE_003_S0463,SITE_003,0.7113,0.5213,1.7,0.61
SITE_003_S0464,SITE_003,0.7113,0.5213,0.7000000000000001,0.35
SITE_003_S0465,SITE_003,0.7113,0.5213,0.7000000000000001,0.35
SITE_003_S0466,SITE_003,0.7113,0.5213,0.7000000000000001,0.35
SITE_003_S0467,SITE_003,0.873,0.6872,2.3,0.71
SITE_003_S0468,SITE_003,0.873,0.6872,2.3,0.71
SITE_003_S0469,SITE_003,0.873,0.6872,6,0.92
SITE_003_S0470,SITE_003,0.873,0.6872,6,0.92
SITE_003_S0471,SITE_003,0.873,0.6872,6,0.92
SITE_003_S0472,SITE_003,0.8715,0.7295,0.3,0.2
SITE_003_S0473,SITE_003,0.8715,0.7295,0.3,0.2
SITE_003_S0474,SITE_003,0.8715,0.7295,0.3,0.2
SITE_003_S0475,SITE_003,0.8715,0.7295,3.4,0.84
SITE_003_S0476,SITE_003,0.8715,0.7295,3.4,0.84
SITE_003_S0477,SITE_003,0.7103,0.5322,1.7,0.68
SITE_003_S0478,SITE_003,0.7103,0.5322,1.7,0.68
SITE_003_S0479,SITE_003,0.7103,0.5322,2.9,0.81
SITE_003_S0480,SITE_003,0.7103,0.5322,2.9,0.81
SITE_003_S0481,SITE_003,0.7103,0.5322,2.9,0.81
SITE_003_S0482,SITE_003,0.8404,0.6154000000000001,5.800000000000001,0.93
SITE_003_S0483,SITE_003,0.8404,0.6154000000000001,5.800000000000001,0.93
SITE_003_S0484,SITE_003,0.8404,0.6154000000000001,1.1,0.47
SITE_003_S0485,SITE_003,0.8404,0.6154000000000001,1.1,0.47
SITE_003_S0486,SITE_003,0.8404,0.6154000000000001,1.1,0.47
SITE_003_S0487,SITE_003,0.7207,0.4529,6.5,0.94
SITE_003_S0488,SITE_003,0.7207,0.4529,6.5,0.94
SITE_003_S0489,SITE_003,0.7207,0.4529,6.5,0.94
SITE_003_S0490,SITE_003,0.7207,0.4529,1.9,0.78
SITE_003_S0491,SITE_003,0.7207,0.4529,1.9,0.78
SITE_003_S0492,SITE_003,0.6619,0.5566,1.3,0.67
SITE_003_S0493,SITE_003,0.6619,0.5566,1.3,0.67
SITE_003_S0494,SITE_003,0.6619,0.5566,1.3,0.67
SITE_003_S0495,SITE_003,0.6619,0.5566,1.6,0.56
SITE_003_S0496,SITE_003,0.6619,0.5566,1.6,0.56
SITE_003_S0497,SITE_003,0.6619,0.5566,1.6,0.56
SITE_003_S0498,SITE_003,0.5468000000000001,0.359,1.2,0.63
SITE_003_S0499,SITE_003,0.5468000000000001,0.359,1.2,0.63
SITE_003_S0500,SITE_003,0.5468000000000001,0.359,1,0.54
SITE_003_S0501,SITE_003,0.5468000000000001,0.359,1,0.54
SITE_003_S0502,SITE_003,0.5468000000000001,0.359,1,0.54
SITE_003_S0503,SITE_003,0.7876000000000001,0.5825,2.7,0.85
SITE_003_S0504,SITE_003,0.7876000000000001,0.5825,2.7,0.85
SITE_003_S0505,SITE_003,0.7876000000000001,0.5825,2.7,0.85
SITE_003_S0506,SITE_003,0.7876000000000001,0.5825,1,0.59
SITE_003_S0507,SITE_003,0.7876000000000001,0.5825,1,0.59
SITE_003_S0508,SITE_003,0.7252000000000001,0.4593,4.7,0.88
SITE_003_S0509,SITE_003,0.7252000000000001,0.4593,4.7,0.88
SITE_003_S0510,SITE_003,0.7252000000000001,0.4593,4.7,0.88
SITE_003_S0511,SITE_003,0.7252000000000001,0.4593,2.8,0.75
SITE_003_S0512,SITE_003,0.7252000000000001,0.4593,2.8,0.75
SITE_003_S0513,SITE_003,0.7252000000000001,0.4593,2.8,0.75
SITE_003_S0514,SITE_003,0.359,0.3305,1.1,0.44
SITE_003_S0515,SITE_003,0.359,0.3305,1.1,0.44
SITE_003_S0516,SITE_003,0.359,0.3305,2,0.63
SITE_003_S0517,SITE_003,0.359,0.3305,2,0.63
SITE_003_S0518,SITE_003,0.359,0.3305,2,0.63
SITE_003_S0519,SITE_003,0.7646000000000001,0.5396000000000001,3.1,0.78
SITE_003_S0520,SITE_003,0.7646000000000001,0.5396000000000001,3.1,0.78
SITE_003_S0521,SITE_003,0.7646000000000001,0.5396000000000001,3.1,0.78
SITE_003_S0522,SITE_003,0.7646000000000001,0.5396000000000001,1,0.4
SITE_003_S0523,SITE_003,0.7646000000000001,0.5396000000000001,1,0.4
SITE_004_S0001,SITE_004,0.1144,0.0824,0.2,0.12
SITE_004_S0002,SITE_004,0.1099,0.0801,0.2,0.1
SITE_004_S0003,SITE_004,0.1164,0.0838,0.2,0.1
SITE_004_S0004,SITE_004,0.1164,0.0838,0.2,0.12
SITE_004_S0005,SITE_004,0.1103,0.0812,0.2,0.12
SITE_004_S0006,SITE_004,0.1098,0.079,0.2,0.14
SITE_004_S0007,SITE_004,0.106,0.073,0.2,0.11
SITE_004_S0008,SITE_004,0.106,0.073,0.2,0.12
SITE_004_S0009,SITE_004,0.114,0.0827,0.2,0.12
SITE_004_S0010,SITE_004,0.1257,0.0872,0.2,0.11
SITE_004_S0011,SITE_004,0.1163,0.0826,0.2,0.12
SITE_004_S0012,SITE_004,0.1163,0.0826,0.2,0.13
SITE_004_S0013,SITE_004,0.1128,0.0802,0.2,0.15
SITE_004_S0014,SITE_004,0.1207,0.0801,0.2,0.13
SITE_004_S0015,SITE_004,0.128,0.0798,0.1,0.09
SITE_004_S0016,SITE_004,0.128,0.0798,0.1,0.1
SITE_004_S0017,SITE_004,0.1242,0.0812,0.1,0.09
SITE_004_S0018,SITE_004,0.1245,0.082,0.1,0.1
SITE_004_S0019,SITE_004,0.1229,0.0794,0.1,0.09
SITE_004_S0020,SITE_004,0.1163,0.0735,0.1,0.09
SITE_004_S0021,SITE_004,0.122,0.0771,0.1,0.1
SITE_004_S0022,SITE_004,0.115,0.0873,0.1,0.1
SITE_004_S0023,SITE_004,0.115,0.0873,0.1,0.1
SITE_004_S0024,SITE_004,0.1086,0.0752,0.1,0.07
SITE_004_S0025,SITE_004,0.1028,0.0727,0.1,0.08
SITE_004_S0026,SITE_004,0.1071,0.0783,0.2,0.11
SITE_004_S0027,SITE_004,0.1071,0.0783,0.2,0.12
SITE_004_S0028,SITE_004,0.1072,0.0764,0.2,0.11
SITE_004_S0029,SITE_004,0.1044,0.0808,0.2,0.11
SITE_004_S0030,SITE_004,0.1054,0.0784,0.2,0.13
SITE_004_S0031,SITE_004,0.1054,0.0784,0.2,0.11
SITE_004_S0032,SITE_004,0.1019,0.078,0.2,0.11
SITE_004_S0033,SITE_004,0.0992,0.0791,0.2,0.1
SITE_004_S0034,SITE_004,0.0974,0.0742,0.1,0.06
SITE_004_S0035,SITE_004,0.1045,0.0796,0.2,0.08
SITE_004_S0036,SITE_004,0.1148,0.0866,0.2,0.11
SITE_004_S0037,SITE_004,0.1068,0.0784,0.2,0.11
SITE_004_S0038,SITE_004,0.1049,0.078,0.2,0.12
SITE_004_S0039,SITE_004,0.1409,0.0858,0.1,0.09
SITE_004_S0040,SITE_004,0.1409,0.0858,0.2,0.12
SITE_004_S0041,SITE_004,0.1807,0.126,0.2,0.16
SITE_004_S0042,SITE_004,0.1616,0.1042,0.1,0.1
SITE_004_S0043,SITE_004,0.1616,0.1042,0.1,0.09
SITE_004_S0044,SITE_004,0.1724,0.1016,0.1,0.1
SITE_004_S0045,SITE_004,0.1628,0.1045,0.2,0.13
SITE_004_S0046,SITE_004,0.1319,0.0949,0.2,0.13
SITE_004_S0047,SITE_004,0.1267,0.089,0.2,0.12
SITE_004_S0048,SITE_004,0.1201,0.0906,0.2,0.13
SITE_004_S0049,SITE_004,0.13,0.0794,0.1,0.09
SITE_004_S0050,SITE_004,0.13,0.0794,0.1,0.09
SITE_004_S0051,SITE_004,0.1392,0.0866,0.1,0.09
SITE_004_S0052,SITE_004,0.1416,0.0915,0.1,0.09
SITE_004_S0053,SITE_004,0.1438,0.0967,0.2,0.14
SITE_004_S0054,SITE_004,0.1438,0.0967,0.2,0.15
SITE_004_S0055,SITE_004,0.1479,0.0924,0.2,0.12
SITE_004_S0056,SITE_004,0.1613,0.1094,0.2,0.14
SITE_004_S0057,SITE_004,0.1715,0.1106,0.2,0.13
SITE_004_S0058,SITE_004,0.1715,0.1106,0.2,0.13
SITE_004_S0059,SITE_004,0.1388,0.0972,0.2,0.13
SITE_004_S0060,SITE_004,0.1304,0.0924,0.2,0.13
SITE_004_S0061,SITE_004,0.1333,0.0958,0.2,0.12
SITE_004_S0062,SITE_004,0.1333,0.0958,0.2,0.13
SITE_004_S0063,SITE_004,0.1168,0.0868,0.2,0.13
SITE_004_S0064,SITE_004,0.1336,0.0938,0.2,0.11
SITE_004_S0065,SITE_004,0.1336,0.0938,0.2,0.11
SITE_004_S0066,SITE_004,0.1277,0.0889,0.2,0.13
SITE_004_S0067,SITE_004,0.1276,0.0895,0.2,0.12
SITE_004_S0068,SITE_004,0.1324,0.0897,0.2,0.13
SITE_004_S0069,SITE_004,0.1324,0.0897,0.2,0.13
SITE_004_S0070,SITE_004,0.1352,0.0908,0.2,0.13
SITE_004_S0071,SITE_004,0.1259,0.0883,0.2,0.14
SITE_004_S0072,SITE_004,0.1253,0.0819,0.2,0.11
SITE_004_S0073,SITE_004,0.1253,0.0819,0.1,0.07
SITE_004_S0074,SITE_004,0.1266,0.0814,0.2,0.12
SITE_004_S0075,SITE_004,0.1212,0.0745,0.1,0.1
SITE_004_S0076,SITE_004,0.1368,0.0838,0.1,0.09
SITE_004_S0077,SITE_004,0.1368,0.0838,0.1,0.09
SITE_004_S0078,SITE_004,0.1323,0.08,0.1,0.09
SITE_004_S0079,SITE_004,0.1359,0.0823,0.1,0.1
SITE_004_S0080,SITE_004,0.1193,0.0726,0.1,0.09
SITE_004_S0081,SITE_004,0.1193,0.0726,0.1,0.09
SITE_004_S0082,SITE_004,0.1254,0.0835,0.2,0.12
SITE_004_S0083,SITE_004,0.1293,0.0871,0.2,0.15
SITE_004_S0084,SITE_004,0.1262,0.0872,0.2,0.15
SITE_004_S0085,SITE_004,0.1165,0.084,0.2,0.13
SITE_004_S0086,SITE_004,0.1128,0.0825,0.2,0.12
SITE_004_S0087,SITE_004,0.1128,0.0825,0.2,0.11
SITE_004_S0088,SITE_004,0.117,0.086,0.2,0.12
SITE_004_S0089,SITE_004,0.1156,0.0861,0.2,0.11
SITE_004_S0090,SITE_004,0.1148,0.0829,0.2,0.11
SITE_004_S0091,SITE_004,0.1148,0.0829,0.2,0.12
SITE_004_S0092,SITE_004,0.1101,0.0765,0.2,0.11
SITE_004_S0093,SITE_004,0.1136,0.0866,0.2,0.12
SITE_004_S0094,SITE_004,0.1134,0.0776,0.2,0.12
SITE_004_S0095,SITE_004,0.1134,0.0776,0.2,0.13
SITE_004_S0096,SITE_004,0.111,0.0785,0.2,0.13
SITE_004_S0097,SITE_004,0.1261,0.0869,0.2,0.13
SITE_004_S0098,SITE_004,0.1186,0.0806,0.2,0.11
SITE_004_S0099,SITE_004,0.1206,0.0837,0.2,0.13
SITE_004_S0100,SITE_004,0.1195,0.0825,0.2,0.13
SITE_004_S0101,SITE_004,0.1255,0.0794,0.1,0.09
SITE_004_S0102,SITE_004,0.1185,0.071,0.1,0.09
SITE_004_S0103,SITE_004,0.1185,0.071,0.1,0.1
SITE_004_S0104,SITE_004,0.1317,0.0836,0.1,0.1
SITE_004_S0105,SITE_004,0.1137,0.0787,0.1,0.1
SITE_004_S0106,SITE_004,0.1154,0.0849,0.1,0.07
SITE_004_S0107,SITE_004,0.1154,0.0849,0.1,0.08
SITE_004_S0108,SITE_004,0.1092,0.0786,0.2,0.13
SITE_004_S0109,SITE_004,0.1089,0.0812,0.1,0.07
SITE_004_S0110,SITE_004,0.1129,0.0798,0.2,0.09
SITE_004_S0111,SITE_004,0.1129,0.0798,0.2,0.14
SITE_004_S0112,SITE_004,0.1074,0.078,0.2,0.11
SITE_004_S0113,SITE_004,0.1064,0.0832,0.2,0.11
SITE_004_S0114,SITE_004,0.1027,0.078,0.2,0.11
SITE_004_S0115,SITE_004,0.1027,0.078,0.2,0.11
SITE_004_S0116,SITE_004,0.0985,0.0787,0.2,0.13
SITE_004_S0117,SITE_004,0.0999,0.0772,0.2,0.1
SITE_004_S0118,SITE_004,0.1018,0.0795,0.2,0.12
SITE_004_S0119,SITE_004,0.1018,0.0795,0.1,0.06
SITE_004_S0120,SITE_004,0.1073,0.0815,0.2,0.11
SITE_004_S0121,SITE_004,0.1056,0.0789,0.2,0.11
SITE_004_S0122,SITE_004,0.1196,0.0861,0.2,0.11
SITE_004_S0123,SITE_004,0.13,0.0883,0.2,0.13
SITE_004_S0124,SITE_004,0.12,0.0822,0.2,0.13
SITE_004_S0125,SITE_004,0.1203,0.0815,0.1,0.09
SITE_004_S0126,SITE_004,0.1203,0.0815,0.2,0.13
SITE_004_S0127,SITE_004,0.1328,0.0849,0.1,0.1
SITE_004_S0128,SITE_004,0.1305,0.0873,0.1,0.1
SITE_004_S0129,SITE_004,0.1339,0.0784,0.1,0.09
SITE_004_S0130,SITE_004,0.1339,0.0784,0.1,0.09
SITE_004_S0131,SITE_004,0.1214,0.0733,0.1,0.09
SITE_004_S0132,SITE_004,0.1356,0.0866,0.1,0.1
SITE_004_S0133,SITE_004,0.1195,0.0813,0.1,0.1
SITE_004_S0134,SITE_004,0.1195,0.0813,0.2,0.11
SITE_004_S0135,SITE_004,0.118,0.0794,0.1,0.1
SITE_004_S0136,SITE_004,0.1183,0.0854,0.2,0.12
SITE_004_S0137,SITE_004,0.1148,0.081,0.2,0.13
SITE_004_S0138,SITE_004,0.1148,0.081,0.2,0.13
SITE_004_S0139,SITE_004,0.11,0.0744,0.2,0.13
SITE_004_S0140,SITE_004,0.1106,0.0794,0.2,0.11
SITE_004_S0141,SITE_004,0.1038,0.0777,0.2,0.11
SITE_004_S0142,SITE_004,0.1038,0.0777,0.2,0.12
SITE_004_S0143,SITE_004,0.1047,0.0789,0.2,0.11
SITE_004_S0144,SITE_004,0.1073,0.0773,0.2,0.11
SITE_004_S0145,SITE_004,0.1043,0.0813,0.2,0.09
SITE_004_S0146,SITE_004,0.1043,0.0813,0.2,0.11
SITE_004_S0147,SITE_004,0.1021,0.0777,0.2,0.11
SITE_004_S0148,SITE_004,0.1038,0.0766,0.2,0.11
SITE_004_S0149,SITE_004,0.1051,0.0752,0.2,0.13
SITE_004_S0150,SITE_004,0.1242,0.0892,0.2,0.13
SITE_004_S0151,SITE_004,0.1286,0.0908,0.2,0.16
SITE_004_S0152,SITE_004,0.1286,0.0908,0.2,0.14
SITE_004_S0153,SITE_004,0.1202,0.0836,0.2,0.13
SITE_004_S0154,SITE_004,0.1317,0.0831,0.1,0.1
SITE_004_S0155,SITE_004,0.1303,0.0837,0.1,0.1
SITE_004_S0156,SITE_004,0.1303,0.0837,0.1,0.1
SITE_004_S0157,SITE_004,0.1277,0.0662,0.1,0.1
SITE_004_S0158,SITE_004,0.1369,0.0822,0.1,0.09
SITE_004_S0159,SITE_004,0.1419,0.0801,0.1,0.1
SITE_004_S0160,SITE_004,0.1523,0.0961,0.2,0.16
SITE_004_S0161,SITE_004,0.1743,0.119,0.3,0.18
SITE_004_S0162,SITE_004,0.1743,0.119,0.2,0.15
SITE_004_S0163,SITE_004,0.1694,0.1226,0.2,0.16
SITE_004_S0164,SITE_004,0.1325,0.0973,0.2,0.16
SITE_004_S0165,SITE_004,0.1244,0.0941,0.2,0.11
SITE_004_S0166,SITE_004,0.1239,0.0945,0.2,0.11
SITE_004_S0167,SITE_004,0.1239,0.0945,0.2,0.1
SITE_004_S0168,SITE_004,0.1278,0.0928,0.2,0.12
SITE_004_S0169,SITE_004,0.1204,0.087,0.2,0.09
SITE_004_S0170,SITE_004,0.1204,0.087,0.2,0.13
SITE_004_S0171,SITE_004,0.1191,0.0826,0.2,0.13
SITE_004_S0172,SITE_004,0.1261,0.0898,0.2,0.13
SITE_004_S0173,SITE_004,0.1176,0.0798,0.2,0.14
SITE_004_S0174,SITE_004,0.1175,0.0816,0.2,0.12
SITE_004_S0175,SITE_004,0.1226,0.0854,0.1,0.1
SITE_004_S0176,SITE_004,0.1226,0.0854,0.1,0.1
SITE_004_S0177,SITE_004,0.1201,0.0747,0.1,0.1
SITE_004_S0178,SITE_004,0.1248,0.0753,0.1,0.09
SITE_004_S0179,SITE_004,0.1248,0.0753,0.1,0.1
SITE_004_S0180,SITE_004,0.1128,0.0745,0.1,0.1
SITE_004_S0181,SITE_004,0.1215,0.0799,0.2,0.13
SITE_004_S0182,SITE_004,0.1119,0.0845,0.2,0.13
SITE_004_S0183,SITE_004,0.1131,0.0816,0.2,0.13
SITE_004_S0184,SITE_004,0.1148,0.0792,0.2,0.11
SITE_004_S0185,SITE_004,0.1093,0.0826,0.2,0.14
SITE_004_S0186,SITE_004,0.106,0.0769,0.1,0.08
SITE_004_S0187,SITE_004,0.106,0.0769,0.2,0.11
SITE_004_S0188,SITE_004,0.1148,0.0821,0.2,0.13
SITE_004_S0189,SITE_004,0.1359,0.0754,0.2,0.13
SITE_004_S0190,SITE_004,0.1359,0.0754,0.1,0.08
SITE_004_S0191,SITE_004,0.118,0.0792,0.2,0.16
SITE_004_S0192,SITE_004,0.1563,0.112,0.2,0.15
SITE_004_S0193,SITE_004,0.1726,0.1213,0.2,0.15
SITE_004_S0194,SITE_004,0.1472,0.0993,0.2,0.2
SITE_004_S0195,SITE_004,0.1532,0.0959,0.1,0.1
SITE_004_S0196,SITE_004,0.162,0.0816,0.1,0.09
SITE_004_S0197,SITE_004,0.162,0.0816,0.1,0.09
SITE_005_S0001,SITE_005,0.6361,0.3022,0.7000000000000001,0.29
SITE_005_S0002,SITE_005,0.6361,0.3022,1,0.4
SITE_005_S0003,SITE_005,0.6361,0.3022,1,0.4
SITE_005_S0004,SITE_005,0.6069,0.3111,1.2,0.48
SITE_005_S0005,SITE_005,0.6638000000000001,0.3704,0.1,0.07
SITE_005_S0006,SITE_005,0.4844,0.2906,0.1,0.06
SITE_005_S0007,SITE_005,0.6900000000000001,0.3343,1.3,0.64
SITE_005_S0008,SITE_005,0.6900000000000001,0.3343,1.2,0.6
SITE_005_S0009,SITE_005,0.634,0.3067,1,0.56
SITE_005_S0010,SITE_005,0.634,0.3067,1,0.56
SITE_005_S0011,SITE_005,0.634,0.3067,0.9,0.51
SITE_005_S0012,SITE_005,0.6635,0.3096,0.3,0.22
SITE_005_S0013,SITE_005,0.6635,0.3096,1,0.53
SITE_005_S0014,SITE_005,0.5983,0.2801,1.8,0.58
SITE_005_S0015,SITE_005,0.6323000000000001,0.2722,0.2,0.12
SITE_005_S0016,SITE_005,0.4788,0.231,0.7000000000000001,0.31
SITE_005_S0017,SITE_005,0.4788,0.231,1,0.39
SITE_005_S0018,SITE_005,0.6237,0.2896,1.1,0.43
SITE_005_S0019,SITE_005,0.6237,0.2896,1.1,0.43
SITE_005_S0020,SITE_005,0.6237,0.2896,1.2,0.48
SITE_005_S0021,SITE_005,0.7099000000000001,0.3522,2.1,0.6900000000000001
SITE_005_S0022,SITE_005,0.7003,0.3269,0.8,0.45
SITE_005_S0023,SITE_005,0.7003,0.3269,1,0.51
SITE_005_S0024,SITE_005,0.6949000000000001,0.3523,1.4,0.65
SITE_005_S0025,SITE_005,0.6949000000000001,0.3523,1.4,0.68
SITE_005_S0026,SITE_005,0.672,0.3353,1.3,0.64
SITE_005_S0027,SITE_005,0.672,0.3353,0,0.01
SITE_005_S0028,SITE_005,0.672,0.3353,0,0.01
SITE_005_S0029,SITE_005,0.672,0.3353,0,0.01
SITE_005_S0030,SITE_005,0.7214,0.2942,2.5,0.67
SITE_005_S0031,SITE_005,0.7214,0.2942,2.5,0.67
SITE_005_S0032,SITE_005,0.7214,0.2942,2.5,0.67
SITE_005_S0033,SITE_005,0.7214,0.2942,1.3,0.51
SITE_005_S0034,SITE_005,0.7214,0.2942,1.3,0.51
SITE_005_S0035,SITE_005,0.7214,0.2942,1.3,0.51
SITE_005_S0036,SITE_005,0.3947,0.0938,0.5,0.21
SITE_005_S0037,SITE_005,0.3947,0.0938,0.5,0.21
SITE_005_S0038,SITE_005,0.3947,0.0938,0.5,0.21
SITE_005_S0039,SITE_005,0.3947,0.0938,0.5,0.21
SITE_005_S0040,SITE_005,0.3947,0.0938,0.2,0.09
SITE_005_S0041,SITE_005,0.3268,0.1949,0.4,0.21
SITE_005_S0042,SITE_005,0.5596,0.266,0.8,0.35
SITE_005_S0043,SITE_005,0.5596,0.266,0.8,0.35
SITE_005_S0044,SITE_005,0.5596,0.266,0.8,0.35
SITE_005_S0045,SITE_005,0.5596,0.266,1.2,0.49
SITE_005_S0046,SITE_005,0.5596,0.266,1.2,0.49
SITE_005_S0047,SITE_005,0.5596,0.266,1.2,0.49
SITE_005_S0048,SITE_005,0.5596,0.266,1.2,0.49
SITE_005_S0049,SITE_005,0.5567,0.2553,1.5,0.56
SITE_005_S0050,SITE_005,0.5567,0.2553,1.5,0.56
SITE_005_S0051,SITE_005,0.5567,0.2553,1.5,0.56
SITE_005_S0052,SITE_005,0.5567,0.2553,0.5,0.24
SITE_005_S0053,SITE_005,0.5567,0.2553,0.5,0.24
SITE_005_S0054,SITE_005,0.5567,0.2553,0.5,0.24
SITE_005_S0055,SITE_005,0.5567,0.2553,0.5,0.24
SITE_005_S0056,SITE_005,0.5567,0.2553,0.5,0.24
SITE_005_S0057,SITE_005,0.6211,0.3492,1.7,0.6
SITE_005_S0058,SITE_005,0.6211,0.3492,1.7,0.6
SITE_005_S0059,SITE_005,0.6211,0.3492,1.7,0.6
SITE_005_S0060,SITE_005,0.6211,0.3492,1.7,0.6
SITE_005_S0061,SITE_005,0.6211,0.3492,2,0.6900000000000001
SITE_005_S0062,SITE_005,0.6211,0.3492,2,0.6900000000000001
SITE_005_S0063,SITE_005,0.6211,0.3492,2,0.6900000000000001
SITE_005_S0064,SITE_005,0.6844,0.3919,1.5,0.5700000000000001
SITE_005_S0065,SITE_005,0.6844,0.3919,1.5,0.5700000000000001
SITE_005_S0066,SITE_005,0.6844,0.3919,1.5,0.5700000000000001
SITE_005_S0067,SITE_005,0.6844,0.3919,1.5,0.5700000000000001
SITE_005_S0068,SITE_005,0.6844,0.3919,1.6,0.58
SITE_005_S0069,SITE_005,0.6844,0.3919,1.6,0.58
SITE_005_S0070,SITE_005,0.6844,0.3919,1.6,0.58
SITE_005_S0071,SITE_005,0.7366,0.374,1.2,0.48
SITE_005_S0072,SITE_005,0.7366,0.374,1.2,0.48
SITE_005_S0073,SITE_005,0.7366,0.374,1,0.5700000000000001
SITE_005_S0074,SITE_005,0.7366,0.374,1,0.5700000000000001
SITE_005_S0075,SITE_005,0.7366,0.374,1,0.5700000000000001
SITE_005_S0076,SITE_005,0.7366,0.374,1,0.5700000000000001
SITE_005_S0077,SITE_005,0.7366,0.374,1,0.5700000000000001
SITE_005_S0078,SITE_005,0.6442,0.3522,1.6,0.7000000000000001
SITE_005_S0079,SITE_005,0.6442,0.3522,1.6,0.7000000000000001
SITE_005_S0080,SITE_005,0.6442,0.3522,1.1,0.56
SITE_005_S0081,SITE_005,0.6442,0.3522,1.1,0.56
SITE_005_S0082,SITE_005,0.6495000000000001,0.3243,1.3,0.62
SITE_005_S0083,SITE_005,0.6495000000000001,0.3243,1.3,0.62
SITE_005_S0084,SITE_005,0.6495000000000001,0.3243,1.3,0.62
SITE_005_S0085,SITE_005,0.6495000000000001,0.3243,1.3,0.62
SITE_005_S0086,SITE_005,0.6495000000000001,0.3243,1.3,0.62
SITE_005_S0087,SITE_005,0.6495000000000001,0.3243,1.3,0.63
SITE_005_S0088,SITE_005,0.6495000000000001,0.3243,1.3,0.63
SITE_005_S0089,SITE_005,0.6495000000000001,0.3243,1.3,0.63
SITE_005_S0090,SITE_005,0.4425,0.2375,0.2,0.17
SITE_005_S0091,SITE_005,0.4425,0.2375,0.2,0.17
SITE_005_S0092,SITE_005,0.4425,0.2375,0.2,0.17
SITE_005_S0093,SITE_005,0.4425,0.2375,0,0.02
SITE_005_S0094,SITE_005,0.4425,0.2375,0,0.02
SITE_005_S0095,SITE_005,0.4425,0.2375,0,0.02
SITE_005_S0096,SITE_005,0.4425,0.2375,0,0.02
SITE_005_S0097,SITE_005,0.3095,0.2112,0,0.02
SITE_005_S0098,SITE_005,0.3095,0.2112,1.5,0.53
SITE_005_S0099,SITE_005,0.3095,0.2112,1.5,0.53
SITE_005_S0100,SITE_005,0.3095,0.2112,1.5,0.53
SITE_005_S0101,SITE_005,0.3689,0.367,0.3,0.14
SITE_005_S0102,SITE_005,0.3689,0.367,0.3,0.14
SITE_005_S0103,SITE_005,0.3689,0.367,0.3,0.14
SITE_005_S0104,SITE_005,0.5588000000000001,0.2601,1.1,0.44
SITE_005_S0105,SITE_005,0.5588000000000001,0.2601,1.1,0.44
SITE_005_S0106,SITE_005,0.5588000000000001,0.2601,1.1,0.44
SITE_005_S0107,SITE_005,0.5588000000000001,0.2601,0.9,0.41
SITE_005_S0108,SITE_005,0.5588000000000001,0.2601,0.9,0.41
SITE_005_S0109,SITE_005,0.5588000000000001,0.2601,0.9,0.41
SITE_005_S0110,SITE_005,0.5419,0.2476,1.1,0.43
SITE_005_S0111,SITE_005,0.5419,0.2476,1.1,0.43
SITE_005_S0112,SITE_005,0.5419,0.2476,1.1,0.43
SITE_005_S0113,SITE_005,0.5419,0.2476,1.1,0.43
SITE_005_S0114,SITE_005,0.5419,0.2476,1.1,0.44
SITE_005_S0115,SITE_005,0.5419,0.2476,1.1,0.44
SITE_005_S0116,SITE_005,0.5419,0.2476,1.1,0.44
SITE_005_S0117,SITE_005,0.5419,0.2476,1.1,0.44
SITE_005_S0118,SITE_005,0.5904,0.349,1.3,0.51
SITE_005_S0119,SITE_005,0.5904,0.349,1.3,0.51
SITE_005_S0120,SITE_005,0.5904,0.349,1.3,0.51
SITE_005_S0121,SITE_005,0.5904,0.349,2,0.61
SITE_005_S0122,SITE_005,0.5904,0.349,2,0.61
SITE_005_S0123,SITE_005,0.5904,0.349,2,0.61
SITE_005_S0124,SITE_005,0.5904,0.349,2,0.61
SITE_005_S0125,SITE_005,0.6152000000000001,0.3206,1.5,0.55
SITE_005_S0126,SITE_005,0.6152000000000001,0.3206,1.5,0.55
SITE_005_S0127,SITE_005,0.6152000000000001,0.3206,1.5,0.55
SITE_005_S0128,SITE_005,0.6152000000000001,0.3206,1.5,0.55
SITE_005_S0129,SITE_005,0.6152000000000001,0.3206,1.5,0.55
SITE_005_S0130,SITE_005,0.6152000000000001,0.3206,1.6,0.6
SITE_005_S0131,SITE_005,0.6152000000000001,0.3206,1.6,0.6
SITE_005_S0132,SITE_005,0.6152000000000001,0.3206,1.6,0.6
SITE_005_S0133,SITE_005,0.6272,0.3198,1.4,0.54
SITE_005_S0134,SITE_005,0.6272,0.3198,1.4,0.54
SITE_005_S0135,SITE_005,0.6272,0.3198,1.4,0.54
SITE_005_S0136,SITE_005,0.6272,0.3198,1.4,0.54
SITE_005_S0137,SITE_005,0.6272,0.3198,1.3,0.49
SITE_005_S0138,SITE_005,0.6272,0.3198,1.3,0.49
SITE_005_S0139,SITE_005,0.6272,0.3198,1.3,0.49
SITE_005_S0140,SITE_005,0.6272,0.3198,1.3,0.49
SITE_005_S0141,SITE_005,0.6104,0.321,1.8,0.65
SITE_005_S0142,SITE_005,0.6104,0.321,1.8,0.63
SITE_005_S0143,SITE_005,0.6104,0.321,1.8,0.63
SITE_005_S0144,SITE_005,0.6104,0.321,1.8,0.63
SITE_005_S0145,SITE_005,0.6104,0.321,1.8,0.63
SITE_005_S0146,SITE_005,0.629,0.312,1.2,0.61
SITE_005_S0147,SITE_005,0.629,0.312,1.2,0.61
SITE_005_S0148,SITE_005,0.629,0.312,1.2,0.61
SITE_005_S0149,SITE_005,0.629,0.312,1.2,0.61
SITE_005_S0150,SITE_005,0.629,0.312,1.5,0.7000000000000001
SITE_005_S0151,SITE_005,0.629,0.312,1.5,0.7000000000000001
SITE_005_S0152,SITE_005,0.629,0.312,1.5,0.7000000000000001
SITE_005_S0153,SITE_005,0.618,0.2975,1.2,0.61
SITE_005_S0154,SITE_005,0.618,0.2975,1.2,0.61
SITE_005_S0155,SITE_005,0.618,0.2975,1.2,0.61
SITE_005_S0156,SITE_005,0.618,0.2975,1,0.54
SITE_005_S0157,SITE_005,0.618,0.2975,1,0.54
SITE_005_S0158,SITE_005,0.6002000000000001,0.2856,1.1,0.5700000000000001
SITE_005_S0159,SITE_005,0.6002000000000001,0.2856,1.1,0.5700000000000001
SITE_005_S0160,SITE_005,0.6002000000000001,0.2856,1.1,0.5700000000000001
SITE_005_S0161,SITE_005,0.6002000000000001,0.2856,1,0.53
SITE_005_S0162,SITE_005,0.6002000000000001,0.2856,1,0.53
SITE_005_S0163,SITE_005,0.6002000000000001,0.2856,1,0.53
SITE_005_S0164,SITE_005,0.6008,0.3031,1.4,0.53
SITE_005_S0165,SITE_005,0.6008,0.3031,1.4,0.53
SITE_005_S0166,SITE_005,0.6008,0.3031,1.8,0.58
SITE_005_S0167,SITE_005,0.6146,0.2565,1.5,0.54
SITE_005_S0168,SITE_005,0.6146,0.2565,1.5,0.54
SITE_005_S0169,SITE_005,0.6146,0.2565,1.5,0.54
SITE_005_S0170,SITE_005,0.5278,0.2336,0.8,0.35
SITE_005_S0171,SITE_005,0.5278,0.2336,0.8,0.35
SITE_005_S0172,SITE_005,0.5278,0.2336,0.8,0.35
SITE_005_S0173,SITE_005,0.5278,0.2336,0.8,0.35
SITE_005_S0174,SITE_005,0.5709000000000001,0.2834,1.1,0.45
SITE_005_S0175,SITE_005,0.5709000000000001,0.2834,1.1,0.45
SITE_005_S0176,SITE_005,0.5709000000000001,0.2834,1.1,0.45
SITE_005_S0177,SITE_005,0.5709000000000001,0.2834,1,0.4
SITE_005_S0178,SITE_005,0.5709000000000001,0.2834,1,0.4
SITE_005_S0179,SITE_005,0.5709000000000001,0.2834,1,0.4
SITE_005_S0180,SITE_005,0.5709000000000001,0.2834,1,0.4
SITE_005_S0181,SITE_005,0.5709000000000001,0.2834,1,0.4
SITE_005_S0182,SITE_005,0.6006,0.2863,1.2,0.5
SITE_005_S0183,SITE_005,0.6006,0.2863,1.2,0.5
SITE_005_S0184,SITE_005,0.6006,0.2863,1.2,0.5
SITE_005_S0185,SITE_005,0.6006,0.2863,1.2,0.5
SITE_005_S0186,SITE_005,0.6006,0.2863,1.9,0.67
SITE_005_S0187,SITE_005,0.6006,0.2863,1.9,0.67
SITE_005_S0188,SITE_005,0.6006,0.2863,1.9,0.67
SITE_005_S0189,SITE_005,0.6641,0.3236,1.7,0.6
SITE_005_S0190,SITE_005,0.6641,0.3236,1.7,0.6
SITE_005_S0191,SITE_005,0.6641,0.3236,1.7,0.6
SITE_005_S0192,SITE_005,0.6641,0.3236,1.7,0.6
SITE_005_S0193,SITE_005,0.6641,0.3236,1.8,0.64
SITE_005_S0194,SITE_005,0.6641,0.3236,1.8,0.64
SITE_005_S0195,SITE_005,0.6641,0.3236,1.8,0.64
SITE_005_S0196,SITE_005,0.6641,0.3236,1.8,0.64
SITE_005_S0197,SITE_005,0.6459,0.3351,1.4,0.52
SITE_005_S0198,SITE_005,0.6459,0.3351,1.4,0.52
SITE_005_S0199,SITE_005,0.6459,0.3351,1.4,0.52
SITE_005_S0200,SITE_005,0.6459,0.3351,1.8,0.63
SITE_005_S0201,SITE_005,0.6459,0.3351,1.8,0.63
SITE_005_S0202,SITE_005,0.6459,0.3351,1.8,0.63
SITE_005_S0203,SITE_005,0.6459,0.3351,1.8,0.63
SITE_005_S0204,SITE_005,0.6459,0.3351,1.8,0.63
SITE_005_S0205,SITE_005,0.6312,0.3606,1.6,0.59
SITE_005_S0206,SITE_005,0.6312,0.3606,1.6,0.59
SITE_005_S0207,SITE_005,0.6312,0.3606,1.6,0.59
SITE_005_S0208,SITE_005,0.6312,0.3606,1.6,0.59
SITE_005_S0209,SITE_005,0.6312,0.3606,1.2,0.63
SITE_005_S0210,SITE_005,0.6312,0.3606,1.2,0.63
SITE_005_S0211,SITE_005,0.6312,0.3606,1.2,0.63
SITE_005_S0212,SITE_005,0.5958,0.2833,1.2,0.6
SITE_005_S0213,SITE_005,0.5405,0.2461,1.1,0.47
SITE_005_S0214,SITE_005,0.5501,0.2704,1.4,0.54
SITE_005_S0215,SITE_005,0.5501,0.2704,1.4,0.54
SITE_005_S0216,SITE_005,0.5501,0.2704,1.4,0.54
SITE_005_S0217,SITE_005,0.5501,0.2704,1.4,0.54
SITE_005_S0218,SITE_005,0.62,0.3302,1.6,0.59
SITE_005_S0219,SITE_005,0.62,0.3302,1.6,0.59
SITE_005_S0220,SITE_005,0.62,0.3302,1.6,0.59
SITE_005_S0221,SITE_005,0.62,0.3302,1.6,0.59
SITE_005_S0222,SITE_005,0.62,0.3302,1.6,0.59
SITE_005_S0223,SITE_005,0.62,0.3302,1.6,0.59
SITE_005_S0224,SITE_005,0.62,0.3302,1.6,0.59
SITE_005_S0225,SITE_005,0.669,0.3926,1.5,0.55
SITE_005_S0226,SITE_005,0.669,0.3926,1.5,0.55
SITE_005_S0227,SITE_005,0.669,0.3926,0.8,0.47
SITE_005_S0228,SITE_005,0.6492,0.323,0.7000000000000001,0.39
SITE_005_S0229,SITE_005,0.6492,0.323,1.5,0.68
SITE_005_S0230,SITE_005,0.6492,0.323,1.5,0.68
SITE_005_S0231,SITE_005,0.6417,0.3091,1,0.52
SITE_005_S0232,SITE_005,0.6417,0.3091,1,0.52
SITE_005_S0233,SITE_005,0.6417,0.3091,1.2,0.62
SITE_005_S0234,SITE_005,0.6417,0.3091,1.2,0.62
SITE_005_S0235,SITE_005,0.6417,0.3091,1.2,0.62
SITE_005_S0236,SITE_005,0.5916,0.3156,1,0.53
SITE_005_S0237,SITE_005,0.5916,0.3156,1,0.53
SITE_005_S0238,SITE_005,0.5916,0.3156,1,0.53
SITE_005_S0239,SITE_005,0.7594000000000001,0.4319,1.2,0.48
SITE_005_S0240,SITE_005,0.7594000000000001,0.4319,1.2,0.48
SITE_005_S0241,SITE_005,0.5283,0.2565,1.4,0.52
SITE_005_S0242,SITE_005,0.4788,0.2549,1,0.42
SITE_005_S0243,SITE_005,0.4788,0.2549,1,0.42
SITE_005_S0244,SITE_005,0.5417000000000001,0.2488,1.3,0.52
SITE_005_S0245,SITE_005,0.5417000000000001,0.2488,1.3,0.52
SITE_005_S0246,SITE_005,0.5417000000000001,0.2488,0.9,0.38
SITE_005_S0247,SITE_005,0.5718,0.2558,1.1,0.44
SITE_005_S0248,SITE_005,0.5718,0.2558,1.1,0.44
SITE_005_S0249,SITE_005,0.5718,0.2558,1.1,0.44
SITE_005_S0250,SITE_005,0.5718,0.2558,1.3,0.49
SITE_005_S0251,SITE_005,0.5718,0.2558,1.3,0.49
SITE_005_S0252,SITE_005,0.4985,0.237,0.8,0.34
SITE_005_S0253,SITE_005,0.4985,0.237,0.8,0.34
SITE_005_S0254,SITE_005,0.4985,0.237,0.8,0.34
SITE_005_S0255,SITE_005,0.4779,0.1553,0,0.03
SITE_005_S0256,SITE_005,0.4779,0.1553,0,0.03
SITE_005_S0257,SITE_005,0.4779,0.1553,0,0.03
SITE_005_S0258,SITE_005,0.4779,0.1553,0,0.03
SITE_005_S0259,SITE_005,0.4779,0.1553,0,0.03
SITE_005_S0260,SITE_005,0.4779,0.1553,1,0.44
SITE_005_S0261,SITE_005,0.4779,0.1553,1,0.44
SITE_005_S0262,SITE_005,0.4779,0.1553,1,0.44
SITE_005_S0263,SITE_005,0.4779,0.1553,1,0.44
SITE_005_S0264,SITE_005,0.6112000000000001,0.3301,1.4,0.55
SITE_005_S0265,SITE_005,0.6112000000000001,0.3301,1.4,0.55
SITE_005_S0266,SITE_005,0.6112000000000001,0.3301,1.4,0.55
SITE_005_S0267,SITE_005,0.6112000000000001,0.3301,1.3,0.5
SITE_005_S0268,SITE_005,0.6112000000000001,0.3301,1.3,0.5
SITE_005_S0269,SITE_005,0.6112000000000001,0.3301,1.3,0.5
SITE_005_S0270,SITE_005,0.6112000000000001,0.3301,1.3,0.5
SITE_005_S0271,SITE_005,0.6112000000000001,0.3301,1.3,0.5
SITE_005_S0272,SITE_005,0.5863,0.3218,1.5,0.56
SITE_005_S0273,SITE_005,0.5863,0.3218,1.8,0.66
SITE_005_S0274,SITE_005,0.6511,0.368,0.1,0.08
SITE_005_S0275,SITE_005,0.5879,0.2868,1.2,0.62
SITE_005_S0276,SITE_005,0.5879,0.2868,1.2,0.62
SITE_005_S0277,SITE_005,0.5879,0.2868,1.2,0.62
SITE_005_S0278,SITE_005,0.6169,0.3033,1.3,0.63
SITE_005_S0279,SITE_005,0.6169,0.3033,1.3,0.63
SITE_005_S0280,SITE_005,0.6169,0.3033,1.3,0.63
SITE_005_S0281,SITE_005,0.6169,0.3033,1.3,0.63
SITE_005_S0282,SITE_005,0.5814,0.3865,1.9,0.6
SITE_005_S0283,SITE_005,0.5814,0.3865,1.9,0.6
SITE_005_S0284,SITE_005,0.5814,0.3865,1.9,0.6
SITE_005_S0285,SITE_005,0.5814,0.3865,1.9,0.6
SITE_005_S0286,SITE_005,0.5814,0.3865,0.4,0.19
SITE_005_S0287,SITE_005,0.5814,0.3865,0.4,0.19
SITE_005_S0288,SITE_005,0.5814,0.3865,0.4,0.19
SITE_005_S0289,SITE_005,0.5705,0.26,1.4,0.53
SITE_005_S0290,SITE_005,0.5705,0.26,1.4,0.53
SITE_005_S0291,SITE_005,0.5705,0.26,1.4,0.53
SITE_005_S0292,SITE_005,0.5705,0.26,1.2,0.48
SITE_005_S0293,SITE_005,0.5705,0.26,1.2,0.48
SITE_005_S0294,SITE_005,0.5705,0.26,1.2,0.48
SITE_005_S0295,SITE_005,0.5705,0.26,1.2,0.48
SITE_005_S0296,SITE_005,0.2903,0.1709,0.7000000000000001,0.32
SITE_006_S0001,SITE_006,0.7181000000000001,0.2764,1.9,0.78
SITE_006_S0002,SITE_006,0.6940000000000001,0.2561,1,0.59
SITE_006_S0003,SITE_006,0.7419,0.2704,1.4,0.68
SITE_006_S0004,SITE_006,0.7419,0.2704,0.7000000000000001,0.33
SITE_006_S0005,SITE_006,0.7058,0.24,0.9,0.58
SITE_006_S0006,SITE_006,0.5931000000000001,0.2212,2,0.78
SITE_006_S0007,SITE_006,0.5788,0.2174,0.7000000000000001,0.4
SITE_006_S0008,SITE_006,0.5788,0.2174,0.5,0.21
SITE_006_S0009,SITE_006,0.5869,0.3188,0.7000000000000001,0.29
SITE_006_S0010,SITE_006,0.5537000000000001,0.2785,0.8,0.35
SITE_006_S0011,SITE_006,0.5938,0.2772,1.3,0.41
SITE_006_S0012,SITE_006,0.5938,0.2772,1.4,0.46
SITE_006_S0013,SITE_006,0.656,0.304,2.1,0.6
SITE_006_S0014,SITE_006,0.7199,0.4087,2.7,0.7000000000000001
SITE_006_S0015,SITE_006,0.7037,0.4024,3.5,0.73
SITE_006_S0016,SITE_006,0.7037,0.4024,2.6,0.7000000000000001
SITE_006_S0017,SITE_006,0.6704,0.419,3,0.7000000000000001
SITE_006_S0018,SITE_006,0.6508,0.3855,2.6,0.71
SITE_006_S0019,SITE_006,0.6446000000000001,0.4115,2.3,0.64
SITE_006_S0020,SITE_006,0.6446000000000001,0.4115,2.4,0.68
SITE_006_S0021,SITE_006,0.6035,0.3446,2.5,0.67
SITE_006_S0022,SITE_006,0.5857,0.3505,2.2,0.63
SITE_006_S0023,SITE_006,0.6066,0.3256,2.3,0.62
SITE_006_S0024,SITE_006,0.6066,0.3256,2,0.6
SITE_006_S0025,SITE_006,0.5835,0.3074,1.3,0.53
SITE_006_S0026,SITE_006,0.6027,0.2847,1.1,0.44
SITE_006_S0027,SITE_006,0.5933,0.2786,1.5,0.56
SITE_006_S0028,SITE_006,0.5933,0.2786,1.3,0.62
SITE_006_S0029,SITE_006,0.6212,0.2808,1.3,0.68
SITE_006_S0030,SITE_006,0.633,0.2587,1.2,0.66
SITE_006_S0031,SITE_006,0.6561,0.2417,1.2,0.66
SITE_006_S0032,SITE_006,0.6561,0.2417,1.2,0.66
SITE_006_S0033,SITE_006,0.6513,0.2696,1.3,0.6900000000000001
SITE_006_S0034,SITE_006,0.6592,0.2474,0.8,0.51
SITE_006_S0035,SITE_006,0.6632,0.2192,0.8,0.5
SITE_006_S0036,SITE_006,0.6632,0.2192,1,0.58
SITE_006_S0037,SITE_006,0.0815,0.0706,0.1,0.04
SITE_006_S0038,SITE_006,0.6024,0.1911,0.3,0.18
SITE_006_S0039,SITE_006,0.5119,0.2108,0.6000000000000001,0.31
SITE_006_S0040,SITE_006,0.5119,0.2108,0.8,0.34
SITE_006_S0041,SITE_006,0.5143,0.2357,1,0.42
SITE_006_S0042,SITE_006,0.5563,0.2468,1.1,0.39
SITE_006_S0043,SITE_006,0.6552,0.3693,2,0.61
SITE_006_S0044,SITE_006,0.6552,0.3693,2.1,0.62
SITE_006_S0045,SITE_006,0.7248,0.4611,2.3,0.66
SITE_006_S0046,SITE_006,0.7122,0.4102,2.6,0.7000000000000001
SITE_006_S0047,SITE_006,0.7093,0.4302,2.6,0.71
SITE_006_S0048,SITE_006,0.7093,0.4302,1.9,0.59
SITE_006_S0049,SITE_006,0.6514,0.3927,2.2,0.65
SITE_006_S0050,SITE_006,0.6298,0.4304,2.2,0.65
SITE_006_S0051,SITE_006,0.6412,0.3787,2.1,0.62
SITE_006_S0052,SITE_006,0.6412,0.3787,2.6,0.6900000000000001
SITE_006_S0053,SITE_006,0.6416000000000001,0.36,2.3,0.65
SITE_006_S0054,SITE_006,0.6516000000000001,0.3761,1.9,0.59
SITE_006_S0055,SITE_006,0.5936,0.3146,1.3,0.51
SITE_006_S0056,SITE_006,0.5936,0.3146,1.9,0.63
SITE_006_S0057,SITE_006,0.6264000000000001,0.3286,1.5,0.56
SITE_006_S0058,SITE_006,0.6196,0.2902,1.4,0.54
SITE_006_S0059,SITE_006,0.6611,0.277,1.5,0.73
SITE_006_S0060,SITE_006,0.6611,0.277,2.2,0.79
SITE_006_S0061,SITE_006,0.6276,0.2851,1,0.6
SITE_006_S0062,SITE_006,0.6432,0.3072,1.6,0.74
SITE_006_S0063,SITE_006,0.6809000000000001,0.2317,1.4,0.7000000000000001
SITE_006_S0064,SITE_006,0.6565000000000001,0.2608,2.1,0.78
SITE_006_S0065,SITE_006,0.6565000000000001,0.2608,0.9,0.56
SITE_006_S0066,SITE_006,0.6484,0.2763,1.9,0.76
SITE_006_S0067,SITE_006,0.4945,0.1943,1.3,0.6900000000000001
SITE_006_S0068,SITE_006,0.5146000000000001,0.2384,0.6000000000000001,0.36
SITE_006_S0069,SITE_006,0.5146000000000001,0.2384,0.6000000000000001,0.38
SITE_006_S0070,SITE_006,0.5118,0.2477,0.3,0.16
SITE_006_S0071,SITE_006,0.5051,0.2335,0.8,0.35
SITE_006_S0072,SITE_006,0.5537000000000001,0.2488,1.5,0.48
SITE_006_S0073,SITE_006,0.5537000000000001,0.2488,1.4,0.44
SITE_006_S0074,SITE_006,0.6501,0.3338,2.5,0.68
SITE_006_S0075,SITE_006,0.7087,0.3527,2.2,0.64
SITE_006_S0076,SITE_006,0.7271000000000001,0.3762,2.1,0.62
SITE_006_S0077,SITE_006,0.7271000000000001,0.3762,2.4,0.67
SITE_006_S0078,SITE_006,0.7139,0.3923,2.6,0.71
SITE_006_S0079,SITE_006,0.6225,0.3412,2.4,0.67
SITE_006_S0080,SITE_006,0.6627000000000001,0.3874,2.2,0.65
SITE_006_S0081,SITE_006,0.6627000000000001,0.3874,2.3,0.65
SITE_006_S0082,SITE_006,0.6316,0.3363,2.1,0.63
SITE_006_S0083,SITE_006,0.5914,0.3275,2,0.61
SITE_006_S0084,SITE_006,0.5762,0.287,1.6,0.56
SITE_006_S0085,SITE_006,0.5585,0.2688,1.3,0.48
SITE_006_S0086,SITE_006,0.7196,0.3205,2.4,0.73
SITE_006_S0087,SITE_006,0.7196,0.3205,1.5,0.72
SITE_006_S0088,SITE_006,0.6276,0.2795,1.8,0.76
SITE_006_S0089,SITE_006,0.6385000000000001,0.2487,1.4,0.72
SITE_006_S0090,SITE_006,0.6911,0.2442,1.3,0.68
SITE_006_S0091,SITE_006,0.6911,0.2442,1.1,0.61
SITE_006_S0092,SITE_006,0.645,0.2049,1.2,0.65
SITE_006_S0093,SITE_006,0.4855,0.1867,0.5,0.36
SITE_006_S0094,SITE_006,0.6155,0.2373,1.1,0.62
SITE_006_S0095,SITE_006,0.5697,0.1979,1,0.58
SITE_006_S0096,SITE_006,0.5697,0.1979,0.6000000000000001,0.35
SITE_006_S0097,SITE_006,0.4946,0.184,1,0.41
SITE_006_S0098,SITE_006,0.4279,0.1893,0.7000000000000001,0.33
SITE_006_S0099,SITE_006,0.5508000000000001,0.2509,0.8,0.35
SITE_006_S0100,SITE_006,0.5508000000000001,0.2509,0.9,0.41
SITE_006_S0101,SITE_006,0.5457000000000001,0.2687,1.6,0.5
SITE_006_S0102,SITE_006,0.6229,0.3497,1.6,0.52
SITE_006_S0103,SITE_006,0.6704,0.4007,2.6,0.7000000000000001
SITE_006_S0104,SITE_006,0.6629,0.3703,2.2,0.63
SITE_006_S0105,SITE_006,0.6473,0.3913,2.2,0.64
SITE_006_S0106,SITE_006,0.6473,0.3913,2,0.62
SITE_006_S0107,SITE_006,0.6473,0.3795,1.8,0.53
SITE_006_S0108,SITE_006,0.6034,0.3507,1.8,0.56
SITE_006_S0109,SITE_006,0.5981000000000001,0.311,1.2,0.5
SITE_006_S0110,SITE_006,0.5981000000000001,0.311,1.4,0.53
SITE_006_S0111,SITE_006,0.5953,0.2684,0.8,0.47
SITE_006_S0112,SITE_006,0.6224000000000001,0.298,1,0.6
SITE_006_S0113,SITE_006,0.6455000000000001,0.2747,1.1,0.62
SITE_006_S0114,SITE_006,0.6455000000000001,0.2747,1.1,0.62
SITE_006_S0115,SITE_006,0.6455000000000001,0.2747,1.6,0.74
SITE_006_S0116,SITE_006,0.6852,0.2678,0.9,0.58
SITE_006_S0117,SITE_006,0.6852,0.2678,0.6000000000000001,0.42
SITE_006_S0118,SITE_006,0.6852,0.2678,0.6000000000000001,0.42
SITE_006_S0119,SITE_006,0.6919000000000001,0.2904,1.5,0.74
SITE_006_S0120,SITE_006,0.6609,0.2477,1.8,0.75
SITE_006_S0121,SITE_006,0.6609,0.2477,1.1,0.63
SITE_006_S0122,SITE_006,0.6516000000000001,0.2626,1.3,0.6900000000000001
SITE_006_S0123,SITE_006,0.5526,0.2058,0.9,0.5700000000000001
SITE_006_S0124,SITE_006,0.5804,0.257,0.9,0.51
SITE_006_S0125,SITE_006,0.5804,0.257,1.1,0.44
SITE_006_S0126,SITE_006,0.5750000000000001,0.2573,1,0.4
SITE_006_S0127,SITE_006,0.5591,0.2815,1.1,0.47
SITE_006_S0128,SITE_006,0.6119,0.3242,1.4,0.45
SITE_006_S0129,SITE_006,0.6119,0.3242,1.6,0.49
SITE_006_S0130,SITE_006,0.6118,0.3206,2,0.58
SITE_006_S0131,SITE_006,0.637,0.3998,2.2,0.64
SITE_006_S0132,SITE_006,0.6924,0.3405,2.2,0.64
SITE_006_S0133,SITE_006,0.6621,0.4141,2.4,0.65
SITE_006_S0134,SITE_006,0.6605000000000001,0.3438,2.5,0.68
SITE_006_S0135,SITE_006,0.6004,0.3346,2.1,0.62
SITE_006_S0136,SITE_006,0.6004,0.3346,2.2,0.63
SITE_006_S0137,SITE_006,0.5838,0.3263,2.1,0.62
SITE_006_S0138,SITE_006,0.5482,0.2859,2,0.6
SITE_006_S0139,SITE_006,0.5185000000000001,0.2682,1.4,0.55
SITE_006_S0140,SITE_006,0.5185000000000001,0.2682,1.6,0.5700000000000001
SITE_006_S0141,SITE_006,0.6012000000000001,0.3166,1.3,0.51
SITE_006_S0142,SITE_006,0.556,0.2661,1,0.54
SITE_006_S0143,SITE_006,0.7405,0.3068,1.9,0.76
SITE_006_S0144,SITE_006,0.6856,0.2144,2,0.77
SITE_006_S0145,SITE_006,0.6596000000000001,0.2717,5.600000000000001,0.94
SITE_006_S0146,SITE_006,0.6596000000000001,0.2717,1.5,0.73
SITE_006_S0147,SITE_006,0.6826,0.2656,1.9,0.77
SITE_006_S0148,SITE_006,0.6826,0.2656,0.1,0.04
SITE_006_S0149,SITE_006,0.6894,0.2341,1.4,0.73
SITE_006_S0150,SITE_006,0.5439,0.2022,1.8,0.76
SITE_006_S0151,SITE_006,0.5439,0.2022,0.5,0.31
SITE_006_S0152,SITE_006,0.4589,0.1906,0.2,0.09
SITE_006_S0153,SITE_006,0.3087,0.1798,0.1,0.06
SITE_006_S0154,SITE_006,0.4747,0.2342,0.7000000000000001,0.34
SITE_006_S0155,SITE_006,0.4747,0.2342,1.1,0.44
SITE_006_S0156,SITE_006,0.5149,0.2622,1.1,0.38
SITE_006_S0157,SITE_006,0.4641,0.236,1.1,0.4
SITE_006_S0158,SITE_006,0.6604,0.3891,1.9,0.58
SITE_006_S0159,SITE_006,0.6604,0.3891,2.2,0.65
SITE_006_S0160,SITE_006,0.7006,0.4812,1.8,0.45
SITE_006_S0161,SITE_006,0.6920000000000001,0.4207,2.1,0.63
SITE_006_S0162,SITE_006,0.6546000000000001,0.379,2.1,0.64
SITE_006_S0163,SITE_006,0.6546000000000001,0.379,2.4,0.67
SITE_006_S0164,SITE_006,0.5981000000000001,0.3441,1.5,0.49
SITE_006_S0165,SITE_006,0.6394000000000001,0.4234,1.9,0.67
SITE_006_S0166,SITE_006,0.6394000000000001,0.4234,1.8,0.66
SITE_006_S0167,SITE_006,0.5947,0.3255,1.9,0.66
SITE_006_S0168,SITE_006,0.6101,0.3391,1.8,0.65
SITE_006_S0169,SITE_006,0.6622,0.3202,1.4,0.54
SITE_006_S0170,SITE_006,0.6622,0.3202,1.6,0.6
SITE_006_S0171,SITE_006,0.638,0.2553,1.3,0.71
SITE_006_S0172,SITE_006,0.638,0.2553,1.3,0.6900000000000001
SITE_006_S0173,SITE_006,0.7291000000000001,0.2148,0.9,0.55
SITE_006_S0174,SITE_006,0.7140000000000001,0.268,0.7000000000000001,0.46
SITE_006_S0175,SITE_006,0.6659,0.257,0.3,0.3
SITE_006_S0176,SITE_006,0.6659,0.257,1.3,0.67
SITE_006_S0177,SITE_006,0.5664,0.2032,0.5,0.33
SITE_006_S0178,SITE_006,0.6052000000000001,0.2072,0.6000000000000001,0.4
SITE_006_S0179,SITE_006,0.5143,0.2332,0.6000000000000001,0.37
SITE_006_S0180,SITE_006,0.5143,0.2332,0.9,0.41
SITE_006_S0181,SITE_006,0.5916,0.2703,1.1,0.45
SITE_006_S0182,SITE_006,0.5968,0.2901,1.3,0.52
SITE_006_S0183,SITE_006,0.6868000000000001,0.3323,1.9,0.58
SITE_006_S0184,SITE_006,0.6868000000000001,0.3323,2.2,0.64
SITE_006_S0185,SITE_006,0.7260000000000001,0.4303,2.6,0.6900000000000001
SITE_006_S0186,SITE_006,0.7042,0.4057,2,0.61
SITE_006_S0187,SITE_006,0.6728000000000001,0.3909,2.1,0.61
SITE_006_S0188,SITE_006,0.6728000000000001,0.3909,2.1,0.61
SITE_006_S0189,SITE_006,0.6427,0.3823,2.3,0.65
SITE_006_S0190,SITE_006,0.5899,0.3646,2.2,0.61
SITE_006_S0191,SITE_006,0.6275000000000001,0.3594,2.2,0.63
SITE_006_S0192,SITE_006,0.6275000000000001,0.3594,1.6,0.51
SITE_006_S0193,SITE_006,0.6178,0.3177,2.2,0.71
SITE_006_S0194,SITE_006,0.6031000000000001,0.32,1.4,0.55
SITE_006_S0195,SITE_006,0.6031000000000001,0.32,1.7,0.61
SITE_006_S0196,SITE_006,0.619,0.3019,1.2,0.59
SITE_006_S0197,SITE_006,0.5746,0.2409,1.2,0.61
SITE_006_S0198,SITE_006,0.5207,0.2159,1.4,0.73
SITE_006_S0199,SITE_006,0.5207,0.2159,0.7000000000000001,0.43
SITE_006_S0200,SITE_006,0.6374000000000001,0.2831,1.3,0.68
SITE_006_S0201,SITE_006,0.6257,0.2918,1.4,0.7000000000000001
SITE_006_S0202,SITE_006,0.6237,0.2755,0.9,0.56
SITE_006_S0203,SITE_006,0.7233,0.2174,1.4,0.73
SITE_006_S0204,SITE_006,0.6357,0.2553,1.4,0.71
SITE_006_S0205,SITE_006,0.5275000000000001,0.2612,1.2,0.66
SITE_006_S0206,SITE_006,0.5275000000000001,0.2612,0.5,0.31
SITE_006_S0207,SITE_006,0.494,0.1954,0.7000000000000001,0.4
SITE_006_S0208,SITE_006,0.5244,0.2104,0.7000000000000001,0.4
SITE_006_S0209,SITE_006,0.5548000000000001,0.2739,1,0.43
SITE_006_S0210,SITE_006,0.5548000000000001,0.2739,1.1,0.44
SITE_006_S0211,SITE_006,0.6237,0.2946,1.5,0.6
SITE_006_S0212,SITE_006,0.6988000000000001,0.3889,2,0.66
SITE_006_S0213,SITE_006,0.7264,0.4117,3,0.74
SITE_006_S0214,SITE_006,0.7264,0.4117,2.3,0.63
SITE_006_S0215,SITE_006,0.7331000000000001,0.411,2.1,0.5700000000000001
SITE_006_S0216,SITE_006,0.6492,0.4411,2,0.55
SITE_006_S0217,SITE_006,0.6492,0.4411,2.2,0.64
SITE_006_S0218,SITE_006,0.6014,0.344,2.5,0.67
SITE_006_S0219,SITE_006,0.6227,0.3514,1.4,0.54
SITE_006_S0220,SITE_006,0.6168,0.3404,1.9,0.65
SITE_006_S0221,SITE_006,0.6168,0.3404,1.7,0.6
SITE_006_S0222,SITE_006,0.5953,0.2823,1.2,0.48
SITE_006_S0223,SITE_006,0.7070000000000001,0.3058,1.2,0.65
SITE_006_S0224,SITE_006,0.7306,0.2559,0.6000000000000001,0.42
SITE_006_S0225,SITE_006,0.7338,0.2505,3.1,0.81
SITE_007_S0001,SITE_007,0.441,0.277,1.3,0.45
SITE_007_S0002,SITE_007,0.441,0.277,1.1,0.42
SITE_007_S0003,SITE_007,0.4158,0.269,1.2,0.43
SITE_007_S0004,SITE_007,0.4158,0.269,1.1,0.42
SITE_007_S0005,SITE_007,0.4158,0.269,1.1,0.42
SITE_007_S0006,SITE_007,0.4197,0.265,1.4,0.44
SITE_007_S0007,SITE_007,0.4197,0.265,1.1,0.42
SITE_007_S0008,SITE_007,0.3968,0.2661,1.2,0.4
SITE_007_S0009,SITE_007,0.3968,0.2661,1.2,0.4
SITE_007_S0010,SITE_007,0.3968,0.2661,1,0.38
SITE_007_S0011,SITE_007,0.3797,0.2657,1.1,0.42
SITE_007_S0012,SITE_007,0.3797,0.2657,0.8,0.34
SITE_007_S0013,SITE_007,0.3797,0.2657,0.8,0.34
SITE_007_S0014,SITE_007,0.3569,0.2313,1,0.38
SITE_007_S0015,SITE_007,0.3569,0.2313,1,0.36
SITE_007_S0016,SITE_007,0.361,0.2662,1,0.38
SITE_007_S0017,SITE_007,0.361,0.2662,1,0.38
SITE_007_S0018,SITE_007,0.361,0.2662,1.1,0.4
SITE_007_S0019,SITE_007,0.415,0.2553,1.1,0.41
SITE_007_S0020,SITE_007,0.415,0.2553,0.9,0.39
SITE_007_S0021,SITE_007,0.415,0.2553,0.9,0.39
SITE_007_S0022,SITE_007,0.4167,0.2525,0.9,0.4
SITE_007_S0023,SITE_007,0.4167,0.2525,1,0.46
SITE_007_S0024,SITE_007,0.4164,0.2536,1.1,0.46
SITE_007_S0025,SITE_007,0.4164,0.2536,1.1,0.46
SITE_007_S0026,SITE_007,0.4164,0.2536,0.9,0.42
SITE_007_S0027,SITE_007,0.5036,0.294,0.8,0.39
SITE_007_S0028,SITE_007,0.5036,0.294,0.9,0.51
SITE_007_S0029,SITE_007,0.5036,0.294,0.9,0.51
SITE_007_S0030,SITE_007,0.6156,0.4045,0.9,0.53
SITE_007_S0031,SITE_007,0.6551,0.3899,1.4,0.68
SITE_007_S0032,SITE_007,0.6551,0.3899,1.4,0.68
SITE_007_S0033,SITE_007,0.6551,0.3899,1.4,0.66
SITE_007_S0034,SITE_007,0.68,0.4004,1.5,0.68
SITE_007_S0035,SITE_007,0.68,0.4004,1.2,0.6
SITE_007_S0036,SITE_007,0.68,0.4004,1.2,0.6
SITE_007_S0037,SITE_007,0.6753,0.3624,1.4,0.64
SITE_007_S0038,SITE_007,0.6801,0.39,1.5,0.6900000000000001
SITE_007_S0039,SITE_007,0.6709,0.4287,1.5,0.6900000000000001
SITE_007_S0040,SITE_007,0.6453,0.4104,1.6,0.72
SITE_007_S0041,SITE_007,0.6453,0.4104,1.4,0.68
SITE_007_S0042,SITE_007,0.6462,0.4134,2,0.68
SITE_007_S0043,SITE_007,0.6172000000000001,0.3946,1.8,0.64
SITE_007_S0044,SITE_007,0.6345000000000001,0.3777,1.7,0.6
SITE_007_S0045,SITE_007,0.6345000000000001,0.3777,1.9,0.66
SITE_007_S0046,SITE_007,0.5543,0.3199,1.6,0.51
SITE_007_S0047,SITE_007,0.5498000000000001,0.3269,1.6,0.54
SITE_007_S0048,SITE_007,0.4694,0.2989,1.6,0.51
SITE_007_S0049,SITE_007,0.4694,0.2989,1.2,0.44
SITE_007_S0050,SITE_007,0.4397,0.2226,0.9,0.34
SITE_007_S0051,SITE_007,0.4003,0.2442,1,0.37
SITE_007_S0052,SITE_007,0.411,0.2514,1,0.38
SITE_007_S0053,SITE_007,0.411,0.2514,1.2,0.41
SITE_007_S0054,SITE_007,0.3831,0.2437,1.1,0.4
SITE_007_S0055,SITE_007,0.4108,0.2522,0.9,0.33
SITE_007_S0056,SITE_007,0.3839,0.2417,1.1,0.39
SITE_007_S0057,SITE_007,0.3839,0.2417,0.7000000000000001,0.35
SITE_007_S0058,SITE_007,0.3859,0.2395,0.6000000000000001,0.31
SITE_007_S0059,SITE_007,0.4273,0.2338,0.9,0.4
SITE_007_S0060,SITE_007,0.4285,0.2489,1,0.44
SITE_007_S0061,SITE_007,0.4285,0.2489,0.7000000000000001,0.33
SITE_007_S0062,SITE_007,0.4167,0.2392,0.7000000000000001,0.44
SITE_007_S0063,SITE_007,0.4759,0.2503,0.6000000000000001,0.37
SITE_007_S0064,SITE_007,0.4943,0.2672,0.9,0.48
SITE_007_S0065,SITE_007,0.4943,0.2672,0.8,0.46
SITE_007_S0066,SITE_007,0.5433,0.2856,0.9,0.51
SITE_007_S0067,SITE_007,0.5710000000000001,0.289,0.9,0.49
SITE_007_S0068,SITE_007,0.6008,0.3263,1.2,0.61
SITE_007_S0069,SITE_007,0.6008,0.3263,1,0.54
SITE_007_S0070,SITE_007,0.6036,0.3447,1.2,0.61
SITE_007_S0071,SITE_007,0.6019,0.3293,1,0.56
SITE_007_S0072,SITE_007,0.6205,0.3729,0.6000000000000001,0.25
SITE_007_S0073,SITE_007,0.6205,0.3729,1.7,0.61
SITE_007_S0074,SITE_007,0.6695,0.3995,1.9,0.66
SITE_007_S0075,SITE_007,0.6777000000000001,0.4402,2.2,0.72
SITE_007_S0076,SITE_007,0.654,0.3981,2.1,0.61
SITE_007_S0077,SITE_007,0.654,0.3981,1.7,0.5700000000000001
SITE_007_S0078,SITE_007,0.5625,0.3503,1.5,0.52
SITE_007_S0079,SITE_007,0.4853,0.2996,1.5,0.49
SITE_007_S0080,SITE_007,0.4643,0.2711,1.2,0.43
SITE_007_S0081,SITE_007,0.4434,0.2739,1.1,0.42
SITE_007_S0082,SITE_007,0.4166,0.2629,1,0.38
SITE_007_S0083,SITE_007,0.4344,0.2645,1.1,0.39
SITE_007_S0084,SITE_007,0.4238,0.2552,1.3,0.45
SITE_007_S0085,SITE_007,0.4546,0.2804,1.2,0.49
SITE_007_S0086,SITE_007,0.4235,0.265,0.8,0.4
SITE_007_S0087,SITE_007,0.4235,0.265,1.1,0.46
SITE_007_S0088,SITE_007,0.4504,0.2554,0.9,0.41
SITE_007_S0089,SITE_007,0.4991,0.2585,0.9,0.52
SITE_007_S0090,SITE_007,0.4859,0.2653,1,0.54
SITE_007_S0091,SITE_007,0.4859,0.2653,0.6000000000000001,0.39
SITE_007_S0092,SITE_007,0.4974,0.247,0.7000000000000001,0.43
SITE_007_S0093,SITE_007,0.3986,0.2657,1,0.38
SITE_007_S0094,SITE_007,0.403,0.2751,0.9,0.33
SITE_007_S0095,SITE_007,0.403,0.2751,0.9,0.33
SITE_007_S0096,SITE_007,0.403,0.2751,1.1,0.4
SITE_007_S0097,SITE_007,0.4091,0.2532,1,0.38
SITE_007_S0098,SITE_007,0.4091,0.2532,0.7000000000000001,0.36
SITE_007_S0099,SITE_007,0.4091,0.2532,0.7000000000000001,0.36
SITE_007_S0100,SITE_007,0.3998,0.2533,0.9,0.41
SITE_007_S0101,SITE_007,0.3998,0.2533,0.8,0.39
SITE_007_S0102,SITE_007,0.4026,0.2538,0.9,0.42
SITE_007_S0103,SITE_007,0.4026,0.2538,0.9,0.42
SITE_007_S0104,SITE_007,0.4026,0.2538,0.8,0.35
SITE_007_S0105,SITE_007,0.4325,0.2961,0.8,0.39
SITE_007_S0106,SITE_007,0.4325,0.2961,0.8,0.37
SITE_007_S0107,SITE_007,0.4325,0.2961,0.8,0.37
SITE_007_S0108,SITE_007,0.4387,0.2594,0.9,0.51
SITE_007_S0109,SITE_007,0.4387,0.2594,0.9,0.51
SITE_007_S0110,SITE_007,0.5403,0.2701,0.9,0.48
SITE_007_S0111,SITE_007,0.5403,0.2701,0.9,0.48
SITE_007_S0112,SITE_007,0.5403,0.2701,0.7000000000000001,0.45
SITE_007_S0113,SITE_007,0.614,0.2914,1.1,0.59
SITE_007_S0114,SITE_007,0.614,0.2914,1.1,0.59
SITE_007_S0115,SITE_007,0.6397,0.3452,1.3,0.63
SITE_007_S0116,SITE_007,0.6397,0.3452,0.2,0.17
SITE_007_S0117,SITE_007,0.2054,0.1662,0.2,0.11
SITE_007_S0118,SITE_007,0.2054,0.1662,0.2,0.11
SITE_007_S0119,SITE_007,0.2054,0.1662,0,0.03
SITE_007_S0120,SITE_007,0.6335000000000001,0.3161,0.3,0.23
SITE_007_S0121,SITE_007,0.6335000000000001,0.3161,0.2,0.17
SITE_008_S0001,SITE_008,0.5138,0.2498,1,0.46
SITE_008_S0002,SITE_008,0.6343,0.3366,1.3,0.48
SITE_008_S0003,SITE_008,0.7836000000000001,0.5345,1.2,0.46
SITE_008_S0004,SITE_008,0.8262,0.6507000000000001,4.7,0.86
SITE_008_S0005,SITE_008,0.8262,0.6507000000000001,4.4,0.84
SITE_008_S0006,SITE_008,0.8268000000000001,0.655,4.7,0.86
SITE_008_S0007,SITE_008,0.8399000000000001,0.603,1.7,0.55
SITE_008_S0008,SITE_008,0.8228000000000001,0.5722,4.5,0.85
SITE_008_S0009,SITE_008,0.8228000000000001,0.5722,4.5,0.85
SITE_008_S0010,SITE_008,0.6626000000000001,0.2935,1.5,0.55
SITE_008_S0011,SITE_008,0.7466,0.5342,3.2,0.77
SITE_008_S0012,SITE_008,0.7935,0.5868,3.1,0.77
SITE_008_S0013,SITE_008,0.8406,0.5522,3.6,0.8300000000000001
SITE_008_S0014,SITE_008,0.8061,0.6193000000000001,4.600000000000001,0.86
SITE_008_S0015,SITE_008,0.8104,0.6217,2.7,0.73
SITE_008_S0016,SITE_008,0.8384,0.5922000000000001,4.5,0.85
SITE_008_S0017,SITE_008,0.8384,0.5922000000000001,1.8,0.6
SITE_008_S0018,SITE_008,0.8029000000000001,0.556,6.800000000000001,0.94
SITE_008_S0019,SITE_008,0.7604000000000001,0.5021,1.6,0.5700000000000001
SITE_008_S0020,SITE_008,0.7698,0.4258,1.9,0.63
SITE_008_S0021,SITE_008,0.7698,0.4258,4.3,0.87
SITE_008_S0022,SITE_008,0.7818,0.4465,5.4,0.92
SITE_008_S0023,SITE_008,0.7818,0.4465,4.100000000000001,0.88
SITE_008_S0024,SITE_008,0.7199,0.4742,4.3,0.9
SITE_008_S0025,SITE_008,0.7199,0.4742,1.4,0.68
SITE_008_S0026,SITE_008,0.6701,0.3666,1.6,0.71
SITE_008_S0027,SITE_008,0.6701,0.3666,1.2,0.64
SITE_008_S0028,SITE_008,0.6701,0.3666,1.2,0.64
SITE_008_S0029,SITE_008,0.6015,0.2469,0.7000000000000001,0.46
SITE_008_S0030,SITE_008,0.6015,0.2469,0.5,0.36
SITE_008_S0031,SITE_008,0.7157,0.0341,0.3,0.26
SITE_008_S0032,SITE_008,0.7157,0.0341,0.3,0.26
SITE_008_S0033,SITE_008,0.7157,0.0341,0.4,0.25
SITE_008_S0034,SITE_008,0.5039,0.0435,0.1,0.08
SITE_008_S0035,SITE_008,0.5428000000000001,0.2493,0.7000000000000001,0.46
SITE_008_S0036,SITE_008,0.5327000000000001,0.274,0.7000000000000001,0.47
SITE_008_S0037,SITE_008,0.5327000000000001,0.274,0.2,0.17
SITE_008_S0038,SITE_008,0.1444,0.0445,0.1,0.08
SITE_008_S0039,SITE_008,0.1444,0.0445,0.4,0.26
SITE_008_S0040,SITE_008,0.5322,0.1794,0.7000000000000001,0.46
SITE_008_S0041,SITE_008,0.5322,0.1794,0.7000000000000001,0.46
SITE_008_S0042,SITE_008,0.5322,0.1794,0.8,0.34
SITE_008_S0043,SITE_008,0.5239,0.2472,0.9,0.42
SITE_008_S0044,SITE_008,0.5322,0.2605,1.1,0.49
SITE_008_S0045,SITE_008,0.5322,0.2605,0.7000000000000001,0.34
SITE_008_S0046,SITE_008,0.6657000000000001,0.3652,1.3,0.56
SITE_008_S0047,SITE_008,0.6657000000000001,0.3652,1.3,0.56
SITE_008_S0048,SITE_008,0.6657000000000001,0.3652,1.9,0.64
SITE_008_S0049,SITE_008,0.7061000000000001,0.4412,2,0.65
SITE_008_S0050,SITE_008,0.7061000000000001,0.4412,1.2,0.49
SITE_008_S0051,SITE_008,0.8297,0.6416000000000001,4.3,0.8300000000000001
SITE_008_S0052,SITE_008,0.8299000000000001,0.6219,4.600000000000001,0.86
SITE_008_S0053,SITE_008,0.8299000000000001,0.6219,4.600000000000001,0.86
SITE_008_S0054,SITE_008,0.8088000000000001,0.5775,5,0.88
SITE_008_S0055,SITE_008,0.8088000000000001,0.5775,4.800000000000001,0.87
SITE_008_S0056,SITE_008,0.8088000000000001,0.5775,4.800000000000001,0.87
SITE_008_S0057,SITE_008,0.8290000000000001,0.5373,4.600000000000001,0.88
SITE_008_S0058,SITE_008,0.8290000000000001,0.5373,4.800000000000001,0.87
SITE_008_S0059,SITE_008,0.8142,0.6102000000000001,4.5,0.85
SITE_008_S0060,SITE_008,0.8142,0.6102000000000001,4.5,0.85
SITE_008_S0061,SITE_008,0.8142,0.6102000000000001,4.9,0.88
SITE_008_S0062,SITE_008,0.7777000000000001,0.5231,3.4,0.8
SITE_008_S0063,SITE_008,0.7777000000000001,0.5231,2.8,0.75
SITE_008_S0064,SITE_008,0.7777000000000001,0.5231,2.8,0.75
SITE_008_S0065,SITE_008,0.748,0.438,4.800000000000001,0.9
SITE_008_S0066,SITE_008,0.748,0.438,3.2,0.77
SITE_008_S0067,SITE_008,0.6896,0.398,0.4,0.21
SITE_008_S0068,SITE_008,0.6896,0.398,0.4,0.21
SITE_008_S0069,SITE_008,0.6896,0.398,1.7,0.64
SITE_008_S0070,SITE_008,0.6667000000000001,0.4122,2.8,0.78
SITE_008_S0071,SITE_008,0.6667000000000001,0.4122,1.9,0.67
SITE_008_S0072,SITE_008,0.6667000000000001,0.4122,1.9,0.67
SITE_008_S0073,SITE_008,0.6482,0.3634,1.6,0.64
SITE_008_S0074,SITE_008,0.6482,0.3634,1.5,0.7000000000000001
SITE_008_S0075,SITE_008,0.6468,0.3278,1.3,0.66
SITE_008_S0076,SITE_008,0.6468,0.3278,1.3,0.66
SITE_008_S0077,SITE_008,0.6468,0.3278,1.1,0.6
SITE_008_S0078,SITE_008,0.5453,0.2792,0.9,0.53
SITE_008_S0079,SITE_008,0.5453,0.2792,0.9,0.52
SITE_008_S0080,SITE_008,0.5092,0.2501,0.7000000000000001,0.47
SITE_008_S0081,SITE_008,0.5092,0.2501,0.7000000000000001,0.46
SITE_008_S0082,SITE_008,0.5894,0.0725,0.5,0.34
SITE_008_S0083,SITE_008,0.5894,0.0725,0.5,0.34
SITE_008_S0084,SITE_008,0.5894,0.0725,0.2,0.17
SITE_008_S0085,SITE_008,0.7743,0.0329,0.4,0.25
SITE_008_S0086,SITE_008,0.7743,0.0329,0.3,0.2
SITE_008_S0087,SITE_008,0.5311,0.2151,0.3,0.2
SITE_008_S0088,SITE_008,0.5311,0.2151,0.3,0.2
SITE_008_S0089,SITE_008,0.5311,0.2151,0.3,0.25
SITE_008_S0090,SITE_008,0.4952,0.1746,0.4,0.31
SITE_008_S0091,SITE_008,0.4952,0.1746,0.7000000000000001,0.44
SITE_008_S0092,SITE_008,0.4952,0.1746,0.7000000000000001,0.44
SITE_008_S0093,SITE_008,0.4026,0.209,0.1,0.09
SITE_008_S0094,SITE_008,0.4026,0.209,0.5,0.33
SITE_008_S0095,SITE_008,0.5038,0.1651,0.4,0.31
SITE_008_S0096,SITE_008,0.5038,0.1651,0.4,0.31
SITE_008_S0097,SITE_008,0.5038,0.1651,0.5,0.36
SITE_008_S0098,SITE_008,0.4468,0.1946,0.4,0.19
SITE_008_S0099,SITE_008,0.4468,0.1946,0.7000000000000001,0.35
SITE_008_S0100,SITE_008,0.4468,0.1946,0.7000000000000001,0.35
SITE_008_S0101,SITE_008,0.4765,0.205,0.9,0.42
SITE_008_S0102,SITE_008,0.4765,0.205,0.9,0.42
SITE_008_S0103,SITE_008,0.5752,0.2871,0.1,0.03
SITE_008_S0104,SITE_008,0.5752,0.2871,0.1,0.03
SITE_008_S0105,SITE_008,0.5752,0.2871,1.2,0.47
SITE_008_S0106,SITE_008,0.6121,0.3193,2.6,0.72
SITE_008_S0107,SITE_008,0.8429000000000001,0.4669,0.7000000000000001,0.3
SITE_008_S0108,SITE_008,0.7866000000000001,0.5636,4.100000000000001,0.8200000000000001
SITE_008_S0109,SITE_008,0.7866000000000001,0.5636,4.100000000000001,0.8200000000000001
SITE_008_S0110,SITE_008,0.7866000000000001,0.5636,5.5,0.91
SITE_008_S0111,SITE_008,0.7668,0.5235000000000001,5.5,0.91
SITE_008_S0112,SITE_008,0.7668,0.5235000000000001,5.5,0.91
SITE_008_S0113,SITE_008,0.7961,0.5367000000000001,4.3,0.8300000000000001
SITE_008_S0114,SITE_008,0.7961,0.5367000000000001,5.100000000000001,0.89
SITE_008_S0115,SITE_008,0.7847000000000001,0.5142,4.5,0.85
SITE_008_S0116,SITE_008,0.7847000000000001,0.5142,4.5,0.85
SITE_008_S0117,SITE_008,0.7847000000000001,0.5142,1.8,0.6
SITE_008_S0118,SITE_008,0.8165,0.5874,4.600000000000001,0.86
SITE_008_S0119,SITE_008,0.8165,0.5874,4.600000000000001,0.86
SITE_008_S0120,SITE_008,0.7933,0.4559,4.5,0.88
SITE_008_S0121,SITE_008,0.7933,0.4559,4.600000000000001,0.89
SITE_008_S0122,SITE_008,0.7726000000000001,0.4284,1.9,0.68
SITE_008_S0123,SITE_008,0.7726000000000001,0.4284,1.9,0.68
SITE_008_S0124,SITE_008,0.7726000000000001,0.4284,4.7,0.9
SITE_008_S0125,SITE_008,0.7439,0.4566,2.1,0.72
SITE_008_S0126,SITE_008,0.7439,0.4566,2.1,0.72
SITE_008_S0127,SITE_008,0.7439,0.4566,2.1,0.72
SITE_008_S0128,SITE_008,0.7264,0.3633,2.6,0.77
SITE_008_S0129,SITE_008,0.7164,0.3338,1.4,0.7000000000000001
SITE_008_S0130,SITE_008,0.7164,0.3338,1.9,0.76
SITE_008_S0131,SITE_008,0.6979000000000001,0.3364,1.1,0.61
SITE_008_S0132,SITE_008,0.6979000000000001,0.3364,0.7000000000000001,0.44
SITE_008_S0133,SITE_008,0.6979000000000001,0.3364,0.7000000000000001,0.44
SITE_008_S0134,SITE_008,0.5788,0.2686,0.9,0.52
SITE_008_S0135,SITE_008,0.5788,0.2686,0.4,0.26
SITE_008_S0136,SITE_008,0.7294,0.0539,0.2,0.16
SITE_008_S0137,SITE_008,0.7294,0.0539,0.3,0.25
SITE_008_S0138,SITE_008,0.7826000000000001,0.042,0,0
SITE_008_S0139,SITE_008,0.7826000000000001,0.042,0.1,0.08
SITE_008_S0140,SITE_008,0.5596,0.2183,0.3,0.27
SITE_008_S0141,SITE_008,0.5596,0.2183,0.3,0.25
SITE_008_S0142,SITE_008,0.5596,0.2183,0.3,0.25
SITE_008_S0143,SITE_008,0.534,0.2132,0.7000000000000001,0.46
SITE_008_S0144,SITE_008,0.534,0.2132,0.3,0.27
SITE_008_S0145,SITE_008,0.5064000000000001,0.2176,0.4,0.3
SITE_008_S0146,SITE_008,0.5064000000000001,0.2176,0.4,0.3
SITE_008_S0147,SITE_008,0.5064000000000001,0.2176,0.7000000000000001,0.44
SITE_008_S0148,SITE_008,0.5457000000000001,0.1847,0.7000000000000001,0.47
SITE_008_S0149,SITE_008,0.5457000000000001,0.1847,0.7000000000000001,0.46
SITE_008_S0150,SITE_008,0.5457000000000001,0.1847,0.7000000000000001,0.46
SITE_008_S0151,SITE_008,0.5342,0.2042,0.9,0.42
SITE_008_S0152,SITE_008,0.5414,0.2623,1,0.47
SITE_008_S0153,SITE_008,0.5414,0.2623,1,0.47
SITE_008_S0154,SITE_008,0.5414,0.2623,0.9,0.43
SITE_008_S0155,SITE_008,0.5943,0.2495,1.2,0.54
SITE_008_S0156,SITE_008,0.5943,0.2495,1.3,0.51
SITE_008_S0157,SITE_008,0.5943,0.2495,1.3,0.51
SITE_008_S0158,SITE_008,0.6931,0.413,2,0.66
SITE_008_S0159,SITE_008,0.6931,0.413,4.9,0.88
SITE_008_S0160,SITE_008,0.8129000000000001,0.5111,3.9,0.81
SITE_008_S0161,SITE_008,0.8129000000000001,0.5111,3.9,0.81
SITE_008_S0162,SITE_008,0.8129000000000001,0.5111,4.4,0.84
SITE_008_S0163,SITE_008,0.8520000000000001,0.6016,4.4,0.84
SITE_008_S0164,SITE_008,0.8520000000000001,0.6016,4.3,0.8300000000000001
SITE_008_S0165,SITE_008,0.8520000000000001,0.6016,4.3,0.8300000000000001
SITE_008_S0166,SITE_008,0.8122,0.5127,4.800000000000001,0.87
SITE_008_S0167,SITE_008,0.8081,0.5836,4.4,0.85
SITE_008_S0168,SITE_008,0.8081,0.5836,4.4,0.85
SITE_008_S0169,SITE_008,0.8081,0.5836,4.9,0.88
SITE_008_S0170,SITE_008,0.8084,0.5680000000000001,4.4,0.84
SITE_008_S0171,SITE_008,0.8084,0.5680000000000001,3,0.75
SITE_008_S0172,SITE_008,0.8084,0.5680000000000001,3,0.75
SITE_008_S0173,SITE_008,0.7471,0.5097,5.4,0.9
SITE_008_S0174,SITE_008,0.7471,0.5097,4.600000000000001,0.86
SITE_008_S0175,SITE_008,0.7499,0.495,1.9,0.6900000000000001
SITE_008_S0176,SITE_008,0.7499,0.495,1.9,0.6900000000000001
SITE_008_S0177,SITE_008,0.7499,0.495,4.7,0.86
SITE_008_S0178,SITE_008,0.7679,0.4577,2.4,0.76
SITE_008_S0179,SITE_008,0.6988000000000001,0.4323,1.8,0.67
SITE_008_S0180,SITE_008,0.6988000000000001,0.4323,2,0.7000000000000001
SITE_008_S0181,SITE_008,0.7221000000000001,0.4287,1.7,0.65
SITE_008_S0182,SITE_008,0.7221000000000001,0.4287,1.7,0.65
SITE_008_S0183,SITE_008,0.7221000000000001,0.4287,1.6,0.72
SITE_008_S0184,SITE_008,0.7038,0.3312,0.9,0.52
SITE_008_S0185,SITE_008,0.7038,0.3312,1.3,0.65
SITE_008_S0186,SITE_008,0.7038,0.3312,1.3,0.65
SITE_008_S0187,SITE_008,0.1301,0.0685,0.2,0.18
SITE_008_S0188,SITE_008,0.1301,0.0685,0.7000000000000001,0.45
SITE_008_S0189,SITE_008,0.5318,0.249,0.7000000000000001,0.47
SITE_008_S0190,SITE_008,0.5318,0.249,0.7000000000000001,0.47
SITE_008_S0191,SITE_008,0.5318,0.249,0.7000000000000001,0.47
SITE_008_S0192,SITE_008,0.4908,0.0735,0.3,0.21
SITE_008_S0193,SITE_008,0.4908,0.0735,0.2,0.19
SITE_008_S0194,SITE_008,0.4908,0.0735,0.2,0.19
SITE_008_S0195,SITE_008,0.622,0.0492,0.4,0.26
SITE_008_S0196,SITE_008,0.622,0.0492,0.1,0.08
SITE_008_S0197,SITE_008,0.5397000000000001,0.2124,0.1,0.08
SITE_008_S0198,SITE_008,0.5397000000000001,0.2124,0.7000000000000001,0.44
SITE_008_S0199,SITE_008,0.5397000000000001,0.2124,0.7000000000000001,0.44
SITE_008_S0200,SITE_008,0.5355,0.2133,0.4,0.27
SITE_008_S0201,SITE_008,0.5355,0.2133,0.7000000000000001,0.44
SITE_008_S0202,SITE_008,0.5361,0.2041,0.3,0.26
SITE_008_S0203,SITE_008,0.5361,0.2041,0.3,0.26
SITE_008_S0204,SITE_008,0.5361,0.2041,0.5,0.34
SITE_008_S0205,SITE_008,0.5153,0.2016,0.7000000000000001,0.47
SITE_008_S0206,SITE_008,0.5153,0.2016,0.5,0.34
SITE_008_S0207,SITE_008,0.5153,0.2016,0.5,0.34
SITE_008_S0208,SITE_008,0.5266000000000001,0.2192,0.7000000000000001,0.35
SITE_008_S0209,SITE_008,0.5266000000000001,0.2192,0.9,0.43
SITE_008_S0210,SITE_008,0.5337000000000001,0.249,0.9,0.44
SITE_008_S0211,SITE_008,0.5337000000000001,0.249,0.9,0.44
SITE_008_S0212,SITE_008,0.5337000000000001,0.249,1.1,0.49
SITE_008_S0213,SITE_008,0.6471,0.3445,1.1,0.5
SITE_008_S0214,SITE_008,0.6471,0.3445,1.3,0.56
SITE_008_S0215,SITE_008,0.6471,0.3445,1.3,0.56
SITE_008_S0216,SITE_008,0.7867000000000001,0.4739,0.5,0.23
SITE_008_S0217,SITE_008,0.7867000000000001,0.4739,3.5,0.8
SITE_008_S0218,SITE_008,0.7503000000000001,0.5157,1.5,0.55
SITE_008_S0219,SITE_008,0.7503000000000001,0.5157,1.5,0.55
SITE_008_S0220,SITE_008,0.7503000000000001,0.5157,5.100000000000001,0.89
SITE_008_S0221,SITE_008,0.8015,0.5743,5.600000000000001,0.9
SITE_008_S0222,SITE_008,0.8015,0.5743,4.5,0.85
SITE_008_S0223,SITE_008,0.8015,0.5743,4.5,0.85
SITE_008_S0224,SITE_008,0.7804,0.5681,4.5,0.85
SITE_008_S0225,SITE_008,0.7804,0.5681,4.9,0.88
SITE_008_S0226,SITE_008,0.803,0.6038,2.8,0.76
SITE_008_S0227,SITE_008,0.803,0.6038,2.8,0.76
SITE_008_S0228,SITE_008,0.803,0.6038,4.9,0.88
SITE_008_S0229,SITE_008,0.8644000000000001,0.7037,4.4,0.84
SITE_008_S0230,SITE_008,0.8644000000000001,0.7037,4.4,0.84
SITE_008_S0231,SITE_008,0.8644000000000001,0.7037,4.4,0.84
SITE_008_S0232,SITE_008,0.8181,0.522,4.4,0.84
SITE_008_S0233,SITE_008,0.8181,0.522,3.3,0.78
SITE_008_S0234,SITE_008,0.7781,0.5092,2.9,0.74
SITE_008_S0235,SITE_008,0.7781,0.5092,2.9,0.74
SITE_008_S0236,SITE_008,0.7781,0.5092,3.3,0.78
SITE_008_S0237,SITE_008,0.7883,0.5187,4.100000000000001,0.87
SITE_008_S0238,SITE_008,0.7883,0.5187,2,0.68
SITE_008_S0239,SITE_008,0.7883,0.5187,2,0.68
SITE_008_S0240,SITE_008,0.7272000000000001,0.4716,2.2,0.73
SITE_008_S0241,SITE_008,0.7272000000000001,0.4716,0.5,0.27
SITE_008_S0242,SITE_008,0.7464000000000001,0.3989,1.1,0.49
SITE_008_S0243,SITE_008,0.7464000000000001,0.3989,1.1,0.49
SITE_008_S0244,SITE_008,0.7464000000000001,0.3989,2.6,0.84
SITE_008_S0245,SITE_008,0.7244,0.3662,1.3,0.65
SITE_008_S0246,SITE_008,0.7244,0.3662,0.7000000000000001,0.45
SITE_008_S0247,SITE_008,0.7244,0.3662,0.7000000000000001,0.45
SITE_008_S0248,SITE_008,0.5803,0.2404,0.7000000000000001,0.47
SITE_008_S0249,SITE_008,0.5803,0.2404,0.7000000000000001,0.47
SITE_008_S0250,SITE_008,0.5765,0.2324,0.7000000000000001,0.46
SITE_008_S0251,SITE_008,0.5765,0.2324,0.7000000000000001,0.46
SITE_008_S0252,SITE_008,0.5765,0.2324,0.7000000000000001,0.46
SITE_008_S0253,SITE_008,0.6412,0.0436,0.7000000000000001,0.3
SITE_008_S0254,SITE_008,0.6412,0.0436,0.7000000000000001,0.3
SITE_008_S0255,SITE_008,0.194,0.0556,0.7000000000000001,0.32
SITE_008_S0256,SITE_008,0.194,0.0556,0.1,0.08
SITE_008_S0257,SITE_008,0.5286000000000001,0.2152,0.8,0.49
SITE_008_S0258,SITE_008,0.5657,0.2542,0.7000000000000001,0.47
SITE_008_S0259,SITE_008,0.5265000000000001,0.2351,0.6000000000000001,0.38
SITE_008_S0260,SITE_008,0.5265000000000001,0.2351,0.5,0.34
SITE_008_S0261,SITE_008,0.5232,0.2733,0.7000000000000001,0.45
SITE_008_S0262,SITE_008,0.5291,0.2255,0.7000000000000001,0.44
SITE_008_S0263,SITE_008,0.5028,0.2389,1,0.47
SITE_008_S0264,SITE_008,0.5028,0.2389,0.8,0.41
SITE_008_S0265,SITE_008,0.5783,0.3027,1.5,0.54
SITE_008_S0266,SITE_008,0.7066,0.3345,1.4,0.5
SITE_008_S0267,SITE_008,0.8366,0.6204000000000001,2.1,0.66
SITE_008_S0268,SITE_008,0.8366,0.6204000000000001,4.4,0.84
SITE_008_S0269,SITE_008,0.8076,0.6183000000000001,3.2,0.78
SITE_008_S0270,SITE_008,0.7904,0.5421,4.9,0.88
SITE_008_S0271,SITE_008,0.8229000000000001,0.6553,2.4,0.68
SITE_008_S0272,SITE_008,0.8034,0.5561,2.9,0.75
SITE_008_S0273,SITE_008,0.7941,0.5840000000000001,2.7,0.73
SITE_008_S0274,SITE_008,0.7474000000000001,0.5216000000000001,5.300000000000001,0.92
SITE_008_S0275,SITE_008,0.7474000000000001,0.5216000000000001,4.100000000000001,0.8200000000000001
SITE_008_S0276,SITE_008,0.7781,0.515,1.6,0.61
SITE_008_S0277,SITE_008,0.7876000000000001,0.453,5,0.91
SITE_008_S0278,SITE_008,0.7469,0.4659,4.5,0.88
SITE_008_S0279,SITE_008,0.7469,0.4659,1.2,0.63
SITE_008_S0280,SITE_008,0.6882,0.3943,1.3,0.67
SITE_008_S0281,SITE_008,0.7231000000000001,0.3787,2.1,0.79
SITE_008_S0282,SITE_008,0.618,0.2642,0.9,0.52
SITE_008_S0283,SITE_008,0.618,0.2642,0.4,0.27
SITE_008_S0284,SITE_008,0.5661,0.2221,0.2,0.16
SITE_008_S0285,SITE_008,0.3999,0.0226,0.1,0.08
SITE_008_S0286,SITE_008,0.5765,0.1766,0.1,0.05
SITE_008_S0287,SITE_008,0.5855,0.1992,0.9,0.37
SITE_008_S0288,SITE_008,0.5855,0.1992,0.7000000000000001,0.46
SITE_008_S0289,SITE_008,0.4947,0.2299,0.7000000000000001,0.45
SITE_008_S0290,SITE_008,0.5013000000000001,0.208,0.7000000000000001,0.47
SITE_008_S0291,SITE_008,0.5038,0.2445,0.9,0.43
SITE_008_S0292,SITE_008,0.5208,0.2514,0.9,0.43
SITE_008_S0293,SITE_008,0.5611,0.3009,0.9,0.43
SITE_008_S0294,SITE_008,0.7388,0.443,1,0.43
SITE_008_S0295,SITE_008,0.7388,0.443,4.5,0.85
SITE_008_S0296,SITE_008,0.8082,0.5641,1.9,0.63
SITE_008_S0297,SITE_008,0.8401000000000001,0.5617,5.2,0.9
SITE_008_S0298,SITE_008,0.8146,0.6034,4.7,0.87
SITE_008_S0299,SITE_008,0.8309000000000001,0.5415,2.8,0.76
SITE_008_S0300,SITE_008,0.7536,0.4867,2.8,0.78
SITE_008_S0301,SITE_008,0.6950000000000001,0.4459,2.2,0.74
SITE_008_S0302,SITE_008,0.7524000000000001,0.4084,0.1,0.04
SITE_008_S0303,SITE_008,0.7524000000000001,0.4084,4.4,0.87
SITE_008_S0304,SITE_008,0.7283000000000001,0.428,1.3,0.64
SITE_008_S0305,SITE_008,0.6095,0.2866,0.5,0.34
SITE_008_S0306,SITE_008,0.6668000000000001,0.3588,1.2,0.61
SITE_008_S0307,SITE_008,0.6668000000000001,0.3588,1.2,0.64
SITE_008_S0308,SITE_008,0.5787,0.25,0.5,0.34
SITE_008_S0309,SITE_008,0.4975,0.0255,0.1,0.09
SITE_008_S0310,SITE_008,0.4981,0.0461,0.9,0.38
SITE_008_S0311,SITE_008,0.5419,0.2833,0.1,0.08
SITE_008_S0312,SITE_008,0.5419,0.2833,0.1,0.09
SITE_008_S0313,SITE_008,0.5382,0.2295,0.7000000000000001,0.44
SITE_008_S0314,SITE_008,0.5462,0.2486,0.7000000000000001,0.43
SITE_008_S0315,SITE_008,0.5072,0.1689,0.9,0.51
SITE_008_S0316,SITE_008,0.5072,0.1689,0.7000000000000001,0.43
SITE_008_S0317,SITE_008,0.5920000000000001,0.2095,0.8,0.51
SITE_008_S0318,SITE_008,0.5650000000000001,0.2659,1.2,0.52
SITE_008_S0319,SITE_008,0.6594,0.3359,1.3,0.5700000000000001
SITE_008_S0320,SITE_008,0.6594,0.3359,1.8,0.66
SITE_008_S0321,SITE_008,0.7199,0.4834,1.9,0.62
SITE_008_S0322,SITE_008,0.7712,0.5584,2.5,0.73
SITE_008_S0323,SITE_008,0.8274,0.6914,0.7000000000000001,0.33
SITE_008_S0324,SITE_008,0.8274,0.6914,6.4,0.93
SITE_008_S0325,SITE_008,0.8037000000000001,0.6863,4.600000000000001,0.86
SITE_008_S0326,SITE_008,0.8487,0.5700000000000001,4.5,0.85
SITE_008_S0327,SITE_008,0.8417,0.5374,5.100000000000001,0.89
SITE_008_S0328,SITE_008,0.8417,0.5374,5.100000000000001,0.89
SITE_008_S0329,SITE_008,0.8106,0.5337000000000001,5.5,0.92
SITE_008_S0330,SITE_008,0.7881,0.5662,1.7,0.56
SITE_008_S0331,SITE_008,0.7592,0.4735,4.600000000000001,0.89
SITE_008_S0332,SITE_008,0.7592,0.4735,4.5,0.88
SITE_008_S0333,SITE_008,0.7773,0.5114000000000001,0.4,0.31
SITE_008_S0334,SITE_008,0.8364,0.3674,2,0.6900000000000001
SITE_008_S0335,SITE_008,0.6702,0.3836,0.3,0.2
SITE_008_S0336,SITE_008,0.6702,0.3836,1.6,0.72
SITE_008_S0337,SITE_008,0.2706,0.0207,2,0.63
SITE_008_S0338,SITE_008,0.5188,0.1882,7,1
SITE_009_S0001,SITE_009,0.5293,0.2961,1.6,0.56
SITE_009_S0002,SITE_009,0.3541,0.1722,0,0.02
SITE_009_S0003,SITE_009,0.3541,0.1722,0.8,0.34
SITE_009_S0004,SITE_009,0.4564,0.3098,0.1,0.06
SITE_009_S0005,SITE_009,0.4564,0.3098,0.6000000000000001,0.43
SITE_009_S0006,SITE_009,0.5820000000000001,0.36,1,0.56
SITE_009_S0007,SITE_009,0.5820000000000001,0.36,0.3,0.28
SITE_009_S0008,SITE_009,0.5820000000000001,0.36,0.3,0.28
SITE_009_S0009,SITE_009,0.6516000000000001,0.3878,1.2,0.63
SITE_009_S0010,SITE_009,0.6516000000000001,0.3878,0.9,0.46
SITE_009_S0011,SITE_009,0.6359,0.4121,1.4,0.6
SITE_009_S0012,SITE_009,0.6359,0.4121,1.4,0.6
SITE_009_S0013,SITE_009,0.6359,0.4121,1.4,0.58
SITE_009_S0014,SITE_009,0.6938000000000001,0.4002,1.3,0.53
SITE_009_S0015,SITE_009,0.6938000000000001,0.4002,1.3,0.54
SITE_009_S0016,SITE_009,0.6938000000000001,0.4002,1.3,0.54
SITE_009_S0017,SITE_009,0.5713,0.3677,1,0.42
SITE_009_S0018,SITE_009,0.6407,0.4547,2.1,0.64
SITE_009_S0019,SITE_009,0.6407,0.4547,2.1,0.64
SITE_009_S0020,SITE_009,0.6407,0.4547,1.6,0.58
SITE_009_S0021,SITE_009,0.6284000000000001,0.467,1.9,0.64
SITE_009_S0022,SITE_009,0.6284000000000001,0.467,1.7,0.62
SITE_009_S0023,SITE_009,0.6284000000000001,0.467,1.7,0.62
SITE_009_S0024,SITE_009,0.6754,0.437,2.2,0.65
SITE_009_S0025,SITE_009,0.6754,0.437,3.5,0.81
SITE_009_S0026,SITE_009,0.7644000000000001,0.5726,2.4,0.72
SITE_009_S0027,SITE_009,0.7644000000000001,0.5726,2.4,0.72
SITE_009_S0028,SITE_009,0.7644000000000001,0.5726,2.1,0.73
SITE_009_S0029,SITE_009,0.8055,0.5829,4,0.84
SITE_009_S0030,SITE_009,0.8055,0.5829,4.600000000000001,0.89
SITE_009_S0031,SITE_009,0.8055,0.5829,4.600000000000001,0.89
SITE_009_S0032,SITE_009,0.8005,0.5929,4.800000000000001,0.89
SITE_009_S0033,SITE_009,0.8005,0.5929,4.600000000000001,0.9
SITE_009_S0034,SITE_009,0.7401,0.5437000000000001,3,0.81
SITE_009_S0035,SITE_009,0.7401,0.5437000000000001,3,0.81
SITE_009_S0036,SITE_009,0.7401,0.5437000000000001,4,0.88
SITE_009_S0037,SITE_009,0.7878000000000001,0.5724,2.2,0.8200000000000001
SITE_009_S0038,SITE_009,0.7878000000000001,0.5724,1.6,0.72
SITE_009_S0039,SITE_009,0.7878000000000001,0.5724,1.6,0.72
SITE_009_S0040,SITE_009,0.7172000000000001,0.4237,1.2,0.66
SITE_009_S0041,SITE_009,0.7172000000000001,0.4237,1.1,0.58
SITE_009_S0042,SITE_009,0.66,0.4193,1,0.58
SITE_009_S0043,SITE_009,0.66,0.4193,1,0.58
SITE_009_S0044,SITE_009,0.66,0.4193,1,0.53
SITE_009_S0045,SITE_009,0.6847000000000001,0.3616,1.4,0.67
SITE_009_S0046,SITE_009,0.6847000000000001,0.3616,1.1,0.44
SITE_009_S0047,SITE_009,0.6847000000000001,0.3616,1.1,0.44
SITE_009_S0048,SITE_009,0.7471,0.4126,3.1,0.79
SITE_009_S0049,SITE_009,0.7471,0.4126,2.7,0.74
SITE_009_S0050,SITE_009,0.1039,0.0725,0.7000000000000001,0.31
SITE_009_S0051,SITE_009,0.1039,0.0725,0,0
SITE_009_S0052,SITE_009,0.5893,0.3477,0.9,0.38
SITE_009_S0053,SITE_009,0.5307000000000001,0.3603,1.2,0.48
SITE_009_S0054,SITE_009,0.6155,0.3704,0.3,0.15
SITE_009_S0055,SITE_009,0.6155,0.3704,1.7,0.5700000000000001
SITE_009_S0056,SITE_009,0.6155,0.3704,1.7,0.5700000000000001
SITE_009_S0057,SITE_009,0.5936,0.3475,2.6,0.72
SITE_009_S0058,SITE_009,0.5912000000000001,0.3418,0.7000000000000001,0.45
SITE_009_S0059,SITE_009,0.5912000000000001,0.3418,1,0.5700000000000001
SITE_009_S0060,SITE_009,0.5710000000000001,0.3433,0.9,0.56
SITE_009_S0061,SITE_009,0.5710000000000001,0.3433,1,0.58
SITE_009_S0062,SITE_009,0.5710000000000001,0.3433,1,0.58
SITE_009_S0063,SITE_009,0.6029,0.3863,1,0.58
SITE_009_S0064,SITE_009,0.6029,0.3863,1.7,0.63
SITE_009_S0065,SITE_009,0.6609,0.3898,1,0.46
SITE_009_S0066,SITE_009,0.6609,0.3898,1,0.46
SITE_009_S0067,SITE_009,0.6609,0.3898,1.9,0.67
SITE_009_S0068,SITE_009,0.6118,0.4248,2,0.72
SITE_009_S0069,SITE_009,0.6118,0.4248,1.7,0.65
SITE_009_S0070,SITE_009,0.6118,0.4248,1.7,0.65
SITE_009_S0071,SITE_009,0.6118,0.4248,1.7,0.65
SITE_009_S0072,SITE_009,0.6309,0.4582,2.2,0.66
SITE_009_S0073,SITE_009,0.6309,0.4582,2.2,0.66
SITE_009_S0074,SITE_009,0.6309,0.4582,1.1,0.49
SITE_009_S0075,SITE_009,0.6873,0.7053,0.8,0.34
SITE_009_S0076,SITE_009,0.6873,0.7053,0.8,0.34
SITE_009_S0077,SITE_009,0.6873,0.7053,0.8,0.34
SITE_009_S0078,SITE_009,0.6873,0.7053,0.7000000000000001,0.35
SITE_009_S0079,SITE_009,0.6873,0.7053,0.7000000000000001,0.35
SITE_009_S0080,SITE_009,0.7408,0.5616,1.6,0.59
SITE_009_S0081,SITE_009,0.7408,0.5616,2.7,0.74
SITE_009_S0082,SITE_009,0.7408,0.5616,2.7,0.74
SITE_009_S0083,SITE_009,0.7408,0.5616,2.7,0.74
SITE_009_S0084,SITE_009,0.7712,0.5759000000000001,2.4,0.72
SITE_009_S0085,SITE_009,0.7712,0.5759000000000001,2.4,0.72
SITE_009_S0086,SITE_009,0.7712,0.5759000000000001,0.3,0.21
SITE_009_S0087,SITE_009,0.6855,0.562,2.9,0.76
SITE_009_S0088,SITE_009,0.6855,0.562,2.9,0.76
SITE_009_S0089,SITE_009,0.6855,0.562,2.9,0.76
SITE_009_S0090,SITE_009,0.6855,0.562,2.6,0.72
SITE_009_S0091,SITE_009,0.6855,0.562,2.6,0.72
SITE_009_S0092,SITE_009,0.7503000000000001,0.6444000000000001,2.6,0.72
SITE_009_S0093,SITE_009,0.7503000000000001,0.6444000000000001,2.1,0.7000000000000001
SITE_009_S0094,SITE_009,0.7503000000000001,0.6444000000000001,2.1,0.7000000000000001
SITE_009_S0095,SITE_009,0.6948000000000001,0.4684,1.8,0.66
SITE_009_S0096,SITE_009,0.6948000000000001,0.4684,1.8,0.66
SITE_009_S0097,SITE_009,0.6948000000000001,0.4684,1.5,0.64
SITE_009_S0098,SITE_009,0.7092,0.4456,1.8,0.66
SITE_009_S0099,SITE_009,0.7092,0.4456,1.8,0.66
SITE_009_S0100,SITE_009,0.7092,0.4456,1.8,0.66
SITE_009_S0101,SITE_009,0.7092,0.4456,1.5,0.59
SITE_009_S0102,SITE_009,0.7092,0.4456,1.5,0.59
SITE_009_S0103,SITE_009,0.6518,0.4147,1.1,0.62
SITE_009_S0104,SITE_009,0.6518,0.4147,1.5,0.71
SITE_009_S0105,SITE_009,0.6518,0.4147,1.5,0.71
SITE_009_S0106,SITE_009,0.6518,0.4147,1.5,0.71
SITE_009_S0107,SITE_009,0.5779000000000001,0.4111,1,0.56
SITE_009_S0108,SITE_009,0.5779000000000001,0.4111,1,0.56
SITE_009_S0109,SITE_009,0.5779000000000001,0.4111,0.5,0.35
SITE_009_S0110,SITE_009,0.6844,0.4097,1,0.56
SITE_009_S0111,SITE_009,0.6844,0.4097,1,0.56
SITE_009_S0112,SITE_009,0.6844,0.4097,1,0.56
SITE_009_S0113,SITE_009,0.6844,0.4097,1.3,0.49
SITE_009_S0114,SITE_009,0.6844,0.4097,1.3,0.49
SITE_009_S0115,SITE_009,0.7001000000000001,0.4463,2.1,0.66
SITE_009_S0116,SITE_009,0.7001000000000001,0.4463,0.7000000000000001,0.32
SITE_009_S0117,SITE_009,0.7001000000000001,0.4463,0.7000000000000001,0.32
SITE_009_S0118,SITE_009,0.6498,0.4468,3.1,0.78
SITE_009_S0119,SITE_009,0.6498,0.4468,3.1,0.78
SITE_009_S0120,SITE_009,0.6498,0.4468,1,0.41
SITE_009_S0121,SITE_009,0.1232,0.0984,0.2,0.11
SITE_009_S0122,SITE_009,0.1232,0.0984,0.2,0.11
SITE_009_S0123,SITE_009,0.1232,0.0984,0.2,0.11
SITE_009_S0124,SITE_009,0.1232,0.0984,1.6,0.56
SITE_009_S0125,SITE_009,0.1232,0.0984,1.6,0.56
SITE_009_S0126,SITE_009,0.6388,0.3822,1.8,0.59
SITE_009_S0127,SITE_009,0.6388,0.3822,1.2,0.47
SITE_009_S0128,SITE_009,0.6388,0.3822,1.2,0.47
SITE_010_S0001,SITE_010,0.7322000000000001,0.4647,1.6,0.71
SITE_010_S0002,SITE_010,0.7250000000000001,0.4358,0.3,0.15
SITE_010_S0003,SITE_010,0.7644000000000001,0.3537,0,0.01
SITE_010_S0004,SITE_010,0.7541,0.3545,5.100000000000001,0.91
SITE_010_S0005,SITE_010,0.6106,0.2479,0.4,0.27
SITE_010_S0006,SITE_010,0.6671,0.2834,0.2,0.08
SITE_010_S0007,SITE_010,0.6555000000000001,0.3885,0.6000000000000001,0.39
SITE_010_S0008,SITE_010,0.7155,0.3616,1.7,0.64
SITE_010_S0009,SITE_010,0.8340000000000001,0.5661,1.3,0.58
SITE_010_S0010,SITE_010,0.8465,0.5123,0.8,0.36
SITE_010_S0011,SITE_010,0.5585,0.5315,0.4,0.19
SITE_010_S0012,SITE_010,0.8525,0.6712,6.100000000000001,0.92
SITE_010_S0013,SITE_010,0.8461000000000001,0.5823,1.9,0.61
SITE_010_S0014,SITE_010,0.8106,0.5112,4.600000000000001,0.89
SITE_010_S0015,SITE_010,0.7613000000000001,0.4604,2.8,0.79
SITE_010_S0016,SITE_010,0.7613000000000001,0.4604,2.8,0.79
SITE_010_S0017,SITE_010,0.7007,0.3399,1.2,0.63
SITE_010_S0018,SITE_010,0.7007,0.3399,1.2,0.63
SITE_010_S0019,SITE_010,0.7031000000000001,0.3714,1.2,0.61
SITE_010_S0020,SITE_010,0.7031000000000001,0.3714,1.2,0.61
SITE_010_S0021,SITE_010,0.3218,0.1751,0.1,0.03
SITE_010_S0022,SITE_010,0.3218,0.1751,0.1,0.03
SITE_010_S0023,SITE_010,0.6635,0.333,1.3,0.48
SITE_010_S0024,SITE_010,0.7015,0.2726,0.4,0.18
SITE_010_S0025,SITE_010,0.7015,0.2726,0.4,0.18
SITE_010_S0026,SITE_010,0.8197,0.507,5.100000000000001,0.89
SITE_010_S0027,SITE_010,0.8564,0.6447,1.5,0.52
SITE_010_S0028,SITE_010,0.7964,0.5893,5,0.9
SITE_010_S0029,SITE_010,0.8718,0.6229,2.5,0.7000000000000001
SITE_010_S0030,SITE_010,0.8718,0.6229,4.9,0.88
SITE_010_S0031,SITE_010,0.8674000000000001,0.6121,6.4,0.93
SITE_010_S0032,SITE_010,0.8523000000000001,0.548,4.4,0.84
SITE_010_S0033,SITE_010,0.8523000000000001,0.548,4.600000000000001,0.89
SITE_010_S0034,SITE_010,0.8603000000000001,0.5134000000000001,4.800000000000001,0.9
SITE_010_S0035,SITE_010,0.8410000000000001,0.5398000000000001,4.600000000000001,0.89
SITE_010_S0036,SITE_010,0.8354,0.5262,4.3,0.91
SITE_010_S0037,SITE_010,0.8354,0.5262,4.5,0.91
SITE_010_S0038,SITE_010,0.8016000000000001,0.4361,2.6,0.84
SITE_010_S0039,SITE_010,0.7361000000000001,0.4765,1.3,0.65
SITE_010_S0040,SITE_010,0.5206000000000001,0.1779,0.6000000000000001,0.42
SITE_010_S0041,SITE_010,0.5206000000000001,0.1779,0,0
SITE_010_S0042,SITE_010,0.7618,0.3333,2.5,0.72
SITE_010_S0043,SITE_010,0.7421,0.3158,2.6,0.73
SITE_010_S0044,SITE_010,0.7552,0.3388,2.6,0.74
SITE_010_S0045,SITE_010,0.2181,0.0644,0.2,0.15
SITE_010_S0046,SITE_010,0.2181,0.0644,0,0.01
SITE_010_S0047,SITE_010,0.7115,0.4321,1.9,0.76
SITE_010_S0048,SITE_010,0.676,0.38,1.2,0.64
SITE_010_S0049,SITE_010,0.6898000000000001,0.3332,1.2,0.63
SITE_010_S0050,SITE_010,0.6898000000000001,0.3332,1.7,0.65
SITE_010_S0051,SITE_010,0.2325,0.1449,0.2,0.11
SITE_010_S0052,SITE_010,0.6629,0.4117,0.3,0.13
SITE_010_S0053,SITE_010,0.7783,0.4384,1.8,0.58
SITE_010_S0054,SITE_010,0.7783,0.4384,4.4,0.85
SITE_010_S0055,SITE_010,0.8455,0.5982000000000001,4.7,0.87
SITE_010_S0056,SITE_010,0.8288000000000001,0.5211,4.5,0.85
SITE_010_S0057,SITE_010,0.8557,0.6397,1.7,0.5700000000000001
SITE_010_S0058,SITE_010,0.8557,0.6397,4.5,0.85
SITE_010_S0059,SITE_010,0.8434,0.6261,1,0.41
SITE_010_S0060,SITE_010,0.8658,0.6152000000000001,5.9,0.92
SITE_010_S0061,SITE_010,0.8245,0.5212,4.600000000000001,0.86
SITE_010_S0062,SITE_010,0.8245,0.5212,5.4,0.9
SITE_010_S0063,SITE_010,0.7958000000000001,0.5805,4.600000000000001,0.89
SITE_010_S0064,SITE_010,0.8353,0.5373,4.600000000000001,0.89
SITE_010_S0065,SITE_010,0.8025,0.4527,4.2,0.85
SITE_010_S0066,SITE_010,0.8025,0.4527,3.9,0.85
SITE_010_S0067,SITE_010,0.7398,0.3921,1.8,0.75
SITE_010_S0068,SITE_010,0.745,0.3865,1.7,0.74
SITE_010_S0069,SITE_010,0.6786,0.3025,1.2,0.63
SITE_010_S0070,SITE_010,0.6786,0.3025,1.1,0.59
SITE_010_S0071,SITE_010,0.7661,0.326,0.8,0.48
SITE_010_S0072,SITE_010,0.7605000000000001,0.3325,3,0.77
SITE_010_S0073,SITE_010,0.7344,0.3062,0.6000000000000001,0.4
SITE_010_S0074,SITE_010,0.65,0.4707,1.2,0.64
SITE_010_S0075,SITE_010,0.65,0.4707,0.3,0.27
SITE_010_S0076,SITE_010,0.6523,0.3001,1.5,0.6900000000000001
SITE_010_S0077,SITE_010,0.6867000000000001,0.3008,1.1,0.61
SITE_010_S0078,SITE_010,0.6674,0.3736,1.4,0.58
SITE_010_S0079,SITE_010,0.6674,0.3736,1.6,0.63
SITE_010_S0080,SITE_010,0.7806000000000001,0.4992,4.5,0.85
SITE_010_S0081,SITE_010,0.8388,0.5667,1.5,0.52
SITE_010_S0082,SITE_010,0.8388,0.5667,4.800000000000001,0.88
SITE_010_S0083,SITE_010,0.8483,0.5838,4.4,0.84
SITE_010_S0084,SITE_010,0.8339000000000001,0.6419,5.9,0.92
SITE_010_S0085,SITE_010,0.8082,0.6377,5.5,0.9
SITE_010_S0086,SITE_010,0.8082,0.6377,0.3,0.14
SITE_010_S0087,SITE_010,0.8539,0.5576,5.9,0.92
SITE_010_S0088,SITE_010,0.8478,0.5967,5,0.89
SITE_010_S0089,SITE_010,0.8530000000000001,0.4999,5.7,0.91
SITE_010_S0090,SITE_010,0.8530000000000001,0.4999,4.7,0.89
SITE_010_S0091,SITE_010,0.8116,0.5771000000000001,0.2,0.1
SITE_010_S0092,SITE_010,0.8385,0.6462,1.5,0.62
SITE_010_S0093,SITE_010,0.7442000000000001,0.3728,2.8,0.78
SITE_010_S0094,SITE_010,0.7442000000000001,0.3728,1.4,0.68
SITE_010_S0095,SITE_010,0.6799000000000001,0.3223,1.4,0.68
SITE_010_S0096,SITE_010,0.7338,0.353,1.3,0.65
SITE_010_S0097,SITE_010,0.7192000000000001,0.3072,1.4,0.66
SITE_010_S0098,SITE_010,0.7192000000000001,0.3072,0.7000000000000001,0.43
SITE_010_S0099,SITE_010,0.6419,0.346,0.7000000000000001,0.31
SITE_010_S0100,SITE_010,0.5857,0.3426,1.1,0.43
SITE_010_S0101,SITE_010,0.1867,0.0603,0.1,0.07
SITE_010_S0102,SITE_010,0.8195,0.3252,0,0.02
SITE_010_S0103,SITE_010,0.8195,0.3252,0,0
SITE_010_S0104,SITE_010,0.7037,0.4468,0.2,0.17
SITE_010_S0105,SITE_010,0.6714,0.291,1,0.5700000000000001
SITE_010_S0106,SITE_010,0.6806,0.3389,0.9,0.52
SITE_010_S0107,SITE_010,0.6806,0.3389,1.5,0.6
SITE_010_S0108,SITE_010,0.6940000000000001,0.4342,0.7000000000000001,0.34
SITE_010_S0109,SITE_010,0.7156,0.3804,1.9,0.67
SITE_010_S0110,SITE_010,0.7755000000000001,0.4316,1.2,0.46
SITE_010_S0111,SITE_010,0.7755000000000001,0.4316,4.600000000000001,0.86
SITE_010_S0112,SITE_010,0.8360000000000001,0.5413,5.4,0.9
SITE_010_S0113,SITE_010,0.866,0.505,0,0.02
SITE_010_S0114,SITE_010,0.866,0.505,5.2,0.9
SITE_010_S0115,SITE_010,0.8437,0.5900000000000001,0.9,0.37
SITE_010_S0116,SITE_010,0.8599,0.6734,2,0.62
SITE_010_S0117,SITE_010,0.87,0.6094,4.7,0.87
SITE_010_S0118,SITE_010,0.87,0.6094,4.600000000000001,0.86
SITE_010_S0119,SITE_010,0.8387,0.5756,5.600000000000001,0.93
SITE_010_S0120,SITE_010,0.8337,0.557,4.9,0.9
SITE_010_S0121,SITE_010,0.8115,0.4018,1.9,0.61
SITE_010_S0122,SITE_010,0.8115,0.4018,1.8,0.65
SITE_010_S0123,SITE_010,0.7916000000000001,0.3938,1.3,0.63
SITE_010_S0124,SITE_010,0.7267,0.3915,1.4,0.68
SITE_010_S0125,SITE_010,0.7699,0.347,1.1,0.58
SITE_010_S0126,SITE_010,0.7699,0.347,0.9,0.51
SITE_010_S0127,SITE_010,0.7402000000000001,0.3037,0.7000000000000001,0.45
SITE_010_S0128,SITE_010,0.7818,0.4297,0.6000000000000001,0.39
SITE_010_S0129,SITE_010,0.7315,0.3573,2.5,0.72
SITE_010_S0130,SITE_010,0.7035,0.2913,0.4,0.19
SITE_010_S0131,SITE_010,0.7035,0.2913,0.7000000000000001,0.42
SITE_010_S0132,SITE_010,0.6928000000000001,0.373,1.5,0.7000000000000001
SITE_010_S0133,SITE_010,0.6917,0.3089,0.5,0.35
SITE_010_S0134,SITE_010,0.6917,0.3089,1,0.58
SITE_010_S0135,SITE_010,0.7065,0.3654,1.3,0.66
SITE_010_S0136,SITE_010,0.7140000000000001,0.3821,1.3,0.56
SITE_010_S0137,SITE_010,0.7137,0.4096,1.8,0.67
SITE_010_S0138,SITE_010,0.7137,0.4096,3,0.8
SITE_010_S0139,SITE_010,0.7677,0.5414,2.1,0.67
SITE_010_S0140,SITE_010,0.8443,0.6584,1.8,0.58
SITE_010_S0141,SITE_010,0.8586,0.5762,6.2,0.93
SITE_010_S0142,SITE_010,0.8586,0.5762,3.7,0.81
SITE_010_S0143,SITE_010,0.8565,0.5927,4.7,0.87
SITE_010_S0144,SITE_010,0.8565,0.5927,4.9,0.88
SITE_010_S0145,SITE_010,0.8565,0.5927,4.9,0.88
SITE_010_S0146,SITE_010,0.8383,0.5304,5.4,0.9
SITE_010_S0147,SITE_010,0.8383,0.5304,5.4,0.9
SITE_010_S0148,SITE_010,0.8239000000000001,0.5719000000000001,5.300000000000001,0.92
SITE_010_S0149,SITE_010,0.8165,0.471,4.3,0.88
SITE_010_S0150,SITE_010,0.8165,0.471,2.9,0.8
SITE_010_S0151,SITE_010,0.8320000000000001,0.4713,1.7,0.72
SITE_010_S0152,SITE_010,0.7862,0.4323,2.4,0.8200000000000001
SITE_010_S0153,SITE_010,0.752,0.3548,1,0.58
SITE_010_S0154,SITE_010,0.752,0.3548,1.4,0.66
SITE_010_S0155,SITE_010,0.6004,0.2926,1.3,0.53
SITE_010_S0156,SITE_010,0.6064,0.4338,1.4,0.5700000000000001
SITE_010_S0157,SITE_010,0.5863,0.4178,1.2,0.53
SITE_010_S0158,SITE_010,0.6718000000000001,0.6002000000000001,1.1,0.43
SITE_010_S0159,SITE_010,0.6718000000000001,0.6002000000000001,1.5,0.54
SITE_010_S0160,SITE_010,0.5047,0.235,0.5,0.23
SITE_010_S0161,SITE_010,0.8067000000000001,0.5245000000000001,0.8,0.33
SITE_010_S0162,SITE_010,0.8619,0.6107,4.600000000000001,0.86
SITE_010_S0163,SITE_010,0.8619,0.6107,5,0.88
SITE_010_S0164,SITE_010,0.8445,0.621,4.9,0.88
SITE_010_S0165,SITE_010,0.8587,0.6192000000000001,5.600000000000001,0.91
SITE_010_S0166,SITE_010,0.8541000000000001,0.6002000000000001,5.2,0.92
SITE_010_S0167,SITE_010,0.8541000000000001,0.6002000000000001,4.600000000000001,0.89
SITE_010_S0168,SITE_010,0.8543000000000001,0.5434,5,0.91
SITE_010_S0169,SITE_010,0.8200000000000001,0.4873,4.4,0.88
SITE_010_S0170,SITE_010,0.7887000000000001,0.458,2.7,0.84
SITE_010_S0171,SITE_010,0.7887000000000001,0.458,2.3,0.81
SITE_010_S0172,SITE_010,0.6269,0.3328,0.5,0.36
SITE_010_S0173,SITE_010,0.7493000000000001,0.3446,0.4,0.28
SITE_010_S0174,SITE_010,0.7225,0.3736,1.7,0.73
SITE_010_S0175,SITE_010,0.7225,0.3736,0.4,0.26
SITE_010_S0176,SITE_010,0.7299,0.3587,2.3,0.7000000000000001
SITE_010_S0177,SITE_010,0.7403000000000001,0.4282,1.5,0.53
SITE_010_S0178,SITE_010,0.7403000000000001,0.4282,1.3,0.49
SITE_010_S0179,SITE_010,0.6979000000000001,0.3406,1.7,0.73
SITE_010_S0180,SITE_010,0.6637000000000001,0.2889,0,0
SITE_010_S0181,SITE_010,0.7652,0.3035,0.6000000000000001,0.39
SITE_010_S0182,SITE_010,0.7652,0.3035,0.3,0.23
SITE_010_S0183,SITE_010,0.6687000000000001,0.4591,0.8,0.53
SITE_010_S0184,SITE_010,0.4481,0.3412,1.1,0.51
SITE_010_S0185,SITE_010,0.4481,0.3412,0,0.01
SITE_010_S0186,SITE_010,0.6854,0.3408,1,0.39
SITE_010_S0187,SITE_010,0.8189000000000001,0.5761000000000001,4.600000000000001,0.86
SITE_010_S0188,SITE_010,0.8467,0.5965,5.2,0.89
SITE_010_S0189,SITE_010,0.8467,0.5965,6.600000000000001,0.93
SITE_010_S0190,SITE_010,0.7605000000000001,0.5541,2.9,0.77
SITE_010_S0191,SITE_010,0.8225,0.5915,4.7,0.86
SITE_010_S0192,SITE_010,0.8500000000000001,0.6093000000000001,4.3,0.84
SITE_010_S0193,SITE_010,0.8500000000000001,0.6093000000000001,4.4,0.84
SITE_010_S0194,SITE_010,0.8271000000000001,0.4713,2.1,0.7000000000000001
SITE_010_S0195,SITE_010,0.8271000000000001,0.4713,2.9,0.8
SITE_010_S0196,SITE_010,0.8332,0.5031,4.9,0.9
SITE_010_S0197,SITE_010,0.8279000000000001,0.4468,4.5,0.91
SITE_010_S0198,SITE_010,0.7954,0.4369,0.4,0.18
SITE_010_S0199,SITE_010,0.7954,0.4369,2.7,0.8300000000000001
SITE_010_S0200,SITE_010,0.7260000000000001,0.2877,1.5,0.54
SITE_010_S0201,SITE_010,0.3867,0.2094,0.5,0.25
SITE_010_S0202,SITE_010,0.045,0.0338,0,0.01
SITE_010_S0203,SITE_010,0.7293000000000001,0.3215,0.9,0.53
SITE_010_S0204,SITE_010,0.7293000000000001,0.3215,4.600000000000001,0.91
SITE_010_S0205,SITE_010,0.7149,0.4315,0.4,0.17
SITE_010_S0206,SITE_010,0.7225,0.3331,1.2,0.49
SITE_010_S0207,SITE_010,0.7225,0.3331,1.4,0.5700000000000001
SITE_010_S0208,SITE_010,0.7804,0.3957,1.6,0.62
SITE_010_S0209,SITE_010,0.8024,0.4159,3.4,0.8200000000000001
SITE_010_S0210,SITE_010,0.8024,0.4159,2.3,0.6900000000000001
SITE_010_S0211,SITE_010,0.8306,0.4946,2.4,0.68
SITE_010_S0212,SITE_010,0.8466,0.5583,2.7,0.72
SITE_010_S0213,SITE_010,0.8346,0.5544,1.9,0.6
SITE_010_S0214,SITE_010,0.8346,0.5544,5,0.91
SITE_010_S0215,SITE_010,0.8587,0.5596,5,0.89
SITE_010_S0216,SITE_010,0.8198000000000001,0.6377,3.6,0.8300000000000001
SITE_010_S0217,SITE_010,0.7705000000000001,0.6296,0.1,0.03
SITE_010_S0218,SITE_010,0.7705000000000001,0.6296,7,1
SITE_010_S0219,SITE_010,0.8182,0.5074000000000001,2.9,0.79
SITE_010_S0220,SITE_010,0.811,0.451,1.9,0.67
SITE_010_S0221,SITE_010,0.7867000000000001,0.3573,2.3,0.8
SITE_010_S0222,SITE_010,0.7090000000000001,0.3233,1,0.55
SITE_010_S0223,SITE_010,0.731,0.3024,1.1,0.61
SITE_010_S0224,SITE_010,0.8804000000000001,0.3479,0,0.01
SITE_010_S0225,SITE_010,0.8804000000000001,0.3479,2.1,0.66
SITE_010_S0226,SITE_010,0.7531,0.401,0.4,0.2
SITE_010_S0227,SITE_010,0.4269,0.2504,0.4,0.21
SITE_010_S0228,SITE_010,0.7209,0.3848,2.5,0.72
SITE_010_S0229,SITE_010,0.751,0.3048,0.3,0.27
SITE_010_S0230,SITE_010,0.6074,0.3874,0.5,0.35
SITE_010_S0231,SITE_010,0.7094,0.2954,0.9,0.51
SITE_010_S0232,SITE_010,0.7094,0.2954,0.3,0.25
SITE_010_S0233,SITE_010,0.6978000000000001,0.4379,1,0.43
SITE_010_S0234,SITE_010,0.7421,0.4298,0.7000000000000001,0.34
SITE_010_S0235,SITE_010,0.765,0.4642,2.2,0.73
SITE_010_S0236,SITE_010,0.765,0.4642,2.9,0.79
SITE_010_S0237,SITE_010,0.8283,0.5101,4.5,0.85
SITE_010_S0238,SITE_010,0.8616,0.6407,3.8,0.81
SITE_010_S0239,SITE_010,0.8055,0.6989000000000001,1.3,0.48
SITE_010_S0240,SITE_010,0.8055,0.6989000000000001,1.5,0.55
SITE_010_S0241,SITE_010,0.8706,0.5789000000000001,4.9,0.88
SITE_010_S0242,SITE_010,0.8719,0.5910000000000001,4.9,0.88
SITE_010_S0243,SITE_010,0.8589,0.5171,4.9,0.9
SITE_010_S0244,SITE_010,0.8589,0.5171,4.4,0.88
SITE_010_S0245,SITE_010,0.8429000000000001,0.4661,5,0.91
SITE_010_S0246,SITE_010,0.8206,0.5537000000000001,5.5,0.92
SITE_010_S0247,SITE_010,0.8283,0.5277000000000001,4.9,0.93
SITE_010_S0248,SITE_010,0.8283,0.5277000000000001,4.4,0.91
SITE_010_S0249,SITE_010,0.8357,0.3824,4.3,0.9
SITE_010_S0250,SITE_010,0.74,0.308,0.7000000000000001,0.43
SITE_010_S0251,SITE_010,0.7120000000000001,0.3218,0.9,0.51
SITE_010_S0252,SITE_010,0.7120000000000001,0.3218,1.7,0.58
SITE_010_S0253,SITE_010,0.6842,0.3442,0.9,0.36
SITE_010_S0254,SITE_010,-0.0055,-0.0052,0,0.01
SITE_010_S0255,SITE_010,0.4626,0.1726,0,0
SITE_011_S0001,SITE_011,0.5178,0.3426,1.3,0.51
SITE_011_S0002,SITE_011,0.5252,0.3082,1.2,0.45
SITE_011_S0003,SITE_011,0.5252,0.3082,1.2,0.45
SITE_011_S0004,SITE_011,0.6709,0.4134,2.2,0.67
SITE_011_S0005,SITE_011,0.6036,0.3327,1,0.56
SITE_011_S0006,SITE_011,0.6262,0.3855,0.7000000000000001,0.45
SITE_011_S0007,SITE_011,0.6262,0.3855,1,0.56
SITE_011_S0008,SITE_011,0.5675,0.3317,1.2,0.66
SITE_011_S0009,SITE_011,0.5675,0.3317,1.2,0.66
SITE_011_S0010,SITE_011,0.5963,0.3412,1,0.5700000000000001
SITE_011_S0011,SITE_011,0.6432,0.4457,1.7,0.63
SITE_011_S0012,SITE_011,0.6733,0.5508000000000001,0.3,0.21
SITE_011_S0013,SITE_011,0.6733,0.5508000000000001,0.3,0.21
SITE_011_S0014,SITE_011,0.6733,0.5508000000000001,2.1,0.68
SITE_011_S0015,SITE_011,0.6134000000000001,0.4845,1.7,0.6
SITE_011_S0016,SITE_011,0.6134000000000001,0.4845,1.7,0.61
SITE_011_S0017,SITE_011,0.6251,0.454,0.9,0.38
SITE_011_S0018,SITE_011,0.6251,0.454,1.7,0.6
SITE_011_S0019,SITE_011,0.6483,0.4355,1.7,0.61
SITE_011_S0020,SITE_011,0.6483,0.4355,1.7,0.61
SITE_011_S0021,SITE_011,0.6483,0.4355,1.1,0.47
SITE_011_S0022,SITE_011,0.7203,0.4889,2.5,0.73
SITE_011_S0023,SITE_011,0.7203,0.4889,2.3,0.71
SITE_011_S0024,SITE_011,0.7203,0.4889,2.3,0.71
SITE_011_S0025,SITE_011,0.6679,0.3713,1.6,0.73
SITE_011_S0026,SITE_011,0.6679,0.3713,2.7,0.74
SITE_011_S0027,SITE_011,0.7221000000000001,0.4089,4.5,0.87
SITE_011_S0028,SITE_011,0.7221000000000001,0.4089,7,1
SITE_011_S0029,SITE_011,0.7482000000000001,0.434,2.7,0.73
SITE_011_S0030,SITE_011,0.7482000000000001,0.434,0.7000000000000001,0.29
SITE_011_S0031,SITE_011,0.42,0.2509,3.3,0.8
SITE_011_S0032,SITE_011,0.6602,0.4353,2,0.64
SITE_011_S0033,SITE_011,0.6602,0.4353,1.9,0.63
SITE_011_S0034,SITE_011,0.6392,0.4806,1.9,0.62
SITE_011_S0035,SITE_011,0.6429,0.3628,1.4,0.66
SITE_011_S0036,SITE_011,0.6232,0.379,1.1,0.59
SITE_011_S0037,SITE_011,0.6232,0.379,1.1,0.59
SITE_011_S0038,SITE_011,0.7049000000000001,0.4767,1.8,0.67
SITE_011_S0039,SITE_011,0.7049000000000001,0.4767,1.8,0.67
SITE_011_S0040,SITE_011,0.7385,0.549,2.3,0.72
SITE_011_S0041,SITE_011,0.7385,0.549,2.3,0.72
SITE_011_S0042,SITE_011,0.6921,0.4781,2.1,0.6900000000000001
SITE_011_S0043,SITE_011,0.6921,0.4781,0.5,0.25
SITE_011_S0044,SITE_011,0.779,0.6054,2.2,0.68
SITE_011_S0045,SITE_011,0.779,0.6054,2.2,0.68
SITE_011_S0046,SITE_011,0.779,0.6054,2.8,0.75
SITE_011_S0047,SITE_011,0.8051,0.6177,1.3,0.49
SITE_011_S0048,SITE_011,0.752,0.6156,5.2,0.91
SITE_011_S0049,SITE_011,0.752,0.6156,2.7,0.73
SITE_011_S0050,SITE_011,0.7705000000000001,0.5351,2.9,0.76
SITE_011_S0051,SITE_011,0.7705000000000001,0.5351,3.4,0.81
SITE_011_S0052,SITE_011,0.7046,0.6232,1.1,0.47
SITE_011_S0053,SITE_011,0.7046,0.6232,1.1,0.47
SITE_011_S0054,SITE_011,0.7951,0.5860000000000001,2.2,0.72
SITE_011_S0055,SITE_011,0.7951,0.5860000000000001,2.1,0.7000000000000001
SITE_011_S0056,SITE_011,0.7905000000000001,0.5443,2.9,0.81
SITE_011_S0057,SITE_011,0.7905000000000001,0.5443,2.9,0.81
SITE_011_S0058,SITE_011,0.7905000000000001,0.5443,4,0.87
SITE_011_S0059,SITE_011,0.7545000000000001,0.5036,2.5,0.78
SITE_011_S0060,SITE_011,0.7545000000000001,0.5036,1.6,0.73
SITE_011_S0061,SITE_011,0.7545000000000001,0.5036,1.6,0.73
SITE_011_S0062,SITE_011,0.7545000000000001,0.5036,1.6,0.73
SITE_011_S0063,SITE_011,0.5218,0.2088,0.6000000000000001,0.41
SITE_011_S0064,SITE_011,0.5218,0.2088,0.6000000000000001,0.41
SITE_011_S0065,SITE_011,0.5218,0.2088,1.4,0.68
SITE_011_S0066,SITE_011,0.5218,0.2088,1.4,0.68
SITE_011_S0067,SITE_011,0.7285,0.4387,1.2,0.61
SITE_011_S0068,SITE_011,0.7285,0.4387,1.2,0.61
SITE_011_S0069,SITE_011,0.7285,0.4387,1.2,0.61
SITE_011_S0070,SITE_011,0.7285,0.4387,1.3,0.63
SITE_011_S0071,SITE_011,0.6498,0.448,1,0.5700000000000001
SITE_011_S0072,SITE_011,0.6498,0.448,1.6,0.71
SITE_011_S0073,SITE_011,0.6498,0.448,1.6,0.71
SITE_011_S0074,SITE_011,0.6498,0.448,1.6,0.71
SITE_011_S0075,SITE_011,0.6498,0.448,1.6,0.71
SITE_011_S0076,SITE_011,0.7150000000000001,0.4048,2.3,0.68
SITE_011_S0077,SITE_011,0.7316,0.4358,2.5,0.71
SITE_011_S0078,SITE_011,0.7316,0.4358,2.5,0.71
SITE_011_S0079,SITE_011,0.7316,0.4358,2.5,0.71
SITE_011_S0080,SITE_011,0.7316,0.4358,2.5,0.71
SITE_011_S0081,SITE_011,0.7316,0.4358,0.9,0.36
SITE_011_S0082,SITE_011,0.7316,0.4358,0.9,0.36
SITE_011_S0083,SITE_011,0.5927,0.2398,1,0.41
SITE_011_S0084,SITE_011,0.5927,0.2398,1.7,0.58
SITE_011_S0085,SITE_011,0.5927,0.2398,1.7,0.58
SITE_011_S0086,SITE_011,0.7199,0.4276,2.1,0.66
SITE_011_S0087,SITE_011,0.7199,0.4276,2.1,0.66
SITE_011_S0088,SITE_011,0.7199,0.4276,2.1,0.66
SITE_011_S0089,SITE_011,0.7199,0.4276,2.1,0.66
SITE_011_S0090,SITE_011,0.7199,0.4276,1.4,0.51
SITE_011_S0091,SITE_011,0.7184,0.3888,1.9,0.62
SITE_011_S0092,SITE_011,0.7184,0.3888,1.9,0.62
SITE_011_S0093,SITE_011,0.7184,0.3888,0.7000000000000001,0.47
SITE_011_S0094,SITE_011,0.7184,0.3888,0.7000000000000001,0.47
SITE_011_S0095,SITE_011,0.7184,0.3888,0.7000000000000001,0.47
SITE_011_S0096,SITE_011,0.7184,0.3888,0.7000000000000001,0.47
SITE_011_S0097,SITE_011,0.476,0.3037,0.7000000000000001,0.45
SITE_011_S0098,SITE_011,0.476,0.3037,0.7000000000000001,0.45
SITE_011_S0099,SITE_011,0.3764,0.2782,0.5,0.23
SITE_011_S0100,SITE_011,0.3764,0.2782,0.5,0.23
SITE_011_S0101,SITE_011,0.3764,0.2782,0.1,0.09
SITE_011_S0102,SITE_011,0.3764,0.2782,0.1,0.09
SITE_011_S0103,SITE_011,0.6423,0.3745,0.7000000000000001,0.49
SITE_011_S0104,SITE_011,0.6423,0.3745,0.9,0.54
SITE_011_S0105,SITE_011,0.6423,0.3745,0.9,0.54
SITE_011_S0106,SITE_011,0.6423,0.3745,0.9,0.54
SITE_011_S0107,SITE_011,0.6423,0.3745,0.9,0.54
SITE_011_S0108,SITE_011,0.6649,0.3823,1.5,0.59
SITE_011_S0109,SITE_011,0.6649,0.3823,1.5,0.59
SITE_011_S0110,SITE_011,0.6649,0.3823,1.6,0.65
SITE_011_S0111,SITE_011,0.6649,0.3823,1.6,0.65
SITE_011_S0112,SITE_011,0.6918000000000001,0.4239,1.6,0.65
SITE_011_S0113,SITE_011,0.6918000000000001,0.4239,1.6,0.65
SITE_011_S0114,SITE_011,0.6918000000000001,0.4239,1.6,0.65
SITE_011_S0115,SITE_011,0.6918000000000001,0.4239,1.6,0.65
SITE_011_S0116,SITE_011,0.6918000000000001,0.4239,1.9,0.6900000000000001
SITE_011_S0117,SITE_011,0.6918000000000001,0.4239,1.9,0.6900000000000001
SITE_011_S0118,SITE_011,0.6137,0.4442,1.5,0.63
SITE_011_S0119,SITE_011,0.6137,0.4442,1.5,0.63
SITE_011_S0120,SITE_011,0.6137,0.4442,1.7,0.59
SITE_011_S0121,SITE_011,0.6137,0.4442,1.7,0.59
SITE_011_S0122,SITE_011,0.6137,0.4442,1.7,0.59
SITE_011_S0123,SITE_011,0.6137,0.4442,1.7,0.59
SITE_011_S0124,SITE_011,0.6488,0.4237,1.1,0.53
SITE_011_S0125,SITE_011,0.6488,0.4237,1.1,0.53
SITE_011_S0126,SITE_011,0.6488,0.4237,1.6,0.5700000000000001
SITE_011_S0127,SITE_011,0.6488,0.4237,1.6,0.5700000000000001
SITE_011_S0128,SITE_011,0.7319,0.478,2,0.67
SITE_011_S0129,SITE_011,0.7319,0.478,2,0.67
SITE_011_S0130,SITE_011,0.7319,0.478,2,0.67
SITE_011_S0131,SITE_011,0.7319,0.478,2,0.67
SITE_011_S0132,SITE_011,0.7319,0.478,3.8,0.8300000000000001
SITE_011_S0133,SITE_011,0.7319,0.478,3.8,0.8300000000000001
SITE_011_S0134,SITE_011,0.7313000000000001,0.4956,3.1,0.78
SITE_011_S0135,SITE_011,0.7313000000000001,0.4956,3.1,0.78
SITE_011_S0136,SITE_011,0.7313000000000001,0.4956,2.9,0.76
SITE_011_S0137,SITE_011,0.7313000000000001,0.4956,2.9,0.76
SITE_011_S0138,SITE_011,0.7313000000000001,0.4956,2.9,0.76
SITE_011_S0139,SITE_011,0.7313000000000001,0.4956,2.9,0.76
SITE_011_S0140,SITE_011,0.7091000000000001,0.454,1.8,0.62
SITE_011_S0141,SITE_011,0.7091000000000001,0.454,1.8,0.62
SITE_011_S0142,SITE_011,0.7091000000000001,0.454,3.1,0.78
SITE_011_S0143,SITE_011,0.7636000000000001,0.5895,6.5,0.93
SITE_011_S0144,SITE_011,0.7636000000000001,0.5895,6.5,0.93
SITE_011_S0145,SITE_011,0.7636000000000001,0.5895,6.5,0.93
SITE_011_S0146,SITE_011,0.7636000000000001,0.5895,6.5,0.93
SITE_011_S0147,SITE_011,0.7636000000000001,0.5895,1.1,0.49
SITE_011_S0148,SITE_011,0.7636000000000001,0.5895,1.1,0.49
SITE_011_S0149,SITE_011,0.6614,0.6079,0.9,0.41
SITE_011_S0150,SITE_011,0.6614,0.6079,0.9,0.41
SITE_011_S0151,SITE_011,0.6614,0.6079,1,0.51
SITE_011_S0152,SITE_011,0.6614,0.6079,1,0.51
SITE_011_S0153,SITE_011,0.6614,0.6079,1,0.51
SITE_011_S0154,SITE_011,0.6614,0.6079,1,0.51
SITE_011_S0155,SITE_011,0.7304,0.5039,2.7,0.79
SITE_011_S0156,SITE_011,0.7304,0.5039,2.7,0.79
SITE_011_S0157,SITE_011,0.7304,0.5039,2.5,0.77
SITE_011_S0158,SITE_011,0.7304,0.5039,2.5,0.77
SITE_011_S0159,SITE_011,0.7343000000000001,0.5577,2.5,0.77
SITE_011_S0160,SITE_011,0.7343000000000001,0.5577,2.5,0.77
SITE_011_S0161,SITE_011,0.7343000000000001,0.5577,2.5,0.77
SITE_011_S0162,SITE_011,0.7343000000000001,0.5577,2.5,0.77
SITE_011_S0163,SITE_011,0.7343000000000001,0.5577,3.9,0.87
SITE_011_S0164,SITE_011,0.7343000000000001,0.5577,3.9,0.87
SITE_011_S0165,SITE_011,0.7862,0.5308,2.6,0.78
SITE_011_S0166,SITE_011,0.7862,0.5308,2.3,0.8300000000000001
SITE_011_S0167,SITE_011,0.7862,0.5308,2.3,0.8300000000000001
SITE_011_S0168,SITE_011,0.7862,0.5308,2.3,0.8300000000000001
SITE_011_S0169,SITE_011,0.7862,0.5308,2.3,0.8300000000000001
SITE_011_S0170,SITE_011,0.7532,0.4781,1.8,0.75
SITE_011_S0171,SITE_011,0.7532,0.4781,1.8,0.75
SITE_011_S0172,SITE_011,0.7532,0.4781,1.7,0.73
SITE_011_S0173,SITE_011,0.7532,0.4781,1.7,0.73
SITE_011_S0174,SITE_011,0.7905000000000001,0.4392,1.1,0.6
SITE_011_S0175,SITE_011,0.7905000000000001,0.4392,1.1,0.6
SITE_011_S0176,SITE_011,0.7905000000000001,0.4392,1.1,0.6
SITE_011_S0177,SITE_011,0.7905000000000001,0.4392,1.1,0.6
SITE_011_S0178,SITE_011,0.7905000000000001,0.4392,1.5,0.68
SITE_011_S0179,SITE_011,0.7905000000000001,0.4392,1.5,0.68
SITE_011_S0180,SITE_011,0.7934,0.4871,1.2,0.61
SITE_011_S0181,SITE_011,0.7934,0.4871,1.2,0.61
SITE_011_S0182,SITE_011,0.7934,0.4871,0.8,0.47
SITE_011_S0183,SITE_011,0.7934,0.4871,0.8,0.47
SITE_011_S0184,SITE_011,0.7934,0.4871,0.8,0.47
SITE_011_S0185,SITE_011,0.7934,0.4871,0.8,0.47
SITE_011_S0186,SITE_011,0.6499,0.5165000000000001,3,0.78
SITE_011_S0187,SITE_011,0.6499,0.5165000000000001,3,0.78
SITE_011_S0188,SITE_011,0.6499,0.5165000000000001,1.7,0.59
SITE_011_S0189,SITE_011,0.6499,0.5165000000000001,1.7,0.59
SITE_011_S0190,SITE_011,0.6611,0.4089,0.2,0.08
SITE_011_S0191,SITE_011,0.6611,0.4089,0.2,0.08
SITE_011_S0192,SITE_011,0.6611,0.4089,0.2,0.08
SITE_011_S0193,SITE_011,0.6611,0.4089,0.2,0.08
SITE_011_S0194,SITE_011,0.6471,0.3705,1.5,0.54
SITE_011_S0195,SITE_011,0.6471,0.3705,1.5,0.54
SITE_011_S0196,SITE_011,0.6471,0.3705,1.8,0.6
SITE_011_S0197,SITE_011,0.6471,0.3705,1.8,0.6
SITE_011_S0198,SITE_011,0.7355,0.4814,3.9,0.85
SITE_011_S0199,SITE_011,0.7355,0.4814,0.3,0.16
SITE_011_S0200,SITE_011,0.7355,0.4814,0.3,0.16
SITE_011_S0201,SITE_011,0.7355,0.4814,0.3,0.16
SITE_011_S0202,SITE_011,0.7445,0.4275,2.3,0.6900000000000001
SITE_011_S0203,SITE_011,0.7445,0.4275,2.3,0.6900000000000001
SITE_011_S0204,SITE_011,0.7445,0.4275,0.4,0.18
SITE_011_S0205,SITE_011,0.7445,0.4275,0.4,0.18
SITE_011_S0206,SITE_011,0.7445,0.4275,0.4,0.18
SITE_011_S0207,SITE_011,0.6797000000000001,0.4029,1.6,0.72
SITE_011_S0208,SITE_011,0.6797000000000001,0.4029,1.6,0.72
SITE_011_S0209,SITE_011,0.6797000000000001,0.4029,1.2,0.62
SITE_011_S0210,SITE_011,0.6797000000000001,0.4029,1.2,0.62
SITE_011_S0211,SITE_011,0.6078,0.3466,1.1,0.6
SITE_011_S0212,SITE_011,0.6078,0.3466,1.1,0.6
SITE_011_S0213,SITE_011,0.6078,0.3466,1.1,0.6
SITE_011_S0214,SITE_011,0.6078,0.3466,1.2,0.63
SITE_011_S0215,SITE_011,0.5196000000000001,0.2874,0.7000000000000001,0.48
SITE_011_S0216,SITE_011,0.5196000000000001,0.2874,0.7000000000000001,0.48
SITE_011_S0217,SITE_011,0.5196000000000001,0.2874,1,0.5700000000000001
SITE_011_S0218,SITE_011,0.7447,0.4838,0.9,0.55
SITE_011_S0219,SITE_011,0.7447,0.4838,0.9,0.55
SITE_011_S0220,SITE_011,0.7447,0.4838,0.9,0.55
SITE_011_S0221,SITE_011,0.7019000000000001,0.4289,2.5,0.72
SITE_011_S0222,SITE_011,0.7019000000000001,0.4289,2.5,0.72
SITE_011_S0223,SITE_011,0.7019000000000001,0.4289,2.5,0.72
SITE_011_S0224,SITE_011,0.7019000000000001,0.4289,0.4,0.21
SITE_011_S0225,SITE_011,0.7019000000000001,0.4289,0.4,0.21
SITE_011_S0226,SITE_011,0.6982,0.4208,2.3,0.68
SITE_011_S0227,SITE_011,0.6982,0.4208,2.3,0.68
SITE_011_S0228,SITE_011,0.6982,0.4208,1.1,0.44
SITE_011_S0229,SITE_011,0.6982,0.4208,1.1,0.44
SITE_011_S0230,SITE_011,0.6982,0.4208,1.1,0.44
SITE_011_S0231,SITE_011,0.6709,0.4195,2,0.63
SITE_011_S0232,SITE_011,0.6709,0.4195,2,0.63
SITE_011_S0233,SITE_011,0.6709,0.4195,1.5,0.54
SITE_011_S0234,SITE_011,0.6709,0.4195,1.5,0.54
SITE_011_S0235,SITE_011,0.6501,0.4588,1.5,0.54
SITE_011_S0236,SITE_011,0.6501,0.4588,1.5,0.54
SITE_011_S0237,SITE_011,0.6501,0.4588,1.7,0.5700000000000001
SITE_011_S0238,SITE_011,0.6501,0.4588,1.7,0.5700000000000001
SITE_011_S0239,SITE_011,0.6501,0.4588,1.7,0.5700000000000001
SITE_011_S0240,SITE_011,0.6501,0.4588,1.7,0.5700000000000001
SITE_011_S0241,SITE_011,0.6257,0.441,2.7,0.73
SITE_011_S0242,SITE_011,0.6257,0.441,0.9,0.39
SITE_011_S0243,SITE_011,0.6257,0.441,0.9,0.39
SITE_011_S0244,SITE_011,0.6368,0.3815,0.7000000000000001,0.46
SITE_011_S0245,SITE_011,0.6368,0.3815,0.7000000000000001,0.46
SITE_011_S0246,SITE_011,0.6368,0.3815,0.7000000000000001,0.46
SITE_011_S0247,SITE_011,0.6368,0.3815,0.7000000000000001,0.46
SITE_011_S0248,SITE_011,0.6368,0.3815,1,0.5700000000000001
SITE_011_S0249,SITE_011,0.6764,0.4082,1.2,0.63
SITE_011_S0250,SITE_011,0.6764,0.4082,1.2,0.63
SITE_011_S0251,SITE_011,0.6764,0.4082,1,0.5700000000000001
SITE_011_S0252,SITE_011,0.6764,0.4082,1,0.5700000000000001
SITE_011_S0253,SITE_011,0.6764,0.4082,1,0.5700000000000001
SITE_011_S0254,SITE_011,0.6764,0.4082,1,0.5700000000000001
SITE_011_S0255,SITE_011,0.6627000000000001,0.4066,0.8,0.48
SITE_011_S0256,SITE_011,0.6465000000000001,0.3726,1.2,0.63
SITE_011_S0257,SITE_011,0.6465000000000001,0.3726,1.2,0.63
SITE_011_S0258,SITE_011,0.6465000000000001,0.3726,1.2,0.63
SITE_011_S0259,SITE_011,0.6465000000000001,0.3726,1.2,0.63
SITE_011_S0260,SITE_011,0.6465000000000001,0.3726,1.6,0.66
SITE_011_S0261,SITE_011,0.6465000000000001,0.3726,1.6,0.66
SITE_011_S0262,SITE_011,0.6882,0.4472,2.1,0.72
SITE_011_S0263,SITE_011,0.6882,0.4472,2.1,0.72
SITE_011_S0264,SITE_011,0.6882,0.4472,2.5,0.76
SITE_011_S0265,SITE_011,0.6882,0.4472,2.5,0.76
SITE_011_S0266,SITE_011,0.6882,0.4472,2.5,0.76
SITE_011_S0267,SITE_011,0.7072,0.4523,1.9,0.67
SITE_011_S0268,SITE_011,0.7072,0.4523,1.9,0.67
SITE_011_S0269,SITE_011,0.7072,0.4523,1.7,0.5700000000000001
SITE_011_S0270,SITE_011,0.7072,0.4523,1.7,0.5700000000000001
SITE_011_S0271,SITE_011,0.6417,0.4821,1.4,0.54
SITE_011_S0272,SITE_011,0.6417,0.4821,1.4,0.54
SITE_011_S0273,SITE_011,0.6417,0.4821,1.4,0.54
SITE_011_S0274,SITE_011,0.6417,0.4821,1.4,0.54
SITE_011_S0275,SITE_011,0.6417,0.4821,1.5,0.5700000000000001
SITE_011_S0276,SITE_011,0.6417,0.4821,1.5,0.5700000000000001
SITE_011_S0277,SITE_011,0.676,0.5063,2.1,0.67
SITE_011_S0278,SITE_011,0.676,0.5063,2.1,0.67
SITE_011_S0279,SITE_011,0.676,0.5063,2.2,0.7000000000000001
SITE_011_S0280,SITE_011,0.676,0.5063,2.2,0.7000000000000001
SITE_011_S0281,SITE_011,0.676,0.5063,2.2,0.7000000000000001
SITE_011_S0282,SITE_011,0.7162000000000001,0.5308,1.9,0.62
SITE_011_S0283,SITE_011,0.7162000000000001,0.5308,1.9,0.62
SITE_011_S0284,SITE_011,0.7162000000000001,0.5308,2.3,0.67
SITE_011_S0285,SITE_011,0.7162000000000001,0.5308,2.3,0.67
SITE_011_S0286,SITE_011,0.7597,0.5577,2.8,0.76
SITE_011_S0287,SITE_011,0.7597,0.5577,2.8,0.76
SITE_011_S0288,SITE_011,0.7597,0.5577,2.8,0.76
SITE_011_S0289,SITE_011,0.7597,0.5577,2.8,0.76
SITE_011_S0290,SITE_011,0.7597,0.5577,2.4,0.6900000000000001
SITE_011_S0291,SITE_011,0.7597,0.5577,2.4,0.6900000000000001
SITE_011_S0292,SITE_011,0.8114,0.5983,3.2,0.79
SITE_011_S0293,SITE_011,0.8114,0.5983,3.2,0.79
SITE_011_S0294,SITE_011,0.8114,0.5983,3.1,0.79
SITE_011_S0295,SITE_011,0.8114,0.5983,3.1,0.79
SITE_011_S0296,SITE_011,0.8114,0.5983,3.1,0.79
SITE_011_S0297,SITE_011,0.8114,0.5983,3.1,0.79
SITE_011_S0298,SITE_011,0.7425,0.5261,2.8,0.76
SITE_011_S0299,SITE_011,0.7425,0.5261,2.8,0.76
SITE_011_S0300,SITE_011,0.7425,0.5261,2.8,0.75
SITE_011_S0301,SITE_011,0.7425,0.5261,2.8,0.75
SITE_011_S0302,SITE_011,0.7916000000000001,0.5437000000000001,1.4,0.6
SITE_011_S0303,SITE_011,0.7916000000000001,0.5437000000000001,1.4,0.6
SITE_011_S0304,SITE_011,0.7916000000000001,0.5437000000000001,1.4,0.6
SITE_011_S0305,SITE_011,0.7916000000000001,0.5437000000000001,1.4,0.6
SITE_011_S0306,SITE_011,0.7916000000000001,0.5437000000000001,2.8,0.8
SITE_011_S0307,SITE_011,0.7916000000000001,0.5437000000000001,2.8,0.8
SITE_011_S0308,SITE_011,0.8150000000000001,0.5179,1.5,0.62
SITE_011_S0309,SITE_011,0.8150000000000001,0.5179,1.5,0.62
SITE_011_S0310,SITE_011,0.8150000000000001,0.5179,2,0.68
SITE_011_S0311,SITE_011,0.8150000000000001,0.5179,2,0.68
SITE_011_S0312,SITE_011,0.8150000000000001,0.5179,2,0.68
SITE_011_S0313,SITE_011,0.8150000000000001,0.5179,2,0.68
SITE_011_S0314,SITE_011,0.7276,0.4201,1.7,0.76
SITE_011_S0315,SITE_011,0.7276,0.4201,1.7,0.76
SITE_011_S0316,SITE_011,0.7276,0.4201,1.7,0.65
SITE_011_S0317,SITE_011,0.7276,0.4201,1.7,0.65
SITE_011_S0318,SITE_011,0.442,0.341,0.5,0.35
SITE_011_S0319,SITE_011,0.442,0.341,0.5,0.35
SITE_011_S0320,SITE_011,0.442,0.341,0.5,0.35
SITE_011_S0321,SITE_011,0.442,0.341,0.5,0.35
SITE_011_S0322,SITE_011,0.442,0.341,0.6000000000000001,0.26
SITE_011_S0323,SITE_011,0.442,0.341,0.6000000000000001,0.26
SITE_011_S0324,SITE_011,0.7015,0.442,1.2,0.64
SITE_011_S0325,SITE_011,0.7015,0.442,1.2,0.64
SITE_011_S0326,SITE_011,0.7015,0.442,1.7,0.74
SITE_011_S0327,SITE_011,0.7015,0.442,1.7,0.74
SITE_011_S0328,SITE_011,0.7015,0.442,1.7,0.74
SITE_011_S0329,SITE_011,0.7015,0.442,1.7,0.74
SITE_011_S0330,SITE_011,0.7214,0.4052,1.3,0.65
SITE_011_S0331,SITE_011,0.7214,0.4052,1.3,0.65
SITE_011_S0332,SITE_011,0.7214,0.4052,1.3,0.64
SITE_011_S0333,SITE_011,0.7214,0.4052,1.3,0.64
SITE_011_S0334,SITE_011,0.6735,0.4172,2.4,0.6900000000000001
SITE_011_S0335,SITE_011,0.6735,0.4172,2.4,0.6900000000000001
SITE_011_S0336,SITE_011,0.6735,0.4172,2.4,0.6900000000000001
SITE_011_S0337,SITE_011,0.6735,0.4172,2.4,0.6900000000000001
SITE_011_S0338,SITE_011,0.6735,0.4172,3.2,0.79
SITE_011_S0339,SITE_011,0.6735,0.4172,3.2,0.79
SITE_011_S0340,SITE_011,0.7254,0.4062,2,0.64
SITE_011_S0341,SITE_011,0.7254,0.4062,2,0.64
SITE_011_S0342,SITE_011,0.7254,0.4062,1.6,0.56
SITE_011_S0343,SITE_011,0.7254,0.4062,1.6,0.56
SITE_011_S0344,SITE_011,0.7254,0.4062,1.6,0.56
SITE_011_S0345,SITE_011,0.7254,0.4062,1.6,0.56
SITE_011_S0346,SITE_011,0.6149,0.3942,0.9,0.37
SITE_011_S0347,SITE_011,0.6149,0.3942,0.9,0.37
SITE_011_S0348,SITE_011,0.6149,0.3942,1.9,0.62
SITE_011_S0349,SITE_011,0.6149,0.3942,1.9,0.62
SITE_011_S0350,SITE_011,0.4907,0.2816,0.3,0.14
SITE_011_S0351,SITE_011,0.4907,0.2816,0.3,0.14
SITE_011_S0352,SITE_011,0.4907,0.2816,1.3,0.5
SITE_011_S0353,SITE_011,0.4907,0.2816,1.3,0.5
SITE_011_S0354,SITE_011,0.4907,0.2816,1.3,0.5
SITE_011_S0355,SITE_011,0.7776000000000001,0.4492,1.7,0.59
SITE_011_S0356,SITE_011,0.7776000000000001,0.4492,1.7,0.59
SITE_011_S0357,SITE_011,0.7776000000000001,0.4492,1.7,0.59
SITE_011_S0358,SITE_011,0.7776000000000001,0.4492,1.7,0.5700000000000001
SITE_011_S0359,SITE_011,0.7776000000000001,0.4492,1.7,0.5700000000000001
SITE_011_S0360,SITE_011,0.7044,0.4013,1,0.55
SITE_011_S0361,SITE_011,0.7044,0.4013,1,0.55
SITE_011_S0362,SITE_011,0.7044,0.4013,1,0.55
SITE_011_S0363,SITE_011,0.7044,0.4013,1,0.56
SITE_011_S0364,SITE_011,0.7044,0.4013,1,0.56
SITE_011_S0365,SITE_011,0.7044,0.4013,1,0.56
SITE_011_S0366,SITE_011,0.6798000000000001,0.3093,1.2,0.63
SITE_011_S0367,SITE_011,0.6798000000000001,0.3093,1.2,0.63
SITE_011_S0368,SITE_011,0.6798000000000001,0.3093,1,0.5700000000000001
SITE_011_S0369,SITE_011,0.6927,0.4083,0.9,0.53
SITE_011_S0370,SITE_011,0.6927,0.4083,0.9,0.53
SITE_011_S0371,SITE_011,0.6927,0.4083,0.9,0.53
SITE_011_S0372,SITE_011,0.6927,0.4083,1.2,0.65
SITE_011_S0373,SITE_011,0.6927,0.4083,1.2,0.65
SITE_011_S0374,SITE_011,0.621,0.361,1.4,0.67
SITE_011_S0375,SITE_011,0.621,0.361,1.4,0.67
SITE_011_S0376,SITE_011,0.621,0.361,1.4,0.67
SITE_011_S0377,SITE_011,0.621,0.361,1.2,0.5700000000000001
SITE_011_S0378,SITE_011,0.621,0.361,1.2,0.5700000000000001
SITE_011_S0379,SITE_011,0.621,0.361,1.2,0.5700000000000001
SITE_011_S0380,SITE_011,0.6643,0.4218,1.4,0.58
SITE_011_S0381,SITE_011,0.6643,0.4218,1.4,0.58
SITE_011_S0382,SITE_011,0.6643,0.4218,2.3,0.76
SITE_011_S0383,SITE_011,0.6643,0.4218,2.3,0.76
SITE_011_S0384,SITE_011,0.6643,0.4218,2.3,0.76
SITE_011_S0385,SITE_011,0.67,0.4463,2,0.7000000000000001
SITE_011_S0386,SITE_011,0.67,0.4463,2,0.7000000000000001
SITE_011_S0387,SITE_011,0.67,0.4463,2,0.7000000000000001
SITE_011_S0388,SITE_011,0.67,0.4463,2,0.66
SITE_011_S0389,SITE_011,0.67,0.4463,2,0.66
SITE_011_S0390,SITE_011,0.5945,0.4181,3.1,0.78
SITE_011_S0391,SITE_011,0.5945,0.4181,3.1,0.78
SITE_011_S0392,SITE_011,0.5945,0.4181,3.1,0.78
SITE_011_S0393,SITE_011,0.5945,0.4181,1.3,0.49
SITE_011_S0394,SITE_011,0.5945,0.4181,1.3,0.49
SITE_011_S0395,SITE_011,0.5945,0.4181,1.3,0.49
SITE_011_S0396,SITE_011,0.6186,0.3834,1.4,0.56
SITE_011_S0397,SITE_011,0.6186,0.3834,1.4,0.56
SITE_011_S0398,SITE_011,0.6186,0.3834,1.5,0.5700000000000001
SITE_011_S0399,SITE_011,0.6186,0.3834,1.5,0.5700000000000001
SITE_011_S0400,SITE_011,0.6186,0.3834,1.5,0.5700000000000001
SITE_011_S0401,SITE_011,0.7531,0.5820000000000001,0.5,0.24
SITE_011_S0402,SITE_011,0.7531,0.5820000000000001,0.5,0.24
SITE_011_S0403,SITE_011,0.7531,0.5820000000000001,0.5,0.24
SITE_011_S0404,SITE_011,0.7531,0.5820000000000001,2.3,0.71
SITE_011_S0405,SITE_011,0.7531,0.5820000000000001,2.3,0.71
SITE_011_S0406,SITE_011,0.6993,0.4376,2,0.66
SITE_011_S0407,SITE_011,0.6993,0.4376,2,0.66
SITE_011_S0408,SITE_011,0.6993,0.4376,2,0.66
SITE_011_S0409,SITE_011,0.6993,0.4376,0.6000000000000001,0.28
SITE_011_S0410,SITE_011,0.6993,0.4376,0.6000000000000001,0.28
SITE_011_S0411,SITE_011,0.6993,0.4376,0.6000000000000001,0.28
SITE_011_S0412,SITE_011,0.8127000000000001,0.6479,3.3,0.8
SITE_011_S0413,SITE_011,0.8127000000000001,0.6479,3.3,0.8
SITE_011_S0414,SITE_011,0.8127000000000001,0.6479,1.7,0.58
SITE_011_S0415,SITE_011,0.8127000000000001,0.6479,1.7,0.58
SITE_011_S0416,SITE_011,0.8127000000000001,0.6479,1.7,0.58
SITE_011_S0417,SITE_011,0.7808,0.5604,3.2,0.79
SITE_011_S0418,SITE_011,0.7808,0.5604,3.2,0.79
SITE_011_S0419,SITE_011,0.7808,0.5604,3.2,0.79
SITE_011_S0420,SITE_011,0.7808,0.5604,1.9,0.7000000000000001
SITE_011_S0421,SITE_011,0.7808,0.5604,1.9,0.7000000000000001
SITE_011_S0422,SITE_011,0.6682,0.4886,1.6,0.65
SITE_011_S0423,SITE_011,0.6682,0.4886,1.6,0.65
SITE_011_S0424,SITE_011,0.6682,0.4886,1.5,0.61
SITE_011_S0425,SITE_011,0.6682,0.4886,1.5,0.61
SITE_011_S0426,SITE_011,0.6682,0.4886,1.5,0.61
SITE_011_S0427,SITE_011,0.7436,0.4638,2.6,0.79
SITE_011_S0428,SITE_011,0.7436,0.4638,2.6,0.79
SITE_011_S0429,SITE_011,0.7436,0.4638,3,0.8200000000000001
SITE_011_S0430,SITE_011,0.7436,0.4638,3,0.8200000000000001
SITE_011_S0431,SITE_011,0.7436,0.4638,3,0.8200000000000001
SITE_011_S0432,SITE_011,0.7727,0.514,1.9,0.78
SITE_011_S0433,SITE_011,0.7727,0.514,1.9,0.78
SITE_011_S0434,SITE_011,0.7727,0.514,1.9,0.78
SITE_011_S0435,SITE_011,0.7727,0.514,1.6,0.74
SITE_011_S0436,SITE_011,0.7727,0.514,1.6,0.74
SITE_011_S0437,SITE_011,0.7271000000000001,0.451,1.8,0.75
SITE_011_S0438,SITE_011,0.7271000000000001,0.451,1.8,0.75
SITE_011_S0439,SITE_011,0.7271000000000001,0.451,1.8,0.75
SITE_011_S0440,SITE_011,0.7271000000000001,0.451,0.5,0.36
SITE_011_S0441,SITE_011,0.7271000000000001,0.451,0.5,0.36
SITE_011_S0442,SITE_011,0.7271000000000001,0.451,0.5,0.36
SITE_011_S0443,SITE_011,0.7315,0.4659,1.7,0.74
SITE_011_S0444,SITE_011,0.7315,0.4659,1.7,0.74
SITE_011_S0445,SITE_011,0.7315,0.4659,0.8,0.46
SITE_011_S0446,SITE_011,0.7315,0.4659,0.8,0.46
SITE_011_S0447,SITE_011,0.7315,0.4659,0.8,0.46
SITE_011_S0448,SITE_011,0.7438,0.4072,1.4,0.6900000000000001
SITE_011_S0449,SITE_011,0.7438,0.4072,1.4,0.6900000000000001
SITE_011_S0450,SITE_011,0.7438,0.4072,1.4,0.6900000000000001
SITE_011_S0451,SITE_011,0.7438,0.4072,1,0.54
SITE_011_S0452,SITE_011,0.7438,0.4072,1,0.54
SITE_011_S0453,SITE_011,0.7109000000000001,0.4127,2.8,0.75
SITE_011_S0454,SITE_011,0.7109000000000001,0.4127,2.8,0.75
SITE_011_S0455,SITE_011,0.7109000000000001,0.4127,2.8,0.75
SITE_011_S0456,SITE_011,0.7109000000000001,0.4127,2.1,0.66
SITE_011_S0457,SITE_011,0.7109000000000001,0.4127,2.1,0.66
SITE_011_S0458,SITE_011,0.7109000000000001,0.4127,2.1,0.66
SITE_011_S0459,SITE_011,0.6491,0.3867,1.7,0.58
SITE_011_S0460,SITE_011,0.6491,0.3867,1.7,0.58
SITE_011_S0461,SITE_011,0.6491,0.3867,1.5,0.55
SITE_011_S0462,SITE_011,0.6491,0.3867,1.5,0.55
SITE_011_S0463,SITE_011,0.6491,0.3867,1.5,0.55
SITE_011_S0464,SITE_011,0.6757000000000001,0.383,2.5,0.71
SITE_011_S0465,SITE_011,0.6757000000000001,0.383,2.5,0.71
SITE_011_S0466,SITE_011,0.6757000000000001,0.383,0.9,0.39
SITE_011_S0467,SITE_011,0.6757000000000001,0.383,0.9,0.39
SITE_012_S0001,SITE_012,0.5235000000000001,0.2988,0.7000000000000001,0.48
SITE_012_S0002,SITE_012,0.5235000000000001,0.2988,0.8,0.47
SITE_012_S0003,SITE_012,0.5235000000000001,0.2988,0.8,0.47
SITE_012_S0004,SITE_012,0.6178,0.3072,0.6000000000000001,0.39
SITE_012_S0005,SITE_012,0.6178,0.3072,0.7000000000000001,0.47
SITE_012_S0006,SITE_012,0.6357,0.5083,0.9,0.54
SITE_012_S0007,SITE_012,0.6357,0.5083,0.9,0.54
SITE_012_S0008,SITE_012,0.6357,0.5083,1.1,0.49
SITE_012_S0009,SITE_012,0.6687000000000001,0.4223,1.6,0.65
SITE_012_S0010,SITE_012,0.6687000000000001,0.4223,0.8,0.44
SITE_012_S0011,SITE_012,0.6687000000000001,0.4223,0.8,0.44
SITE_012_S0012,SITE_012,0.6778000000000001,0.5572,1.8,0.58
SITE_012_S0013,SITE_012,0.6778000000000001,0.5572,1.1,0.45
SITE_012_S0014,SITE_012,0.7816000000000001,0.5783,4.100000000000001,0.85
SITE_012_S0015,SITE_012,0.7816000000000001,0.5783,4.100000000000001,0.85
SITE_012_S0016,SITE_012,0.7816000000000001,0.5783,3.4,0.8
SITE_012_S0017,SITE_012,0.7821,0.6057,2.4,0.6900000000000001
SITE_012_S0018,SITE_012,0.7821,0.6057,2.4,0.71
SITE_012_S0019,SITE_012,0.7821,0.6057,2.4,0.71
SITE_012_S0020,SITE_012,0.8253,0.739,0.4,0.21
SITE_012_S0021,SITE_012,0.8253,0.739,3.3,0.81
SITE_012_S0022,SITE_012,0.7847000000000001,0.6475000000000001,2.9,0.76
SITE_012_S0023,SITE_012,0.7847000000000001,0.6475000000000001,2.9,0.76
SITE_012_S0024,SITE_012,0.7847000000000001,0.6475000000000001,2.3,0.71
SITE_012_S0025,SITE_012,0.7061000000000001,0.4499,1.6,0.6
SITE_012_S0026,SITE_012,0.7061000000000001,0.4499,1.7,0.6
SITE_012_S0027,SITE_012,0.7061000000000001,0.4499,1.7,0.6
SITE_012_S0028,SITE_012,0.5905,0.3994,1.4,0.6
SITE_012_S0029,SITE_012,0.4428,0.2839,1.2,0.54
SITE_012_S0030,SITE_012,0.4428,0.2839,1.2,0.54
SITE_012_S0031,SITE_012,0.4428,0.2839,1,0.49
SITE_012_S0032,SITE_012,0.5801000000000001,0.3273,1.1,0.51
SITE_012_S0033,SITE_012,0.5801000000000001,0.3273,1.4,0.5700000000000001
SITE_012_S0034,SITE_012,0.5801000000000001,0.3273,1.4,0.5700000000000001
SITE_012_S0035,SITE_012,0.6552,0.3864,1.2,0.66
SITE_012_S0036,SITE_012,0.6552,0.3864,1.1,0.62
SITE_012_S0037,SITE_012,0.3499,0.2705,0.7000000000000001,0.48
SITE_012_S0038,SITE_012,0.3499,0.2705,0.7000000000000001,0.48
SITE_012_S0039,SITE_012,0.3499,0.2705,0.1,0.08
SITE_012_S0040,SITE_012,0.6990000000000001,0.363,0.4,0.32
SITE_012_S0041,SITE_012,0.6990000000000001,0.363,1.1,0.5700000000000001
SITE_012_S0042,SITE_012,0.6990000000000001,0.363,1.1,0.5700000000000001
SITE_012_S0043,SITE_012,0.438,0.3412,0.5,0.38
SITE_012_S0044,SITE_012,0.438,0.3412,0.3,0.28
SITE_012_S0045,SITE_012,0.7556,0.4887,0.4,0.33
SITE_012_S0046,SITE_012,0.7556,0.4887,0.4,0.33
SITE_012_S0047,SITE_012,0.7556,0.4887,0.9,0.38
SITE_012_S0048,SITE_012,0.6208,0.3777,1.7,0.58
SITE_012_S0049,SITE_012,0.6208,0.3777,1,0.39
SITE_012_S0050,SITE_012,0.6208,0.3777,1,0.39
SITE_012_S0051,SITE_012,0.2386,0.1732,0.2,0.09
SITE_012_S0052,SITE_012,0.6078,0.3177,1.5,0.54
SITE_012_S0053,SITE_012,0.4556,0.324,0.2,0.09
SITE_012_S0054,SITE_012,0.4408,0.2196,0.1,0.05
SITE_012_S0055,SITE_012,0.4733,0.2243,0.5,0.33
SITE_012_S0056,SITE_012,0.4733,0.2243,0.5,0.33
SITE_012_S0057,SITE_012,0.447,0.2312,0.6000000000000001,0.41
SITE_012_S0058,SITE_012,0.447,0.2312,0.6000000000000001,0.42
SITE_012_S0059,SITE_012,0.543,0.333,0.7000000000000001,0.36
SITE_012_S0060,SITE_012,0.543,0.333,0.7000000000000001,0.36
SITE_012_S0061,SITE_012,0.543,0.333,0.8,0.5
SITE_012_S0062,SITE_012,0.5759000000000001,0.3573,1,0.5
SITE_012_S0063,SITE_012,0.5759000000000001,0.3573,1.6,0.65
SITE_012_S0064,SITE_012,0.5759000000000001,0.3573,1.6,0.65
SITE_012_S0065,SITE_012,0.6988000000000001,0.4595,1.7,0.62
SITE_012_S0066,SITE_012,0.6988000000000001,0.4595,1.9,0.7000000000000001
SITE_012_S0067,SITE_012,0.6988000000000001,0.4595,1.9,0.7000000000000001
SITE_012_S0068,SITE_012,0.652,0.4808,2.4,0.72
SITE_012_S0069,SITE_012,0.652,0.4808,2.4,0.72
SITE_012_S0070,SITE_012,0.652,0.4808,2.4,0.72
SITE_012_S0071,SITE_012,0.652,0.4808,2.4,0.72
SITE_012_S0072,SITE_012,0.652,0.4808,2.4,0.71
SITE_012_S0073,SITE_012,0.652,0.4808,2.4,0.71
SITE_012_S0074,SITE_012,0.7211000000000001,0.4742,3.4,0.8
SITE_012_S0075,SITE_012,0.7211000000000001,0.4742,0.2,0.13
SITE_012_S0076,SITE_012,0.7211000000000001,0.4742,0.2,0.13
SITE_012_S0077,SITE_012,0.7211000000000001,0.4742,0.2,0.13
SITE_012_S0078,SITE_012,0.7211000000000001,0.4742,0.2,0.13
SITE_012_S0079,SITE_012,0.7579,0.5851000000000001,2.9,0.76
SITE_012_S0080,SITE_012,0.7579,0.5851000000000001,2.9,0.76
SITE_012_S0081,SITE_012,0.7579,0.5851000000000001,2.9,0.76
SITE_012_S0082,SITE_012,0.7579,0.5851000000000001,2.9,0.76
SITE_012_S0083,SITE_012,0.7183,0.5041,2.5,0.72
SITE_012_S0084,SITE_012,0.7183,0.5041,2.5,0.72
SITE_012_S0085,SITE_012,0.7183,0.5041,2.5,0.72
SITE_012_S0086,SITE_012,0.7183,0.5041,2.5,0.72
SITE_012_S0087,SITE_012,0.7183,0.5041,2,0.65
SITE_012_S0088,SITE_012,0.7183,0.5041,2,0.65
SITE_012_S0089,SITE_012,0.6224000000000001,0.5001,1.1,0.47
SITE_012_S0090,SITE_012,0.6224000000000001,0.5001,1.1,0.47
SITE_012_S0091,SITE_012,0.6224000000000001,0.5001,2,0.71
SITE_012_S0092,SITE_012,0.6224000000000001,0.5001,2,0.71
SITE_012_S0093,SITE_012,0.6224000000000001,0.5001,2,0.71
SITE_012_S0094,SITE_012,0.6224000000000001,0.5001,2,0.71
SITE_012_S0095,SITE_012,0.6986,0.4289,1.4,0.6
SITE_012_S0096,SITE_012,0.6986,0.4289,1.4,0.6
SITE_012_S0097,SITE_012,0.6986,0.4289,1.7,0.67
SITE_012_S0098,SITE_012,0.7017,0.4742,1.7,0.67
SITE_012_S0099,SITE_012,0.7017,0.4742,1.7,0.67
SITE_012_S0100,SITE_012,0.7017,0.4742,1.7,0.67
SITE_012_S0101,SITE_012,0.7017,0.4742,1.7,0.67
SITE_012_S0102,SITE_012,0.7017,0.4742,1.2,0.5
SITE_012_S0103,SITE_012,0.7017,0.4742,1.2,0.5
SITE_012_S0104,SITE_012,0.7110000000000001,0.4046,1.1,0.47
SITE_012_S0105,SITE_012,0.7110000000000001,0.4046,1.1,0.47
SITE_012_S0106,SITE_012,0.7110000000000001,0.4046,1.8,0.76
SITE_012_S0107,SITE_012,0.7110000000000001,0.4046,1.8,0.76
SITE_012_S0108,SITE_012,0.7110000000000001,0.4046,1.8,0.76
SITE_012_S0109,SITE_012,0.7110000000000001,0.4046,1.8,0.76
SITE_012_S0110,SITE_012,0.6482,0.3826,1.2,0.62
SITE_012_S0111,SITE_012,0.6482,0.3826,1.2,0.62
SITE_012_S0112,SITE_012,0.6482,0.3826,0.2,0.08
SITE_012_S0113,SITE_012,0.6482,0.3826,0.2,0.08
SITE_012_S0114,SITE_012,0.6283000000000001,0.4168,1.3,0.67
SITE_012_S0115,SITE_012,0.6283000000000001,0.4168,1.3,0.67
SITE_012_S0116,SITE_012,0.6283000000000001,0.4168,1.3,0.67
SITE_012_S0117,SITE_012,0.6283000000000001,0.4168,1.2,0.65
SITE_012_S0118,SITE_012,0.6283000000000001,0.4168,1.2,0.65
SITE_012_S0119,SITE_012,0.6566000000000001,0.4298,0.2,0.13
SITE_012_S0120,SITE_012,0.6566000000000001,0.4298,0.2,0.13
SITE_012_S0121,SITE_012,0.6566000000000001,0.4298,1.1,0.62
SITE_012_S0122,SITE_012,0.6566000000000001,0.4298,1.1,0.62
SITE_012_S0123,SITE_012,0.6566000000000001,0.4298,1.1,0.62
SITE_012_S0124,SITE_012,0.6566000000000001,0.4298,1.1,0.62
SITE_012_S0125,SITE_012,0.6934,0.3514,1.2,0.63
SITE_012_S0126,SITE_012,0.6934,0.3514,1.2,0.63
SITE_012_S0127,SITE_012,0.6934,0.3514,2.6,0.73
SITE_012_S0128,SITE_012,0.6934,0.3514,2.6,0.73
SITE_012_S0129,SITE_012,0.6767000000000001,0.3442,1.9,0.62
SITE_012_S0130,SITE_012,0.6767000000000001,0.3442,7,1
SITE_012_S0131,SITE_012,0.5437000000000001,0.301,1.4,0.53
SITE_012_S0132,SITE_012,0.5437000000000001,0.301,1.4,0.53
SITE_012_S0133,SITE_012,0.5437000000000001,0.301,1.3,0.5
SITE_012_S0134,SITE_012,0.5437000000000001,0.301,1.3,0.5
SITE_012_S0135,SITE_012,0.5437000000000001,0.301,1.3,0.5
SITE_012_S0136,SITE_012,0.1179,0.0692,1.1,0.45
